Time Stamp,ID,Extended,Dir,DLC,D1,D2,D3,D4,D5,D6,D7,D8
2.889350,0x06F,0,0,8,0xA5,0x14,0x70,0x43,0x14,0xCA,0x4F,0x6C
3.087850,0x065,0,0,1,0x00,0x00,0x00,0x00,0x00,0x00,0x00,0x00
3.089000,0x06F,0,0,8,0x95,0xFC,0x0F,0xC3,0x00,0x8E,0x4F,0x7E
3.295600,0x065,0,0,1,0x00,0x00,0x00,0x00,0x00,0x00,0x00,0x00
3.296850,0x06F,0,0,8,0x93,0xE4,0xEF,0x42,0xFE,0xFD,0xEF,0x7F
3.495850,0x065,0,0,1,0x00,0x00,0x00,0x00,0x00,0x00,0x00,0x00
3.496850,0x06F,0,0,8,0x93,0xE4,0x0F,0x43,0xFF,0xFD,0xEF,0x7F
3.683950,0x065,0,0,1,0x00,0x00,0x00,0x00,0x00,0x00,0x00,0x00
3.684950,0x06F,0,0,8,0x93,0xE4,0x0F,0x43,0xFF,0xFD,0xEF,0x7F
3.879800,0x06F,0,0,8,0x95,0xE4,0xEF,0x42,0xFF,0xFD,0xEF,0x7F
3.880450,0x065,0,0,1,0x00,0x00,0x00,0x00,0x00,0x00,0x00,0x00
4.077850,0x065,0,0,1,0x00,0x00,0x00,0x00,0x00,0x00,0x00,0x00
4.078800,0x06F,0,0,8,0x95,0xE4,0xEF,0xC2,0xFE,0xFD,0xEF,0x7F
4.275850,0x065,0,0,1,0x00,0x00,0x00,0x00,0x00,0x00,0x00,0x00
4.276800,0x06F,0,0,8,0x93,0xE4,0x0F,0x43,0xFF,0xFD,0xEF,0x7F
4.473850,0x065,0,0,1,0x00,0x00,0x00,0x00,0x00,0x00,0x00,0x00
4.474800,0x06F,0,0,8,0x93,0xE4,0xEF,0xC2,0xFE,0xFD,0xEF,0x7F
4.671850,0x065,0,0,1,0x00,0x00,0x00,0x00,0x00,0x00,0x00,0x00
4.672800,0x06F,0,0,8,0x93,0xE4,0x0F,0xC3,0xFE,0xF9,0xCF,0x7F
4.869850,0x065,0,0,1,0x00,0x00,0x00,0x00,0x00,0x00,0x00,0x00
4.870950,0x06F,0,0,8,0x93,0xE4,0x0F,0xC3,0xFF,0xFD,0xEF,0x7F
5.067400,0x06F,0,0,8,0x93,0xE4,0xEF,0x42,0xFE,0xF9,0xCF,0x7F
5.068000,0x065,0,0,1,0x00,0x00,0x00,0x00,0x00,0x00,0x00,0x00
5.265400,0x06F,0,0,8,0x95,0xDC,0x0F,0x43,0xFF,0xFD,0x0F,0x80
5.266000,0x065,0,0,1,0x00,0x00,0x00,0x00,0x00,0x00,0x00,0x00
5.463850,0x065,0,0,1,0x00,0x00,0x00,0x00,0x00,0x00,0x00,0x00
5.464800,0x06F,0,0,8,0x95,0xE4,0xEF,0xC2,0xFE,0xF9,0xAF,0x7F
5.661850,0x065,0,0,1,0x00,0x00,0x00,0x00,0x00,0x00,0x00,0x00
5.662000,0x06F,0,0,8,0x93,0xE4,0x0F,0xC3,0xFF,0xFD,0x0F,0x80
5.859850,0x065,0,0,1,0x00,0x00,0x00,0x00,0x00,0x00,0x00,0x00
5.860950,0x06F,0,0,8,0x93,0xEC,0xEF,0x42,0x00,0xFE,0xEF,0x7F
6.057850,0x065,0,0,1,0x00,0x00,0x00,0x00,0x00,0x00,0x00,0x00
6.058850,0x06F,0,0,8,0x95,0xE4,0xEF,0x42,0xFE,0xFD,0xCF,0x7F
6.255350,0x06F,0,0,8,0x95,0xE4,0x2F,0xC3,0xFE,0xFD,0x0F,0x80
6.256050,0x065,0,0,1,0x00,0x00,0x00,0x00,0x00,0x00,0x00,0x00
6.453400,0x06F,0,0,8,0x95,0xE4,0xEF,0x42,0xFF,0xFD,0xEF,0x7F
6.454050,0x065,0,0,1,0x00,0x00,0x00,0x00,0x00,0x00,0x00,0x00
6.651900,0x065,0,0,1,0x00,0x00,0x00,0x00,0x00,0x00,0x00,0x00
6.652850,0x06F,0,0,8,0x97,0xE4,0x2F,0xC3,0x01,0xF6,0xCF,0x7F
6.849400,0x06F,0,0,8,0x95,0xE4,0xCF,0xC2,0xFA,0xFD,0xCF,0x7F
6.850050,0x065,0,0,1,0x00,0x00,0x00,0x00,0x00,0x00,0x00,0x00
7.047400,0x06F,0,0,8,0x93,0xE4,0x0F,0xC3,0x00,0xFE,0x0F,0x80
7.048050,0x065,0,0,1,0x00,0x00,0x00,0x00,0x00,0x00,0x00,0x00
7.245900,0x065,0,0,1,0x00,0x00,0x00,0x00,0x00,0x00,0x00,0x00
7.246050,0x06F,0,0,8,0x9F,0x0C,0xB0,0xC0,0x21,0xFE,0xAF,0x82
7.443400,0x06F,0,0,8,0x99,0x14,0x90,0x41,0x62,0xF6,0x0F,0x87
7.444050,0x065,0,0,1,0x00,0x00,0x00,0x00,0x00,0x00,0x00,0x00
7.641400,0x06F,0,0,8,0x99,0x34,0x30,0x42,0x8D,0xFA,0x6F,0x8A
7.642050,0x065,0,0,1,0x00,0x00,0x00,0x00,0x00,0x00,0x00,0x00
7.839400,0x06F,0,0,8,0x9F,0x24,0xF0,0xC3,0x9C,0xFE,0x4F,0x8B
7.840050,0x065,0,0,1,0x00,0x00,0x00,0x00,0x00,0x00,0x00,0x00
8.037400,0x06F,0,0,8,0x8F,0x3C,0x70,0xC2,0x7E,0xFE,0xCF,0x88
8.038050,0x065,0,0,1,0x00,0x00,0x00,0x00,0x00,0x00,0x00,0x00
8.235400,0x06F,0,0,8,0x6F,0x3C,0x50,0x5F,0x74,0xFE,0x0F,0x89
8.236050,0x065,0,0,1,0x00,0x00,0x00,0x00,0x00,0x00,0x00,0x00
8.433400,0x06F,0,0,8,0x89,0xF4,0x8F,0x44,0xFE,0x51,0xD0,0x7F
8.434050,0x065,0,0,1,0x00,0x00,0x00,0x00,0x00,0x00,0x00,0x00
8.631400,0x06F,0,0,8,0x8D,0xFC,0xEF,0xC3,0xFE,0x15,0xD0,0x7F
8.632050,0x065,0,0,1,0x00,0x00,0x00,0x00,0x00,0x00,0x00,0x00
8.829400,0x06F,0,0,8,0x8D,0xF4,0xEF,0x43,0xFF,0x01,0xF0,0x7F
8.830050,0x065,0,0,1,0x00,0x00,0x00,0x00,0x00,0x00,0x00,0x00
9.027400,0x06F,0,0,8,0x8F,0xF4,0xEF,0x43,0xFF,0xFD,0xEF,0x7F
9.028100,0x065,0,0,1,0x00,0x00,0x00,0x00,0x00,0x00,0x00,0x00
9.225450,0x06F,0,0,8,0x8D,0xF4,0x0F,0x44,0xFF,0xFD,0xEF,0x7F
9.226050,0x065,0,0,1,0x00,0x00,0x00,0x00,0x00,0x00,0x00,0x00
9.423450,0x06F,0,0,8,0x8D,0xF4,0xEF,0x43,0xFF,0xF9,0xEF,0x7F
9.424050,0x065,0,0,1,0x00,0x00,0x00,0x00,0x00,0x00,0x00,0x00
9.621450,0x06F,0,0,8,0x8D,0xFC,0x0F,0xC4,0xFE,0xFD,0xEF,0x7F
9.622300,0x065,0,0,1,0x00,0x00,0x00,0x00,0x00,0x00,0x00,0x00
9.819450,0x06F,0,0,8,0x8F,0xF4,0xEF,0x43,0xFF,0xFD,0xEF,0x7F
9.820050,0x065,0,0,1,0x00,0x00,0x00,0x00,0x00,0x00,0x00,0x00
10.017450,0x06F,0,0,8,0x8D,0xFC,0x0F,0x44,0xFF,0x01,0xF0,0x7F
10.018050,0x065,0,0,1,0x00,0x00,0x00,0x00,0x00,0x00,0x00,0x00
10.215400,0x06F,0,0,8,0x8D,0xF4,0x0F,0x44,0xFF,0xFD,0xEF,0x7F
10.216050,0x065,0,0,1,0x00,0x00,0x00,0x00,0x00,0x00,0x00,0x00
10.413400,0x06F,0,0,8,0x8D,0xF4,0x0F,0x44,0xFF,0xFD,0xEF,0x7F
10.414200,0x065,0,0,1,0x00,0x00,0x00,0x00,0x00,0x00,0x00,0x00
10.611450,0x06F,0,0,8,0x8D,0xFC,0x0F,0x44,0xFF,0xFD,0xEF,0x7F
10.612100,0x065,0,0,1,0x00,0x00,0x00,0x00,0x00,0x00,0x00,0x00
10.809450,0x06F,0,0,8,0x8D,0xF4,0x0F,0x44,0xFF,0xFD,0xEF,0x7F
10.810300,0x065,0,0,1,0x00,0x00,0x00,0x00,0x00,0x00,0x00,0x00
11.007450,0x06F,0,0,8,0x8D,0xF4,0x0F,0x44,0xFF,0xFD,0xEF,0x7F
11.008100,0x065,0,0,1,0x00,0x00,0x00,0x00,0x00,0x00,0x00,0x00
11.205450,0x06F,0,0,8,0x8D,0xFC,0x0F,0x44,0xFF,0xFD,0xEF,0x7F
11.206100,0x065,0,0,1,0x00,0x00,0x00,0x00,0x00,0x00,0x00,0x00
11.403450,0x06F,0,0,8,0x91,0xFC,0x6F,0xC3,0xFF,0xC5,0x0F,0x80
11.404250,0x065,0,0,1,0x00,0x00,0x00,0x00,0x00,0x00,0x00,0x00
11.601450,0x06F,0,0,8,0x8F,0xF4,0xEF,0x43,0xFF,0xED,0xEF,0x7F
11.602250,0x065,0,0,1,0x00,0x00,0x00,0x00,0x00,0x00,0x00,0x00
11.799450,0x06F,0,0,8,0x8D,0xF4,0x0F,0x44,0xFF,0xFD,0xEF,0x7F
11.800300,0x065,0,0,1,0x00,0x00,0x00,0x00,0x00,0x00,0x00,0x00
11.997450,0x06F,0,0,8,0x8D,0xF4,0xEF,0x43,0xFF,0xFD,0xEF,0x7F
11.998300,0x065,0,0,1,0x00,0x00,0x00,0x00,0x00,0x00,0x00,0x00
12.195450,0x06F,0,0,8,0x8D,0xFC,0x0F,0x44,0xFF,0x01,0xF0,0x7F
12.196300,0x065,0,0,1,0x00,0x00,0x00,0x00,0x00,0x00,0x00,0x00
12.393450,0x06F,0,0,8,0x8D,0xF4,0x0F,0x44,0xFF,0xF9,0xEF,0x7F
12.394100,0x065,0,0,1,0x00,0x00,0x00,0x00,0x00,0x00,0x00,0x00
12.591450,0x06F,0,0,8,0x8D,0xF4,0xEF,0xC3,0xFE,0xFD,0xEF,0x7F
12.592250,0x065,0,0,1,0x00,0x00,0x00,0x00,0x00,0x00,0x00,0x00
12.789450,0x06F,0,0,8,0x8D,0xFC,0x0F,0x44,0xFF,0xFD,0xEF,0x7F
12.790250,0x065,0,0,1,0x00,0x00,0x00,0x00,0x00,0x00,0x00,0x00
12.987450,0x06F,0,0,8,0x8D,0xF4,0x0F,0x44,0xFF,0xF9,0xEF,0x7F
12.988450,0x065,0,0,1,0x00,0x00,0x00,0x00,0x00,0x00,0x00,0x00
13.185450,0x06F,0,0,8,0x8D,0xF4,0x0F,0x44,0xFF,0x01,0xF0,0x7F
13.186350,0x065,0,0,1,0x00,0x00,0x00,0x00,0x00,0x00,0x00,0x00
13.383500,0x06F,0,0,8,0x8D,0xFC,0x0F,0x44,0xFF,0xF9,0xEF,0x7F
13.384350,0x065,0,0,1,0x00,0x00,0x00,0x00,0x00,0x00,0x00,0x00
13.581500,0x06F,0,0,8,0x8D,0xF4,0x0F,0x44,0xFF,0xFD,0xEF,0x7F
13.582350,0x065,0,0,1,0x00,0x00,0x00,0x00,0x00,0x00,0x00,0x00
13.779500,0x06F,0,0,8,0x8D,0xF4,0x0F,0x44,0xFF,0xFD,0xEF,0x7F
13.780250,0x065,0,0,1,0x00,0x00,0x00,0x00,0x00,0x00,0x00,0x00
13.977500,0x06F,0,0,8,0x8D,0xF4,0x0F,0x44,0xFF,0xFD,0xEF,0x7F
13.978250,0x065,0,0,1,0x00,0x00,0x00,0x00,0x00,0x00,0x00,0x00
14.175500,0x06F,0,0,8,0x8D,0xF4,0xEF,0x43,0xFF,0xFD,0xEF,0x7F
14.176500,0x065,0,0,1,0x00,0x00,0x00,0x00,0x00,0x00,0x00,0x00
14.373450,0x06F,0,0,8,0x8D,0xF4,0xEF,0x43,0xFF,0xFD,0xEF,0x7F
14.374500,0x065,0,0,1,0x00,0x00,0x00,0x00,0x00,0x00,0x00,0x00
14.571450,0x06F,0,0,8,0x8F,0xFC,0x0F,0x44,0xFF,0xF9,0xEF,0x7F
14.572350,0x065,0,0,1,0x00,0x00,0x00,0x00,0x00,0x00,0x00,0x00
14.769500,0x06F,0,0,8,0x8D,0xF4,0x0F,0x44,0xFF,0xFD,0xEF,0x7F
14.770500,0x065,0,0,1,0x00,0x00,0x00,0x00,0x00,0x00,0x00,0x00
14.967500,0x06F,0,0,8,0x8D,0xF4,0x0F,0x44,0xFF,0x01,0xF0,0x7F
14.968250,0x065,0,0,1,0x00,0x00,0x00,0x00,0x00,0x00,0x00,0x00
15.165500,0x06F,0,0,8,0x8D,0xF4,0x0F,0x44,0xFF,0xF9,0xCF,0x7F
15.166250,0x065,0,0,1,0x00,0x00,0x00,0x00,0x00,0x00,0x00,0x00
15.363500,0x06F,0,0,8,0x8D,0xFC,0xEF,0x43,0xFF,0xFD,0xEF,0x7F
15.364500,0x065,0,0,1,0x00,0x00,0x00,0x00,0x00,0x00,0x00,0x00
15.561500,0x06F,0,0,8,0x8D,0xF4,0x0F,0x44,0xFF,0xFD,0xEF,0x7F
15.562500,0x065,0,0,1,0x00,0x00,0x00,0x00,0x00,0x00,0x00,0x00
15.759500,0x06F,0,0,8,0x8D,0xF4,0x0F,0xC4,0xFE,0xFD,0xEF,0x7F
15.760400,0x065,0,0,1,0x00,0x00,0x00,0x00,0x00,0x00,0x00,0x00
15.957500,0x06F,0,0,8,0x8D,0xF4,0x0F,0x44,0xFF,0xFD,0xEF,0x7F
15.958500,0x065,0,0,1,0x00,0x00,0x00,0x00,0x00,0x00,0x00,0x00
16.155500,0x06F,0,0,8,0x8D,0xF4,0x0F,0x44,0xFF,0xFD,0xEF,0x7F
16.156500,0x065,0,0,1,0x00,0x00,0x00,0x00,0x00,0x00,0x00,0x00
16.353500,0x06F,0,0,8,0x8D,0xF4,0x0F,0x44,0xFF,0xF9,0xEF,0x7F
16.354500,0x065,0,0,1,0x00,0x00,0x00,0x00,0x00,0x00,0x00,0x00
16.551500,0x06F,0,0,8,0x8D,0xF4,0x0F,0x44,0xFF,0xFD,0xEF,0x7F
16.552500,0x065,0,0,1,0x00,0x00,0x00,0x00,0x00,0x00,0x00,0x00
16.749500,0x06F,0,0,8,0x8D,0xF4,0x0F,0x44,0xFF,0xFD,0xEF,0x7F
16.750500,0x065,0,0,1,0x00,0x00,0x00,0x00,0x00,0x00,0x00,0x00
16.947500,0x06F,0,0,8,0x8D,0xF4,0x0F,0x44,0xFF,0xFD,0xEF,0x7F
16.948500,0x065,0,0,1,0x00,0x00,0x00,0x00,0x00,0x00,0x00,0x00
17.145500,0x06F,0,0,8,0x8D,0xF4,0x0F,0x44,0xFF,0xFD,0xEF,0x7F
17.146500,0x065,0,0,1,0x00,0x00,0x00,0x00,0x00,0x00,0x00,0x00
17.343500,0x06F,0,0,8,0x8D,0xF4,0x0F,0x44,0xFF,0xFD,0xEF,0x7F
17.344500,0x065,0,0,1,0x00,0x00,0x00,0x00,0x00,0x00,0x00,0x00
17.541550,0x06F,0,0,8,0x8D,0xF4,0x0F,0x44,0xFF,0xFD,0xEF,0x7F
17.542500,0x065,0,0,1,0x00,0x00,0x00,0x00,0x00,0x00,0x00,0x00
17.739550,0x06F,0,0,8,0x8D,0xF4,0x0F,0x44,0xFF,0xFD,0xEF,0x7F
17.740550,0x065,0,0,1,0x00,0x00,0x00,0x00,0x00,0x00,0x00,0x00
17.937550,0x06F,0,0,8,0x8D,0xF4,0x0F,0x44,0xFF,0xFD,0xEF,0x7F
17.939200,0x065,0,0,1,0x00,0x00,0x00,0x00,0x00,0x00,0x00,0x00
18.135550,0x06F,0,0,8,0x8D,0xF4,0x0F,0x44,0xFF,0xFD,0xEF,0x7F
18.136550,0x065,0,0,1,0x00,0x00,0x00,0x00,0x00,0x00,0x00,0x00
18.333550,0x06F,0,0,8,0x8D,0xF4,0x0F,0x44,0xFF,0xFD,0xEF,0x7F
18.334550,0x065,0,0,1,0x00,0x00,0x00,0x00,0x00,0x00,0x00,0x00
18.531500,0x06F,0,0,8,0x8D,0xF4,0x0F,0x44,0xFF,0xFD,0xEF,0x7F
18.532550,0x065,0,0,1,0x00,0x00,0x00,0x00,0x00,0x00,0x00,0x00
18.729500,0x06F,0,0,8,0x8D,0xF4,0x0F,0x44,0xFF,0xFD,0xEF,0x7F
18.927800,0x065,0,0,1,0x00,0x00,0x00,0x00,0x00,0x00,0x00,0x00
18.929100,0x06F,0,0,8,0x8D,0xF4,0x0F,0x44,0xFF,0xFD,0xEF,0x7F
19.125800,0x065,0,0,1,0x00,0x00,0x00,0x00,0x00,0x00,0x00,0x00
19.127000,0x06F,0,0,8,0x8D,0xF4,0x0F,0xC4,0xFE,0xFD,0xEF,0x7F
19.323800,0x065,0,0,1,0x00,0x00,0x00,0x00,0x00,0x00,0x00,0x00
19.325000,0x06F,0,0,8,0x8D,0xF4,0x0F,0x44,0xFF,0xFD,0xEF,0x7F
19.522050,0x065,0,0,1,0x00,0x00,0x00,0x00,0x00,0x00,0x00,0x00
19.523000,0x06F,0,0,8,0x8D,0xF4,0x0F,0x44,0xFF,0xFD,0xEF,0x7F
19.719800,0x065,0,0,1,0x00,0x00,0x00,0x00,0x00,0x00,0x00,0x00
19.721000,0x06F,0,0,8,0x8D,0xF4,0x0F,0x44,0xFF,0xFD,0xEF,0x7F
19.917800,0x065,0,0,1,0x00,0x00,0x00,0x00,0x00,0x00,0x00,0x00
19.919150,0x06F,0,0,8,0x8D,0xF4,0x0F,0x44,0xFF,0xFD,0xEF,0x7F
20.115800,0x065,0,0,1,0x00,0x00,0x00,0x00,0x00,0x00,0x00,0x00
20.117000,0x06F,0,0,8,0x8D,0xF4,0x0F,0x44,0xFF,0xFD,0xEF,0x7F
20.313800,0x065,0,0,1,0x00,0x00,0x00,0x00,0x00,0x00,0x00,0x00
20.315000,0x06F,0,0,8,0x8D,0xF4,0x0F,0x44,0xFF,0xFD,0xEF,0x7F
20.511800,0x065,0,0,1,0x00,0x00,0x00,0x00,0x00,0x00,0x00,0x00
20.513000,0x06F,0,0,8,0x8D,0xF4,0x0F,0x44,0xFF,0xFD,0xEF,0x7F
20.710000,0x065,0,0,1,0x00,0x00,0x00,0x00,0x00,0x00,0x00,0x00
20.711000,0x06F,0,0,8,0x8D,0xF4,0x0F,0xC4,0xFE,0xFD,0xEF,0x7F
20.907800,0x065,0,0,1,0x00,0x00,0x00,0x00,0x00,0x00,0x00,0x00
20.909150,0x06F,0,0,8,0x8D,0xF4,0x0F,0xC4,0xFE,0xFD,0xEF,0x7F
21.106050,0x065,0,0,1,0x00,0x00,0x00,0x00,0x00,0x00,0x00,0x00
21.107050,0x06F,0,0,8,0x8D,0xF4,0x0F,0x44,0xFF,0xFD,0xEF,0x7F
21.304050,0x065,0,0,1,0x00,0x00,0x00,0x00,0x00,0x00,0x00,0x00
21.305000,0x06F,0,0,8,0x8D,0xF4,0x0F,0x44,0xFF,0xFD,0xEF,0x7F
21.501850,0x065,0,0,1,0x00,0x00,0x00,0x00,0x00,0x00,0x00,0x00
21.503000,0x06F,0,0,8,0x8D,0xF4,0x0F,0x44,0xFF,0xFD,0xEF,0x7F
21.699850,0x065,0,0,1,0x00,0x00,0x00,0x00,0x00,0x00,0x00,0x00
21.701000,0x06F,0,0,8,0x8D,0xFC,0x0F,0x44,0xFF,0xFD,0xEF,0x7F
21.898050,0x065,0,0,1,0x00,0x00,0x00,0x00,0x00,0x00,0x00,0x00
21.899150,0x06F,0,0,8,0x8D,0xF4,0x0F,0x44,0xFF,0xFD,0xEF,0x7F
22.096050,0x065,0,0,1,0x00,0x00,0x00,0x00,0x00,0x00,0x00,0x00
22.097000,0x06F,0,0,8,0x8D,0xF4,0x0F,0x44,0xFF,0xFD,0xEF,0x7F
22.294050,0x065,0,0,1,0x00,0x00,0x00,0x00,0x00,0x00,0x00,0x00
22.295000,0x06F,0,0,8,0x8D,0xEC,0x0F,0xC4,0xFE,0xFD,0xEF,0x7F
22.492050,0x065,0,0,1,0x00,0x00,0x00,0x00,0x00,0x00,0x00,0x00
22.493050,0x06F,0,0,8,0x8D,0xF4,0x0F,0x44,0xFF,0xFD,0xEF,0x7F
22.689850,0x065,0,0,1,0x00,0x00,0x00,0x00,0x00,0x00,0x00,0x00
22.691050,0x06F,0,0,8,0x8D,0xEC,0x0F,0xC4,0xFE,0xFD,0xEF,0x7F
22.887850,0x065,0,0,1,0x00,0x00,0x00,0x00,0x00,0x00,0x00,0x00
22.889150,0x06F,0,0,8,0x8D,0xE4,0x0F,0xC4,0xFE,0xFD,0xEF,0x7F
23.086050,0x065,0,0,1,0x00,0x00,0x00,0x00,0x00,0x00,0x00,0x00
23.087050,0x06F,0,0,8,0x8D,0xE4,0x0F,0x44,0xFF,0xFD,0xEF,0x7F
23.284050,0x065,0,0,1,0x00,0x00,0x00,0x00,0x00,0x00,0x00,0x00
23.285050,0x06F,0,0,8,0x8D,0xDC,0x0F,0x44,0xFF,0xFD,0xEF,0x7F
23.482100,0x065,0,0,1,0x00,0x00,0x00,0x00,0x00,0x00,0x00,0x00
23.483050,0x06F,0,0,8,0x8D,0xD4,0x0F,0xC4,0xFE,0xFD,0xEF,0x7F
23.680100,0x065,0,0,1,0x00,0x00,0x00,0x00,0x00,0x00,0x00,0x00
23.681050,0x06F,0,0,8,0x8D,0xCC,0x0F,0x44,0xFF,0x01,0xF0,0x7F
23.878100,0x065,0,0,1,0x00,0x00,0x00,0x00,0x00,0x00,0x00,0x00
23.879200,0x06F,0,0,8,0x8D,0xD4,0x0F,0x44,0xFF,0x01,0xF0,0x7F
24.076100,0x065,0,0,1,0x00,0x00,0x00,0x00,0x00,0x00,0x00,0x00
24.077050,0x06F,0,0,8,0x8F,0xDC,0x2F,0x44,0xFF,0xFD,0xEF,0x7F
24.274100,0x065,0,0,1,0x00,0x00,0x00,0x00,0x00,0x00,0x00,0x00
24.275050,0x06F,0,0,8,0x8B,0xE4,0x0F,0xC4,0xFE,0xF9,0xCF,0x7F
24.472100,0x065,0,0,1,0x00,0x00,0x00,0x00,0x00,0x00,0x00,0x00
24.473050,0x06F,0,0,8,0x8D,0xEC,0x0F,0x44,0xFF,0xF9,0xCF,0x7F
24.669600,0x06F,0,0,8,0x8D,0xEC,0x0F,0x44,0xFF,0x01,0xF0,0x7F
24.670250,0x065,0,0,1,0x00,0x00,0x00,0x00,0x00,0x00,0x00,0x00
24.868100,0x065,0,0,1,0x00,0x00,0x00,0x00,0x00,0x00,0x00,0x00
24.869200,0x06F,0,0,8,0x8B,0xEC,0x0F,0x44,0xFF,0x01,0xF0,0x7F
25.066100,0x065,0,0,1,0x00,0x00,0x00,0x00,0x00,0x00,0x00,0x00
25.067050,0x06F,0,0,8,0x8B,0xEC,0xEF,0x43,0xFF,0xFD,0xEF,0x7F
25.264100,0x065,0,0,1,0x00,0x00,0x00,0x00,0x00,0x00,0x00,0x00
25.265100,0x06F,0,0,8,0x8D,0xEC,0xEF,0xC3,0xFE,0xFD,0xEF,0x7F
25.462100,0x065,0,0,1,0x00,0x00,0x00,0x00,0x00,0x00,0x00,0x00
25.463050,0x06F,0,0,8,0x8B,0xE4,0x0F,0x44,0xFF,0xF9,0xCF,0x7F
25.659600,0x06F,0,0,8,0x8D,0x04,0x10,0x44,0xFF,0xF5,0xAF,0x7F
25.660250,0x065,0,0,1,0x00,0x00,0x00,0x00,0x00,0x00,0x00,0x00
25.857600,0x06F,0,0,8,0x8F,0x0C,0x10,0xC4,0xFE,0xF9,0x0F,0x80
25.858250,0x065,0,0,1,0x00,0x00,0x00,0x00,0x00,0x00,0x00,0x00
26.056100,0x065,0,0,1,0x00,0x00,0x00,0x00,0x00,0x00,0x00,0x00
26.057050,0x06F,0,0,8,0x8B,0xF4,0x0F,0x44,0xFF,0x05,0xD0,0x7F
26.254100,0x065,0,0,1,0x00,0x00,0x00,0x00,0x00,0x00,0x00,0x00
26.255050,0x06F,0,0,8,0x8D,0xF4,0x2F,0xC4,0xFE,0xF9,0xEF,0x7F
26.451650,0x06F,0,0,8,0x8F,0xF4,0x0F,0xC4,0xFE,0xF5,0xEF,0x7F
26.452250,0x065,0,0,1,0x00,0x00,0x00,0x00,0x00,0x00,0x00,0x00
26.650100,0x065,0,0,1,0x00,0x00,0x00,0x00,0x00,0x00,0x00,0x00
26.651100,0x06F,0,0,8,0x91,0xFC,0x0F,0xC4,0xFD,0x09,0x10,0x80
26.847650,0x06F,0,0,8,0x83,0xDC,0xEF,0xC3,0xFE,0xF5,0x0F,0x80
26.848250,0x065,0,0,1,0x00,0x00,0x00,0x00,0x00,0x00,0x00,0x00
27.045600,0x06F,0,0,8,0x8F,0xE4,0x2F,0xC4,0x00,0xFA,0x8F,0x7F
27.046250,0x065,0,0,1,0x00,0x00,0x00,0x00,0x00,0x00,0x00,0x00
27.243600,0x06F,0,0,8,0x8F,0xE4,0xEF,0x43,0xFD,0xFD,0x0F,0x80
27.244250,0x065,0,0,1,0x00,0x00,0x00,0x00,0x00,0x00,0x00,0x00
27.442150,0x065,0,0,1,0x00,0x00,0x00,0x00,0x00,0x00,0x00,0x00
27.442250,0x06F,0,0,8,0x91,0xFC,0x0F,0xC4,0xFE,0xFD,0xEF,0x7F
27.639650,0x06F,0,0,8,0x89,0xD4,0xEF,0xC3,0xFE,0x01,0x50,0x80
27.640300,0x065,0,0,1,0x00,0x00,0x00,0x00,0x00,0x00,0x00,0x00
27.837650,0x06F,0,0,8,0x8F,0xEC,0x2F,0xC4,0xFF,0x01,0x10,0x7F
27.838300,0x065,0,0,1,0x00,0x00,0x00,0x00,0x00,0x00,0x00,0x00
28.035650,0x06F,0,0,8,0x8D,0xDC,0x4F,0xC4,0xFE,0xF9,0x0F,0x80
28.036300,0x065,0,0,1,0x00,0x00,0x00,0x00,0x00,0x00,0x00,0x00
28.233650,0x06F,0,0,8,0x8D,0xF4,0xEF,0x43,0xFE,0xFD,0xCF,0x7F
28.234300,0x065,0,0,1,0x00,0x00,0x00,0x00,0x00,0x00,0x00,0x00
28.431650,0x06F,0,0,8,0x8F,0xF4,0x0F,0xC4,0xFE,0x0D,0xD0,0x7F
28.432300,0x065,0,0,1,0x00,0x00,0x00,0x00,0x00,0x00,0x00,0x00
28.629650,0x06F,0,0,8,0x8B,0xEC,0x2F,0x44,0xFF,0x05,0xD0,0x7F
28.630450,0x065,0,0,1,0x00,0x00,0x00,0x00,0x00,0x00,0x00,0x00
28.827650,0x06F,0,0,8,0x8B,0xF4,0x0F,0x44,0xFE,0xF5,0xEF,0x7F
28.828300,0x065,0,0,1,0x00,0x00,0x00,0x00,0x00,0x00,0x00,0x00
29.025650,0x06F,0,0,8,0x8F,0xF4,0x0F,0xC4,0xFE,0xF9,0xEF,0x7F
29.026300,0x065,0,0,1,0x00,0x00,0x00,0x00,0x00,0x00,0x00,0x00
29.223650,0x06F,0,0,8,0x8D,0xF4,0x0F,0xC4,0xFE,0xF9,0xEF,0x7F
29.224300,0x065,0,0,1,0x00,0x00,0x00,0x00,0x00,0x00,0x00,0x00
29.421650,0x06F,0,0,8,0x8F,0xF4,0x0F,0x44,0xFE,0x01,0xF0,0x7F
29.422300,0x065,0,0,1,0x00,0x00,0x00,0x00,0x00,0x00,0x00,0x00
29.619650,0x06F,0,0,8,0x8D,0xF4,0x0F,0xC4,0xFE,0xFD,0xCF,0x7F
29.620300,0x065,0,0,1,0x00,0x00,0x00,0x00,0x00,0x00,0x00,0x00
29.817650,0x06F,0,0,8,0x93,0x04,0x30,0xC4,0xFF,0xF1,0x4F,0x7F
29.818450,0x065,0,0,1,0x00,0x00,0x00,0x00,0x00,0x00,0x00,0x00
30.015650,0x06F,0,0,8,0x91,0xE4,0xCF,0x43,0xFE,0xFD,0xCF,0x7F
30.016300,0x065,0,0,1,0x00,0x00,0x00,0x00,0x00,0x00,0x00,0x00
30.213700,0x06F,0,0,8,0x91,0x04,0x30,0x44,0x00,0x26,0x90,0x7F
30.214550,0x065,0,0,1,0x00,0x00,0x00,0x00,0x00,0x00,0x00,0x00
30.411700,0x06F,0,0,8,0x91,0x0C,0x30,0x44,0xFE,0x01,0xF0,0x7F
30.412550,0x065,0,0,1,0x00,0x00,0x00,0x00,0x00,0x00,0x00,0x00
30.609700,0x06F,0,0,8,0x83,0xF4,0x8F,0xC3,0xFC,0x01,0x90,0x80
30.610300,0x065,0,0,1,0x00,0x00,0x00,0x00,0x00,0x00,0x00,0x00
30.807700,0x06F,0,0,8,0x93,0x0C,0xF0,0x43,0xFE,0x05,0xD0,0x7F
30.808450,0x065,0,0,1,0x00,0x00,0x00,0x00,0x00,0x00,0x00,0x00
31.005700,0x06F,0,0,8,0x8D,0xEC,0x0F,0xC4,0xFF,0xFD,0xCF,0x7F
31.006450,0x065,0,0,1,0x00,0x00,0x00,0x00,0x00,0x00,0x00,0x00
31.203650,0x06F,0,0,8,0x8F,0xFC,0x0F,0xC4,0xFE,0xF5,0x8F,0x7F
31.204450,0x065,0,0,1,0x00,0x00,0x00,0x00,0x00,0x00,0x00,0x00
31.401650,0x06F,0,0,8,0x8F,0x04,0x30,0x44,0xFF,0x01,0xD0,0x7F
31.402550,0x065,0,0,1,0x00,0x00,0x00,0x00,0x00,0x00,0x00,0x00
31.599700,0x06F,0,0,8,0x8B,0xFC,0xEF,0x43,0xFF,0xF9,0xAF,0x7F
31.600550,0x065,0,0,1,0x00,0x00,0x00,0x00,0x00,0x00,0x00,0x00
31.797700,0x06F,0,0,8,0x8D,0xFC,0x0F,0xC4,0xFF,0x05,0xB0,0x7F
31.798350,0x065,0,0,1,0x00,0x00,0x00,0x00,0x00,0x00,0x00,0x00
31.995700,0x06F,0,0,8,0x8D,0x04,0x10,0xC4,0xFE,0x01,0xB0,0x7F
31.996450,0x065,0,0,1,0x00,0x00,0x00,0x00,0x00,0x00,0x00,0x00
32.193700,0x06F,0,0,8,0x8D,0x04,0x10,0x44,0xFF,0x01,0xB0,0x7F
32.194500,0x065,0,0,1,0x00,0x00,0x00,0x00,0x00,0x00,0x00,0x00
32.391700,0x06F,0,0,8,0x8B,0xFC,0x2F,0x44,0xFF,0xF5,0xCF,0x7F
32.392500,0x065,0,0,1,0x00,0x00,0x00,0x00,0x00,0x00,0x00,0x00
32.589700,0x06F,0,0,8,0x8B,0xEC,0xEF,0xC3,0xFD,0xF1,0x0F,0x80
32.590600,0x065,0,0,1,0x00,0x00,0x00,0x00,0x00,0x00,0x00,0x00
32.787700,0x06F,0,0,8,0x93,0x04,0x30,0x44,0xFE,0x19,0x10,0x80
32.788550,0x065,0,0,1,0x00,0x00,0x00,0x00,0x00,0x00,0x00,0x00
32.985700,0x06F,0,0,8,0x85,0xF4,0x0F,0x44,0xFE,0x0D,0xB0,0x7F
32.986550,0x065,0,0,1,0x00,0x00,0x00,0x00,0x00,0x00,0x00,0x00
33.183700,0x06F,0,0,8,0x8F,0xFC,0x0F,0x44,0xFE,0xF1,0xEF,0x7F
33.184500,0x065,0,0,1,0x00,0x00,0x00,0x00,0x00,0x00,0x00,0x00
33.381700,0x06F,0,0,8,0x91,0xFC,0x4F,0xC4,0xFE,0x0D,0x90,0x7F
33.382500,0x065,0,0,1,0x00,0x00,0x00,0x00,0x00,0x00,0x00,0x00
33.579700,0x06F,0,0,8,0x8B,0xFC,0xEF,0xC3,0xFD,0x09,0xD0,0x7F
33.580500,0x065,0,0,1,0x00,0x00,0x00,0x00,0x00,0x00,0x00,0x00
33.777700,0x06F,0,0,8,0x8D,0xFC,0x2F,0xC4,0xFD,0xF5,0xEF,0x7F
33.778700,0x065,0,0,1,0x00,0x00,0x00,0x00,0x00,0x00,0x00,0x00
33.975700,0x06F,0,0,8,0x8D,0xFC,0x2F,0xC4,0xFD,0x05,0xD0,0x7F
33.976600,0x065,0,0,1,0x00,0x00,0x00,0x00,0x00,0x00,0x00,0x00
34.173700,0x06F,0,0,8,0x8D,0xFC,0x2F,0xC4,0xFD,0xF5,0xCF,0x7F
34.174600,0x065,0,0,1,0x00,0x00,0x00,0x00,0x00,0x00,0x00,0x00
34.371750,0x06F,0,0,8,0x8D,0xFC,0x2F,0x44,0xFD,0xFD,0xCF,0x7F
34.372500,0x065,0,0,1,0x00,0x00,0x00,0x00,0x00,0x00,0x00,0x00
34.569750,0x06F,0,0,8,0x8F,0xFC,0x0F,0x44,0xFD,0x05,0xD0,0x7F
34.570500,0x065,0,0,1,0x00,0x00,0x00,0x00,0x00,0x00,0x00,0x00
34.767750,0x06F,0,0,8,0x8D,0xFC,0x2F,0x44,0xFD,0x01,0xB0,0x7F
34.768750,0x065,0,0,1,0x00,0x00,0x00,0x00,0x00,0x00,0x00,0x00
34.965750,0x06F,0,0,8,0x8B,0xFC,0x2F,0x44,0xFD,0x01,0xD0,0x7F
34.966750,0x065,0,0,1,0x00,0x00,0x00,0x00,0x00,0x00,0x00,0x00
35.163750,0x06F,0,0,8,0x8B,0xFC,0x4F,0x44,0xFD,0xFD,0xAF,0x7F
35.164600,0x065,0,0,1,0x00,0x00,0x00,0x00,0x00,0x00,0x00,0x00
35.361900,0x06F,0,0,8,0x8D,0xFC,0x4F,0x44,0xFD,0x01,0xB0,0x7F
35.362500,0x065,0,0,1,0x00,0x00,0x00,0x00,0x00,0x00,0x00,0x00
35.559700,0x06F,0,0,8,0x8B,0xFC,0x2F,0x44,0xFD,0x09,0xB0,0x7F
35.560750,0x065,0,0,1,0x00,0x00,0x00,0x00,0x00,0x00,0x00,0x00
35.757750,0x06F,0,0,8,0x8D,0xFC,0x4F,0x44,0xFC,0x05,0xB0,0x7F
35.758500,0x065,0,0,1,0x00,0x00,0x00,0x00,0x00,0x00,0x00,0x00
35.955750,0x06F,0,0,8,0x8B,0xFC,0x4F,0xC4,0xFB,0x09,0x90,0x7F
35.956750,0x065,0,0,1,0x00,0x00,0x00,0x00,0x00,0x00,0x00,0x00
36.153750,0x06F,0,0,8,0x8D,0xFC,0x0F,0xC4,0xFB,0x05,0x90,0x7F
36.154750,0x065,0,0,1,0x00,0x00,0x00,0x00,0x00,0x00,0x00,0x00
36.351750,0x06F,0,0,8,0x8B,0xFC,0x2F,0xC4,0xFB,0x01,0x90,0x7F
36.352750,0x065,0,0,1,0x00,0x00,0x00,0x00,0x00,0x00,0x00,0x00
36.549750,0x06F,0,0,8,0x8B,0xFC,0x4F,0x44,0xFC,0x05,0x90,0x7F
36.550750,0x065,0,0,1,0x00,0x00,0x00,0x00,0x00,0x00,0x00,0x00
36.747750,0x06F,0,0,8,0x8B,0xFC,0x4F,0xC4,0xFC,0xFD,0xAF,0x7F
36.748750,0x065,0,0,1,0x00,0x00,0x00,0x00,0x00,0x00,0x00,0x00
36.945750,0x06F,0,0,8,0x8D,0xFC,0x4F,0x44,0xFE,0xF9,0xAF,0x7F
36.946550,0x065,0,0,1,0x00,0x00,0x00,0x00,0x00,0x00,0x00,0x00
37.143750,0x06F,0,0,8,0x8B,0xF4,0x4F,0xC4,0xFE,0xED,0xEF,0x7F
37.144750,0x065,0,0,1,0x00,0x00,0x00,0x00,0x00,0x00,0x00,0x00
37.341750,0x06F,0,0,8,0x8D,0xF4,0x4F,0x44,0xFE,0x01,0xD0,0x7F
37.342750,0x065,0,0,1,0x00,0x00,0x00,0x00,0x00,0x00,0x00,0x00
37.539750,0x06F,0,0,8,0x8B,0xFC,0x4F,0xC4,0xFE,0xFD,0xCF,0x7F
37.540750,0x065,0,0,1,0x00,0x00,0x00,0x00,0x00,0x00,0x00,0x00
37.737750,0x06F,0,0,8,0x8D,0xF4,0x4F,0x44,0xFE,0x01,0xF0,0x7F
37.738750,0x065,0,0,1,0x00,0x00,0x00,0x00,0x00,0x00,0x00,0x00
37.935750,0x06F,0,0,8,0x8B,0xF4,0x4F,0x44,0xFE,0xF9,0xCF,0x7F
37.937450,0x065,0,0,1,0x00,0x00,0x00,0x00,0x00,0x00,0x00,0x00
38.133750,0x06F,0,0,8,0x8D,0xF4,0x4F,0x44,0xFE,0x05,0xF0,0x7F
38.134900,0x065,0,0,1,0x00,0x00,0x00,0x00,0x00,0x00,0x00,0x00
38.331750,0x06F,0,0,8,0x8D,0xF4,0x2F,0x44,0xFE,0xF9,0xEF,0x7F
38.332750,0x065,0,0,1,0x00,0x00,0x00,0x00,0x00,0x00,0x00,0x00
38.529750,0x06F,0,0,8,0x8B,0xF4,0x4F,0x44,0xFE,0x01,0xF0,0x7F
38.728050,0x065,0,0,1,0x00,0x00,0x00,0x00,0x00,0x00,0x00,0x00
38.729200,0x06F,0,0,8,0x8B,0xEC,0x2F,0x44,0xFE,0x01,0xF0,0x7F
38.926050,0x065,0,0,1,0x00,0x00,0x00,0x00,0x00,0x00,0x00,0x00
38.927350,0x06F,0,0,8,0x8B,0xF4,0x6F,0x44,0xFE,0xF5,0xEF,0x7F
39.124000,0x065,0,0,1,0x00,0x00,0x00,0x00,0x00,0x00,0x00,0x00
39.125200,0x06F,0,0,8,0x8B,0x04,0x70,0x44,0xFE,0xF5,0xCF,0x7F
39.322050,0x065,0,0,1,0x00,0x00,0x00,0x00,0x00,0x00,0x00,0x00
39.323250,0x06F,0,0,8,0x8B,0xFC,0x4F,0x44,0xFE,0xF9,0xEF,0x7F
39.520250,0x065,0,0,1,0x00,0x00,0x00,0x00,0x00,0x00,0x00,0x00
39.521250,0x06F,0,0,8,0x8D,0xFC,0x4F,0x44,0xFE,0xF5,0xEF,0x7F
39.718050,0x065,0,0,1,0x00,0x00,0x00,0x00,0x00,0x00,0x00,0x00
39.719250,0x06F,0,0,8,0x8D,0xFC,0x4F,0x44,0xFE,0xFD,0xCF,0x7F
39.916050,0x065,0,0,1,0x00,0x00,0x00,0x00,0x00,0x00,0x00,0x00
39.917450,0x06F,0,0,8,0x8B,0xFC,0x4F,0x44,0xFE,0xFD,0xCF,0x7F
40.114050,0x065,0,0,1,0x00,0x00,0x00,0x00,0x00,0x00,0x00,0x00
40.115250,0x06F,0,0,8,0x8B,0xFC,0x4F,0xC4,0xFE,0xF5,0xEF,0x7F
40.312050,0x065,0,0,1,0x00,0x00,0x00,0x00,0x00,0x00,0x00,0x00
40.313250,0x06F,0,0,8,0x8D,0xFC,0x6F,0x44,0xFE,0xFD,0xCF,0x7F
40.510050,0x065,0,0,1,0x00,0x00,0x00,0x00,0x00,0x00,0x00,0x00
40.511250,0x06F,0,0,8,0x8D,0xFC,0x4F,0x44,0xFE,0xF9,0xEF,0x7F
40.708300,0x065,0,0,1,0x00,0x00,0x00,0x00,0x00,0x00,0x00,0x00
40.709250,0x06F,0,0,8,0x8B,0xFC,0x4F,0x44,0xFE,0xFD,0xCF,0x7F
40.906050,0x065,0,0,1,0x00,0x00,0x00,0x00,0x00,0x00,0x00,0x00
40.907450,0x06F,0,0,8,0x8B,0xFC,0x2F,0x44,0xFE,0xF9,0xCF,0x7F
41.104050,0x065,0,0,1,0x00,0x00,0x00,0x00,0x00,0x00,0x00,0x00
41.105250,0x06F,0,0,8,0x8D,0xFC,0x4F,0xC4,0xFD,0xF9,0xCF,0x7F
41.302300,0x065,0,0,1,0x00,0x00,0x00,0x00,0x00,0x00,0x00,0x00
41.303250,0x06F,0,0,8,0x8D,0xFC,0x4F,0xC4,0xFD,0xF9,0xCF,0x7F
41.500250,0x065,0,0,1,0x00,0x00,0x00,0x00,0x00,0x00,0x00,0x00
41.501250,0x06F,0,0,8,0x8B,0xFC,0x2F,0x44,0xFE,0xF9,0xEF,0x7F
41.698050,0x065,0,0,1,0x00,0x00,0x00,0x00,0x00,0x00,0x00,0x00
41.699250,0x06F,0,0,8,0x8B,0xFC,0x2F,0xC4,0xFD,0xF9,0xCF,0x7F
41.896300,0x065,0,0,1,0x00,0x00,0x00,0x00,0x00,0x00,0x00,0x00
41.897450,0x06F,0,0,8,0x8B,0xFC,0x2F,0x44,0xFE,0xF5,0xCF,0x7F
42.094300,0x065,0,0,1,0x00,0x00,0x00,0x00,0x00,0x00,0x00,0x00
42.095300,0x06F,0,0,8,0x8D,0xFC,0x4F,0xC4,0xFD,0xF9,0xEF,0x7F
42.292100,0x065,0,0,1,0x00,0x00,0x00,0x00,0x00,0x00,0x00,0x00
42.293250,0x06F,0,0,8,0x8B,0xFC,0x4F,0xC4,0xFD,0x01,0xD0,0x7F
42.490300,0x065,0,0,1,0x00,0x00,0x00,0x00,0x00,0x00,0x00,0x00
42.491250,0x06F,0,0,8,0x8D,0x04,0x30,0xC4,0xFD,0x01,0xD0,0x7F
42.688300,0x065,0,0,1,0x00,0x00,0x00,0x00,0x00,0x00,0x00,0x00
42.689350,0x06F,0,0,8,0x8D,0xFC,0x2F,0xC4,0xFD,0xF9,0xCF,0x7F
42.885850,0x06F,0,0,8,0x8D,0xF4,0x0F,0x44,0xFD,0x05,0xD0,0x7F
42.886450,0x065,0,0,1,0x00,0x00,0x00,0x00,0x00,0x00,0x00,0x00
43.084300,0x065,0,0,1,0x00,0x00,0x00,0x00,0x00,0x00,0x00,0x00
43.085350,0x06F,0,0,8,0x8D,0xF4,0x2F,0x44,0xFD,0x01,0xD0,0x7F
43.282300,0x065,0,0,1,0x00,0x00,0x00,0x00,0x00,0x00,0x00,0x00
43.283350,0x06F,0,0,8,0x8D,0xF4,0x2F,0x44,0xFD,0xFD,0xCF,0x7F
43.480100,0x065,0,0,1,0x00,0x00,0x00,0x00,0x00,0x00,0x00,0x00
43.481350,0x06F,0,0,8,0x8B,0xF4,0x2F,0xC4,0xFD,0xF9,0xCF,0x7F
43.678300,0x065,0,0,1,0x00,0x00,0x00,0x00,0x00,0x00,0x00,0x00
43.679350,0x06F,0,0,8,0x8D,0xEC,0x2F,0x44,0xFE,0x05,0xD0,0x7F
43.876300,0x065,0,0,1,0x00,0x00,0x00,0x00,0x00,0x00,0x00,0x00
43.877500,0x06F,0,0,8,0x8D,0xEC,0x4F,0xC4,0xFD,0x05,0xD0,0x7F
44.073800,0x06F,0,0,8,0x8B,0xE4,0x6F,0x44,0xFE,0xF9,0xCF,0x7F
44.074500,0x065,0,0,1,0x00,0x00,0x00,0x00,0x00,0x00,0x00,0x00
44.272350,0x065,0,0,1,0x00,0x00,0x00,0x00,0x00,0x00,0x00,0x00
44.273400,0x06F,0,0,8,0x8D,0xE4,0x4F,0x44,0xFE,0xFD,0xCF,0x7F
44.470350,0x065,0,0,1,0x00,0x00,0x00,0x00,0x00,0x00,0x00,0x00
44.471350,0x06F,0,0,8,0x8B,0xE4,0x4F,0x44,0xFE,0xF9,0xAF,0x7F
44.668350,0x065,0,0,1,0x00,0x00,0x00,0x00,0x00,0x00,0x00,0x00
44.668500,0x06F,0,0,8,0x8B,0xE4,0x4F,0x44,0xFE,0xF9,0xCF,0x7F
44.866350,0x065,0,0,1,0x00,0x00,0x00,0x00,0x00,0x00,0x00,0x00
44.867500,0x06F,0,0,8,0x8B,0xE4,0x0F,0x44,0xFE,0xFD,0xCF,0x7F
45.064350,0x065,0,0,1,0x00,0x00,0x00,0x00,0x00,0x00,0x00,0x00
45.065350,0x06F,0,0,8,0x8B,0xE4,0x6F,0xC4,0xFE,0xF1,0xEF,0x7F
45.261850,0x06F,0,0,8,0x8B,0xDC,0x2F,0xC4,0xFE,0xFD,0xEF,0x7F
45.262500,0x065,0,0,1,0x00,0x00,0x00,0x00,0x00,0x00,0x00,0x00
45.459850,0x06F,0,0,8,0x89,0xDC,0x4F,0xC4,0xFE,0xFD,0xCF,0x7F
45.460500,0x065,0,0,1,0x00,0x00,0x00,0x00,0x00,0x00,0x00,0x00
45.658350,0x065,0,0,1,0x00,0x00,0x00,0x00,0x00,0x00,0x00,0x00
45.659400,0x06F,0,0,8,0x8B,0xDC,0x6F,0xC4,0xFE,0x01,0xF0,0x7F
45.855850,0x06F,0,0,8,0x8D,0xE4,0x4F,0x44,0xFF,0xF9,0x0F,0x80
45.856500,0x065,0,0,1,0x00,0x00,0x00,0x00,0x00,0x00,0x00,0x00
46.054350,0x065,0,0,1,0x00,0x00,0x00,0x00,0x00,0x00,0x00,0x00
46.055400,0x06F,0,0,8,0x8B,0xEC,0x4F,0xC4,0xFF,0xF1,0xAF,0x7F
46.252350,0x065,0,0,1,0x00,0x00,0x00,0x00,0x00,0x00,0x00,0x00
46.252500,0x06F,0,0,8,0x89,0xF4,0x8F,0x44,0x00,0x06,0xD0,0x7F
46.449850,0x06F,0,0,8,0x8D,0xFC,0x4F,0xC4,0x00,0xFA,0x0F,0x80
46.450500,0x065,0,0,1,0x00,0x00,0x00,0x00,0x00,0x00,0x00,0x00
46.647850,0x06F,0,0,8,0x8B,0xFC,0x2F,0xC4,0x00,0xFA,0xEF,0x7F
46.648500,0x065,0,0,1,0x00,0x00,0x00,0x00,0x00,0x00,0x00,0x00
46.846350,0x065,0,0,1,0x00,0x00,0x00,0x00,0x00,0x00,0x00,0x00
46.847550,0x06F,0,0,8,0x8B,0x04,0xF0,0xC3,0x00,0xFA,0xEF,0x7F
47.043900,0x06F,0,0,8,0x8B,0x04,0xF0,0xC3,0x00,0xF6,0xEF,0x7F
47.044550,0x065,0,0,1,0x00,0x00,0x00,0x00,0x00,0x00,0x00,0x00
47.241900,0x06F,0,0,8,0x8B,0x04,0x10,0xC4,0xFF,0xFD,0xCF,0x7F
47.242500,0x065,0,0,1,0x00,0x00,0x00,0x00,0x00,0x00,0x00,0x00
47.440350,0x065,0,0,1,0x00,0x00,0x00,0x00,0x00,0x00,0x00,0x00
47.441500,0x06F,0,0,8,0x8F,0x04,0xF0,0xC3,0xFF,0xF5,0xEF,0x7F
47.637900,0x06F,0,0,8,0x8D,0x04,0x10,0x44,0xFF,0xFD,0xCF,0x7F
47.638500,0x065,0,0,1,0x00,0x00,0x00,0x00,0x00,0x00,0x00,0x00
47.835900,0x06F,0,0,8,0x8B,0x04,0x50,0xC4,0xFE,0xF5,0xEF,0x7F
47.836500,0x065,0,0,1,0x00,0x00,0x00,0x00,0x00,0x00,0x00,0x00
48.033850,0x06F,0,0,8,0x8D,0x04,0x30,0x44,0xFE,0xE5,0x0F,0x80
48.034500,0x065,0,0,1,0x00,0x00,0x00,0x00,0x00,0x00,0x00,0x00
48.232350,0x065,0,0,1,0x00,0x00,0x00,0x00,0x00,0x00,0x00,0x00
48.233500,0x06F,0,0,8,0x8B,0x04,0x50,0xC4,0xFC,0xF9,0xAF,0x7F
48.429900,0x06F,0,0,8,0x8B,0x04,0x30,0xC4,0xFB,0xF9,0x8F,0x7F
48.430550,0x065,0,0,1,0x00,0x00,0x00,0x00,0x00,0x00,0x00,0x00
48.628350,0x065,0,0,1,0x00,0x00,0x00,0x00,0x00,0x00,0x00,0x00
48.629500,0x06F,0,0,8,0x8B,0xFC,0x4F,0x44,0xFA,0xF1,0x6F,0x7F
48.825900,0x06F,0,0,8,0x8D,0x04,0x30,0xC4,0xF9,0xF9,0x4F,0x7F
48.826550,0x065,0,0,1,0x00,0x00,0x00,0x00,0x00,0x00,0x00,0x00
49.023900,0x06F,0,0,8,0x8D,0xFC,0x4F,0xC4,0xF9,0xE9,0x4F,0x7F
49.024550,0x065,0,0,1,0x00,0x00,0x00,0x00,0x00,0x00,0x00,0x00
49.221900,0x06F,0,0,8,0x8D,0xFC,0x2F,0xC4,0xF9,0xF9,0x6F,0x7F
49.222550,0x065,0,0,1,0x00,0x00,0x00,0x00,0x00,0x00,0x00,0x00
49.419900,0x06F,0,0,8,0x8B,0xFC,0x2F,0xC4,0xF9,0xFD,0x6F,0x7F
49.420550,0x065,0,0,1,0x00,0x00,0x00,0x00,0x00,0x00,0x00,0x00
49.617900,0x06F,0,0,8,0x8B,0xFC,0x2F,0x44,0xFA,0xFD,0x6F,0x7F
49.618550,0x065,0,0,1,0x00,0x00,0x00,0x00,0x00,0x00,0x00,0x00
49.815900,0x06F,0,0,8,0x8F,0xFC,0x2F,0x44,0xFA,0xFD,0x2F,0x7F
49.816550,0x065,0,0,1,0x00,0x00,0x00,0x00,0x00,0x00,0x00,0x00
50.013900,0x06F,0,0,8,0x8B,0xFC,0x2F,0xC4,0xF9,0xFD,0x2F,0x7F
50.014550,0x065,0,0,1,0x00,0x00,0x00,0x00,0x00,0x00,0x00,0x00
50.211900,0x06F,0,0,8,0x8B,0xFC,0x0F,0x44,0xF9,0xF9,0x2F,0x7F
50.212550,0x065,0,0,1,0x00,0x00,0x00,0x00,0x00,0x00,0x00,0x00
50.409900,0x06F,0,0,8,0x8F,0xF4,0xEF,0xC3,0xF8,0xFD,0x2F,0x7F
50.410550,0x065,0,0,1,0x00,0x00,0x00,0x00,0x00,0x00,0x00,0x00
50.607900,0x06F,0,0,8,0x8B,0x04,0x10,0x44,0xF8,0xFD,0x0F,0x7F
50.608700,0x065,0,0,1,0x00,0x00,0x00,0x00,0x00,0x00,0x00,0x00
50.805900,0x06F,0,0,8,0x8D,0xFC,0x4F,0x44,0xF8,0x05,0x10,0x7F
50.806550,0x065,0,0,1,0x00,0x00,0x00,0x00,0x00,0x00,0x00,0x00
51.003900,0x06F,0,0,8,0x8D,0xF4,0x2F,0x44,0xF8,0x09,0xD0,0x7E
51.004550,0x065,0,0,1,0x00,0x00,0x00,0x00,0x00,0x00,0x00,0x00
51.201950,0x06F,0,0,8,0x8B,0xF4,0x4F,0x44,0xF9,0x11,0x70,0x7E
51.202600,0x065,0,0,1,0x00,0x00,0x00,0x00,0x00,0x00,0x00,0x00
51.399950,0x06F,0,0,8,0x87,0xF4,0x6F,0x44,0xF8,0xF9,0x8F,0x7E
51.400550,0x065,0,0,1,0x00,0x00,0x00,0x00,0x00,0x00,0x00,0x00
51.597950,0x06F,0,0,8,0x89,0x0C,0x30,0xC4,0xF8,0xCD,0x6F,0x7E
51.598550,0x065,0,0,1,0x00,0x00,0x00,0x00,0x00,0x00,0x00,0x00
51.795950,0x06F,0,0,8,0x95,0x0C,0x10,0x44,0xF7,0xF1,0x8F,0x7E
51.796700,0x065,0,0,1,0x00,0x00,0x00,0x00,0x00,0x00,0x00,0x00
51.993950,0x06F,0,0,8,0x87,0x14,0x30,0x44,0xF8,0x15,0x90,0x7E
51.994550,0x065,0,0,1,0x00,0x00,0x00,0x00,0x00,0x00,0x00,0x00
52.191950,0x06F,0,0,8,0x8D,0x0C,0x10,0x44,0xF8,0x05,0x50,0x7F
52.192800,0x065,0,0,1,0x00,0x00,0x00,0x00,0x00,0x00,0x00,0x00
52.389900,0x06F,0,0,8,0x8D,0x14,0x50,0x44,0xF8,0x09,0xF0,0x7E
52.390800,0x065,0,0,1,0x00,0x00,0x00,0x00,0x00,0x00,0x00,0x00
52.587950,0x06F,0,0,8,0x8B,0x3C,0x30,0x44,0xF9,0xF9,0x0F,0x7F
52.588600,0x065,0,0,1,0x00,0x00,0x00,0x00,0x00,0x00,0x00,0x00
52.785950,0x06F,0,0,8,0x89,0x24,0x10,0x44,0xFA,0xF9,0x4F,0x7F
52.786600,0x065,0,0,1,0x00,0x00,0x00,0x00,0x00,0x00,0x00,0x00
52.983950,0x06F,0,0,8,0x8F,0x04,0x50,0xC4,0xFA,0xFD,0x4F,0x7F
52.984700,0x065,0,0,1,0x00,0x00,0x00,0x00,0x00,0x00,0x00,0x00
53.181950,0x06F,0,0,8,0x8D,0x0C,0x30,0xC4,0xFA,0x01,0x30,0x7F
53.182750,0x065,0,0,1,0x00,0x00,0x00,0x00,0x00,0x00,0x00,0x00
53.379950,0x06F,0,0,8,0x8D,0x24,0x30,0xC4,0xFA,0xF5,0x2F,0x7F
53.380850,0x065,0,0,1,0x00,0x00,0x00,0x00,0x00,0x00,0x00,0x00
53.577950,0x06F,0,0,8,0x8D,0x0C,0x10,0x44,0xFB,0x01,0x70,0x7F
53.578850,0x065,0,0,1,0x00,0x00,0x00,0x00,0x00,0x00,0x00,0x00
53.775950,0x06F,0,0,8,0x8D,0xFC,0x2F,0x44,0xFB,0x05,0x70,0x7F
53.776800,0x065,0,0,1,0x00,0x00,0x00,0x00,0x00,0x00,0x00,0x00
53.973950,0x06F,0,0,8,0x8D,0xFC,0x4F,0xC4,0xF9,0x05,0x70,0x7F
53.974750,0x065,0,0,1,0x00,0x00,0x00,0x00,0x00,0x00,0x00,0x00
54.172000,0x06F,0,0,8,0x8D,0x04,0x30,0x44,0xF8,0xF5,0x8F,0x7F
54.172750,0x065,0,0,1,0x00,0x00,0x00,0x00,0x00,0x00,0x00,0x00
54.370750,0x065,0,0,1,0x00,0x00,0x00,0x00,0x00,0x00,0x00,0x00
54.372000,0x06F,0,0,8,0x8D,0xF4,0x2F,0xC4,0xF6,0x1D,0x50,0x7F
54.567950,0x06F,0,0,8,0x8B,0xEC,0x8F,0x44,0xF8,0x11,0x50,0x7F
54.568950,0x065,0,0,1,0x00,0x00,0x00,0x00,0x00,0x00,0x00,0x00
54.765950,0x06F,0,0,8,0x8D,0xF4,0x4F,0xC4,0xF7,0xE1,0x2F,0x7F
54.766750,0x065,0,0,1,0x00,0x00,0x00,0x00,0x00,0x00,0x00,0x00
54.963950,0x06F,0,0,8,0x85,0xD4,0xEF,0xC3,0xF6,0xE1,0x4F,0x7F
54.964850,0x065,0,0,1,0x00,0x00,0x00,0x00,0x00,0x00,0x00,0x00
55.161950,0x06F,0,0,8,0x8F,0xDC,0x0F,0x44,0xF4,0xD1,0x8F,0x7F
55.162750,0x065,0,0,1,0x00,0x00,0x00,0x00,0x00,0x00,0x00,0x00
55.360000,0x06F,0,0,8,0x93,0xEC,0x0F,0xC4,0xF2,0xF9,0x4F,0x7F
55.360750,0x065,0,0,1,0x00,0x00,0x00,0x00,0x00,0x00,0x00,0x00
55.558000,0x06F,0,0,8,0x8D,0xDC,0x2F,0xC4,0xF3,0x05,0xF0,0x7E
55.559000,0x065,0,0,1,0x00,0x00,0x00,0x00,0x00,0x00,0x00,0x00
55.756000,0x06F,0,0,8,0x8D,0xDC,0x0F,0x44,0xF1,0x09,0xF0,0x7E
55.757000,0x065,0,0,1,0x00,0x00,0x00,0x00,0x00,0x00,0x00,0x00
55.954000,0x06F,0,0,8,0x8B,0xE4,0x0F,0x44,0xF1,0x09,0xB0,0x7E
55.954850,0x065,0,0,1,0x00,0x00,0x00,0x00,0x00,0x00,0x00,0x00
56.152000,0x06F,0,0,8,0x8F,0xE4,0x2F,0xC4,0xEE,0xFD,0xAF,0x7E
56.152850,0x065,0,0,1,0x00,0x00,0x00,0x00,0x00,0x00,0x00,0x00
56.350000,0x06F,0,0,8,0x89,0xD4,0x2F,0x44,0xEC,0x09,0x70,0x7E
56.351000,0x065,0,0,1,0x00,0x00,0x00,0x00,0x00,0x00,0x00,0x00
56.547950,0x06F,0,0,8,0x87,0xE4,0xAF,0xC4,0xEB,0xC9,0x6F,0x7D
56.548750,0x065,0,0,1,0x00,0x00,0x00,0x00,0x00,0x00,0x00,0x00
56.746000,0x06F,0,0,8,0x89,0xD4,0x2F,0x44,0xE9,0xCD,0x2F,0x7E
56.747000,0x065,0,0,1,0x00,0x00,0x00,0x00,0x00,0x00,0x00,0x00
56.944000,0x06F,0,0,8,0x8B,0xCC,0x2F,0xC4,0xE7,0xE9,0x6F,0x7D
56.945000,0x065,0,0,1,0x00,0x00,0x00,0x00,0x00,0x00,0x00,0x00
57.142000,0x06F,0,0,8,0x8F,0xDC,0xAF,0x44,0xE4,0xDD,0x8F,0x7D
57.143000,0x065,0,0,1,0x00,0x00,0x00,0x00,0x00,0x00,0x00,0x00
57.340000,0x06F,0,0,8,0x91,0xE4,0xEF,0xC3,0xE6,0x05,0x30,0x7D
57.341000,0x065,0,0,1,0x00,0x00,0x00,0x00,0x00,0x00,0x00,0x00
57.538000,0x06F,0,0,8,0x89,0xCC,0x4F,0xC4,0xE3,0x09,0xD0,0x7C
57.539000,0x065,0,0,1,0x00,0x00,0x00,0x00,0x00,0x00,0x00,0x00
57.736000,0x06F,0,0,8,0x8F,0xD4,0x6F,0x44,0xE3,0x09,0x90,0x7C
57.736800,0x065,0,0,1,0x00,0x00,0x00,0x00,0x00,0x00,0x00,0x00
57.934000,0x06F,0,0,8,0x8B,0xDC,0x6F,0xC4,0xE2,0xFD,0x6F,0x7C
57.935650,0x065,0,0,1,0x00,0x00,0x00,0x00,0x00,0x00,0x00,0x00
58.132000,0x06F,0,0,8,0x89,0xE4,0x6F,0xC4,0xE2,0x09,0x90,0x7C
58.133000,0x065,0,0,1,0x00,0x00,0x00,0x00,0x00,0x00,0x00,0x00
58.330000,0x06F,0,0,8,0x89,0xF4,0x8F,0xC4,0xE2,0xF5,0x8F,0x7C
58.331000,0x065,0,0,1,0x00,0x00,0x00,0x00,0x00,0x00,0x00,0x00
58.528000,0x06F,0,0,8,0x8B,0xF4,0x4F,0xC4,0xE3,0xF9,0xCF,0x7C
58.529000,0x065,0,0,1,0x00,0x00,0x00,0x00,0x00,0x00,0x00,0x00
58.726000,0x06F,0,0,8,0x8D,0xFC,0x8F,0x44,0xE4,0x05,0xF0,0x7C
58.727000,0x065,0,0,1,0x00,0x00,0x00,0x00,0x00,0x00,0x00,0x00
58.924000,0x06F,0,0,8,0x8B,0x04,0x70,0x44,0xE5,0x0D,0xF0,0x7C
58.925000,0x065,0,0,1,0x00,0x00,0x00,0x00,0x00,0x00,0x00,0x00
59.122000,0x06F,0,0,8,0x89,0xFC,0x8F,0x44,0xE7,0x01,0x30,0x7D
59.123000,0x065,0,0,1,0x00,0x00,0x00,0x00,0x00,0x00,0x00,0x00
59.320000,0x06F,0,0,8,0x89,0x0C,0x90,0x44,0xE9,0xF5,0x4F,0x7D
59.321000,0x065,0,0,1,0x00,0x00,0x00,0x00,0x00,0x00,0x00,0x00
59.518000,0x06F,0,0,8,0x89,0x14,0x70,0xC4,0xEB,0xFD,0xCF,0x7D
59.519000,0x065,0,0,1,0x00,0x00,0x00,0x00,0x00,0x00,0x00,0x00
59.716050,0x06F,0,0,8,0x8B,0x14,0x70,0xC4,0xEE,0xF5,0x0F,0x7E
59.914300,0x065,0,0,1,0x00,0x00,0x00,0x00,0x00,0x00,0x00,0x00
59.915850,0x06F,0,0,8,0x8B,0x34,0x70,0xC4,0xF2,0x01,0x70,0x7E
60.112300,0x065,0,0,1,0x00,0x00,0x00,0x00,0x00,0x00,0x00,0x00
60.113700,0x06F,0,0,8,0x8B,0x3C,0x50,0x44,0xF5,0x01,0xD0,0x7E
60.310300,0x065,0,0,1,0x00,0x00,0x00,0x00,0x00,0x00,0x00,0x00
60.311750,0x06F,0,0,8,0x8B,0x34,0x50,0xC4,0xF9,0xFD,0x4F,0x7F
60.508300,0x065,0,0,1,0x00,0x00,0x00,0x00,0x00,0x00,0x00,0x00
60.509750,0x06F,0,0,8,0x8D,0x3C,0x30,0xC4,0xFB,0xFD,0x8F,0x7F
60.706300,0x065,0,0,1,0x00,0x00,0x00,0x00,0x00,0x00,0x00,0x00
60.707750,0x06F,0,0,8,0x8D,0x2C,0x10,0x44,0xFD,0xF9,0xCF,0x7F
60.904300,0x065,0,0,1,0x00,0x00,0x00,0x00,0x00,0x00,0x00,0x00
60.905850,0x06F,0,0,8,0x8D,0xFC,0x0F,0xC4,0xFD,0xF9,0xEF,0x7F
61.102300,0x065,0,0,1,0x00,0x00,0x00,0x00,0x00,0x00,0x00,0x00
61.103800,0x06F,0,0,8,0x8D,0x04,0xF0,0xC3,0xFE,0xFD,0xAF,0x7F
61.300300,0x065,0,0,1,0x00,0x00,0x00,0x00,0x00,0x00,0x00,0x00
61.301800,0x06F,0,0,8,0x8D,0x0C,0x10,0xC4,0xFE,0xF9,0xEF,0x7F
61.498550,0x065,0,0,1,0x00,0x00,0x00,0x00,0x00,0x00,0x00,0x00
61.499800,0x06F,0,0,8,0x8F,0x0C,0x10,0xC4,0xFE,0xFD,0xEF,0x7F
61.696300,0x065,0,0,1,0x00,0x00,0x00,0x00,0x00,0x00,0x00,0x00
61.697800,0x06F,0,0,8,0x8D,0x0C,0xF0,0xC3,0xFE,0xFD,0xEF,0x7F
61.894300,0x065,0,0,1,0x00,0x00,0x00,0x00,0x00,0x00,0x00,0x00
61.895950,0x06F,0,0,8,0x8D,0x14,0xF0,0xC3,0xFE,0xFD,0xCF,0x7F
62.092300,0x065,0,0,1,0x00,0x00,0x00,0x00,0x00,0x00,0x00,0x00
62.093850,0x06F,0,0,8,0x8F,0x14,0xF0,0xC3,0xFE,0xF9,0xCF,0x7F
62.290550,0x065,0,0,1,0x00,0x00,0x00,0x00,0x00,0x00,0x00,0x00
62.291850,0x06F,0,0,8,0x8F,0x14,0xF0,0xC3,0xFE,0xFD,0xCF,0x7F
62.488300,0x065,0,0,1,0x00,0x00,0x00,0x00,0x00,0x00,0x00,0x00
62.489850,0x06F,0,0,8,0x8F,0x1C,0xF0,0xC3,0xFD,0xF9,0xAF,0x7F
62.686550,0x065,0,0,1,0x00,0x00,0x00,0x00,0x00,0x00,0x00,0x00
62.687750,0x06F,0,0,8,0x8F,0x2C,0xD0,0xC3,0xFD,0xF9,0x8F,0x7F
62.884300,0x065,0,0,1,0x00,0x00,0x00,0x00,0x00,0x00,0x00,0x00
62.885900,0x06F,0,0,8,0x8F,0x34,0xD0,0x43,0xFC,0xF9,0x6F,0x7F
63.082350,0x065,0,0,1,0x00,0x00,0x00,0x00,0x00,0x00,0x00,0x00
63.083750,0x06F,0,0,8,0x8F,0x3C,0xD0,0xC3,0xFB,0xFD,0x6F,0x7F
63.280550,0x065,0,0,1,0x00,0x00,0x00,0x00,0x00,0x00,0x00,0x00
63.281750,0x06F,0,0,8,0x8F,0x44,0xD0,0x43,0xFB,0x01,0x30,0x7F
63.478550,0x065,0,0,1,0x00,0x00,0x00,0x00,0x00,0x00,0x00,0x00
63.479750,0x06F,0,0,8,0x8F,0x4C,0xD0,0x43,0xFA,0xF9,0x4F,0x7F
63.676350,0x065,0,0,1,0x00,0x00,0x00,0x00,0x00,0x00,0x00,0x00
63.677750,0x06F,0,0,8,0x91,0x54,0xD0,0xC3,0xF9,0xFD,0x2F,0x7F
63.874550,0x065,0,0,1,0x00,0x00,0x00,0x00,0x00,0x00,0x00,0x00
63.875900,0x06F,0,0,8,0x8F,0x54,0xB0,0xC3,0xF8,0xFD,0x0F,0x7F
64.072550,0x065,0,0,1,0x00,0x00,0x00,0x00,0x00,0x00,0x00,0x00
64.073750,0x06F,0,0,8,0x8F,0x4C,0xF0,0xC3,0xF8,0x01,0x30,0x7F
64.270300,0x065,0,0,1,0x00,0x00,0x00,0x00,0x00,0x00,0x00,0x00
64.271750,0x06F,0,0,8,0x91,0x4C,0xF0,0x43,0xF9,0xFD,0x2F,0x7F
64.468550,0x065,0,0,1,0x00,0x00,0x00,0x00,0x00,0x00,0x00,0x00
64.469800,0x06F,0,0,8,0x8B,0x4C,0xF0,0x43,0xFA,0xF9,0x6F,0x7F
64.666550,0x065,0,0,1,0x00,0x00,0x00,0x00,0x00,0x00,0x00,0x00
64.667800,0x06F,0,0,8,0x8D,0x44,0xF0,0x43,0xFC,0xF9,0x8F,0x7F
64.864050,0x06F,0,0,8,0x8B,0x44,0x30,0x44,0xFE,0x05,0xF0,0x7F
64.864700,0x065,0,0,1,0x00,0x00,0x00,0x00,0x00,0x00,0x00,0x00
65.062550,0x065,0,0,1,0x00,0x00,0x00,0x00,0x00,0x00,0x00,0x00
65.063800,0x06F,0,0,8,0x8D,0x4C,0x30,0x44,0xFF,0x01,0xF0,0x7F
65.260600,0x065,0,0,1,0x00,0x00,0x00,0x00,0x00,0x00,0x00,0x00
65.261800,0x06F,0,0,8,0x8B,0x4C,0xF0,0x43,0x00,0xFE,0xEF,0x7F
65.458600,0x065,0,0,1,0x00,0x00,0x00,0x00,0x00,0x00,0x00,0x00
65.459800,0x06F,0,0,8,0x8D,0x44,0x10,0xC4,0xFF,0xF5,0x0F,0x80
65.656600,0x065,0,0,1,0x00,0x00,0x00,0x00,0x00,0x00,0x00,0x00
65.657800,0x06F,0,0,8,0x8D,0x44,0x10,0x44,0x00,0xF6,0xEF,0x7F
65.854600,0x065,0,0,1,0x00,0x00,0x00,0x00,0x00,0x00,0x00,0x00
65.856000,0x06F,0,0,8,0x8D,0x3C,0xF0,0xC3,0xFF,0xF5,0x2F,0x80
66.052100,0x06F,0,0,8,0x8D,0x24,0x10,0x44,0x00,0xFE,0x2F,0x80
66.052750,0x065,0,0,1,0x00,0x00,0x00,0x00,0x00,0x00,0x00,0x00
66.250600,0x065,0,0,1,0x00,0x00,0x00,0x00,0x00,0x00,0x00,0x00
66.251900,0x06F,0,0,8,0x8F,0xFC,0xEF,0x43,0x00,0xFA,0x4F,0x80
66.448600,0x065,0,0,1,0x00,0x00,0x00,0x00,0x00,0x00,0x00,0x00
66.449900,0x06F,0,0,8,0x8B,0xFC,0xEF,0x43,0x00,0x06,0x30,0x80
66.646100,0x06F,0,0,8,0x8F,0xFC,0x0F,0xC4,0x01,0xEE,0x2F,0x80
66.646750,0x065,0,0,1,0x00,0x00,0x00,0x00,0x00,0x00,0x00,0x00
66.844550,0x065,0,0,1,0x00,0x00,0x00,0x00,0x00,0x00,0x00,0x00
66.846000,0x06F,0,0,8,0x8F,0xFC,0xEF,0xC3,0x01,0x06,0x50,0x80
67.042600,0x065,0,0,1,0x00,0x00,0x00,0x00,0x00,0x00,0x00,0x00
67.043900,0x06F,0,0,8,0x8B,0xFC,0x2F,0x44,0x02,0x1A,0x30,0x80
67.240100,0x06F,0,0,8,0x8F,0xFC,0x0F,0x44,0x03,0xFA,0x4F,0x80
67.240750,0x065,0,0,1,0x00,0x00,0x00,0x00,0x00,0x00,0x00,0x00
67.438100,0x06F,0,0,8,0x8B,0xFC,0x2F,0xC4,0x03,0x12,0x50,0x80
67.438750,0x065,0,0,1,0x00,0x00,0x00,0x00,0x00,0x00,0x00,0x00
67.636600,0x065,0,0,1,0x00,0x00,0x00,0x00,0x00,0x00,0x00,0x00
67.637900,0x06F,0,0,8,0x87,0xFC,0x4F,0x44,0x03,0xDE,0x6F,0x80
67.834100,0x06F,0,0,8,0x93,0xFC,0x4F,0x44,0x03,0xEA,0xAF,0x80
67.834750,0x065,0,0,1,0x00,0x00,0x00,0x00,0x00,0x00,0x00,0x00
68.032150,0x06F,0,0,8,0x8D,0xFC,0x4F,0x44,0x03,0xFA,0x8F,0x80
68.032800,0x065,0,0,1,0x00,0x00,0x00,0x00,0x00,0x00,0x00,0x00
68.230150,0x06F,0,0,8,0x8B,0xFC,0x6F,0x44,0x04,0xE6,0xCF,0x7F
68.230750,0x065,0,0,1,0x00,0x00,0x00,0x00,0x00,0x00,0x00,0x00
68.428150,0x06F,0,0,8,0x95,0x0C,0xF0,0xC3,0x02,0x0E,0x50,0x80
68.428750,0x065,0,0,1,0x00,0x00,0x00,0x00,0x00,0x00,0x00,0x00
68.626150,0x06F,0,0,8,0x8B,0x04,0xF0,0xC3,0x02,0xFE,0x6F,0x80
68.626750,0x065,0,0,1,0x00,0x00,0x00,0x00,0x00,0x00,0x00,0x00
68.824150,0x06F,0,0,8,0x8F,0xFC,0xCF,0xC3,0x01,0xF2,0x4F,0x80
68.824750,0x065,0,0,1,0x00,0x00,0x00,0x00,0x00,0x00,0x00,0x00
69.022150,0x06F,0,0,8,0x8F,0xFC,0x0F,0xC4,0x01,0x02,0x10,0x80
69.022750,0x065,0,0,1,0x00,0x00,0x00,0x00,0x00,0x00,0x00,0x00
69.220100,0x06F,0,0,8,0x8D,0x04,0xF0,0xC3,0x00,0xFA,0x0F,0x80
69.220750,0x065,0,0,1,0x00,0x00,0x00,0x00,0x00,0x00,0x00,0x00
69.418150,0x06F,0,0,8,0x8D,0xFC,0xEF,0xC3,0x00,0xFE,0x2F,0x80
69.418800,0x065,0,0,1,0x00,0x00,0x00,0x00,0x00,0x00,0x00,0x00
69.616150,0x06F,0,0,8,0x8F,0xFC,0x0F,0xC4,0x00,0x02,0x50,0x80
69.616800,0x065,0,0,1,0x00,0x00,0x00,0x00,0x00,0x00,0x00,0x00
69.814150,0x06F,0,0,8,0x8D,0xFC,0x0F,0x44,0x01,0xFA,0x2F,0x80
69.814800,0x065,0,0,1,0x00,0x00,0x00,0x00,0x00,0x00,0x00,0x00
70.012150,0x06F,0,0,8,0x8D,0xFC,0xEF,0x43,0x01,0x0A,0x50,0x80
70.012800,0x065,0,0,1,0x00,0x00,0x00,0x00,0x00,0x00,0x00,0x00
70.210150,0x06F,0,0,8,0x8D,0xEC,0xCF,0xC3,0x01,0xF6,0x4F,0x80
70.210800,0x065,0,0,1,0x00,0x00,0x00,0x00,0x00,0x00,0x00,0x00
70.408150,0x06F,0,0,8,0x8B,0xF4,0x2F,0x44,0x01,0x02,0x90,0x80
70.408800,0x065,0,0,1,0x00,0x00,0x00,0x00,0x00,0x00,0x00,0x00
70.606150,0x06F,0,0,8,0x8F,0xEC,0xCF,0x43,0x02,0xF2,0x2F,0x80
70.607050,0x065,0,0,1,0x00,0x00,0x00,0x00,0x00,0x00,0x00,0x00
70.804150,0x06F,0,0,8,0x8F,0xF4,0xEF,0xC3,0x01,0xFA,0x4F,0x80
70.804800,0x065,0,0,1,0x00,0x00,0x00,0x00,0x00,0x00,0x00,0x00
71.002150,0x06F,0,0,8,0x8F,0xF4,0xEF,0xC3,0x01,0x0A,0x10,0x80
71.002800,0x065,0,0,1,0x00,0x00,0x00,0x00,0x00,0x00,0x00,0x00
71.200150,0x06F,0,0,8,0x8F,0xEC,0x2F,0x44,0x01,0x02,0x30,0x80
71.200950,0x065,0,0,1,0x00,0x00,0x00,0x00,0x00,0x00,0x00,0x00
71.398150,0x06F,0,0,8,0x8F,0xF4,0x0F,0xC4,0x01,0xFA,0xEF,0x7F
71.398950,0x065,0,0,1,0x00,0x00,0x00,0x00,0x00,0x00,0x00,0x00
71.596150,0x06F,0,0,8,0x8D,0xF4,0xCF,0x43,0x02,0xFE,0x0F,0x80
71.596800,0x065,0,0,1,0x00,0x00,0x00,0x00,0x00,0x00,0x00,0x00
71.794150,0x06F,0,0,8,0x8F,0xEC,0x0F,0x44,0x02,0x0A,0x10,0x80
71.795050,0x065,0,0,1,0x00,0x00,0x00,0x00,0x00,0x00,0x00,0x00
71.992150,0x06F,0,0,8,0x91,0xF4,0x2F,0x44,0x02,0xF6,0x4F,0x80
71.992800,0x065,0,0,1,0x00,0x00,0x00,0x00,0x00,0x00,0x00,0x00
72.190200,0x06F,0,0,8,0x8F,0xF4,0xEF,0xC3,0x01,0xF6,0x6F,0x80
72.190850,0x065,0,0,1,0x00,0x00,0x00,0x00,0x00,0x00,0x00,0x00
72.388200,0x06F,0,0,8,0x8D,0xF4,0xEF,0x43,0x02,0xFA,0x4F,0x80
72.388950,0x065,0,0,1,0x00,0x00,0x00,0x00,0x00,0x00,0x00,0x00
72.586200,0x06F,0,0,8,0x8D,0xF4,0xEF,0x43,0x02,0xFA,0x4F,0x80
72.586950,0x065,0,0,1,0x00,0x00,0x00,0x00,0x00,0x00,0x00,0x00
72.784200,0x06F,0,0,8,0x8D,0xF4,0x0F,0x44,0x02,0x06,0x50,0x80
72.785050,0x065,0,0,1,0x00,0x00,0x00,0x00,0x00,0x00,0x00,0x00
72.982200,0x06F,0,0,8,0x8F,0xF4,0x0F,0x44,0x02,0xF6,0x4F,0x80
72.983050,0x065,0,0,1,0x00,0x00,0x00,0x00,0x00,0x00,0x00,0x00
73.180200,0x06F,0,0,8,0x8F,0xF4,0x0F,0x44,0x02,0xFE,0x4F,0x80
73.181050,0x065,0,0,1,0x00,0x00,0x00,0x00,0x00,0x00,0x00,0x00
73.378150,0x06F,0,0,8,0x8D,0xF4,0xEF,0xC3,0x01,0xF6,0x4F,0x80
73.378800,0x065,0,0,1,0x00,0x00,0x00,0x00,0x00,0x00,0x00,0x00
73.576200,0x06F,0,0,8,0x8D,0xF4,0xEF,0xC3,0x01,0xFE,0x4F,0x80
73.576950,0x065,0,0,1,0x00,0x00,0x00,0x00,0x00,0x00,0x00,0x00
73.774200,0x06F,0,0,8,0x8D,0xF4,0x0F,0xC4,0x01,0x06,0x30,0x80
73.774950,0x065,0,0,1,0x00,0x00,0x00,0x00,0x00,0x00,0x00,0x00
73.972200,0x06F,0,0,8,0x8D,0xF4,0x2F,0xC4,0x01,0xFA,0x2F,0x80
73.973200,0x065,0,0,1,0x00,0x00,0x00,0x00,0x00,0x00,0x00,0x00
74.171050,0x065,0,0,1,0x00,0x00,0x00,0x00,0x00,0x00,0x00,0x00
74.172400,0x06F,0,0,8,0x8B,0xEC,0x4F,0x44,0x01,0x1A,0x50,0x80
74.368200,0x06F,0,0,8,0x8B,0xF4,0x0F,0xC4,0x01,0x0E,0x30,0x80
74.369100,0x065,0,0,1,0x00,0x00,0x00,0x00,0x00,0x00,0x00,0x00
74.566200,0x06F,0,0,8,0x8D,0xEC,0x2F,0xC4,0x01,0xF6,0x6F,0x80
74.566850,0x065,0,0,1,0x00,0x00,0x00,0x00,0x00,0x00,0x00,0x00
74.764200,0x06F,0,0,8,0x8F,0xF4,0x2F,0xC4,0x02,0x0A,0xF0,0x7F
74.765000,0x065,0,0,1,0x00,0x00,0x00,0x00,0x00,0x00,0x00,0x00
74.962200,0x06F,0,0,8,0x8F,0xEC,0x2F,0xC4,0x01,0x02,0x30,0x80
74.963000,0x065,0,0,1,0x00,0x00,0x00,0x00,0x00,0x00,0x00,0x00
75.160200,0x06F,0,0,8,0x8D,0xEC,0x2F,0x44,0x02,0xFE,0x0F,0x80
75.161200,0x065,0,0,1,0x00,0x00,0x00,0x00,0x00,0x00,0x00,0x00
75.358200,0x06F,0,0,8,0x8B,0xEC,0xEF,0xC3,0x01,0x06,0x10,0x80
75.359050,0x065,0,0,1,0x00,0x00,0x00,0x00,0x00,0x00,0x00,0x00
75.556200,0x06F,0,0,8,0x8F,0xEC,0xEF,0xC3,0x02,0xF6,0xEF,0x7F
75.557050,0x065,0,0,1,0x00,0x00,0x00,0x00,0x00,0x00,0x00,0x00
75.754200,0x06F,0,0,8,0x91,0xEC,0x0F,0x44,0x02,0x02,0x10,0x80
75.755200,0x065,0,0,1,0x00,0x00,0x00,0x00,0x00,0x00,0x00,0x00
75.952200,0x06F,0,0,8,0x8D,0xEC,0xEF,0xC3,0x01,0xF6,0x4F,0x80
75.953000,0x065,0,0,1,0x00,0x00,0x00,0x00,0x00,0x00,0x00,0x00
76.150200,0x06F,0,0,8,0x8D,0xFC,0x0F,0xC4,0x01,0xFA,0x6F,0x80
76.151000,0x065,0,0,1,0x00,0x00,0x00,0x00,0x00,0x00,0x00,0x00
76.348250,0x06F,0,0,8,0x8F,0xF4,0x0F,0x44,0x02,0xFE,0x4F,0x80
76.349200,0x065,0,0,1,0x00,0x00,0x00,0x00,0x00,0x00,0x00,0x00
76.546250,0x06F,0,0,8,0x8D,0xEC,0x0F,0x44,0x02,0xFE,0x4F,0x80
76.547250,0x065,0,0,1,0x00,0x00,0x00,0x00,0x00,0x00,0x00,0x00
76.744250,0x06F,0,0,8,0x8D,0xF4,0x2F,0xC4,0x02,0x0A,0x30,0x80
76.745100,0x065,0,0,1,0x00,0x00,0x00,0x00,0x00,0x00,0x00,0x00
76.942250,0x06F,0,0,8,0x8D,0xF4,0xEF,0xC3,0x02,0x02,0x30,0x80
76.943250,0x065,0,0,1,0x00,0x00,0x00,0x00,0x00,0x00,0x00,0x00
77.140250,0x06F,0,0,8,0x8D,0xF4,0x0F,0x44,0x02,0x06,0x70,0x80
77.141250,0x065,0,0,1,0x00,0x00,0x00,0x00,0x00,0x00,0x00,0x00
77.338250,0x06F,0,0,8,0x8D,0xF4,0x0F,0x44,0x02,0x06,0x30,0x80
77.339250,0x065,0,0,1,0x00,0x00,0x00,0x00,0x00,0x00,0x00,0x00
77.536200,0x06F,0,0,8,0x89,0xF4,0x0F,0x44,0x02,0xFE,0x0F,0x80
77.537250,0x065,0,0,1,0x00,0x00,0x00,0x00,0x00,0x00,0x00,0x00
77.734250,0x06F,0,0,8,0x8F,0xF4,0xEF,0xC3,0x02,0x02,0x10,0x80
77.735250,0x065,0,0,1,0x00,0x00,0x00,0x00,0x00,0x00,0x00,0x00
77.932250,0x06F,0,0,8,0x8B,0xF4,0x2F,0x44,0x02,0x0A,0x30,0x80
77.933100,0x065,0,0,1,0x00,0x00,0x00,0x00,0x00,0x00,0x00,0x00
78.130250,0x06F,0,0,8,0x8D,0xF4,0xEF,0x43,0x02,0xCE,0x0F,0x80
78.131250,0x065,0,0,1,0x00,0x00,0x00,0x00,0x00,0x00,0x00,0x00
78.328250,0x06F,0,0,8,0x8F,0xFC,0x4F,0xC4,0x01,0x0E,0x90,0x80
78.329250,0x065,0,0,1,0x00,0x00,0x00,0x00,0x00,0x00,0x00,0x00
78.526250,0x06F,0,0,8,0x85,0xF4,0x0F,0x44,0x01,0xDA,0x8F,0x80
78.527250,0x065,0,0,1,0x00,0x00,0x00,0x00,0x00,0x00,0x00,0x00
78.724250,0x06F,0,0,8,0x91,0xF4,0xEF,0x43,0x02,0xFE,0x4F,0x80
78.725250,0x065,0,0,1,0x00,0x00,0x00,0x00,0x00,0x00,0x00,0x00
78.922250,0x06F,0,0,8,0x8D,0xFC,0x0F,0x44,0x02,0x06,0x10,0x80
78.923900,0x065,0,0,1,0x00,0x00,0x00,0x00,0x00,0x00,0x00,0x00
79.120250,0x06F,0,0,8,0x8B,0xF4,0x0F,0xC4,0x02,0xEE,0x4F,0x80
79.121250,0x065,0,0,1,0x00,0x00,0x00,0x00,0x00,0x00,0x00,0x00
79.318250,0x06F,0,0,8,0x8D,0xF4,0xEF,0x43,0x03,0x02,0x30,0x80
79.319250,0x065,0,0,1,0x00,0x00,0x00,0x00,0x00,0x00,0x00,0x00
79.516250,0x06F,0,0,8,0x8F,0xF4,0x0F,0xC4,0x02,0xFA,0x4F,0x80
79.714500,0x065,0,0,1,0x00,0x00,0x00,0x00,0x00,0x00,0x00,0x00
79.716150,0x06F,0,0,8,0x8D,0xF4,0x0F,0xC4,0x02,0xFE,0x6F,0x80
79.912550,0x065,0,0,1,0x00,0x00,0x00,0x00,0x00,0x00,0x00,0x00
79.914250,0x06F,0,0,8,0x8D,0xF4,0x0F,0xC4,0x02,0xF2,0x4F,0x80
80.110550,0x065,0,0,1,0x00,0x00,0x00,0x00,0x00,0x00,0x00,0x00
80.112100,0x06F,0,0,8,0x8D,0xF4,0xEF,0xC3,0x02,0xFE,0x4F,0x80
80.308550,0x065,0,0,1,0x00,0x00,0x00,0x00,0x00,0x00,0x00,0x00
80.310100,0x06F,0,0,8,0x8D,0xF4,0x0F,0xC4,0x02,0xF6,0x4F,0x80
80.506750,0x065,0,0,1,0x00,0x00,0x00,0x00,0x00,0x00,0x00,0x00
80.508100,0x06F,0,0,8,0x8D,0xF4,0x0F,0x44,0x02,0xFA,0x4F,0x80
80.704550,0x065,0,0,1,0x00,0x00,0x00,0x00,0x00,0x00,0x00,0x00
80.706150,0x06F,0,0,8,0x8F,0xF4,0x0F,0x44,0x02,0xFA,0x4F,0x80
80.902750,0x065,0,0,1,0x00,0x00,0x00,0x00,0x00,0x00,0x00,0x00
80.904250,0x06F,0,0,8,0x8D,0xF4,0x0F,0xC4,0x02,0x02,0x30,0x80
81.100500,0x065,0,0,1,0x00,0x00,0x00,0x00,0x00,0x00,0x00,0x00
81.102150,0x06F,0,0,8,0x8F,0xF4,0x2F,0xC4,0x02,0xF6,0x4F,0x80
81.298550,0x065,0,0,1,0x00,0x00,0x00,0x00,0x00,0x00,0x00,0x00
81.300150,0x06F,0,0,8,0x8D,0xF4,0x0F,0xC4,0x02,0x06,0x50,0x80
81.496550,0x065,0,0,1,0x00,0x00,0x00,0x00,0x00,0x00,0x00,0x00
81.498150,0x06F,0,0,8,0x8D,0xF4,0x0F,0x44,0x02,0xFE,0x4F,0x80
81.694750,0x065,0,0,1,0x00,0x00,0x00,0x00,0x00,0x00,0x00,0x00
81.696150,0x06F,0,0,8,0x8F,0xF4,0x0F,0xC4,0x02,0x06,0x30,0x80
81.892550,0x065,0,0,1,0x00,0x00,0x00,0x00,0x00,0x00,0x00,0x00
81.894300,0x06F,0,0,8,0x8D,0xF4,0xCF,0xC3,0x02,0xFE,0x2F,0x80
82.090800,0x065,0,0,1,0x00,0x00,0x00,0x00,0x00,0x00,0x00,0x00
82.092150,0x06F,0,0,8,0x8B,0xF4,0x2F,0x44,0x02,0x0E,0x30,0x80
82.288800,0x065,0,0,1,0x00,0x00,0x00,0x00,0x00,0x00,0x00,0x00
82.290150,0x06F,0,0,8,0x8D,0xF4,0xEF,0x43,0x02,0x02,0x30,0x80
82.486550,0x065,0,0,1,0x00,0x00,0x00,0x00,0x00,0x00,0x00,0x00
82.488150,0x06F,0,0,8,0x91,0xEC,0x2F,0x44,0x02,0x0A,0x30,0x80
82.684550,0x065,0,0,1,0x00,0x00,0x00,0x00,0x00,0x00,0x00,0x00
82.686150,0x06F,0,0,8,0x8F,0xF4,0xEF,0x43,0x01,0xFE,0x0F,0x80
82.882800,0x065,0,0,1,0x00,0x00,0x00,0x00,0x00,0x00,0x00,0x00
82.884300,0x06F,0,0,8,0x8F,0xF4,0xEF,0x43,0x01,0xF6,0x2F,0x80
83.080800,0x065,0,0,1,0x00,0x00,0x00,0x00,0x00,0x00,0x00,0x00
83.082150,0x06F,0,0,8,0x8F,0xF4,0x0F,0xC4,0x00,0xFA,0xEF,0x7F
83.278800,0x065,0,0,1,0x00,0x00,0x00,0x00,0x00,0x00,0x00,0x00
83.280150,0x06F,0,0,8,0x8D,0xF4,0x0F,0xC4,0x00,0xEE,0x0F,0x80
83.476800,0x065,0,0,1,0x00,0x00,0x00,0x00,0x00,0x00,0x00,0x00
83.478200,0x06F,0,0,8,0x91,0xF4,0x4F,0xC4,0x01,0xFE,0x2F,0x80
83.674550,0x065,0,0,1,0x00,0x00,0x00,0x00,0x00,0x00,0x00,0x00
83.676200,0x06F,0,0,8,0x8F,0xF4,0x0F,0x44,0x02,0xF2,0x2F,0x80
83.872800,0x065,0,0,1,0x00,0x00,0x00,0x00,0x00,0x00,0x00,0x00
83.874300,0x06F,0,0,8,0x8B,0xFC,0x0F,0x44,0x02,0xF6,0x2F,0x80
84.070800,0x065,0,0,1,0x00,0x00,0x00,0x00,0x00,0x00,0x00,0x00
84.072150,0x06F,0,0,8,0x91,0xF4,0xCF,0x43,0x02,0xFA,0x2F,0x80
84.268800,0x065,0,0,1,0x00,0x00,0x00,0x00,0x00,0x00,0x00,0x00
84.270150,0x06F,0,0,8,0x8D,0xF4,0x0F,0x44,0x02,0x0A,0x30,0x80
84.466800,0x065,0,0,1,0x00,0x00,0x00,0x00,0x00,0x00,0x00,0x00
84.468150,0x06F,0,0,8,0x8F,0xF4,0xEF,0xC3,0x02,0xF2,0xEF,0x7F
84.664800,0x065,0,0,1,0x00,0x00,0x00,0x00,0x00,0x00,0x00,0x00
84.666150,0x06F,0,0,8,0x8F,0xFC,0x0F,0xC4,0x01,0x02,0x50,0x80
84.862800,0x065,0,0,1,0x00,0x00,0x00,0x00,0x00,0x00,0x00,0x00
84.864250,0x06F,0,0,8,0x8F,0xF4,0xCF,0x43,0x01,0xFE,0x6F,0x80
85.060800,0x065,0,0,1,0x00,0x00,0x00,0x00,0x00,0x00,0x00,0x00
85.062100,0x06F,0,0,8,0x8F,0xDC,0xCF,0x43,0x01,0x02,0x70,0x80
85.258800,0x065,0,0,1,0x00,0x00,0x00,0x00,0x00,0x00,0x00,0x00
85.260100,0x06F,0,0,8,0x8D,0xDC,0xEF,0xC3,0x01,0xF6,0x2F,0x80
85.456350,0x06F,0,0,8,0x91,0xDC,0xEF,0xC3,0x01,0x06,0x10,0x80
85.456950,0x065,0,0,1,0x00,0x00,0x00,0x00,0x00,0x00,0x00,0x00
85.654350,0x06F,0,0,8,0x8D,0xCC,0xEF,0xC3,0x01,0x06,0x10,0x80
85.654950,0x065,0,0,1,0x00,0x00,0x00,0x00,0x00,0x00,0x00,0x00
85.852800,0x065,0,0,1,0x00,0x00,0x00,0x00,0x00,0x00,0x00,0x00
85.854250,0x06F,0,0,8,0x93,0xAC,0x2F,0x44,0x01,0xF6,0x2F,0x80
86.050800,0x065,0,0,1,0x00,0x00,0x00,0x00,0x00,0x00,0x00,0x00
86.052100,0x06F,0,0,8,0x87,0xB4,0xEF,0xC3,0x01,0xF2,0x4F,0x80
86.248800,0x065,0,0,1,0x00,0x00,0x00,0x00,0x00,0x00,0x00,0x00
86.250100,0x06F,0,0,8,0x89,0xA4,0xAF,0xC3,0x00,0xEE,0x8F,0x80
86.446800,0x065,0,0,1,0x00,0x00,0x00,0x00,0x00,0x00,0x00,0x00
86.448100,0x06F,0,0,8,0x8D,0xA4,0xEF,0xC3,0x00,0xF6,0x4F,0x80
86.644350,0x06F,0,0,8,0x93,0xA4,0x2F,0x44,0x01,0xFE,0x2F,0x80
86.645000,0x065,0,0,1,0x00,0x00,0x00,0x00,0x00,0x00,0x00,0x00
86.842350,0x06F,0,0,8,0x8B,0x94,0xEF,0xC3,0x00,0xFA,0x2F,0x80
86.843000,0x065,0,0,1,0x00,0x00,0x00,0x00,0x00,0x00,0x00,0x00
87.040850,0x065,0,0,1,0x00,0x00,0x00,0x00,0x00,0x00,0x00,0x00
87.042100,0x06F,0,0,8,0x89,0x94,0xCF,0x43,0x00,0xFE,0x0F,0x80
87.238350,0x06F,0,0,8,0x8F,0x94,0xEF,0xC3,0x00,0xF2,0x0F,0x80
87.239000,0x065,0,0,1,0x00,0x00,0x00,0x00,0x00,0x00,0x00,0x00
87.436350,0x06F,0,0,8,0x8F,0x94,0xCF,0x43,0x00,0xFA,0x2F,0x80
87.437000,0x065,0,0,1,0x00,0x00,0x00,0x00,0x00,0x00,0x00,0x00
87.634850,0x065,0,0,1,0x00,0x00,0x00,0x00,0x00,0x00,0x00,0x00
87.636200,0x06F,0,0,8,0x8D,0x8C,0xEF,0x43,0x00,0xFA,0x0F,0x80
87.832350,0x06F,0,0,8,0x8F,0x8C,0xCF,0x43,0x00,0x02,0x10,0x80
87.833000,0x065,0,0,1,0x00,0x00,0x00,0x00,0x00,0x00,0x00,0x00
88.030350,0x06F,0,0,8,0x91,0x84,0xEF,0xC3,0xFF,0xFD,0xEF,0x7F
88.031000,0x065,0,0,1,0x00,0x00,0x00,0x00,0x00,0x00,0x00,0x00
88.228350,0x06F,0,0,8,0x8D,0x8C,0xCF,0x43,0xFF,0xF5,0x0F,0x80
88.229000,0x065,0,0,1,0x00,0x00,0x00,0x00,0x00,0x00,0x00,0x00
88.426350,0x06F,0,0,8,0x91,0xE4,0xEF,0xC3,0xFF,0xF9,0xCF,0x7F
88.427000,0x065,0,0,1,0x00,0x00,0x00,0x00,0x00,0x00,0x00,0x00
88.624350,0x06F,0,0,8,0x8D,0xEC,0xCF,0xC3,0x00,0xFE,0xAF,0x7F
88.625000,0x065,0,0,1,0x00,0x00,0x00,0x00,0x00,0x00,0x00,0x00
88.822350,0x06F,0,0,8,0x8F,0xFC,0xCF,0x43,0xFF,0xF9,0x0F,0x80
88.823000,0x065,0,0,1,0x00,0x00,0x00,0x00,0x00,0x00,0x00,0x00
89.020400,0x06F,0,0,8,0x8F,0xF4,0xEF,0x43,0xFF,0xF9,0x0F,0x80
89.021050,0x065,0,0,1,0x00,0x00,0x00,0x00,0x00,0x00,0x00,0x00
89.218400,0x06F,0,0,8,0x8D,0xFC,0xCF,0xC3,0xFF,0xFD,0xEF,0x7F
89.219000,0x065,0,0,1,0x00,0x00,0x00,0x00,0x00,0x00,0x00,0x00
89.416400,0x06F,0,0,8,0x8F,0xFC,0xCF,0xC3,0xFF,0xFD,0xEF,0x7F
89.417000,0x065,0,0,1,0x00,0x00,0x00,0x00,0x00,0x00,0x00,0x00
89.614400,0x06F,0,0,8,0x8F,0x14,0xD0,0x43,0x00,0xFA,0xEF,0x7F
89.615000,0x065,0,0,1,0x00,0x00,0x00,0x00,0x00,0x00,0x00,0x00
89.812400,0x06F,0,0,8,0x8F,0x2C,0xD0,0x43,0x00,0xF6,0xCF,0x7F
89.813000,0x065,0,0,1,0x00,0x00,0x00,0x00,0x00,0x00,0x00,0x00
90.010400,0x06F,0,0,8,0x91,0x4C,0xD0,0xC3,0x00,0xF6,0xCF,0x7F
90.011000,0x065,0,0,1,0x00,0x00,0x00,0x00,0x00,0x00,0x00,0x00
90.208350,0x06F,0,0,8,0x8F,0x64,0xF0,0x43,0x01,0xFE,0xAF,0x7F
90.209000,0x065,0,0,1,0x00,0x00,0x00,0x00,0x00,0x00,0x00,0x00
90.406400,0x06F,0,0,8,0x8D,0x74,0xB0,0xC3,0x01,0xFA,0x0F,0x80
90.407050,0x065,0,0,1,0x00,0x00,0x00,0x00,0x00,0x00,0x00,0x00
90.604400,0x06F,0,0,8,0x91,0x74,0xB0,0xC3,0x01,0xFA,0x2F,0x80
90.605050,0x065,0,0,1,0x00,0x00,0x00,0x00,0x00,0x00,0x00,0x00
90.802400,0x06F,0,0,8,0x8F,0x6C,0xF0,0x43,0x02,0xFE,0x2F,0x80
90.803150,0x065,0,0,1,0x00,0x00,0x00,0x00,0x00,0x00,0x00,0x00
91.000400,0x06F,0,0,8,0x8F,0x64,0x10,0xC4,0x02,0xFA,0x4F,0x80
91.001050,0x065,0,0,1,0x00,0x00,0x00,0x00,0x00,0x00,0x00,0x00
91.198400,0x06F,0,0,8,0x8F,0x64,0xF0,0xC3,0x03,0x02,0x70,0x80
91.199300,0x065,0,0,1,0x00,0x00,0x00,0x00,0x00,0x00,0x00,0x00
91.396400,0x06F,0,0,8,0x8F,0x5C,0xF0,0xC3,0x03,0xFE,0x6F,0x80
91.397300,0x065,0,0,1,0x00,0x00,0x00,0x00,0x00,0x00,0x00,0x00
91.594400,0x06F,0,0,8,0x8F,0x64,0xF0,0x43,0x05,0x02,0x70,0x80
91.595050,0x065,0,0,1,0x00,0x00,0x00,0x00,0x00,0x00,0x00,0x00
91.792400,0x06F,0,0,8,0x8F,0x64,0xB0,0xC3,0x03,0xFA,0x4F,0x80
91.793050,0x065,0,0,1,0x00,0x00,0x00,0x00,0x00,0x00,0x00,0x00
91.990400,0x06F,0,0,8,0x93,0x64,0xD0,0x43,0x02,0x02,0x30,0x80
91.991200,0x065,0,0,1,0x00,0x00,0x00,0x00,0x00,0x00,0x00,0x00
92.188400,0x06F,0,0,8,0x91,0x64,0x10,0x44,0x02,0xF2,0x0F,0x80
92.189200,0x065,0,0,1,0x00,0x00,0x00,0x00,0x00,0x00,0x00,0x00
92.386400,0x06F,0,0,8,0x8B,0x5C,0x50,0x44,0x04,0x12,0xB0,0x80
92.387250,0x065,0,0,1,0x00,0x00,0x00,0x00,0x00,0x00,0x00,0x00
92.584400,0x06F,0,0,8,0x8D,0x5C,0x50,0x44,0x06,0xFA,0xAF,0x80
92.585300,0x065,0,0,1,0x00,0x00,0x00,0x00,0x00,0x00,0x00,0x00
92.782400,0x06F,0,0,8,0x8D,0x5C,0x50,0xC4,0x06,0x0E,0xB0,0x80
92.783050,0x065,0,0,1,0x00,0x00,0x00,0x00,0x00,0x00,0x00,0x00
92.980400,0x06F,0,0,8,0x8B,0x5C,0x30,0x44,0x07,0x1A,0xB0,0x80
92.981200,0x065,0,0,1,0x00,0x00,0x00,0x00,0x00,0x00,0x00,0x00
93.178450,0x06F,0,0,8,0x8B,0x5C,0x90,0xC4,0x07,0x12,0xB0,0x80
93.179200,0x065,0,0,1,0x00,0x00,0x00,0x00,0x00,0x00,0x00,0x00
93.376450,0x06F,0,0,8,0x87,0x4C,0xD0,0x44,0x08,0x02,0xF0,0x80
93.377450,0x065,0,0,1,0x00,0x00,0x00,0x00,0x00,0x00,0x00,0x00
93.574450,0x06F,0,0,8,0x8B,0x2C,0x10,0xC4,0x07,0x06,0x30,0x81
93.575300,0x065,0,0,1,0x00,0x00,0x00,0x00,0x00,0x00,0x00,0x00
93.772450,0x06F,0,0,8,0x8F,0x24,0xF0,0xC3,0x03,0xE2,0xAF,0x80
93.773300,0x065,0,0,1,0x00,0x00,0x00,0x00,0x00,0x00,0x00,0x00
93.970450,0x06F,0,0,8,0x8B,0x24,0xF0,0xC3,0x01,0x2E,0x10,0x80
93.971300,0x065,0,0,1,0x00,0x00,0x00,0x00,0x00,0x00,0x00,0x00
94.168450,0x06F,0,0,8,0x95,0x14,0xD0,0x43,0xFF,0xDD,0xCF,0x7F
94.169200,0x065,0,0,1,0x00,0x00,0x00,0x00,0x00,0x00,0x00,0x00
94.366400,0x06F,0,0,8,0x99,0x24,0xD0,0x43,0xFC,0x05,0x70,0x80
94.367200,0x065,0,0,1,0x00,0x00,0x00,0x00,0x00,0x00,0x00,0x00
94.564450,0x06F,0,0,8,0x8F,0x0C,0xB0,0x43,0xFC,0xC5,0xEF,0x7F
94.565450,0x065,0,0,1,0x00,0x00,0x00,0x00,0x00,0x00,0x00,0x00
94.762450,0x06F,0,0,8,0x97,0x1C,0xD0,0xC3,0xFA,0xF1,0x4F,0x7F
94.763450,0x065,0,0,1,0x00,0x00,0x00,0x00,0x00,0x00,0x00,0x00
94.960450,0x06F,0,0,8,0x9D,0x1C,0xD0,0xC3,0xF9,0x05,0xD0,0x7F
94.961300,0x065,0,0,1,0x00,0x00,0x00,0x00,0x00,0x00,0x00,0x00
95.158450,0x06F,0,0,8,0x89,0x24,0x50,0x43,0xF8,0xF5,0xAF,0x80
95.159300,0x065,0,0,1,0x00,0x00,0x00,0x00,0x00,0x00,0x00,0x00
95.356450,0x06F,0,0,8,0x8D,0x1C,0x90,0xC3,0xF9,0x01,0xD0,0x7F
95.357250,0x065,0,0,1,0x00,0x00,0x00,0x00,0x00,0x00,0x00,0x00
95.554450,0x06F,0,0,8,0x89,0x14,0x30,0xC3,0xFC,0x15,0xD0,0x7E
95.555250,0x065,0,0,1,0x00,0x00,0x00,0x00,0x00,0x00,0x00,0x00
95.752450,0x06F,0,0,8,0x93,0xFC,0xEF,0xC3,0xFB,0xF1,0xCF,0x7F
95.753450,0x065,0,0,1,0x00,0x00,0x00,0x00,0x00,0x00,0x00,0x00
95.950450,0x06F,0,0,8,0x8F,0x24,0xD0,0xC3,0xFC,0x11,0x50,0x7F
95.951450,0x065,0,0,1,0x00,0x00,0x00,0x00,0x00,0x00,0x00,0x00
96.148450,0x06F,0,0,8,0x8F,0x2C,0xD0,0x43,0xFD,0xC5,0x8F,0x7F
96.149300,0x065,0,0,1,0x00,0x00,0x00,0x00,0x00,0x00,0x00,0x00
96.346450,0x06F,0,0,8,0x91,0x2C,0x70,0xC3,0xFD,0xF9,0x6F,0x7F
96.347450,0x065,0,0,1,0x00,0x00,0x00,0x00,0x00,0x00,0x00,0x00
96.544450,0x06F,0,0,8,0x91,0x2C,0xB0,0x43,0xFD,0x01,0x70,0x7F
96.545450,0x065,0,0,1,0x00,0x00,0x00,0x00,0x00,0x00,0x00,0x00
96.742450,0x06F,0,0,8,0x8F,0x24,0x10,0x44,0xFE,0x01,0x30,0x80
96.743250,0x065,0,0,1,0x00,0x00,0x00,0x00,0x00,0x00,0x00,0x00
96.940450,0x06F,0,0,8,0x91,0x04,0x50,0xC4,0x00,0x06,0x30,0x80
96.941450,0x065,0,0,1,0x00,0x00,0x00,0x00,0x00,0x00,0x00,0x00
97.138450,0x06F,0,0,8,0x8F,0x04,0xF0,0xC3,0x00,0x0E,0x30,0x80
97.139450,0x065,0,0,1,0x00,0x00,0x00,0x00,0x00,0x00,0x00,0x00
97.336500,0x06F,0,0,8,0x8B,0x04,0x10,0x44,0x00,0xF6,0xAF,0x80
97.337450,0x065,0,0,1,0x00,0x00,0x00,0x00,0x00,0x00,0x00,0x00
97.534500,0x06F,0,0,8,0x89,0x04,0x70,0x44,0x02,0xF6,0x2F,0x80
97.535500,0x065,0,0,1,0x00,0x00,0x00,0x00,0x00,0x00,0x00,0x00
97.732500,0x06F,0,0,8,0x87,0x14,0x30,0xC4,0x04,0x12,0xF0,0x7F
97.733500,0x065,0,0,1,0x00,0x00,0x00,0x00,0x00,0x00,0x00,0x00
97.930500,0x06F,0,0,8,0x91,0x0C,0x70,0xC4,0x03,0x26,0x10,0x81
97.931500,0x065,0,0,1,0x00,0x00,0x00,0x00,0x00,0x00,0x00,0x00
98.128500,0x06F,0,0,8,0x89,0x14,0x30,0x44,0x05,0x06,0xB0,0x80
98.129500,0x065,0,0,1,0x00,0x00,0x00,0x00,0x00,0x00,0x00,0x00
98.326500,0x06F,0,0,8,0x87,0x1C,0x30,0xC5,0x05,0x12,0x90,0x80
98.327500,0x065,0,0,1,0x00,0x00,0x00,0x00,0x00,0x00,0x00,0x00
98.524500,0x06F,0,0,8,0x89,0x14,0xF0,0x44,0x08,0x02,0x70,0x80
98.525500,0x065,0,0,1,0x00,0x00,0x00,0x00,0x00,0x00,0x00,0x00
98.722500,0x06F,0,0,8,0x8B,0xFC,0x4F,0x44,0x06,0xEA,0xEF,0x80
98.723500,0x065,0,0,1,0x00,0x00,0x00,0x00,0x00,0x00,0x00,0x00
98.920500,0x06F,0,0,8,0x93,0xEC,0xEF,0x43,0x03,0xFA,0x0F,0x81
98.922200,0x065,0,0,1,0x00,0x00,0x00,0x00,0x00,0x00,0x00,0x00
99.118500,0x06F,0,0,8,0x8B,0xEC,0x2F,0xC4,0x03,0x0E,0x10,0x80
99.316750,0x065,0,0,1,0x00,0x00,0x00,0x00,0x00,0x00,0x00,0x00
99.318450,0x06F,0,0,8,0x8F,0xDC,0xAF,0x44,0x04,0x12,0xF0,0x7F
99.514750,0x065,0,0,1,0x00,0x00,0x00,0x00,0x00,0x00,0x00,0x00
99.516450,0x06F,0,0,8,0x89,0xDC,0x0F,0x45,0x04,0x0A,0xD0,0x80
99.712750,0x065,0,0,1,0x00,0x00,0x00,0x00,0x00,0x00,0x00,0x00
99.714450,0x06F,0,0,8,0x87,0xD4,0xAF,0x44,0x05,0xF6,0x0F,0x81
99.910750,0x065,0,0,1,0x00,0x00,0x00,0x00,0x00,0x00,0x00,0x00
99.912550,0x06F,0,0,8,0x95,0xBC,0xEF,0xC4,0x06,0x12,0xB0,0x80
100.108750,0x065,0,0,1,0x00,0x00,0x00,0x00,0x00,0x00,0x00,0x00
100.110350,0x06F,0,0,8,0x89,0xA4,0xCF,0xC4,0x06,0xE6,0x4F,0x81
100.306750,0x065,0,0,1,0x00,0x00,0x00,0x00,0x00,0x00,0x00,0x00
100.308400,0x06F,0,0,8,0x81,0xB4,0xAF,0xC4,0x09,0xD6,0x2F,0x81
100.505000,0x065,0,0,1,0x00,0x00,0x00,0x00,0x00,0x00,0x00,0x00
100.506400,0x06F,0,0,8,0x81,0xE4,0x0F,0xC5,0x0A,0xFE,0x6F,0x81
100.702750,0x065,0,0,1,0x00,0x00,0x00,0x00,0x00,0x00,0x00,0x00
100.704400,0x06F,0,0,8,0x83,0xEC,0xCF,0xC4,0x08,0xE6,0x4F,0x80
100.900800,0x065,0,0,1,0x00,0x00,0x00,0x00,0x00,0x00,0x00,0x00
100.902500,0x06F,0,0,8,0x93,0xEC,0xAF,0xC4,0x06,0x06,0x90,0x80
101.099000,0x065,0,0,1,0x00,0x00,0x00,0x00,0x00,0x00,0x00,0x00
101.100350,0x06F,0,0,8,0x8F,0xDC,0xAF,0xC4,0x07,0x02,0x70,0x80
101.296800,0x065,0,0,1,0x00,0x00,0x00,0x00,0x00,0x00,0x00,0x00
101.298350,0x06F,0,0,8,0x85,0xFC,0x2F,0x45,0x09,0xF6,0x8F,0x80
101.494800,0x065,0,0,1,0x00,0x00,0x00,0x00,0x00,0x00,0x00,0x00
101.496350,0x06F,0,0,8,0x8F,0x1C,0x70,0xC4,0x07,0xEA,0x0F,0x81
101.693000,0x065,0,0,1,0x00,0x00,0x00,0x00,0x00,0x00,0x00,0x00
101.694400,0x06F,0,0,8,0x8B,0x14,0xB0,0xC4,0x07,0x0A,0xF0,0x80
101.890800,0x065,0,0,1,0x00,0x00,0x00,0x00,0x00,0x00,0x00,0x00
101.892500,0x06F,0,0,8,0x89,0x14,0xF0,0x44,0x09,0xF2,0xEF,0x80
102.088800,0x065,0,0,1,0x00,0x00,0x00,0x00,0x00,0x00,0x00,0x00
102.090400,0x06F,0,0,8,0x87,0x0C,0xF0,0xC4,0x08,0xF6,0xEF,0x80
102.287000,0x065,0,0,1,0x00,0x00,0x00,0x00,0x00,0x00,0x00,0x00
102.288400,0x06F,0,0,8,0x85,0x04,0xD0,0x44,0x08,0xF6,0x6F,0x81
102.485000,0x065,0,0,1,0x00,0x00,0x00,0x00,0x00,0x00,0x00,0x00
102.486400,0x06F,0,0,8,0x89,0xEC,0xEF,0xC4,0x08,0x0E,0x10,0x81
102.682800,0x065,0,0,1,0x00,0x00,0x00,0x00,0x00,0x00,0x00,0x00
102.684400,0x06F,0,0,8,0x85,0xE4,0xEF,0xC4,0x09,0xFA,0xEF,0x80
102.881000,0x065,0,0,1,0x00,0x00,0x00,0x00,0x00,0x00,0x00,0x00
102.882550,0x06F,0,0,8,0x89,0xE4,0xCF,0x44,0x0A,0xEE,0xEF,0x80
103.079050,0x065,0,0,1,0x00,0x00,0x00,0x00,0x00,0x00,0x00,0x00
103.080400,0x06F,0,0,8,0x8B,0xD4,0xCF,0xC4,0x09,0xFE,0x4F,0x81
103.276800,0x065,0,0,1,0x00,0x00,0x00,0x00,0x00,0x00,0x00,0x00
103.278400,0x06F,0,0,8,0x87,0xBC,0xEF,0xC4,0x0A,0xEE,0x0F,0x81
103.475050,0x065,0,0,1,0x00,0x00,0x00,0x00,0x00,0x00,0x00,0x00
103.476400,0x06F,0,0,8,0x89,0xBC,0x2F,0x44,0x0A,0xB6,0xCF,0x81
103.673050,0x065,0,0,1,0x00,0x00,0x00,0x00,0x00,0x00,0x00,0x00
103.674400,0x06F,0,0,8,0x85,0xA4,0x4F,0x45,0x08,0x46,0xD0,0x81
103.870550,0x06F,0,0,8,0x85,0x94,0x8F,0x45,0x0B,0x4A,0xD0,0x80
103.871200,0x065,0,0,1,0x00,0x00,0x00,0x00,0x00,0x00,0x00,0x00
104.069050,0x065,0,0,1,0x00,0x00,0x00,0x00,0x00,0x00,0x00,0x00
104.070400,0x06F,0,0,8,0x87,0xA4,0x0F,0x45,0x0B,0x12,0xB0,0x80
104.267050,0x065,0,0,1,0x00,0x00,0x00,0x00,0x00,0x00,0x00,0x00
104.268400,0x06F,0,0,8,0x87,0xBC,0xEF,0xC4,0x08,0xFA,0x6F,0x81
104.464800,0x065,0,0,1,0x00,0x00,0x00,0x00,0x00,0x00,0x00,0x00
104.466400,0x06F,0,0,8,0x95,0xDC,0xAF,0x44,0x0A,0x0A,0xD0,0x80
104.663000,0x065,0,0,1,0x00,0x00,0x00,0x00,0x00,0x00,0x00,0x00
104.664450,0x06F,0,0,8,0x83,0xF4,0x8F,0xC4,0x09,0xC6,0xAF,0x80
104.861050,0x065,0,0,1,0x00,0x00,0x00,0x00,0x00,0x00,0x00,0x00
104.862550,0x06F,0,0,8,0x97,0xD4,0x8F,0x44,0x09,0x0E,0x70,0x81
105.058550,0x06F,0,0,8,0x79,0xEC,0x2F,0x44,0x09,0x16,0xF0,0x80
105.059200,0x065,0,0,1,0x00,0x00,0x00,0x00,0x00,0x00,0x00,0x00
105.257050,0x065,0,0,1,0x00,0x00,0x00,0x00,0x00,0x00,0x00,0x00
105.258400,0x06F,0,0,8,0x8F,0xE4,0xEF,0xC4,0x08,0xE2,0x6F,0x81
105.455050,0x065,0,0,1,0x00,0x00,0x00,0x00,0x00,0x00,0x00,0x00
105.456400,0x06F,0,0,8,0x87,0xFC,0x2F,0x45,0x0B,0xF6,0xAF,0x80
105.653050,0x065,0,0,1,0x00,0x00,0x00,0x00,0x00,0x00,0x00,0x00
105.653200,0x06F,0,0,8,0x87,0x04,0x50,0xC5,0x0B,0xFE,0xCF,0x80
105.851050,0x065,0,0,1,0x00,0x00,0x00,0x00,0x00,0x00,0x00,0x00
105.852550,0x06F,0,0,8,0x87,0x0C,0x50,0x45,0x0C,0xFA,0x6F,0x81
106.049050,0x065,0,0,1,0x00,0x00,0x00,0x00,0x00,0x00,0x00,0x00
106.050450,0x06F,0,0,8,0x83,0x14,0x10,0x45,0x0C,0xEA,0x8F,0x81
106.246600,0x06F,0,0,8,0x87,0x14,0x30,0xC5,0x0B,0xF2,0x8F,0x81
106.247200,0x065,0,0,1,0x00,0x00,0x00,0x00,0x00,0x00,0x00,0x00
106.444600,0x06F,0,0,8,0x81,0x24,0xF0,0x44,0x0C,0x06,0x70,0x81
106.445200,0x065,0,0,1,0x00,0x00,0x00,0x00,0x00,0x00,0x00,0x00
106.643050,0x065,0,0,1,0x00,0x00,0x00,0x00,0x00,0x00,0x00,0x00
106.644450,0x06F,0,0,8,0x93,0x14,0x50,0x45,0x0C,0x06,0x70,0x81
106.840600,0x06F,0,0,8,0x85,0x1C,0x30,0x45,0x0E,0xF6,0x6F,0x80
106.841200,0x065,0,0,1,0x00,0x00,0x00,0x00,0x00,0x00,0x00,0x00
107.039050,0x065,0,0,1,0x00,0x00,0x00,0x00,0x00,0x00,0x00,0x00
107.040450,0x06F,0,0,8,0x8B,0x1C,0x50,0x45,0x0D,0x02,0x90,0x81
107.236600,0x06F,0,0,8,0x81,0x1C,0x70,0x45,0x0D,0x12,0xB0,0x81
107.237250,0x065,0,0,1,0x00,0x00,0x00,0x00,0x00,0x00,0x00,0x00
107.434600,0x06F,0,0,8,0x81,0x34,0x30,0xC5,0x0C,0x1E,0x70,0x81
107.435250,0x065,0,0,1,0x00,0x00,0x00,0x00,0x00,0x00,0x00,0x00
107.632600,0x06F,0,0,8,0x81,0x44,0xD0,0xC4,0x0A,0xFA,0x2F,0x82
107.633250,0x065,0,0,1,0x00,0x00,0x00,0x00,0x00,0x00,0x00,0x00
107.831100,0x065,0,0,1,0x00,0x00,0x00,0x00,0x00,0x00,0x00,0x00
107.832600,0x06F,0,0,8,0x87,0x44,0x10,0xC5,0x07,0xDE,0x6F,0x81
108.028600,0x06F,0,0,8,0x7B,0x54,0x10,0x44,0x0B,0xFE,0xCF,0x7F
108.029250,0x065,0,0,1,0x00,0x00,0x00,0x00,0x00,0x00,0x00,0x00
108.226600,0x06F,0,0,8,0x87,0x3C,0xF0,0xC4,0x06,0x06,0xF0,0x81
108.227250,0x065,0,0,1,0x00,0x00,0x00,0x00,0x00,0x00,0x00,0x00
108.424600,0x06F,0,0,8,0x97,0x3C,0x10,0x44,0x0B,0xAE,0x4F,0x7F
108.425250,0x065,0,0,1,0x00,0x00,0x00,0x00,0x00,0x00,0x00,0x00
108.622600,0x06F,0,0,8,0x85,0x44,0xB0,0x44,0x05,0xF6,0x0F,0x81
108.623250,0x065,0,0,1,0x00,0x00,0x00,0x00,0x00,0x00,0x00,0x00
108.820600,0x06F,0,0,8,0x87,0x44,0xD0,0xC4,0x06,0x06,0xF0,0x80
108.821250,0x065,0,0,1,0x00,0x00,0x00,0x00,0x00,0x00,0x00,0x00
109.018600,0x06F,0,0,8,0x85,0x3C,0x90,0xC4,0x06,0x0A,0xD0,0x80
109.019400,0x065,0,0,1,0x00,0x00,0x00,0x00,0x00,0x00,0x00,0x00
109.216600,0x06F,0,0,8,0x87,0x4C,0xB0,0xC4,0x07,0xEE,0xEF,0x80
109.217250,0x065,0,0,1,0x00,0x00,0x00,0x00,0x00,0x00,0x00,0x00
109.414600,0x06F,0,0,8,0x89,0x5C,0xD0,0xC4,0x07,0xFA,0xCF,0x80
109.415250,0x065,0,0,1,0x00,0x00,0x00,0x00,0x00,0x00,0x00,0x00
109.612600,0x06F,0,0,8,0x87,0x6C,0xB0,0x44,0x06,0x12,0x70,0x81
109.613250,0x065,0,0,1,0x00,0x00,0x00,0x00,0x00,0x00,0x00,0x00
109.810600,0x06F,0,0,8,0x8B,0x84,0x10,0x45,0x08,0x02,0x90,0x80
109.811250,0x065,0,0,1,0x00,0x00,0x00,0x00,0x00,0x00,0x00,0x00
110.008650,0x06F,0,0,8,0x8B,0xB4,0x10,0xC5,0x08,0x1E,0x10,0x80
110.009300,0x065,0,0,1,0x00,0x00,0x00,0x00,0x00,0x00,0x00,0x00
110.206650,0x06F,0,0,8,0x93,0xDC,0xD0,0xC5,0x06,0xCE,0xAF,0x7F
110.207400,0x065,0,0,1,0x00,0x00,0x00,0x00,0x00,0x00,0x00,0x00
110.404650,0x06F,0,0,8,0x9D,0xC4,0x90,0xC4,0x04,0xEA,0x2F,0x80
110.405250,0x065,0,0,1,0x00,0x00,0x00,0x00,0x00,0x00,0x00,0x00
110.602650,0x06F,0,0,8,0x7F,0xC4,0x30,0xC4,0x03,0x06,0xF0,0x80
110.603250,0x065,0,0,1,0x00,0x00,0x00,0x00,0x00,0x00,0x00,0x00
110.800650,0x06F,0,0,8,0x83,0x24,0x90,0xC4,0x01,0xF6,0x8F,0x81
110.801500,0x065,0,0,1,0x00,0x00,0x00,0x00,0x00,0x00,0x00,0x00
110.998650,0x06F,0,0,8,0x85,0xEC,0xCF,0x43,0xFE,0xED,0xAF,0x81
110.999250,0x065,0,0,1,0x00,0x00,0x00,0x00,0x00,0x00,0x00,0x00
111.196600,0x06F,0,0,8,0x87,0xCC,0x8F,0x43,0x01,0x12,0x90,0x7F
111.197250,0x065,0,0,1,0x00,0x00,0x00,0x00,0x00,0x00,0x00,0x00
111.394650,0x06F,0,0,8,0x93,0xA4,0xEF,0xC3,0xFE,0x1D,0xF0,0x80
111.395400,0x065,0,0,1,0x00,0x00,0x00,0x00,0x00,0x00,0x00,0x00
111.592650,0x06F,0,0,8,0x87,0x64,0x2F,0x44,0x01,0x02,0xB0,0x7F
111.593400,0x065,0,0,1,0x00,0x00,0x00,0x00,0x00,0x00,0x00,0x00
111.790650,0x06F,0,0,8,0x8D,0x2C,0x6F,0x44,0xFF,0x05,0x10,0x81
111.791500,0x065,0,0,1,0x00,0x00,0x00,0x00,0x00,0x00,0x00,0x00
111.988650,0x06F,0,0,8,0x89,0x0C,0x0F,0xC4,0x00,0xEE,0x0F,0x80
111.989500,0x065,0,0,1,0x00,0x00,0x00,0x00,0x00,0x00,0x00,0x00
112.186650,0x06F,0,0,8,0x8B,0x14,0x2F,0x44,0x00,0xE6,0x4F,0x80
112.187300,0x065,0,0,1,0x00,0x00,0x00,0x00,0x00,0x00,0x00,0x00
112.384650,0x06F,0,0,8,0x87,0x24,0x4F,0x44,0xFF,0xE5,0xAF,0x80
112.385300,0x065,0,0,1,0x00,0x00,0x00,0x00,0x00,0x00,0x00,0x00
112.582650,0x06F,0,0,8,0x81,0x2C,0xEF,0x43,0xFF,0x0D,0x70,0x80
112.583450,0x065,0,0,1,0x00,0x00,0x00,0x00,0x00,0x00,0x00,0x00
112.780650,0x06F,0,0,8,0x73,0x1C,0xCF,0xC4,0x01,0x42,0x50,0x7F
112.781450,0x065,0,0,1,0x00,0x00,0x00,0x00,0x00,0x00,0x00,0x00
112.978650,0x06F,0,0,8,0x8F,0x14,0x2F,0xC4,0xFE,0x05,0xF0,0x80
112.979500,0x065,0,0,1,0x00,0x00,0x00,0x00,0x00,0x00,0x00,0x00
113.176650,0x06F,0,0,8,0x85,0x34,0xAF,0x43,0x01,0xD6,0xEF,0x7F
113.177500,0x065,0,0,1,0x00,0x00,0x00,0x00,0x00,0x00,0x00,0x00
113.374650,0x06F,0,0,8,0x93,0x2C,0x4F,0xC4,0x00,0xFE,0xAF,0x7F
113.375500,0x065,0,0,1,0x00,0x00,0x00,0x00,0x00,0x00,0x00,0x00
113.572650,0x06F,0,0,8,0x8F,0x24,0x4F,0xC4,0x00,0x22,0xD0,0x7F
113.573450,0x065,0,0,1,0x00,0x00,0x00,0x00,0x00,0x00,0x00,0x00
113.770650,0x06F,0,0,8,0x8F,0x24,0x8F,0xC4,0x00,0xF6,0xAF,0x7F
113.771450,0x065,0,0,1,0x00,0x00,0x00,0x00,0x00,0x00,0x00,0x00
113.968650,0x06F,0,0,8,0x91,0x34,0xCF,0x43,0x00,0x26,0xD0,0x7F
113.969450,0x065,0,0,1,0x00,0x00,0x00,0x00,0x00,0x00,0x00,0x00
114.166700,0x06F,0,0,8,0x8F,0x5C,0x4F,0xC3,0xFF,0x91,0x8F,0x80
114.167650,0x065,0,0,1,0x00,0x00,0x00,0x00,0x00,0x00,0x00,0x00
114.364700,0x06F,0,0,8,0x85,0xA4,0xCF,0x43,0x00,0x12,0x70,0x80
114.365550,0x065,0,0,1,0x00,0x00,0x00,0x00,0x00,0x00,0x00,0x00
114.562700,0x06F,0,0,8,0x8F,0xA4,0xEF,0x43,0x00,0xCE,0x4F,0x80
114.563550,0x065,0,0,1,0x00,0x00,0x00,0x00,0x00,0x00,0x00,0x00
114.760700,0x06F,0,0,8,0x89,0xC4,0x4F,0xC4,0x01,0xFE,0xAF,0x7F
114.761700,0x065,0,0,1,0x00,0x00,0x00,0x00,0x00,0x00,0x00,0x00
114.958700,0x06F,0,0,8,0x8B,0xBC,0x2F,0xC4,0x00,0xF6,0x0F,0x80
114.959450,0x065,0,0,1,0x00,0x00,0x00,0x00,0x00,0x00,0x00,0x00
115.156700,0x06F,0,0,8,0x8D,0xCC,0x4F,0xC4,0x00,0x02,0x30,0x80
115.157450,0x065,0,0,1,0x00,0x00,0x00,0x00,0x00,0x00,0x00,0x00
115.354700,0x06F,0,0,8,0x8B,0xD4,0x0F,0x44,0x01,0xFE,0x0F,0x80
115.355700,0x065,0,0,1,0x00,0x00,0x00,0x00,0x00,0x00,0x00,0x00
115.552700,0x06F,0,0,8,0x8F,0xDC,0x2F,0x44,0x01,0x02,0x30,0x80
115.553700,0x065,0,0,1,0x00,0x00,0x00,0x00,0x00,0x00,0x00,0x00
115.750700,0x06F,0,0,8,0x8F,0xD4,0xEF,0xC3,0x00,0xF6,0x2F,0x80
115.751550,0x065,0,0,1,0x00,0x00,0x00,0x00,0x00,0x00,0x00,0x00
115.948700,0x06F,0,0,8,0x8B,0xCC,0x0F,0x44,0x01,0xFA,0x0F,0x80
115.949700,0x065,0,0,1,0x00,0x00,0x00,0x00,0x00,0x00,0x00,0x00
116.146700,0x06F,0,0,8,0x8B,0xC4,0x2F,0x44,0x01,0xFA,0x2F,0x80
116.147500,0x065,0,0,1,0x00,0x00,0x00,0x00,0x00,0x00,0x00,0x00
116.344700,0x06F,0,0,8,0x8D,0xB4,0x0F,0x44,0x00,0xFE,0x0F,0x80
116.345700,0x065,0,0,1,0x00,0x00,0x00,0x00,0x00,0x00,0x00,0x00
116.542700,0x06F,0,0,8,0x8F,0xBC,0xEF,0xC3,0x00,0x16,0xF0,0x7F
116.543700,0x065,0,0,1,0x00,0x00,0x00,0x00,0x00,0x00,0x00,0x00
116.740700,0x06F,0,0,8,0x8B,0xBC,0x8F,0xC3,0x00,0xFA,0x0F,0x80
116.741700,0x065,0,0,1,0x00,0x00,0x00,0x00,0x00,0x00,0x00,0x00
116.938700,0x06F,0,0,8,0x89,0xCC,0x6F,0x43,0x00,0x02,0x10,0x80
116.939600,0x065,0,0,1,0x00,0x00,0x00,0x00,0x00,0x00,0x00,0x00
117.136700,0x06F,0,0,8,0x8D,0xBC,0xCF,0xC3,0xFF,0x05,0x30,0x80
117.137750,0x065,0,0,1,0x00,0x00,0x00,0x00,0x00,0x00,0x00,0x00
117.334700,0x06F,0,0,8,0x8B,0xBC,0xEF,0x43,0xFE,0x05,0xF0,0x7F
117.335700,0x065,0,0,1,0x00,0x00,0x00,0x00,0x00,0x00,0x00,0x00
117.532700,0x06F,0,0,8,0x89,0xC4,0xEF,0x43,0xFD,0xE1,0x2F,0x7F
117.533700,0x065,0,0,1,0x00,0x00,0x00,0x00,0x00,0x00,0x00,0x00
117.730700,0x06F,0,0,8,0x8B,0xBC,0xCF,0xC2,0xF9,0x05,0x10,0x80
117.731700,0x065,0,0,1,0x00,0x00,0x00,0x00,0x00,0x00,0x00,0x00
117.928700,0x06F,0,0,8,0x97,0xC4,0x6F,0xC3,0xF7,0x15,0x30,0x7F
117.929700,0x065,0,0,1,0x00,0x00,0x00,0x00,0x00,0x00,0x00,0x00
118.126700,0x06F,0,0,8,0x93,0xB4,0x2F,0x43,0xF5,0xF9,0x6F,0x7F
118.127700,0x065,0,0,1,0x00,0x00,0x00,0x00,0x00,0x00,0x00,0x00
118.324750,0x06F,0,0,8,0x91,0xB4,0x4F,0xC3,0xF5,0x05,0x70,0x7E
118.325700,0x065,0,0,1,0x00,0x00,0x00,0x00,0x00,0x00,0x00,0x00
118.522750,0x06F,0,0,8,0x9B,0xB4,0xEF,0xC2,0xF2,0xF9,0x6F,0x7E
118.523750,0x065,0,0,1,0x00,0x00,0x00,0x00,0x00,0x00,0x00,0x00
118.720750,0x06F,0,0,8,0x9D,0xAC,0x2F,0xC3,0xED,0x29,0x30,0x7E
118.721750,0x065,0,0,1,0x00,0x00,0x00,0x00,0x00,0x00,0x00,0x00
118.918750,0x06F,0,0,8,0x99,0x9C,0xAF,0xC3,0xEC,0x01,0x50,0x7D
118.920400,0x065,0,0,1,0x00,0x00,0x00,0x00,0x00,0x00,0x00,0x00
119.116750,0x06F,0,0,8,0x9B,0xA4,0x6F,0xC3,0xEA,0x15,0xB0,0x7D
119.315000,0x065,0,0,1,0x00,0x00,0x00,0x00,0x00,0x00,0x00,0x00
119.316600,0x06F,0,0,8,0x91,0xA4,0x6F,0xC3,0xE9,0x09,0x50,0x7D
119.513000,0x065,0,0,1,0x00,0x00,0x00,0x00,0x00,0x00,0x00,0x00
119.514600,0x06F,0,0,8,0x95,0x9C,0x8F,0x43,0xEA,0x1D,0xB0,0x7D
119.711000,0x065,0,0,1,0x00,0x00,0x00,0x00,0x00,0x00,0x00,0x00
119.712600,0x06F,0,0,8,0x8B,0x84,0x8F,0xC3,0xEC,0x05,0xB0,0x7D
119.909250,0x065,0,0,1,0x00,0x00,0x00,0x00,0x00,0x00,0x00,0x00
119.910800,0x06F,0,0,8,0x8F,0x54,0x2F,0x44,0xF0,0xF9,0xAF,0x7E
120.107000,0x065,0,0,1,0x00,0x00,0x00,0x00,0x00,0x00,0x00,0x00
120.108600,0x06F,0,0,8,0x8D,0x4C,0x0F,0xC5,0xF8,0xF1,0xCF,0x7F
120.305000,0x065,0,0,1,0x00,0x00,0x00,0x00,0x00,0x00,0x00,0x00
120.306600,0x06F,0,0,8,0x87,0x64,0x0F,0x44,0xFE,0x05,0x30,0x80
120.503000,0x065,0,0,1,0x00,0x00,0x00,0x00,0x00,0x00,0x00,0x00
120.504600,0x06F,0,0,8,0x7B,0x5C,0xEF,0x43,0x02,0xEE,0x4F,0x7F
120.701250,0x065,0,0,1,0x00,0x00,0x00,0x00,0x00,0x00,0x00,0x00
120.702600,0x06F,0,0,8,0x83,0x84,0x6F,0x43,0x01,0xE2,0x8F,0x80
120.899000,0x065,0,0,1,0x00,0x00,0x00,0x00,0x00,0x00,0x00,0x00
120.900800,0x06F,0,0,8,0x81,0xA4,0x0F,0x44,0x02,0xFE,0xAF,0x7F
121.097250,0x065,0,0,1,0x00,0x00,0x00,0x00,0x00,0x00,0x00,0x00
121.098600,0x06F,0,0,8,0x95,0xAC,0x2F,0x44,0x02,0x06,0x50,0x80
121.295000,0x065,0,0,1,0x00,0x00,0x00,0x00,0x00,0x00,0x00,0x00
121.296600,0x06F,0,0,8,0x89,0x8C,0x8F,0x44,0x01,0x1E,0xB0,0x80
121.493000,0x065,0,0,1,0x00,0x00,0x00,0x00,0x00,0x00,0x00,0x00
121.494650,0x06F,0,0,8,0x87,0xB4,0x6F,0xC4,0xFF,0xE5,0x2F,0x80
121.691000,0x065,0,0,1,0x00,0x00,0x00,0x00,0x00,0x00,0x00,0x00
121.692650,0x06F,0,0,8,0x89,0x84,0x2F,0xC4,0x02,0xDE,0x2F,0x80
121.889250,0x065,0,0,1,0x00,0x00,0x00,0x00,0x00,0x00,0x00,0x00
121.890750,0x06F,0,0,8,0x8B,0x84,0x0F,0xC4,0x00,0x12,0xF0,0x7F
122.087050,0x065,0,0,1,0x00,0x00,0x00,0x00,0x00,0x00,0x00,0x00
122.088600,0x06F,0,0,8,0x89,0x9C,0x4F,0xC4,0x00,0x0A,0x10,0x80
122.285250,0x065,0,0,1,0x00,0x00,0x00,0x00,0x00,0x00,0x00,0x00
122.286600,0x06F,0,0,8,0x8B,0xC4,0x4F,0x44,0x01,0xF6,0xEF,0x7F
122.483250,0x065,0,0,1,0x00,0x00,0x00,0x00,0x00,0x00,0x00,0x00
122.485000,0x06F,0,0,8,0x8D,0xD4,0x2F,0x44,0x01,0xF6,0x2F,0x80
122.681050,0x065,0,0,1,0x00,0x00,0x00,0x00,0x00,0x00,0x00,0x00
122.682600,0x06F,0,0,8,0x8D,0xCC,0x4F,0xC4,0x01,0x02,0x10,0x80
122.879250,0x065,0,0,1,0x00,0x00,0x00,0x00,0x00,0x00,0x00,0x00
122.880750,0x06F,0,0,8,0x8B,0xCC,0x2F,0xC4,0x02,0xFE,0x0F,0x80
123.077250,0x065,0,0,1,0x00,0x00,0x00,0x00,0x00,0x00,0x00,0x00
123.078650,0x06F,0,0,8,0x8B,0xCC,0x6F,0xC4,0x04,0x06,0x50,0x80
123.275250,0x065,0,0,1,0x00,0x00,0x00,0x00,0x00,0x00,0x00,0x00
123.276650,0x06F,0,0,8,0x89,0xD4,0x6F,0x44,0x05,0xFA,0x8F,0x80
123.473250,0x065,0,0,1,0x00,0x00,0x00,0x00,0x00,0x00,0x00,0x00
123.474650,0x06F,0,0,8,0x89,0xDC,0x8F,0xC4,0x06,0xF2,0xCF,0x80
123.671250,0x065,0,0,1,0x00,0x00,0x00,0x00,0x00,0x00,0x00,0x00
123.672650,0x06F,0,0,8,0x8D,0xDC,0x0F,0x44,0x09,0xFA,0x2F,0x81
123.869050,0x065,0,0,1,0x00,0x00,0x00,0x00,0x00,0x00,0x00,0x00
123.870800,0x06F,0,0,8,0x89,0xD4,0x6F,0x44,0x0C,0x06,0x70,0x81
124.067250,0x065,0,0,1,0x00,0x00,0x00,0x00,0x00,0x00,0x00,0x00
124.068650,0x06F,0,0,8,0x89,0xDC,0xAF,0xC4,0x0F,0xFE,0x6F,0x81
124.265250,0x065,0,0,1,0x00,0x00,0x00,0x00,0x00,0x00,0x00,0x00
124.266650,0x06F,0,0,8,0x8B,0x14,0x90,0xC4,0x12,0xF2,0x8F,0x81
124.462800,0x06F,0,0,8,0x89,0x24,0xF0,0x44,0x18,0x06,0x30,0x82
124.463450,0x065,0,0,1,0x00,0x00,0x00,0x00,0x00,0x00,0x00,0x00
124.661300,0x065,0,0,1,0x00,0x00,0x00,0x00,0x00,0x00,0x00,0x00
124.662650,0x06F,0,0,8,0x85,0x3C,0x10,0xC5,0x1C,0xF6,0xEF,0x82
124.859300,0x065,0,0,1,0x00,0x00,0x00,0x00,0x00,0x00,0x00,0x00
124.860800,0x06F,0,0,8,0x83,0x34,0x30,0x45,0x21,0xE2,0x8F,0x83
125.057300,0x065,0,0,1,0x00,0x00,0x00,0x00,0x00,0x00,0x00,0x00
125.058650,0x06F,0,0,8,0x81,0x24,0x70,0xC5,0x25,0xEA,0x2F,0x84
125.255300,0x065,0,0,1,0x00,0x00,0x00,0x00,0x00,0x00,0x00,0x00
125.256650,0x06F,0,0,8,0x87,0x2C,0x70,0xC5,0x2B,0x0E,0x10,0x85
125.453300,0x065,0,0,1,0x00,0x00,0x00,0x00,0x00,0x00,0x00,0x00
125.454650,0x06F,0,0,8,0x7D,0x0C,0xB0,0xC5,0x2D,0xFA,0xAF,0x85
125.650800,0x06F,0,0,8,0x85,0x0C,0x70,0xC5,0x2F,0xFA,0x4F,0x86
125.651450,0x065,0,0,1,0x00,0x00,0x00,0x00,0x00,0x00,0x00,0x00
125.848800,0x06F,0,0,8,0x7B,0x04,0xD0,0x45,0x2F,0xDE,0x4F,0x86
125.849450,0x065,0,0,1,0x00,0x00,0x00,0x00,0x00,0x00,0x00,0x00
126.047300,0x065,0,0,1,0x00,0x00,0x00,0x00,0x00,0x00,0x00,0x00
126.048700,0x06F,0,0,8,0x87,0x04,0xF0,0x45,0x30,0xDE,0xCF,0x85
126.245300,0x065,0,0,1,0x00,0x00,0x00,0x00,0x00,0x00,0x00,0x00
126.246650,0x06F,0,0,8,0x89,0x24,0x90,0xC5,0x30,0xF2,0xCF,0x85
126.442800,0x06F,0,0,8,0x7F,0x34,0x90,0xC5,0x2F,0x06,0x50,0x85
126.443450,0x065,0,0,1,0x00,0x00,0x00,0x00,0x00,0x00,0x00,0x00
126.641300,0x065,0,0,1,0x00,0x00,0x00,0x00,0x00,0x00,0x00,0x00
126.642650,0x06F,0,0,8,0x7D,0x44,0x30,0xC5,0x2C,0xF2,0x4F,0x85
126.838850,0x06F,0,0,8,0x7B,0x54,0x70,0x45,0x2A,0xDA,0x4F,0x85
126.839500,0x065,0,0,1,0x00,0x00,0x00,0x00,0x00,0x00,0x00,0x00
127.036850,0x06F,0,0,8,0x85,0x1C,0xD0,0x45,0x28,0xFE,0xCF,0x84
127.037500,0x065,0,0,1,0x00,0x00,0x00,0x00,0x00,0x00,0x00,0x00
127.234850,0x06F,0,0,8,0x7F,0x34,0x90,0xC5,0x23,0x06,0x10,0x85
127.235450,0x065,0,0,1,0x00,0x00,0x00,0x00,0x00,0x00,0x00,0x00
127.432850,0x06F,0,0,8,0x81,0x24,0x50,0x45,0x22,0xF6,0x8F,0x84
127.433450,0x065,0,0,1,0x00,0x00,0x00,0x00,0x00,0x00,0x00,0x00
127.630850,0x06F,0,0,8,0x83,0x2C,0x30,0xC5,0x1D,0xFA,0x6F,0x84
127.631450,0x065,0,0,1,0x00,0x00,0x00,0x00,0x00,0x00,0x00,0x00
127.829300,0x065,0,0,1,0x00,0x00,0x00,0x00,0x00,0x00,0x00,0x00
127.829450,0x06F,0,0,8,0x89,0x2C,0x50,0x45,0x17,0xFE,0xEF,0x82
128.026800,0x06F,0,0,8,0x85,0x2C,0xB0,0xC4,0x12,0x02,0x70,0x82
128.027450,0x065,0,0,1,0x00,0x00,0x00,0x00,0x00,0x00,0x00,0x00
128.224850,0x06F,0,0,8,0x89,0x2C,0xD0,0x44,0x0E,0xE2,0xAF,0x81
128.225500,0x065,0,0,1,0x00,0x00,0x00,0x00,0x00,0x00,0x00,0x00
128.422850,0x06F,0,0,8,0x8D,0x24,0x70,0xC4,0x09,0xEE,0x4F,0x81
128.423500,0x065,0,0,1,0x00,0x00,0x00,0x00,0x00,0x00,0x00,0x00
128.620850,0x06F,0,0,8,0x8B,0x2C,0x50,0xC4,0x06,0xEE,0x8F,0x80
128.621500,0x065,0,0,1,0x00,0x00,0x00,0x00,0x00,0x00,0x00,0x00
128.818850,0x06F,0,0,8,0x8B,0x24,0x90,0x44,0x03,0xF6,0x6F,0x80
128.819500,0x065,0,0,1,0x00,0x00,0x00,0x00,0x00,0x00,0x00,0x00
129.016850,0x06F,0,0,8,0x8B,0x24,0x10,0x44,0x01,0xFE,0x4F,0x80
129.017500,0x065,0,0,1,0x00,0x00,0x00,0x00,0x00,0x00,0x00,0x00
129.214850,0x06F,0,0,8,0x8D,0x1C,0x50,0xC4,0x00,0x12,0x10,0x80
129.215500,0x065,0,0,1,0x00,0x00,0x00,0x00,0x00,0x00,0x00,0x00
129.412850,0x06F,0,0,8,0x89,0x1C,0x70,0xC4,0xFF,0xFD,0x0F,0x80
129.413500,0x065,0,0,1,0x00,0x00,0x00,0x00,0x00,0x00,0x00,0x00
129.610850,0x06F,0,0,8,0x91,0x24,0x10,0xC4,0xFE,0xE9,0xCF,0x7F
129.611500,0x065,0,0,1,0x00,0x00,0x00,0x00,0x00,0x00,0x00,0x00
129.808850,0x06F,0,0,8,0x8F,0x1C,0xF0,0x43,0xFD,0x09,0xB0,0x7F
129.809650,0x065,0,0,1,0x00,0x00,0x00,0x00,0x00,0x00,0x00,0x00
130.006850,0x06F,0,0,8,0x8F,0x1C,0x10,0x44,0xFC,0xFD,0xAF,0x7F
130.007500,0x065,0,0,1,0x00,0x00,0x00,0x00,0x00,0x00,0x00,0x00
130.204850,0x06F,0,0,8,0x8D,0x1C,0x10,0x44,0xFC,0xF9,0x8F,0x7F
130.205700,0x065,0,0,1,0x00,0x00,0x00,0x00,0x00,0x00,0x00,0x00
130.402850,0x06F,0,0,8,0x8D,0x14,0x50,0xC4,0xFA,0xF5,0x2F,0x7F
130.403500,0x065,0,0,1,0x00,0x00,0x00,0x00,0x00,0x00,0x00,0x00
130.600850,0x06F,0,0,8,0x8F,0x1C,0xB0,0xC3,0xF9,0xFD,0x0F,0x7F
130.601500,0x065,0,0,1,0x00,0x00,0x00,0x00,0x00,0x00,0x00,0x00
130.798850,0x06F,0,0,8,0x8D,0x0C,0x30,0xC4,0xF8,0xFD,0x6F,0x7F
130.799500,0x065,0,0,1,0x00,0x00,0x00,0x00,0x00,0x00,0x00,0x00
130.996900,0x06F,0,0,8,0x8D,0x04,0xF0,0x43,0xF9,0xF9,0x8F,0x7F
130.997650,0x065,0,0,1,0x00,0x00,0x00,0x00,0x00,0x00,0x00,0x00
131.194900,0x06F,0,0,8,0x91,0xF4,0x2F,0xC4,0xFA,0xFD,0x2F,0x7F
131.195550,0x065,0,0,1,0x00,0x00,0x00,0x00,0x00,0x00,0x00,0x00
131.392900,0x06F,0,0,8,0x89,0xEC,0x8F,0x44,0xFD,0x05,0x90,0x7F
131.393750,0x065,0,0,1,0x00,0x00,0x00,0x00,0x00,0x00,0x00,0x00
131.590900,0x06F,0,0,8,0x89,0xDC,0xCF,0x44,0x00,0x16,0x50,0x80
131.591750,0x065,0,0,1,0x00,0x00,0x00,0x00,0x00,0x00,0x00,0x00
131.788900,0x06F,0,0,8,0x87,0xD4,0xEF,0x44,0x05,0xFA,0xCF,0x80
131.789500,0x065,0,0,1,0x00,0x00,0x00,0x00,0x00,0x00,0x00,0x00
131.986900,0x06F,0,0,8,0x87,0xDC,0x0F,0x45,0x06,0x02,0xD0,0x80
131.987650,0x065,0,0,1,0x00,0x00,0x00,0x00,0x00,0x00,0x00,0x00
132.184900,0x06F,0,0,8,0x85,0xDC,0x0F,0xC5,0x07,0x0A,0xB0,0x80
132.185650,0x065,0,0,1,0x00,0x00,0x00,0x00,0x00,0x00,0x00,0x00
132.382900,0x06F,0,0,8,0x85,0xD4,0x2F,0xC5,0x07,0xFA,0xEF,0x80
132.383900,0x065,0,0,1,0x00,0x00,0x00,0x00,0x00,0x00,0x00,0x00
132.580900,0x06F,0,0,8,0x85,0xDC,0x0F,0x45,0x07,0x0A,0xF0,0x80
132.581750,0x065,0,0,1,0x00,0x00,0x00,0x00,0x00,0x00,0x00,0x00
132.778900,0x06F,0,0,8,0x8B,0xDC,0x6F,0xC4,0x06,0xF6,0xAF,0x80
132.779750,0x065,0,0,1,0x00,0x00,0x00,0x00,0x00,0x00,0x00,0x00
132.976900,0x06F,0,0,8,0x89,0xE4,0x6F,0x44,0x02,0x02,0x30,0x80
132.977550,0x065,0,0,1,0x00,0x00,0x00,0x00,0x00,0x00,0x00,0x00
133.174900,0x06F,0,0,8,0x8F,0xE4,0xEF,0x43,0xFF,0xE1,0x0F,0x80
133.175700,0x065,0,0,1,0x00,0x00,0x00,0x00,0x00,0x00,0x00,0x00
133.372900,0x06F,0,0,8,0x8D,0xDC,0x0F,0x44,0xFC,0xF5,0xCF,0x7F
133.373700,0x065,0,0,1,0x00,0x00,0x00,0x00,0x00,0x00,0x00,0x00
133.570900,0x06F,0,0,8,0x89,0xE4,0x0F,0x44,0xFA,0xF5,0x8F,0x7F
133.571900,0x065,0,0,1,0x00,0x00,0x00,0x00,0x00,0x00,0x00,0x00
133.768900,0x06F,0,0,8,0x93,0xE4,0x4F,0xC3,0xF8,0xE5,0x2F,0x7F
133.769800,0x065,0,0,1,0x00,0x00,0x00,0x00,0x00,0x00,0x00,0x00
133.966900,0x06F,0,0,8,0x95,0xDC,0x2F,0x43,0xF6,0xF9,0x0F,0x7F
133.967750,0x065,0,0,1,0x00,0x00,0x00,0x00,0x00,0x00,0x00,0x00
134.164900,0x06F,0,0,8,0x95,0xDC,0x4F,0x43,0xF4,0xF5,0xAF,0x7E
134.165750,0x065,0,0,1,0x00,0x00,0x00,0x00,0x00,0x00,0x00,0x00
134.362900,0x06F,0,0,8,0x91,0xD4,0x0F,0x43,0xF1,0x01,0x70,0x7E
134.363700,0x065,0,0,1,0x00,0x00,0x00,0x00,0x00,0x00,0x00,0x00
134.560900,0x06F,0,0,8,0x93,0xD4,0x0F,0xC3,0xF1,0x15,0x50,0x7E
134.561700,0x065,0,0,1,0x00,0x00,0x00,0x00,0x00,0x00,0x00,0x00
134.758900,0x06F,0,0,8,0x91,0xD4,0x0F,0x43,0xF1,0x19,0x50,0x7E
134.759900,0x065,0,0,1,0x00,0x00,0x00,0x00,0x00,0x00,0x00,0x00
134.956900,0x06F,0,0,8,0x91,0xDC,0x8F,0xC3,0xF1,0x01,0x70,0x7E
134.957900,0x065,0,0,1,0x00,0x00,0x00,0x00,0x00,0x00,0x00,0x00
135.154950,0x06F,0,0,8,0x8F,0xD4,0xAF,0x43,0xF2,0x11,0x90,0x7E
135.155800,0x065,0,0,1,0x00,0x00,0x00,0x00,0x00,0x00,0x00,0x00
135.352950,0x06F,0,0,8,0x8B,0xD4,0x2F,0xC4,0xF4,0x09,0xD0,0x7E
135.353950,0x065,0,0,1,0x00,0x00,0x00,0x00,0x00,0x00,0x00,0x00
135.550950,0x06F,0,0,8,0x8B,0xDC,0xEF,0x43,0xFA,0x09,0x50,0x7F
135.551700,0x065,0,0,1,0x00,0x00,0x00,0x00,0x00,0x00,0x00,0x00
135.748950,0x06F,0,0,8,0x89,0xDC,0xAF,0xC4,0xFE,0xF9,0xCF,0x7F
135.749750,0x065,0,0,1,0x00,0x00,0x00,0x00,0x00,0x00,0x00,0x00
135.946950,0x06F,0,0,8,0x8B,0xD4,0xCF,0xC4,0x01,0x16,0x30,0x80
135.947950,0x065,0,0,1,0x00,0x00,0x00,0x00,0x00,0x00,0x00,0x00
136.144950,0x06F,0,0,8,0x87,0xDC,0x0F,0x45,0x05,0x12,0x90,0x80
136.145950,0x065,0,0,1,0x00,0x00,0x00,0x00,0x00,0x00,0x00,0x00
136.342950,0x06F,0,0,8,0x81,0xDC,0x4F,0xC5,0x08,0x0E,0x10,0x81
136.343800,0x065,0,0,1,0x00,0x00,0x00,0x00,0x00,0x00,0x00,0x00
136.540950,0x06F,0,0,8,0x7D,0xE4,0xAF,0xC5,0x0B,0x02,0x30,0x81
136.541950,0x065,0,0,1,0x00,0x00,0x00,0x00,0x00,0x00,0x00,0x00
136.738950,0x06F,0,0,8,0x85,0xE4,0x8F,0x45,0x0C,0xEE,0x2F,0x81
136.739950,0x065,0,0,1,0x00,0x00,0x00,0x00,0x00,0x00,0x00,0x00
136.936950,0x06F,0,0,8,0x85,0xE4,0x8F,0x45,0x0B,0xEE,0x2F,0x81
136.937950,0x065,0,0,1,0x00,0x00,0x00,0x00,0x00,0x00,0x00,0x00
137.134950,0x06F,0,0,8,0x81,0xE4,0x6F,0x45,0x0A,0xFE,0x4F,0x81
137.135950,0x065,0,0,1,0x00,0x00,0x00,0x00,0x00,0x00,0x00,0x00
137.332950,0x06F,0,0,8,0x85,0xF4,0xEF,0xC4,0x06,0xD2,0x2F,0x81
137.333950,0x065,0,0,1,0x00,0x00,0x00,0x00,0x00,0x00,0x00,0x00
137.530950,0x06F,0,0,8,0x8D,0xF4,0x6F,0xC4,0x03,0xEA,0x8F,0x80
137.531950,0x065,0,0,1,0x00,0x00,0x00,0x00,0x00,0x00,0x00,0x00
137.728950,0x06F,0,0,8,0x8D,0xF4,0x4F,0x44,0x00,0xF2,0x2F,0x80
137.729950,0x065,0,0,1,0x00,0x00,0x00,0x00,0x00,0x00,0x00,0x00
137.926950,0x06F,0,0,8,0x91,0xEC,0xCF,0x43,0xFD,0xE9,0xCF,0x7F
137.927950,0x065,0,0,1,0x00,0x00,0x00,0x00,0x00,0x00,0x00,0x00
138.124950,0x06F,0,0,8,0x8D,0xEC,0xAF,0x43,0xFA,0xE9,0x4F,0x7F
138.126100,0x065,0,0,1,0x00,0x00,0x00,0x00,0x00,0x00,0x00,0x00
138.322950,0x06F,0,0,8,0x93,0xE4,0xAF,0xC3,0xF6,0xED,0x0F,0x7F
138.323950,0x065,0,0,1,0x00,0x00,0x00,0x00,0x00,0x00,0x00,0x00
138.520950,0x06F,0,0,8,0x8F,0xE4,0xCF,0x43,0xF7,0xF5,0x0F,0x7F
138.521950,0x065,0,0,1,0x00,0x00,0x00,0x00,0x00,0x00,0x00,0x00
138.718950,0x06F,0,0,8,0x8F,0xE4,0x8F,0x43,0xF7,0x05,0x10,0x7F
138.719950,0x065,0,0,1,0x00,0x00,0x00,0x00,0x00,0x00,0x00,0x00
138.916950,0x06F,0,0,8,0x91,0xE4,0xAF,0x43,0xF8,0x09,0x10,0x7F
139.115550,0x065,0,0,1,0x00,0x00,0x00,0x00,0x00,0x00,0x00,0x00
139.117150,0x06F,0,0,8,0x8F,0xEC,0xCF,0x43,0xF9,0x05,0x30,0x7F
139.313250,0x065,0,0,1,0x00,0x00,0x00,0x00,0x00,0x00,0x00,0x00
139.314800,0x06F,0,0,8,0x8F,0xE4,0x0F,0x44,0xF9,0xF9,0x4F,0x7F
139.511250,0x065,0,0,1,0x00,0x00,0x00,0x00,0x00,0x00,0x00,0x00
139.512850,0x06F,0,0,8,0x8B,0xEC,0x4F,0xC4,0xFB,0xF9,0x8F,0x7F
139.709250,0x065,0,0,1,0x00,0x00,0x00,0x00,0x00,0x00,0x00,0x00
139.710850,0x06F,0,0,8,0x8B,0xE4,0x0F,0x44,0xFD,0xFD,0xEF,0x7F
139.907250,0x065,0,0,1,0x00,0x00,0x00,0x00,0x00,0x00,0x00,0x00
139.908950,0x06F,0,0,8,0x8B,0xE4,0xEF,0xC4,0x00,0x0A,0x30,0x80
140.105450,0x065,0,0,1,0x00,0x00,0x00,0x00,0x00,0x00,0x00,0x00
140.106850,0x06F,0,0,8,0x85,0xEC,0x0F,0x45,0x03,0x02,0x30,0x80
140.303250,0x065,0,0,1,0x00,0x00,0x00,0x00,0x00,0x00,0x00,0x00
140.304850,0x06F,0,0,8,0x85,0xEC,0x2F,0x45,0x05,0xFA,0x8F,0x80
140.501250,0x065,0,0,1,0x00,0x00,0x00,0x00,0x00,0x00,0x00,0x00
140.502850,0x06F,0,0,8,0x85,0xE4,0x4F,0x45,0x07,0x02,0x10,0x81
140.699450,0x065,0,0,1,0x00,0x00,0x00,0x00,0x00,0x00,0x00,0x00
140.700850,0x06F,0,0,8,0x85,0xEC,0x4F,0x45,0x09,0x12,0xD0,0x80
140.897250,0x065,0,0,1,0x00,0x00,0x00,0x00,0x00,0x00,0x00,0x00
140.899000,0x06F,0,0,8,0x87,0xFC,0xCF,0x44,0x08,0xFE,0xCF,0x80
141.095250,0x065,0,0,1,0x00,0x00,0x00,0x00,0x00,0x00,0x00,0x00
141.096850,0x06F,0,0,8,0x8B,0xF4,0x8F,0xC4,0x04,0xF2,0xAF,0x80
141.293500,0x065,0,0,1,0x00,0x00,0x00,0x00,0x00,0x00,0x00,0x00
141.294850,0x06F,0,0,8,0x8B,0xF4,0x6F,0x44,0x01,0xFE,0x2F,0x80
141.491500,0x065,0,0,1,0x00,0x00,0x00,0x00,0x00,0x00,0x00,0x00
141.492850,0x06F,0,0,8,0x8D,0xF4,0x4F,0xC4,0xFE,0xFD,0xAF,0x7F
141.689250,0x065,0,0,1,0x00,0x00,0x00,0x00,0x00,0x00,0x00,0x00
141.690850,0x06F,0,0,8,0x8B,0xEC,0xEF,0xC3,0xFC,0x0D,0x70,0x7F
141.887500,0x065,0,0,1,0x00,0x00,0x00,0x00,0x00,0x00,0x00,0x00
141.889000,0x06F,0,0,8,0x8F,0x04,0x30,0x44,0xFD,0x0D,0x70,0x7F
142.085250,0x065,0,0,1,0x00,0x00,0x00,0x00,0x00,0x00,0x00,0x00
142.086850,0x06F,0,0,8,0x8B,0x1C,0x90,0xC4,0xFE,0xFD,0x4F,0x7F
142.283250,0x065,0,0,1,0x00,0x00,0x00,0x00,0x00,0x00,0x00,0x00
142.284850,0x06F,0,0,8,0x8B,0x44,0x30,0x44,0xFE,0xF9,0x6F,0x7F
142.481500,0x065,0,0,1,0x00,0x00,0x00,0x00,0x00,0x00,0x00,0x00
142.482950,0x06F,0,0,8,0x8B,0x44,0x30,0xC4,0xFC,0xF1,0xEF,0x7F
142.679500,0x065,0,0,1,0x00,0x00,0x00,0x00,0x00,0x00,0x00,0x00
142.680950,0x06F,0,0,8,0x8F,0x4C,0x30,0xC4,0xFD,0x01,0xD0,0x7F
142.877500,0x065,0,0,1,0x00,0x00,0x00,0x00,0x00,0x00,0x00,0x00
142.879200,0x06F,0,0,8,0x8B,0x64,0x70,0x44,0xFE,0x05,0x90,0x7F
143.075550,0x065,0,0,1,0x00,0x00,0x00,0x00,0x00,0x00,0x00,0x00
143.077000,0x06F,0,0,8,0x89,0x7C,0x50,0x44,0xFE,0x0D,0x90,0x7F
143.273500,0x065,0,0,1,0x00,0x00,0x00,0x00,0x00,0x00,0x00,0x00
143.274950,0x06F,0,0,8,0x8D,0x8C,0x70,0x44,0xFE,0x11,0x90,0x7F
143.471300,0x065,0,0,1,0x00,0x00,0x00,0x00,0x00,0x00,0x00,0x00
143.472950,0x06F,0,0,8,0x8F,0x94,0x50,0xC4,0xFE,0x0D,0xB0,0x7F
143.669500,0x065,0,0,1,0x00,0x00,0x00,0x00,0x00,0x00,0x00,0x00
143.670950,0x06F,0,0,8,0x8F,0xA4,0x70,0x44,0xFF,0x09,0x90,0x7F
143.867500,0x065,0,0,1,0x00,0x00,0x00,0x00,0x00,0x00,0x00,0x00
143.869150,0x06F,0,0,8,0x8D,0xBC,0x50,0xC4,0xFF,0x0D,0xB0,0x7F
144.065050,0x06F,0,0,8,0x8D,0xCC,0x70,0xC4,0xFF,0x05,0xB0,0x7F
144.065650,0x065,0,0,1,0x00,0x00,0x00,0x00,0x00,0x00,0x00,0x00
144.263500,0x065,0,0,1,0x00,0x00,0x00,0x00,0x00,0x00,0x00,0x00
144.265000,0x06F,0,0,8,0x8D,0xCC,0x90,0xC4,0xFF,0x01,0xD0,0x7F
144.461500,0x065,0,0,1,0x00,0x00,0x00,0x00,0x00,0x00,0x00,0x00
144.463000,0x06F,0,0,8,0x8B,0xC4,0x50,0xC4,0xFF,0xF1,0xCF,0x7F
144.659300,0x065,0,0,1,0x00,0x00,0x00,0x00,0x00,0x00,0x00,0x00
144.661000,0x06F,0,0,8,0x8B,0xBC,0x50,0x44,0xFF,0xE9,0x2F,0x80
144.857500,0x065,0,0,1,0x00,0x00,0x00,0x00,0x00,0x00,0x00,0x00
144.859200,0x06F,0,0,8,0x93,0xB4,0x30,0xC4,0xFF,0xED,0xCF,0x7F
145.055500,0x065,0,0,1,0x00,0x00,0x00,0x00,0x00,0x00,0x00,0x00
145.056350,0x06F,0,0,8,0x93,0xAC,0x50,0x44,0xFF,0xFD,0xEF,0x7F
145.253050,0x06F,0,0,8,0x8B,0xA4,0x30,0xC4,0xFE,0x09,0xD0,0x7F
145.253700,0x065,0,0,1,0x00,0x00,0x00,0x00,0x00,0x00,0x00,0x00
145.451550,0x065,0,0,1,0x00,0x00,0x00,0x00,0x00,0x00,0x00,0x00
145.453000,0x06F,0,0,8,0x8B,0x9C,0x70,0x44,0xFE,0x0D,0x30,0x80
145.649550,0x065,0,0,1,0x00,0x00,0x00,0x00,0x00,0x00,0x00,0x00
145.651000,0x06F,0,0,8,0x89,0xA4,0x50,0xC4,0xFE,0xFD,0xAF,0x7F
145.847050,0x06F,0,0,8,0x8D,0x8C,0x70,0x44,0xFD,0xD5,0xEF,0x7F
145.847700,0x065,0,0,1,0x00,0x00,0x00,0x00,0x00,0x00,0x00,0x00
146.045550,0x065,0,0,1,0x00,0x00,0x00,0x00,0x00,0x00,0x00,0x00
146.047000,0x06F,0,0,8,0x8F,0x8C,0x30,0x44,0xFE,0x01,0xB0,0x7F
146.243050,0x06F,0,0,8,0x8D,0x84,0x70,0xC4,0xFD,0xE1,0xAF,0x7F
146.243700,0x065,0,0,1,0x00,0x00,0x00,0x00,0x00,0x00,0x00,0x00
146.441050,0x06F,0,0,8,0x91,0x84,0x10,0x44,0xFD,0x01,0x30,0x80
146.441700,0x065,0,0,1,0x00,0x00,0x00,0x00,0x00,0x00,0x00,0x00
146.639050,0x06F,0,0,8,0x89,0x84,0xF0,0xC3,0xFD,0x11,0xB0,0x7F
146.639700,0x065,0,0,1,0x00,0x00,0x00,0x00,0x00,0x00,0x00,0x00
146.837550,0x065,0,0,1,0x00,0x00,0x00,0x00,0x00,0x00,0x00,0x00
146.839200,0x06F,0,0,8,0x8F,0x74,0x50,0x44,0xFE,0x0D,0xB0,0x7F
147.035050,0x06F,0,0,8,0x89,0x1C,0x10,0x44,0xFD,0xE1,0x0F,0x80
147.035700,0x065,0,0,1,0x00,0x00,0x00,0x00,0x00,0x00,0x00,0x00
147.233550,0x065,0,0,1,0x00,0x00,0x00,0x00,0x00,0x00,0x00,0x00
147.235000,0x06F,0,0,8,0x8F,0xD4,0x0F,0xC4,0xFC,0xFD,0xCF,0x7F
147.431050,0x06F,0,0,8,0x8D,0xD4,0x6F,0x44,0xFE,0x11,0xB0,0x7F
147.431700,0x065,0,0,1,0x00,0x00,0x00,0x00,0x00,0x00,0x00,0x00
147.629050,0x06F,0,0,8,0x8B,0xD4,0x6F,0x44,0xFE,0x09,0x10,0x80
147.629700,0x065,0,0,1,0x00,0x00,0x00,0x00,0x00,0x00,0x00,0x00
147.827100,0x06F,0,0,8,0x87,0xC4,0x0F,0xC4,0xFD,0x01,0xF0,0x7F
147.827750,0x065,0,0,1,0x00,0x00,0x00,0x00,0x00,0x00,0x00,0x00
148.025100,0x06F,0,0,8,0x8D,0x74,0x2F,0xC4,0xFC,0xF5,0xCF,0x7F
148.025750,0x065,0,0,1,0x00,0x00,0x00,0x00,0x00,0x00,0x00,0x00
148.223100,0x06F,0,0,8,0x8B,0x54,0x8F,0x43,0xFD,0xF1,0xEF,0x7F
148.223700,0x065,0,0,1,0x00,0x00,0x00,0x00,0x00,0x00,0x00,0x00
148.421100,0x06F,0,0,8,0x87,0x54,0xAF,0x43,0xFE,0x09,0xD0,0x7F
148.421700,0x065,0,0,1,0x00,0x00,0x00,0x00,0x00,0x00,0x00,0x00
148.619100,0x06F,0,0,8,0x89,0x34,0x8F,0xC3,0xFE,0xA9,0xCF,0x7F
148.619700,0x065,0,0,1,0x00,0x00,0x00,0x00,0x00,0x00,0x00,0x00
148.817100,0x06F,0,0,8,0x85,0x44,0xAF,0x43,0xFA,0xE5,0x4F,0x81
148.817700,0x065,0,0,1,0x00,0x00,0x00,0x00,0x00,0x00,0x00,0x00
149.015100,0x06F,0,0,8,0x8F,0x2C,0xEF,0xC4,0xFF,0x5D,0xF0,0x7E
149.015700,0x065,0,0,1,0x00,0x00,0x00,0x00,0x00,0x00,0x00,0x00
149.213100,0x06F,0,0,8,0x85,0x2C,0xEF,0xC3,0xFC,0xC5,0x2F,0x80
149.213850,0x065,0,0,1,0x00,0x00,0x00,0x00,0x00,0x00,0x00,0x00
149.411100,0x06F,0,0,8,0x87,0x34,0xEF,0x43,0xFE,0xAD,0xCF,0x7F
149.411750,0x065,0,0,1,0x00,0x00,0x00,0x00,0x00,0x00,0x00,0x00
149.609100,0x06F,0,0,8,0x9D,0x24,0xCF,0xC4,0xFC,0xED,0x2F,0x80
149.609750,0x065,0,0,1,0x00,0x00,0x00,0x00,0x00,0x00,0x00,0x00
149.807100,0x06F,0,0,8,0x8F,0x14,0xAF,0x44,0xFF,0xA9,0x4F,0x7F
149.807950,0x065,0,0,1,0x00,0x00,0x00,0x00,0x00,0x00,0x00,0x00
150.005100,0x06F,0,0,8,0x8D,0x1C,0x8F,0xC4,0xFE,0x71,0x50,0x7F
150.005750,0x065,0,0,1,0x00,0x00,0x00,0x00,0x00,0x00,0x00,0x00
150.203100,0x06F,0,0,8,0x81,0x0C,0x2F,0x44,0xFE,0x29,0xF0,0x7F
150.203750,0x065,0,0,1,0x00,0x00,0x00,0x00,0x00,0x00,0x00,0x00
150.401100,0x06F,0,0,8,0x87,0x24,0xAF,0x44,0xFE,0x09,0x90,0x7F
150.401900,0x065,0,0,1,0x00,0x00,0x00,0x00,0x00,0x00,0x00,0x00
150.599100,0x06F,0,0,8,0x8B,0x1C,0x0F,0xC4,0xFD,0x01,0x10,0x80
150.599750,0x065,0,0,1,0x00,0x00,0x00,0x00,0x00,0x00,0x00,0x00
150.797100,0x06F,0,0,8,0x83,0x1C,0x0F,0xC4,0xFD,0xF5,0xEF,0x7F
150.797950,0x065,0,0,1,0x00,0x00,0x00,0x00,0x00,0x00,0x00,0x00
150.995100,0x06F,0,0,8,0x8B,0x1C,0x8F,0xC4,0xFD,0x11,0xF0,0x7F
150.995950,0x065,0,0,1,0x00,0x00,0x00,0x00,0x00,0x00,0x00,0x00
151.193100,0x06F,0,0,8,0x85,0x24,0xAF,0x44,0xFE,0x11,0xF0,0x7F
151.193750,0x065,0,0,1,0x00,0x00,0x00,0x00,0x00,0x00,0x00,0x00
151.391100,0x06F,0,0,8,0x89,0x1C,0x8F,0xC4,0xFE,0xF9,0xEF,0x7F
151.391750,0x065,0,0,1,0x00,0x00,0x00,0x00,0x00,0x00,0x00,0x00
151.589850,0x065,0,0,1,0x00,0x00,0x00,0x00,0x00,0x00,0x00,0x00
151.591350,0x06F,0,0,8,0x89,0x1C,0x8F,0x44,0xFF,0x09,0xB0,0x7F
151.787100,0x06F,0,0,8,0x87,0x1C,0x6F,0x44,0xFF,0xE1,0xCF,0x7F
151.787900,0x065,0,0,1,0x00,0x00,0x00,0x00,0x00,0x00,0x00,0x00
151.985150,0x06F,0,0,8,0x85,0x1C,0x8F,0x44,0xFE,0xED,0xEF,0x7F
151.986000,0x065,0,0,1,0x00,0x00,0x00,0x00,0x00,0x00,0x00,0x00
151.986001,0x066,0,0,6,0x01,0x18,0x27,0x30,0x54,0x2D,0x00,0x00
152.183150,0x06F,0,0,8,0x89,0x14,0x6F,0x44,0xFE,0xF5,0xEF,0x7F
152.184000,0x065,0,0,1,0x00,0x00,0x00,0x00,0x00,0x00,0x00,0x00
152.184001,0x066,0,0,6,0x01,0xDF,0x27,0x30,0x54,0x2D,0x00,0x00
152.381150,0x06F,0,0,8,0x83,0x14,0x4F,0x44,0xFF,0xF5,0x8F,0x7F
152.382000,0x065,0,0,1,0x00,0x00,0x00,0x00,0x00,0x00,0x00,0x00
152.382001,0x066,0,0,6,0x01,0xA8,0x28,0x30,0x54,0x2D,0x00,0x00
152.579150,0x06F,0,0,8,0x89,0x24,0x4F,0xC4,0xFE,0x09,0xB0,0x7F
152.579950,0x065,0,0,1,0x00,0x00,0x00,0x00,0x00,0x00,0x00,0x00
152.579951,0x066,0,0,6,0x01,0x70,0x29,0x30,0x54,0x2D,0x00,0x00
152.777150,0x06F,0,0,8,0x87,0x3C,0x8F,0xC4,0xFE,0x01,0x10,0x80
152.777900,0x065,0,0,1,0x00,0x00,0x00,0x00,0x00,0x00,0x00,0x00
152.777901,0x066,0,0,6,0x01,0x37,0x2A,0x30,0x54,0x2D,0x00,0x00
152.975150,0x06F,0,0,8,0x8B,0x54,0x6F,0x44,0xFF,0x0D,0x70,0x7F
152.975900,0x065,0,0,1,0x00,0x00,0x00,0x00,0x00,0x00,0x00,0x00
152.975901,0x066,0,0,6,0x01,0x00,0x2B,0x30,0x54,0x2D,0x00,0x00
153.173150,0x06F,0,0,8,0x8B,0xCC,0x6F,0x44,0x01,0x0A,0xD0,0x7E
153.174150,0x065,0,0,1,0x00,0x00,0x00,0x00,0x00,0x00,0x00,0x00
153.174151,0x066,0,0,6,0x01,0xC7,0x2B,0x30,0x54,0x2D,0x00,0x00
153.371150,0x06F,0,0,8,0x89,0xCC,0x6F,0xC4,0xFE,0x0D,0xD0,0x7F
153.372700,0x065,0,0,1,0x00,0x00,0x00,0x00,0x00,0x00,0x00,0x00
153.372701,0x066,0,0,6,0x01,0x90,0x2C,0x30,0x54,0x2D,0x00,0x00
153.569150,0x06F,0,0,8,0x89,0xD4,0x2F,0xC4,0xFE,0x05,0x10,0x80
153.570000,0x065,0,0,1,0x00,0x00,0x00,0x00,0x00,0x00,0x00,0x00
153.570001,0x066,0,0,6,0x01,0x58,0x2D,0x30,0x54,0x2D,0x00,0x00
153.767150,0x06F,0,0,8,0x89,0xD4,0x6F,0xC4,0xFE,0xFD,0xCF,0x7F
153.767900,0x065,0,0,1,0x00,0x00,0x00,0x00,0x00,0x00,0x00,0x00
153.767901,0x066,0,0,6,0x01,0x1F,0x2E,0x30,0x54,0x2D,0x00,0x00
153.965150,0x06F,0,0,8,0x89,0xCC,0x2F,0x44,0xFF,0x01,0xD0,0x7F
153.965900,0x065,0,0,1,0x00,0x00,0x00,0x00,0x00,0x00,0x00,0x00
153.965901,0x066,0,0,6,0x01,0xE8,0x2E,0x30,0x54,0x2D,0x00,0x00
154.163150,0x06F,0,0,8,0x8D,0xCC,0xAF,0xC4,0xFE,0xF5,0xEF,0x7F
154.163950,0x065,0,0,1,0x00,0x00,0x00,0x00,0x00,0x00,0x00,0x00
154.163951,0x066,0,0,6,0x01,0xAF,0x2F,0x30,0x54,0x2D,0x00,0x00
154.361150,0x06F,0,0,8,0x89,0xD4,0xAF,0xC4,0xFE,0x09,0x10,0x80
154.362150,0x065,0,0,1,0x00,0x00,0x00,0x00,0x00,0x00,0x00,0x00
154.362151,0x066,0,0,6,0x01,0x78,0x30,0x30,0x54,0x2D,0x00,0x00
154.559150,0x06F,0,0,8,0x87,0xE4,0x6F,0x44,0xFF,0x05,0x90,0x7F
154.560050,0x065,0,0,1,0x00,0x00,0x00,0x00,0x00,0x00,0x00,0x00
154.560051,0x066,0,0,6,0x01,0x40,0x31,0x30,0x54,0x2D,0x00,0x00
154.757150,0x06F,0,0,8,0x8D,0xE4,0x6F,0xC4,0xFE,0xF9,0xEF,0x7F
154.758050,0x065,0,0,1,0x00,0x00,0x00,0x00,0x00,0x00,0x00,0x00
154.758051,0x066,0,0,6,0x01,0x07,0x32,0x30,0x54,0x2D,0x00,0x00
154.955150,0x06F,0,0,8,0x8B,0xEC,0x8F,0xC4,0xFE,0x09,0xD0,0x7F
154.956200,0x065,0,0,1,0x00,0x00,0x00,0x00,0x00,0x00,0x00,0x00
154.956201,0x066,0,0,6,0x01,0xD0,0x32,0x30,0x54,0x2D,0x00,0x00
155.153150,0x06F,0,0,8,0x89,0x04,0xD0,0x44,0xFF,0x01,0x70,0x7F
155.153950,0x065,0,0,1,0x00,0x00,0x00,0x00,0x00,0x00,0x00,0x00
155.153951,0x066,0,0,6,0x01,0x97,0x33,0x30,0x54,0x2D,0x00,0x00
155.351150,0x06F,0,0,8,0x8B,0x0C,0xB0,0xC4,0xFF,0xF1,0x6F,0x7F
155.352150,0x065,0,0,1,0x00,0x00,0x00,0x00,0x00,0x00,0x00,0x00
155.352151,0x066,0,0,6,0x01,0x60,0x34,0x30,0x54,0x2D,0x00,0x00
155.549150,0x06F,0,0,8,0x89,0x1C,0x50,0x44,0xFE,0xF5,0xCF,0x7F
155.550850,0x065,0,0,1,0x00,0x00,0x00,0x00,0x00,0x00,0x00,0x00
155.550851,0x066,0,0,6,0x01,0x28,0x35,0x30,0x54,0x2D,0x00,0x00
155.747150,0x06F,0,0,8,0x87,0x14,0x70,0xC4,0xFD,0xE9,0x2F,0x80
155.748150,0x065,0,0,1,0x00,0x00,0x00,0x00,0x00,0x00,0x00,0x00
155.748151,0x066,0,0,6,0x01,0xEF,0x35,0x30,0x54,0x2D,0x00,0x00
155.945150,0x06F,0,0,8,0x8B,0x3C,0x70,0xC4,0xFE,0x01,0xD0,0x7F
155.946050,0x065,0,0,1,0x00,0x00,0x00,0x00,0x00,0x00,0x00,0x00
155.946051,0x066,0,0,6,0x01,0xB8,0x36,0x30,0x54,0x2D,0x00,0x00
156.143150,0x06F,0,0,8,0x8D,0x4C,0x50,0xC4,0xFD,0x15,0xD0,0x7F
156.144150,0x065,0,0,1,0x00,0x00,0x00,0x00,0x00,0x00,0x00,0x00
156.144151,0x066,0,0,6,0x01,0x7F,0x37,0x30,0x54,0x2D,0x00,0x00
156.341200,0x06F,0,0,8,0x8D,0x5C,0x50,0xC4,0xFE,0x01,0x70,0x7F
156.341950,0x065,0,0,1,0x00,0x00,0x00,0x00,0x00,0x00,0x00,0x00
156.341951,0x066,0,0,6,0x01,0x48,0x38,0x30,0x54,0x2D,0x00,0x00
156.539200,0x06F,0,0,8,0x8D,0x5C,0xB0,0xC4,0xFE,0xED,0x8F,0x7F
156.540200,0x065,0,0,1,0x00,0x00,0x00,0x00,0x00,0x00,0x00,0x00
156.540201,0x066,0,0,6,0x01,0x10,0x39,0x30,0x54,0x2D,0x00,0x00
156.737200,0x06F,0,0,8,0x8B,0x74,0x50,0x44,0xFF,0xE9,0x4F,0x7F
156.738200,0x065,0,0,1,0x00,0x00,0x00,0x00,0x00,0x00,0x00,0x00
156.738201,0x066,0,0,6,0x01,0xD7,0x39,0x30,0x54,0x2D,0x00,0x00
156.935200,0x06F,0,0,8,0x8B,0x84,0x30,0x44,0xFE,0xED,0xCF,0x7F
156.936200,0x065,0,0,1,0x00,0x00,0x00,0x00,0x00,0x00,0x00,0x00
156.936201,0x066,0,0,6,0x01,0xA0,0x3A,0x30,0x54,0x2D,0x00,0x00
157.133200,0x06F,0,0,8,0x89,0x84,0x50,0x44,0xFE,0x0D,0x30,0x80
157.134050,0x065,0,0,1,0x00,0x00,0x00,0x00,0x00,0x00,0x00,0x00
157.134051,0x066,0,0,6,0x01,0x67,0x3B,0x30,0x54,0x2D,0x00,0x00
157.331200,0x06F,0,0,8,0x8D,0x9C,0x50,0xC4,0x00,0x0E,0x30,0x7F
157.332200,0x065,0,0,1,0x00,0x00,0x00,0x00,0x00,0x00,0x00,0x00
157.332201,0x066,0,0,6,0x01,0x30,0x3C,0x30,0x54,0x2D,0x00,0x00
157.529150,0x06F,0,0,8,0x8D,0xAC,0xF0,0xC4,0xFF,0x19,0x30,0x7F
157.530200,0x065,0,0,1,0x00,0x00,0x00,0x00,0x00,0x00,0x00,0x00
157.530201,0x066,0,0,6,0x01,0xF8,0x3C,0x30,0x54,0x2D,0x00,0x00
157.727200,0x06F,0,0,8,0x8B,0xC4,0x70,0xC4,0xFE,0x05,0x10,0x80
157.728850,0x065,0,0,1,0x00,0x00,0x00,0x00,0x00,0x00,0x00,0x00
157.728851,0x066,0,0,6,0x01,0xBF,0x3D,0x30,0x54,0x2D,0x00,0x00
157.925200,0x06F,0,0,8,0x8D,0xD4,0x30,0xC4,0xFF,0x01,0xD0,0x7F
157.926200,0x065,0,0,1,0x00,0x00,0x00,0x00,0x00,0x00,0x00,0x00
157.926201,0x066,0,0,6,0x01,0x88,0x3E,0x30,0x54,0x2D,0x00,0x00
158.123200,0x06F,0,0,8,0x8B,0xD4,0x90,0x44,0xFF,0xED,0xEF,0x7F
158.124200,0x065,0,0,1,0x00,0x00,0x00,0x00,0x00,0x00,0x00,0x00
158.124201,0x066,0,0,6,0x01,0x4F,0x3F,0x30,0x54,0x2D,0x00,0x00
158.321200,0x06F,0,0,8,0x8B,0xCC,0x90,0x44,0xFF,0xF9,0xCF,0x7F
158.322350,0x065,0,0,1,0x00,0x00,0x00,0x00,0x00,0x00,0x00,0x00
158.322351,0x066,0,0,6,0x01,0x18,0x40,0x30,0x54,0x2D,0x00,0x00
158.519200,0x06F,0,0,8,0x8D,0xC4,0xB0,0x44,0xFF,0xC9,0xEF,0x7F
158.717450,0x065,0,0,1,0x00,0x00,0x00,0x00,0x00,0x00,0x00,0x00
158.717451,0x066,0,0,6,0x01,0xE0,0x40,0x30,0x54,0x2D,0x00,0x00
158.719100,0x06F,0,0,8,0x8F,0xBC,0x90,0x44,0xFE,0x05,0x70,0x80
158.915450,0x065,0,0,1,0x00,0x00,0x00,0x00,0x00,0x00,0x00,0x00
158.915451,0x066,0,0,6,0x01,0xA7,0x41,0x30,0x54,0x2D,0x00,0x00
158.917350,0x06F,0,0,8,0x8B,0xAC,0xD0,0xC4,0xFF,0x09,0x30,0x7F
159.113450,0x065,0,0,1,0x00,0x00,0x00,0x00,0x00,0x00,0x00,0x00
159.113451,0x066,0,0,6,0x01,0x70,0x42,0x30,0x54,0x2D,0x00,0x00
159.115100,0x06F,0,0,8,0x83,0xAC,0x30,0xC4,0xFB,0xF9,0x4F,0x81
159.311450,0x065,0,0,1,0x00,0x00,0x00,0x00,0x00,0x00,0x00,0x00
159.311451,0x066,0,0,6,0x01,0x37,0x43,0x30,0x54,0x2D,0x00,0x00
159.313950,0x06F,0,0,8,0x91,0x9C,0xD0,0x44,0x00,0x02,0xB0,0x7E
159.509450,0x065,0,0,1,0x00,0x00,0x00,0x00,0x00,0x00,0x00,0x00
159.509451,0x066,0,0,6,0x01,0x00,0x44,0x30,0x54,0x2D,0x00,0x00
159.511300,0x06F,0,0,8,0x9B,0x94,0x30,0x45,0x01,0x2A,0xF0,0x7E
159.707500,0x065,0,0,1,0x00,0x00,0x00,0x00,0x00,0x00,0x00,0x00
159.707501,0x066,0,0,6,0x01,0xC8,0x44,0x30,0x54,0x2D,0x00,0x00
159.709300,0x06F,0,0,8,0x85,0x9C,0xB0,0x44,0xFB,0xD9,0xCF,0x80
159.905500,0x065,0,0,1,0x00,0x00,0x00,0x00,0x00,0x00,0x00,0x00
159.905501,0x066,0,0,6,0x01,0x8F,0x45,0x30,0x54,0x2D,0x00,0x00
159.907400,0x06F,0,0,8,0x8B,0x84,0x50,0xC4,0xFD,0xED,0xEF,0x7F
160.103700,0x065,0,0,1,0x00,0x00,0x00,0x00,0x00,0x00,0x00,0x00
160.103701,0x066,0,0,6,0x01,0x58,0x46,0x30,0x54,0x2D,0x00,0x00
160.105300,0x06F,0,0,8,0x89,0x04,0x10,0xC4,0xFC,0x39,0xD0,0x80
160.301500,0x065,0,0,1,0x00,0x00,0x00,0x00,0x00,0x00,0x00,0x00
160.301501,0x066,0,0,6,0x01,0x1F,0x47,0x30,0x54,0x2D,0x00,0x00
160.303300,0x06F,0,0,8,0x97,0xD4,0x8F,0xC4,0xFB,0xD9,0x2F,0x80
160.499500,0x065,0,0,1,0x00,0x00,0x00,0x00,0x00,0x00,0x00,0x00
160.499501,0x066,0,0,6,0x01,0xE8,0x47,0x30,0x54,0x2D,0x00,0x00
160.501300,0x06F,0,0,8,0x85,0xCC,0xEF,0xC3,0xFC,0xED,0x2F,0x80
160.697700,0x065,0,0,1,0x00,0x00,0x00,0x00,0x00,0x00,0x00,0x00
160.697701,0x066,0,0,6,0x01,0xB0,0x48,0x30,0x54,0x2D,0x00,0x00
160.699950,0x06F,0,0,8,0x8D,0xBC,0xCF,0xC3,0xFD,0xF9,0x2F,0x80
160.895700,0x065,0,0,1,0x00,0x00,0x00,0x00,0x00,0x00,0x00,0x00
160.895701,0x066,0,0,6,0x01,0x77,0x49,0x30,0x54,0x2D,0x00,0x00
160.897450,0x06F,0,0,8,0x85,0xAC,0xAF,0xC3,0xFC,0xC5,0x0F,0x80
161.093500,0x065,0,0,1,0x00,0x00,0x00,0x00,0x00,0x00,0x00,0x00
161.093501,0x066,0,0,6,0x01,0x40,0x4A,0x30,0x54,0x2D,0x00,0x00
161.095300,0x06F,0,0,8,0x8B,0x6C,0x2F,0x44,0xFD,0xF9,0x0F,0x80
161.291700,0x065,0,0,1,0x00,0x00,0x00,0x00,0x00,0x00,0x00,0x00
161.291701,0x066,0,0,6,0x01,0x07,0x4B,0x30,0x54,0x2D,0x00,0x00
161.293300,0x06F,0,0,8,0x87,0x3C,0x2F,0x44,0xFD,0xED,0x0F,0x80
161.489500,0x065,0,0,1,0x00,0x00,0x00,0x00,0x00,0x00,0x00,0x00
161.489501,0x066,0,0,6,0x01,0xD0,0x4B,0x30,0x54,0x2D,0x00,0x00
161.492150,0x06F,0,0,8,0x85,0x1C,0x2F,0xC4,0xFC,0x01,0x30,0x80
161.687500,0x065,0,0,1,0x00,0x00,0x00,0x00,0x00,0x00,0x00,0x00
161.687501,0x066,0,0,6,0x01,0x98,0x4C,0x30,0x54,0x2D,0x00,0x00
161.689300,0x06F,0,0,8,0x89,0x24,0x0F,0x44,0xFE,0xF9,0x6F,0x7F
161.885700,0x065,0,0,1,0x00,0x00,0x00,0x00,0x00,0x00,0x00,0x00
161.885701,0x066,0,0,6,0x01,0x5F,0x4D,0x30,0x54,0x2D,0x00,0x00
161.887450,0x06F,0,0,8,0x83,0x24,0x8F,0xC4,0xFB,0x39,0x30,0x80
162.083700,0x065,0,0,1,0x00,0x00,0x00,0x00,0x00,0x00,0x00,0x00
162.083701,0x066,0,0,6,0x01,0x28,0x4E,0x30,0x54,0x2D,0x00,0x00
162.085350,0x06F,0,0,8,0x89,0x14,0xEF,0x43,0xFE,0xF5,0xEF,0x7F
162.281750,0x065,0,0,1,0x00,0x00,0x00,0x00,0x00,0x00,0x00,0x00
162.281751,0x066,0,0,6,0x01,0xEF,0x4E,0x30,0x54,0x2D,0x00,0x00
162.283350,0x06F,0,0,8,0x8B,0x1C,0x0F,0x44,0xFD,0xD1,0x0F,0x80
162.479750,0x065,0,0,1,0x00,0x00,0x00,0x00,0x00,0x00,0x00,0x00
162.479751,0x066,0,0,6,0x01,0xB8,0x4F,0x30,0x54,0x2D,0x00,0x00
162.481300,0x06F,0,0,8,0x8B,0x24,0xEF,0x43,0xFD,0xE1,0x2F,0x80
162.677750,0x065,0,0,1,0x00,0x00,0x00,0x00,0x00,0x00,0x00,0x00
162.677751,0x066,0,0,6,0x01,0x80,0x50,0x30,0x54,0x2D,0x00,0x00
162.679300,0x06F,0,0,8,0x87,0x24,0x6F,0xC4,0xFE,0xE9,0x6F,0x7F
162.875500,0x065,0,0,1,0x00,0x00,0x00,0x00,0x00,0x00,0x00,0x00
162.875501,0x066,0,0,6,0x01,0x47,0x51,0x30,0x54,0x2D,0x00,0x00
162.878100,0x06F,0,0,8,0x8B,0x14,0xCF,0xC4,0xFE,0x1D,0x90,0x7F
163.073750,0x065,0,0,1,0x00,0x00,0x00,0x00,0x00,0x00,0x00,0x00
163.073751,0x066,0,0,6,0x01,0x10,0x52,0x30,0x54,0x2D,0x00,0x00
163.075300,0x06F,0,0,8,0x89,0x1C,0xCF,0xC3,0xFD,0xE5,0x8F,0x80
163.271750,0x065,0,0,1,0x00,0x00,0x00,0x00,0x00,0x00,0x00,0x00
163.271751,0x066,0,0,6,0x01,0xD7,0x52,0x30,0x54,0x2D,0x00,0x00
163.273300,0x06F,0,0,8,0x87,0x1C,0x8F,0xC4,0xFE,0x09,0x10,0x80
163.469250,0x06F,0,0,8,0x85,0x24,0x8F,0x44,0xFE,0xE5,0xCF,0x7F
163.469900,0x065,0,0,1,0x00,0x00,0x00,0x00,0x00,0x00,0x00,0x00
163.469901,0x066,0,0,6,0x01,0xA0,0x53,0x30,0x54,0x2D,0x00,0x00
163.667750,0x065,0,0,1,0x00,0x00,0x00,0x00,0x00,0x00,0x00,0x00
163.667751,0x066,0,0,6,0x01,0x68,0x54,0x30,0x54,0x2D,0x00,0x00
163.670000,0x06F,0,0,8,0x73,0x1C,0xEF,0xC3,0xFE,0xF1,0xCF,0x7F
163.865750,0x065,0,0,1,0x00,0x00,0x00,0x00,0x00,0x00,0x00,0x00
163.865751,0x066,0,0,6,0x01,0x2F,0x55,0x30,0x54,0x2D,0x00,0x00
163.867450,0x06F,0,0,8,0x85,0x2C,0x6F,0x44,0xFF,0x11,0xF0,0x7F
164.063750,0x065,0,0,1,0x00,0x00,0x00,0x00,0x00,0x00,0x00,0x00
164.063751,0x066,0,0,6,0x01,0xF8,0x55,0x30,0x54,0x2D,0x00,0x00
164.065350,0x06F,0,0,8,0x8F,0x1C,0x6F,0x44,0x00,0xC2,0x4F,0x7F
164.261750,0x065,0,0,1,0x00,0x00,0x00,0x00,0x00,0x00,0x00,0x00
164.261751,0x066,0,0,6,0x01,0xBF,0x56,0x30,0x54,0x2D,0x00,0x00
164.263350,0x06F,0,0,8,0x87,0x2C,0x2F,0xC4,0xFE,0xED,0x2F,0x80
164.459750,0x065,0,0,1,0x00,0x00,0x00,0x00,0x00,0x00,0x00,0x00
164.459751,0x066,0,0,6,0x01,0x88,0x57,0x30,0x54,0x2D,0x00,0x00
164.461350,0x06F,0,0,8,0x85,0x2C,0x8F,0x44,0xFD,0xF1,0x8F,0x80
164.657300,0x06F,0,0,8,0x85,0x34,0x8F,0xC4,0xFE,0x21,0xF0,0x7F
164.657950,0x065,0,0,1,0x00,0x00,0x00,0x00,0x00,0x00,0x00,0x00
164.657951,0x066,0,0,6,0x01,0x50,0x58,0x30,0x54,0x2D,0x00,0x00
164.855300,0x06F,0,0,8,0x8D,0x1C,0xEF,0xC4,0x00,0xEA,0x6F,0x7F
164.855950,0x065,0,0,1,0x00,0x00,0x00,0x00,0x00,0x00,0x00,0x00
164.855951,0x066,0,0,6,0x01,0x17,0x59,0x30,0x54,0x2D,0x00,0x00
165.053750,0x065,0,0,1,0x00,0x00,0x00,0x00,0x00,0x00,0x00,0x00
165.053751,0x066,0,0,6,0x01,0xE0,0x59,0x30,0x54,0x2D,0x00,0x00
165.056000,0x06F,0,0,8,0x85,0x34,0xCF,0x44,0xFF,0x0D,0xF0,0x7F
165.251750,0x065,0,0,1,0x00,0x00,0x00,0x00,0x00,0x00,0x00,0x00
165.251751,0x066,0,0,6,0x01,0xA7,0x5A,0x30,0x54,0x2D,0x00,0x00
165.251950,0x06F,0,0,8,0x85,0x2C,0xEF,0x44,0xFF,0x15,0xD0,0x7F
165.449750,0x065,0,0,1,0x00,0x00,0x00,0x00,0x00,0x00,0x00,0x00
165.449751,0x066,0,0,6,0x01,0x70,0x5B,0x30,0x54,0x2D,0x00,0x00
165.451350,0x06F,0,0,8,0x89,0x2C,0xAF,0xC4,0xFF,0x01,0x90,0x7F
165.647750,0x065,0,0,1,0x00,0x00,0x00,0x00,0x00,0x00,0x00,0x00
165.647751,0x066,0,0,6,0x01,0x38,0x5C,0x30,0x54,0x2D,0x00,0x00
165.649350,0x06F,0,0,8,0x85,0x2C,0xCF,0xC4,0xFE,0xED,0xCF,0x7F
165.845300,0x06F,0,0,8,0x8B,0x34,0xAF,0xC4,0xFF,0xF5,0xAF,0x7F
165.846600,0x065,0,0,1,0x00,0x00,0x00,0x00,0x00,0x00,0x00,0x00
165.846601,0x066,0,0,6,0x01,0xFF,0x5C,0x30,0x54,0x2D,0x00,0x00
166.043300,0x06F,0,0,8,0x85,0x34,0x8F,0xC4,0xFE,0xFD,0xEF,0x7F
166.043950,0x065,0,0,1,0x00,0x00,0x00,0x00,0x00,0x00,0x00,0x00
166.043951,0x066,0,0,6,0x01,0xC8,0x5D,0x30,0x54,0x2D,0x00,0x00
166.241800,0x065,0,0,1,0x00,0x00,0x00,0x00,0x00,0x00,0x00,0x00
166.241801,0x066,0,0,6,0x01,0x8F,0x5E,0x30,0x54,0x2D,0x00,0x00
166.243400,0x06F,0,0,8,0x89,0x5C,0xAF,0x44,0xFE,0xF9,0xEF,0x7F
166.439300,0x06F,0,0,8,0x87,0x8C,0x8F,0x44,0xFF,0xF5,0x6F,0x7F
166.439950,0x065,0,0,1,0x00,0x00,0x00,0x00,0x00,0x00,0x00,0x00
166.439951,0x066,0,0,6,0x01,0x53,0x5F,0x30,0x54,0x2D,0x00,0x00
166.637300,0x06F,0,0,8,0x89,0xCC,0x6F,0xC4,0xFF,0xF9,0x8F,0x7F
166.637950,0x065,0,0,1,0x00,0x00,0x00,0x00,0x00,0x00,0x00,0x00
166.637951,0x066,0,0,6,0x01,0x1F,0x60,0x30,0x54,0x2D,0x00,0x00
166.835800,0x065,0,0,1,0x00,0x00,0x00,0x00,0x00,0x00,0x00,0x00
166.835801,0x066,0,0,6,0x01,0xE7,0x60,0x30,0x54,0x2D,0x00,0x00
166.836000,0x06F,0,0,8,0x8B,0xCC,0xAF,0xC4,0xFF,0xED,0x8F,0x7F
167.033300,0x06F,0,0,8,0x89,0xD4,0x4F,0x44,0xFF,0xFD,0xEF,0x7F
167.033950,0x065,0,0,1,0x00,0x00,0x00,0x00,0x00,0x00,0x00,0x00
167.033951,0x066,0,0,6,0x01,0xAF,0x61,0x30,0x54,0x2D,0x00,0x00
167.231300,0x06F,0,0,8,0x89,0xCC,0xAF,0x44,0xFF,0xED,0xCF,0x7F
167.231950,0x065,0,0,1,0x00,0x00,0x00,0x00,0x00,0x00,0x00,0x00
167.231951,0x066,0,0,6,0x01,0x77,0x62,0x30,0x54,0x2D,0x00,0x00
167.429300,0x06F,0,0,8,0x89,0xD4,0x4F,0xC4,0x00,0x02,0xD0,0x7F
167.429950,0x065,0,0,1,0x00,0x00,0x00,0x00,0x00,0x00,0x00,0x00
167.429951,0x066,0,0,6,0x01,0x3F,0x63,0x30,0x54,0x2D,0x00,0x00
167.627300,0x06F,0,0,8,0x89,0xD4,0xAF,0x44,0xFF,0xFD,0xEF,0x7F
167.627950,0x065,0,0,1,0x00,0x00,0x00,0x00,0x00,0x00,0x00,0x00
167.627951,0x066,0,0,6,0x01,0x07,0x64,0x30,0x54,0x2D,0x00,0x00
167.825300,0x06F,0,0,8,0x89,0xE4,0x4F,0xC4,0xFF,0xF5,0xEF,0x7F
167.825950,0x065,0,0,1,0x00,0x00,0x00,0x00,0x00,0x00,0x00,0x00
167.825951,0x066,0,0,6,0x01,0xCF,0x64,0x30,0x54,0x2D,0x00,0x00
168.023300,0x06F,0,0,8,0x89,0xE4,0x8F,0xC4,0xFE,0x01,0x10,0x80
168.024650,0x065,0,0,1,0x00,0x00,0x00,0x00,0x00,0x00,0x00,0x00
168.024651,0x066,0,0,6,0x01,0x97,0x65,0x30,0x54,0x2D,0x00,0x00
168.221300,0x06F,0,0,8,0x87,0xEC,0x6F,0x44,0xFF,0xF5,0xCF,0x7F
168.221950,0x065,0,0,1,0x00,0x00,0x00,0x00,0x00,0x00,0x00,0x00
168.221951,0x066,0,0,6,0x01,0x5F,0x66,0x30,0x54,0x2D,0x00,0x00
168.419300,0x06F,0,0,8,0x89,0xF4,0x4F,0xC4,0xFF,0xF9,0xCF,0x7F
168.419950,0x065,0,0,1,0x00,0x00,0x00,0x00,0x00,0x00,0x00,0x00
168.419951,0x066,0,0,6,0x01,0x27,0x67,0x30,0x54,0x2D,0x00,0x00
168.617300,0x06F,0,0,8,0x8B,0xFC,0x6F,0x44,0xFF,0x05,0xD0,0x7F
168.617950,0x065,0,0,1,0x00,0x00,0x00,0x00,0x00,0x00,0x00,0x00
168.617951,0x066,0,0,6,0x01,0xEF,0x67,0x30,0x54,0x2D,0x00,0x00
168.815350,0x06F,0,0,8,0x89,0x04,0x50,0xC4,0xFF,0x01,0xD0,0x7F
168.816000,0x065,0,0,1,0x00,0x00,0x00,0x00,0x00,0x00,0x00,0x00
168.816001,0x066,0,0,6,0x01,0xB7,0x68,0x30,0x54,0x2D,0x00,0x00
169.013350,0x06F,0,0,8,0x89,0x04,0x70,0x44,0xFF,0x05,0x30,0x80
169.014000,0x065,0,0,1,0x00,0x00,0x00,0x00,0x00,0x00,0x00,0x00
169.014001,0x066,0,0,6,0x01,0x7F,0x69,0x30,0x54,0x2D,0x00,0x00
169.211350,0x06F,0,0,8,0x89,0xFC,0x6F,0x44,0xFF,0xFD,0xEF,0x7F
169.212200,0x065,0,0,1,0x00,0x00,0x00,0x00,0x00,0x00,0x00,0x00
169.212201,0x066,0,0,6,0x01,0x47,0x6A,0x30,0x54,0x2D,0x00,0x00
169.409350,0x06F,0,0,8,0x8D,0xFC,0x4F,0x44,0xFF,0xFD,0xCF,0x7F
169.409950,0x065,0,0,1,0x00,0x00,0x00,0x00,0x00,0x00,0x00,0x00
169.409951,0x066,0,0,6,0x01,0x0F,0x6B,0x30,0x54,0x2D,0x00,0x00
169.607350,0x06F,0,0,8,0x89,0x04,0x50,0x44,0xFF,0x05,0x30,0x80
169.607950,0x065,0,0,1,0x00,0x00,0x00,0x00,0x00,0x00,0x00,0x00
169.607951,0x066,0,0,6,0x01,0xD7,0x6B,0x30,0x54,0x2D,0x00,0x00
169.805350,0x06F,0,0,8,0x8B,0x0C,0x90,0x44,0xFF,0x01,0xD0,0x7F
169.806100,0x065,0,0,1,0x00,0x00,0x00,0x00,0x00,0x00,0x00,0x00
169.806101,0x066,0,0,6,0x01,0x9F,0x6C,0x30,0x54,0x2D,0x00,0x00
170.003350,0x06F,0,0,8,0x8B,0x04,0x90,0x44,0xFF,0xF9,0x2F,0x80
170.004100,0x065,0,0,1,0x00,0x00,0x00,0x00,0x00,0x00,0x00,0x00
170.004101,0x066,0,0,6,0x01,0x67,0x6D,0x30,0x54,0x2D,0x00,0x00
170.201350,0x06F,0,0,8,0x8D,0x0C,0xB0,0x44,0xFF,0x09,0x10,0x80
170.202650,0x065,0,0,1,0x00,0x00,0x00,0x00,0x00,0x00,0x00,0x00
170.202651,0x066,0,0,6,0x01,0x2F,0x6E,0x30,0x54,0x2D,0x00,0x00
170.399350,0x06F,0,0,8,0x8D,0x04,0xB0,0x44,0x00,0xFA,0xAF,0x7F
170.400200,0x065,0,0,1,0x00,0x00,0x00,0x00,0x00,0x00,0x00,0x00
170.400201,0x066,0,0,6,0x01,0xF7,0x6E,0x30,0x54,0x2D,0x00,0x00
170.597350,0x06F,0,0,8,0x8D,0x0C,0xB0,0xC4,0xFF,0xF9,0xEF,0x7F
170.598000,0x065,0,0,1,0x00,0x00,0x00,0x00,0x00,0x00,0x00,0x00
170.598001,0x066,0,0,6,0x01,0xBF,0x6F,0x30,0x54,0x2D,0x00,0x00
170.795350,0x06F,0,0,8,0x8B,0x0C,0x70,0xC4,0xFF,0x05,0xD0,0x7F
170.796000,0x065,0,0,1,0x00,0x00,0x00,0x00,0x00,0x00,0x00,0x00
170.796001,0x066,0,0,6,0x01,0x87,0x70,0x30,0x54,0x2D,0x00,0x00
170.993350,0x06F,0,0,8,0x87,0x04,0xD0,0xC4,0xFF,0x0D,0x50,0x80
170.994150,0x065,0,0,1,0x00,0x00,0x00,0x00,0x00,0x00,0x00,0x00
170.994151,0x066,0,0,6,0x01,0x4F,0x71,0x30,0x54,0x2D,0x00,0x00
171.191350,0x06F,0,0,8,0x85,0xFC,0xAF,0x44,0x01,0xFA,0x6F,0x80
171.192150,0x065,0,0,1,0x00,0x00,0x00,0x00,0x00,0x00,0x00,0x00
171.192151,0x066,0,0,6,0x01,0x17,0x72,0x30,0x54,0x2D,0x00,0x00
171.389350,0x06F,0,0,8,0x8F,0xE4,0x4F,0x44,0x00,0xFE,0xAF,0x80
171.390250,0x065,0,0,1,0x00,0x00,0x00,0x00,0x00,0x00,0x00,0x00
171.390251,0x066,0,0,6,0x01,0xDF,0x72,0x30,0x54,0x2D,0x00,0x00
171.587350,0x06F,0,0,8,0x89,0xE4,0x6F,0xC4,0xFF,0x0D,0xD0,0x7F
171.588250,0x065,0,0,1,0x00,0x00,0x00,0x00,0x00,0x00,0x00,0x00
171.588251,0x066,0,0,6,0x01,0xA7,0x73,0x30,0x54,0x2D,0x00,0x00
171.785350,0x06F,0,0,8,0x8B,0xD4,0x4F,0xC4,0xFD,0xE5,0xCF,0x7F
171.786200,0x065,0,0,1,0x00,0x00,0x00,0x00,0x00,0x00,0x00,0x00
171.786201,0x066,0,0,6,0x01,0x6F,0x74,0x30,0x54,0x2D,0x00,0x00
171.983350,0x06F,0,0,8,0x89,0xDC,0x2F,0xC4,0xFC,0x01,0xB0,0x7F
171.984000,0x065,0,0,1,0x00,0x00,0x00,0x00,0x00,0x00,0x00,0x00
171.984001,0x066,0,0,6,0x01,0x37,0x75,0x30,0x54,0x2D,0x00,0x00
172.181350,0x06F,0,0,8,0x89,0xD4,0x8F,0x44,0xFC,0xFD,0xAF,0x7F
172.182150,0x065,0,0,1,0x00,0x00,0x00,0x00,0x00,0x00,0x00,0x00
172.182151,0x066,0,0,6,0x01,0xFF,0x75,0x30,0x54,0x2D,0x00,0x00
172.379350,0x06F,0,0,8,0x87,0xCC,0x8F,0x44,0xFD,0xF1,0xEF,0x7F
172.380800,0x065,0,0,1,0x00,0x00,0x00,0x00,0x00,0x00,0x00,0x00
172.380801,0x066,0,0,6,0x01,0xC7,0x76,0x30,0x54,0x2D,0x00,0x00
172.577350,0x06F,0,0,8,0x89,0xC4,0x6F,0xC4,0xFD,0x01,0xD0,0x7F
172.578350,0x065,0,0,1,0x00,0x00,0x00,0x00,0x00,0x00,0x00,0x00
172.578351,0x066,0,0,6,0x01,0x8F,0x77,0x30,0x54,0x2D,0x00,0x00
172.775350,0x06F,0,0,8,0x89,0xC4,0x8F,0x44,0xFE,0xF9,0xEF,0x7F
172.776250,0x065,0,0,1,0x00,0x00,0x00,0x00,0x00,0x00,0x00,0x00
172.776251,0x066,0,0,6,0x01,0x57,0x78,0x30,0x54,0x2D,0x00,0x00
172.973350,0x06F,0,0,8,0x8B,0xBC,0x4F,0xC4,0xFD,0xF1,0x0F,0x80
172.974250,0x065,0,0,1,0x00,0x00,0x00,0x00,0x00,0x00,0x00,0x00
172.974251,0x066,0,0,6,0x01,0x1F,0x79,0x30,0x54,0x2D,0x00,0x00
173.171400,0x06F,0,0,8,0x8B,0xB4,0x4F,0x44,0xFE,0xF5,0xEF,0x7F
173.172050,0x065,0,0,1,0x00,0x00,0x00,0x00,0x00,0x00,0x00,0x00
173.172051,0x066,0,0,6,0x01,0xE7,0x79,0x30,0x54,0x2D,0x00,0x00
173.369400,0x06F,0,0,8,0x89,0xA4,0x4F,0x44,0xFE,0xED,0xCF,0x7F
173.370150,0x065,0,0,1,0x00,0x00,0x00,0x00,0x00,0x00,0x00,0x00
173.370151,0x066,0,0,6,0x01,0xAF,0x7A,0x30,0x54,0x2D,0x00,0x00
173.567400,0x06F,0,0,8,0x87,0x94,0x2F,0x44,0xFE,0x01,0x70,0x80
173.568150,0x065,0,0,1,0x00,0x00,0x00,0x00,0x00,0x00,0x00,0x00
173.568151,0x066,0,0,6,0x01,0x77,0x7B,0x30,0x54,0x2D,0x00,0x00
173.765400,0x06F,0,0,8,0x89,0x7C,0x8F,0xC4,0xFE,0xF9,0xEF,0x7F
173.766400,0x065,0,0,1,0x00,0x00,0x00,0x00,0x00,0x00,0x00,0x00
173.766401,0x066,0,0,6,0x01,0x3F,0x7C,0x30,0x54,0x2D,0x00,0x00
173.963400,0x06F,0,0,8,0x87,0x7C,0x4F,0xC4,0xFE,0xE1,0xCF,0x7F
173.964250,0x065,0,0,1,0x00,0x00,0x00,0x00,0x00,0x00,0x00,0x00
173.964251,0x066,0,0,6,0x01,0x07,0x7D,0x30,0x54,0x2D,0x00,0x00
174.161400,0x06F,0,0,8,0x8D,0x74,0x6F,0xC4,0xFE,0xF9,0xEF,0x7F
174.162250,0x065,0,0,1,0x00,0x00,0x00,0x00,0x00,0x00,0x00,0x00
174.162251,0x066,0,0,6,0x01,0xCF,0x7D,0x30,0x54,0x2D,0x00,0x00
174.359400,0x06F,0,0,8,0x87,0x84,0x4F,0xC4,0xFF,0x05,0xB0,0x7F
174.360400,0x065,0,0,1,0x00,0x00,0x00,0x00,0x00,0x00,0x00,0x00
174.360401,0x066,0,0,6,0x01,0x97,0x7E,0x30,0x54,0x2D,0x00,0x00
174.557400,0x06F,0,0,8,0x87,0x8C,0x4F,0xC4,0xFF,0x01,0xB0,0x7F
174.558850,0x065,0,0,1,0x00,0x00,0x00,0x00,0x00,0x00,0x00,0x00
174.558851,0x066,0,0,6,0x01,0x5F,0x7F,0x30,0x54,0x2D,0x00,0x00
174.755400,0x06F,0,0,8,0x8B,0x9C,0x6F,0x44,0xFF,0xF9,0xEF,0x7F
174.756400,0x065,0,0,1,0x00,0x00,0x00,0x00,0x00,0x00,0x00,0x00
174.756401,0x066,0,0,6,0x01,0x27,0x80,0x30,0x54,0x2D,0x00,0x00
174.953400,0x06F,0,0,8,0x89,0x9C,0x6F,0x44,0xFF,0xF5,0xEF,0x7F
174.954400,0x065,0,0,1,0x00,0x00,0x00,0x00,0x00,0x00,0x00,0x00
174.954401,0x066,0,0,6,0x01,0xEF,0x80,0x30,0x54,0x2D,0x00,0x00
175.151400,0x06F,0,0,8,0x8B,0x9C,0x4F,0x44,0xFF,0xF5,0xAF,0x7F
175.152400,0x065,0,0,1,0x00,0x00,0x00,0x00,0x00,0x00,0x00,0x00
175.152401,0x066,0,0,6,0x01,0xB7,0x81,0x30,0x54,0x2D,0x00,0x00
175.349400,0x06F,0,0,8,0x8D,0x9C,0x6F,0xC4,0xFF,0xF9,0xCF,0x7F
175.350300,0x065,0,0,1,0x00,0x00,0x00,0x00,0x00,0x00,0x00,0x00
175.350301,0x066,0,0,6,0x01,0x7F,0x82,0x30,0x54,0x2D,0x00,0x00
175.547400,0x06F,0,0,8,0x89,0x9C,0x6F,0x44,0xFF,0xFD,0xEF,0x7F
175.548400,0x065,0,0,1,0x00,0x00,0x00,0x00,0x00,0x00,0x00,0x00
175.548401,0x066,0,0,6,0x01,0x47,0x83,0x30,0x54,0x2D,0x00,0x00
175.745400,0x06F,0,0,8,0x8B,0xA4,0x4F,0xC4,0xFF,0xF5,0xEF,0x7F
175.746400,0x065,0,0,1,0x00,0x00,0x00,0x00,0x00,0x00,0x00,0x00
175.746401,0x066,0,0,6,0x01,0x0F,0x84,0x30,0x54,0x2D,0x00,0x00
175.943400,0x06F,0,0,8,0x8B,0xA4,0x4F,0x44,0xFF,0x05,0x10,0x80
175.944450,0x065,0,0,1,0x00,0x00,0x00,0x00,0x00,0x00,0x00,0x00
175.944451,0x066,0,0,6,0x01,0xD7,0x84,0x30,0x54,0x2D,0x00,0x00
176.141400,0x06F,0,0,8,0x8B,0xB4,0x6F,0xC4,0xFF,0xFD,0xCF,0x7F
176.142450,0x065,0,0,1,0x00,0x00,0x00,0x00,0x00,0x00,0x00,0x00
176.142451,0x066,0,0,6,0x01,0x9F,0x85,0x30,0x54,0x2D,0x00,0x00
176.339400,0x06F,0,0,8,0x8B,0xC4,0x4F,0x44,0xFF,0xF5,0xCF,0x7F
176.340400,0x065,0,0,1,0x00,0x00,0x00,0x00,0x00,0x00,0x00,0x00
176.340401,0x066,0,0,6,0x01,0x67,0x86,0x30,0x54,0x2D,0x00,0x00
176.537400,0x06F,0,0,8,0x8B,0xC4,0x2F,0x44,0xFF,0x01,0xD0,0x7F
176.538400,0x065,0,0,1,0x00,0x00,0x00,0x00,0x00,0x00,0x00,0x00
176.538401,0x066,0,0,6,0x01,0x2F,0x87,0x30,0x54,0x2D,0x00,0x00
176.735400,0x06F,0,0,8,0x8B,0xC4,0x4F,0x44,0xFF,0xF9,0xEF,0x7F
176.737100,0x065,0,0,1,0x00,0x00,0x00,0x00,0x00,0x00,0x00,0x00
176.737101,0x066,0,0,6,0x01,0xF7,0x87,0x30,0x54,0x2D,0x00,0x00
176.933400,0x06F,0,0,8,0x8B,0xC4,0x4F,0x44,0xFF,0xFD,0xEF,0x7F
176.934400,0x065,0,0,1,0x00,0x00,0x00,0x00,0x00,0x00,0x00,0x00
176.934401,0x066,0,0,6,0x01,0xBF,0x88,0x30,0x54,0x2D,0x00,0x00
177.131400,0x06F,0,0,8,0x8B,0xC4,0x4F,0x44,0xFF,0xFD,0xEF,0x7F
177.132400,0x065,0,0,1,0x00,0x00,0x00,0x00,0x00,0x00,0x00,0x00
177.132401,0x066,0,0,6,0x01,0x87,0x89,0x30,0x54,0x2D,0x00,0x00
177.329450,0x06F,0,0,8,0x8B,0xC4,0x4F,0x44,0xFF,0xFD,0xEF,0x7F
177.330450,0x065,0,0,1,0x00,0x00,0x00,0x00,0x00,0x00,0x00,0x00
177.330451,0x066,0,0,6,0x01,0x4F,0x8A,0x30,0x54,0x2D,0x00,0x00
177.527450,0x06F,0,0,8,0x8B,0xC4,0x6F,0x44,0xFF,0xF9,0xEF,0x7F
177.528450,0x065,0,0,1,0x00,0x00,0x00,0x00,0x00,0x00,0x00,0x00
177.528451,0x066,0,0,6,0x01,0x17,0x8B,0x30,0x54,0x2D,0x00,0x00
177.725450,0x06F,0,0,8,0x8B,0xC4,0x4F,0x44,0xFF,0xFD,0xEF,0x7F
177.726550,0x065,0,0,1,0x00,0x00,0x00,0x00,0x00,0x00,0x00,0x00
177.726551,0x066,0,0,6,0x01,0xDF,0x8B,0x30,0x54,0x2D,0x00,0x00
177.923450,0x06F,0,0,8,0x8B,0xBC,0x4F,0x44,0xFF,0xFD,0xEF,0x7F
177.924450,0x065,0,0,1,0x00,0x00,0x00,0x00,0x00,0x00,0x00,0x00
177.924451,0x066,0,0,6,0x01,0xA7,0x8C,0x30,0x54,0x2D,0x00,0x00
178.121450,0x06F,0,0,8,0x8B,0xBC,0x4F,0x44,0xFF,0xFD,0xEF,0x7F
178.319700,0x065,0,0,1,0x00,0x00,0x00,0x00,0x00,0x00,0x00,0x00
178.319701,0x066,0,0,6,0x01,0x6F,0x8D,0x30,0x54,0x2D,0x00,0x00
178.322100,0x06F,0,0,8,0x8B,0xBC,0x4F,0x44,0xFF,0xFD,0xEF,0x7F
178.517700,0x065,0,0,1,0x00,0x00,0x00,0x00,0x00,0x00,0x00,0x00
178.517701,0x066,0,0,6,0x01,0x37,0x8E,0x30,0x54,0x2D,0x00,0x00
178.519450,0x06F,0,0,8,0x8B,0xC4,0x4F,0x44,0xFF,0xFD,0xEF,0x7F
178.715700,0x065,0,0,1,0x00,0x00,0x00,0x00,0x00,0x00,0x00,0x00
178.715701,0x066,0,0,6,0x01,0xFF,0x8E,0x30,0x54,0x2D,0x00,0x00
178.717450,0x06F,0,0,8,0x8B,0xC4,0x4F,0x44,0xFF,0xF9,0xEF,0x7F
178.913700,0x065,0,0,1,0x00,0x00,0x00,0x00,0x00,0x00,0x00,0x00
178.913701,0x066,0,0,6,0x01,0xC7,0x8F,0x30,0x54,0x2D,0x00,0x00
178.915550,0x06F,0,0,8,0x8D,0xD4,0x4F,0x44,0xFF,0xF9,0xCF,0x7F
179.111950,0x065,0,0,1,0x00,0x00,0x00,0x00,0x00,0x00,0x00,0x00
179.111951,0x066,0,0,6,0x01,0x8F,0x90,0x30,0x54,0x2D,0x00,0x00
179.113450,0x06F,0,0,8,0x8B,0xEC,0x4F,0x44,0xFF,0xF9,0xCF,0x7F
179.309700,0x065,0,0,1,0x00,0x00,0x00,0x00,0x00,0x00,0x00,0x00
179.309701,0x066,0,0,6,0x01,0x57,0x91,0x30,0x54,0x2D,0x00,0x00
179.311450,0x06F,0,0,8,0x8D,0xDC,0x4F,0xC4,0xFE,0xFD,0xEF,0x7F
179.507700,0x065,0,0,1,0x00,0x00,0x00,0x00,0x00,0x00,0x00,0x00
179.507701,0x066,0,0,6,0x01,0x1F,0x92,0x30,0x54,0x2D,0x00,0x00
179.509450,0x06F,0,0,8,0x8B,0xE4,0x4F,0x44,0xFF,0xFD,0xEF,0x7F
179.705950,0x065,0,0,1,0x00,0x00,0x00,0x00,0x00,0x00,0x00,0x00
179.705951,0x066,0,0,6,0x01,0xE7,0x92,0x30,0x54,0x2D,0x00,0x00
179.708400,0x06F,0,0,8,0x8B,0xE4,0x4F,0x44,0xFF,0xFD,0xEF,0x7F
179.903700,0x065,0,0,1,0x00,0x00,0x00,0x00,0x00,0x00,0x00,0x00
179.903701,0x066,0,0,6,0x01,0xAF,0x93,0x30,0x54,0x2D,0x00,0x00
179.905600,0x06F,0,0,8,0x8B,0xE4,0x4F,0x44,0xFF,0xFD,0xEF,0x7F
180.101950,0x065,0,0,1,0x30,0x00,0x00,0x00,0x00,0x00,0x00,0x00
180.101951,0x066,0,0,6,0x01,0x77,0x94,0x30,0x54,0x2D,0x00,0x00
180.103550,0x06F,0,0,8,0x8B,0xE4,0x4F,0x44,0xFF,0xFD,0xEF,0x7F
180.299950,0x065,0,0,1,0x33,0x00,0x00,0x00,0x00,0x00,0x00,0x00
180.299951,0x066,0,0,6,0x01,0x3F,0x95,0x30,0x54,0x2D,0x00,0x00
180.299952,0x067,0,0,8,0x57,0x1B,0x8A,0x50,0x34,0x35,0x6D,0xFD
180.299953,0x068,0,0,4,0xD3,0xF5,0xA1,0x01,0x00,0x00,0x00,0x00
180.299954,0x06B,0,0,5,0xAB,0x03,0x20,0x66,0x00,0x00,0x00,0x00
180.302500,0x06F,0,0,8,0x8B,0xE4,0x4F,0x44,0xFF,0xFD,0xEF,0x7F
180.497700,0x065,0,0,1,0x33,0x00,0x00,0x00,0x00,0x00,0x00,0x00
180.497701,0x066,0,0,6,0x01,0x07,0x96,0x30,0x54,0x2D,0x00,0x00
180.497702,0x067,0,0,8,0x55,0x1B,0x8A,0xD0,0x35,0x35,0x6D,0xFD
180.497703,0x068,0,0,4,0xDD,0xF5,0xC1,0x01,0x00,0x00,0x00,0x00
180.497704,0x06B,0,0,5,0x95,0x02,0xC0,0x59,0x00,0x00,0x00,0x00
180.499900,0x06F,0,0,8,0x8B,0xDC,0x4F,0x44,0xFF,0xF9,0xEF,0x7F
180.695950,0x065,0,0,1,0x33,0x00,0x00,0x00,0x00,0x00,0x00,0x00
180.695951,0x066,0,0,6,0x01,0xCF,0x96,0x30,0x54,0x2D,0x00,0x00
180.695952,0x067,0,0,8,0x55,0x1B,0x8A,0x30,0x36,0x35,0x6D,0xD9
180.695953,0x068,0,0,4,0xD9,0xF5,0x99,0x01,0x00,0x00,0x00,0x00
180.695954,0x06B,0,0,5,0xBB,0x00,0x00,0x60,0x00,0x00,0x00,0x00
180.698550,0x06F,0,0,8,0x8B,0xE4,0x4F,0x44,0xFF,0xFD,0xEF,0x7F
180.893950,0x065,0,0,1,0x33,0x00,0x00,0x00,0x00,0x00,0x00,0x00
180.893951,0x066,0,0,6,0x01,0x97,0x97,0x30,0x54,0x2D,0x00,0x00
180.893952,0x067,0,0,8,0x55,0x1B,0x8A,0x50,0x36,0x35,0x6D,0xC1
180.893953,0x068,0,0,4,0xDF,0xF5,0x79,0x01,0x00,0x00,0x00,0x00
180.893954,0x06B,0,0,5,0x49,0x00,0x20,0x41,0x00,0x00,0x00,0x00
180.896000,0x06F,0,0,8,0x8B,0xE4,0x6F,0x44,0xFF,0xFD,0xEF,0x7F
181.091750,0x065,0,0,1,0x33,0x00,0x00,0x00,0x00,0x00,0x00,0x00
181.091751,0x066,0,0,6,0x01,0x5F,0x98,0x30,0x54,0x2D,0x00,0x00
181.091752,0x067,0,0,8,0x55,0x1B,0x8A,0xB0,0x36,0x35,0x6D,0xB1
181.091753,0x068,0,0,4,0xD5,0xF5,0x59,0x01,0x00,0x00,0x00,0x00
181.091754,0x06B,0,0,5,0x69,0x01,0xE0,0x59,0x00,0x00,0x00,0x00
181.094550,0x06F,0,0,8,0x8B,0xE4,0x0F,0x44,0xFF,0x05,0xF0,0x7F
181.289750,0x065,0,0,1,0x33,0x00,0x00,0x00,0x00,0x00,0x00,0x00
181.289751,0x066,0,0,6,0x01,0x27,0x99,0x30,0x54,0x2D,0x00,0x00
181.289752,0x067,0,0,8,0x57,0x1B,0x8A,0x50,0x36,0x35,0x6D,0xA5
181.289753,0x068,0,0,4,0xD5,0xF5,0x49,0x01,0x00,0x00,0x00,0x00
181.289754,0x06B,0,0,5,0xBF,0x00,0x60,0x56,0x00,0x00,0x00,0x00
181.291850,0x06F,0,0,8,0x8B,0xDC,0x8F,0x44,0xFF,0xED,0xEF,0x7F
181.487950,0x065,0,0,1,0x33,0x00,0x00,0x00,0x00,0x00,0x00,0x00
181.487951,0x066,0,0,6,0x01,0xEF,0x99,0x30,0x54,0x2D,0x00,0x00
181.487952,0x067,0,0,8,0x57,0x1B,0x8A,0x90,0x36,0x35,0x6D,0x99
181.487953,0x068,0,0,4,0xD3,0xF5,0x39,0x01,0x00,0x00,0x00,0x00
181.487954,0x06B,0,0,5,0x11,0x01,0xE0,0x49,0x00,0x00,0x00,0x00
181.490550,0x06F,0,0,8,0x8D,0xE4,0x0F,0x44,0xFF,0x09,0xF0,0x7F
181.685950,0x065,0,0,1,0x33,0x00,0x00,0x00,0x00,0x00,0x00,0x00
181.685951,0x066,0,0,6,0x01,0xB7,0x9A,0x30,0x54,0x2D,0x00,0x00
181.685952,0x067,0,0,8,0x57,0x1B,0x8A,0x70,0x36,0x35,0x6D,0x91
181.685953,0x068,0,0,4,0xD5,0xF5,0x29,0x01,0x00,0x00,0x00,0x00
181.685954,0x06B,0,0,5,0xA5,0x01,0xC0,0x45,0x00,0x00,0x00,0x00
181.687850,0x06F,0,0,8,0x8B,0xE4,0x6F,0x44,0xFF,0xED,0xEF,0x7F
181.883950,0x065,0,0,1,0x33,0x00,0x00,0x00,0x00,0x00,0x00,0x00
181.883951,0x066,0,0,6,0x01,0x7F,0x9B,0x30,0x54,0x2D,0x00,0x00
181.883952,0x067,0,0,8,0x57,0x1B,0x8A,0xD0,0x36,0x35,0x6D,0x89
181.883953,0x068,0,0,4,0xDB,0xF5,0x19,0x01,0x00,0x00,0x00,0x00
181.883954,0x06B,0,0,5,0x27,0x01,0x80,0x44,0x00,0x00,0x00,0x00
181.886000,0x06F,0,0,8,0x8B,0xE4,0x6F,0x44,0xFF,0x01,0xF0,0x7F
182.081950,0x065,0,0,1,0x33,0x00,0x00,0x00,0x00,0x00,0x00,0x00
182.081951,0x066,0,0,6,0x03,0x47,0x9C,0x30,0x54,0x2D,0x00,0x00
182.081952,0x067,0,0,8,0x9B,0x1B,0x8A,0x10,0x38,0x35,0x6D,0x6D
182.081953,0x068,0,0,4,0x75,0xF5,0xE9,0x00,0x00,0x00,0x00,0x00
182.081954,0x06B,0,0,5,0x33,0x02,0x60,0x3D,0x00,0x00,0x00,0x00
182.084550,0x06F,0,0,8,0x8B,0xE4,0x4F,0x44,0xFF,0xFD,0xEF,0x7F
182.279750,0x065,0,0,1,0x33,0x00,0x00,0x00,0x00,0x00,0x00,0x00
182.279751,0x066,0,0,6,0x03,0x0F,0x9D,0x30,0x54,0x2D,0x00,0x00
182.279752,0x067,0,0,8,0xB5,0x1B,0x8A,0x90,0x38,0x35,0x6D,0x5D
182.279753,0x068,0,0,4,0x5F,0xF5,0xD1,0x00,0x00,0x00,0x00,0x00
182.279754,0x06B,0,0,5,0x0D,0x02,0x80,0x45,0x00,0x00,0x00,0x00
182.281900,0x06F,0,0,8,0x8B,0xDC,0x4F,0xC4,0xFE,0x01,0xF0,0x7F
182.477750,0x065,0,0,1,0x3B,0x00,0x00,0x00,0x00,0x00,0x00,0x00
182.477751,0x066,0,0,6,0x03,0xD7,0x9D,0x30,0x54,0x2D,0x00,0x00
182.477752,0x067,0,0,8,0xBF,0x1B,0x8A,0xB0,0x38,0x35,0x6D,0x51
182.477753,0x068,0,0,4,0x61,0xF5,0xC1,0x00,0x00,0x00,0x00,0x00
182.477754,0x06B,0,0,5,0x4F,0x00,0x60,0x29,0x00,0x00,0x00,0x00
182.480550,0x06F,0,0,8,0x8B,0xE4,0x4F,0x44,0xFF,0xFD,0xEF,0x7F
182.675950,0x065,0,0,1,0x3B,0x00,0x00,0x00,0x00,0x00,0x00,0x00
182.675951,0x066,0,0,6,0x03,0x9F,0x9E,0x30,0x54,0x2D,0x00,0x00
182.675952,0x067,0,0,8,0xC3,0x1B,0x8A,0xF0,0x38,0x35,0x6D,0x49
182.675953,0x068,0,0,4,0x69,0xF5,0xB1,0x00,0x00,0x00,0x00,0x00
182.675954,0x06B,0,0,5,0xD3,0x00,0xE0,0x28,0x00,0x00,0x00,0x00
182.678000,0x06F,0,0,8,0x8B,0xE4,0x4F,0x44,0xFF,0xFD,0xEF,0x7F
182.873500,0x06F,0,0,8,0x8B,0xE4,0x4F,0x44,0xFF,0xFD,0xEF,0x7F
182.874150,0x065,0,0,1,0x3B,0x00,0x00,0x00,0x00,0x00,0x00,0x00
182.874151,0x066,0,0,6,0x03,0x67,0x9F,0x30,0x54,0x2D,0x00,0x00
182.874152,0x067,0,0,8,0xC7,0x1B,0x8A,0x10,0x39,0x35,0x6D,0x41
182.874153,0x068,0,0,4,0x73,0xF5,0xA1,0x00,0x00,0x00,0x00,0x00
182.874154,0x06B,0,0,5,0xB3,0x00,0x60,0x30,0x00,0x00,0x00,0x00
183.072000,0x065,0,0,1,0x3B,0x00,0x00,0x00,0x00,0x00,0x00,0x00
183.072001,0x066,0,0,6,0x03,0x2F,0xA0,0x30,0x54,0x2D,0x00,0x00
183.072002,0x067,0,0,8,0xC7,0x1B,0x8A,0x70,0x39,0x35,0x6D,0x3D
183.072003,0x068,0,0,4,0x7F,0xF5,0x99,0x00,0x00,0x00,0x00,0x00
183.072004,0x06B,0,0,5,0x3F,0x01,0xA0,0x2D,0x00,0x00,0x00,0x00
183.073950,0x06F,0,0,8,0x8B,0xDC,0x4F,0x44,0xFF,0xFD,0xEF,0x7F
183.270000,0x065,0,0,1,0x3B,0x00,0x00,0x00,0x00,0x00,0x00,0x00
183.270001,0x066,0,0,6,0x03,0xF7,0xA0,0x30,0x54,0x2D,0x00,0x00
183.270002,0x067,0,0,8,0xC5,0x1B,0x8A,0xB0,0x39,0x35,0x6D,0x39
183.270003,0x068,0,0,4,0x8B,0xF5,0x91,0x00,0x00,0x00,0x00,0x00
183.270004,0x06B,0,0,5,0x9F,0x00,0x20,0x2D,0x00,0x00,0x00,0x00
183.272650,0x06F,0,0,8,0x8B,0xE4,0x4F,0x44,0xFF,0xFD,0xEF,0x7F
183.468000,0x065,0,0,1,0x3B,0x00,0x00,0x00,0x00,0x00,0x00,0x00
183.468001,0x066,0,0,6,0x03,0xBF,0xA1,0x30,0x54,0x2D,0x00,0x00
183.468002,0x067,0,0,8,0xC5,0x1B,0x8A,0xF0,0x39,0x35,0x6D,0x35
183.468003,0x068,0,0,4,0x9B,0xF5,0x89,0x00,0x00,0x00,0x00,0x00
183.468004,0x06B,0,0,5,0x3D,0x00,0x80,0x2A,0x00,0x00,0x00,0x00
183.470000,0x06F,0,0,8,0x8B,0xE4,0x4F,0x44,0xFF,0xFD,0xEF,0x7F
183.666000,0x065,0,0,1,0x3B,0x00,0x00,0x00,0x00,0x00,0x00,0x00
183.666001,0x066,0,0,6,0x03,0x87,0xA2,0x30,0x54,0x2D,0x00,0x00
183.666002,0x067,0,0,8,0xC5,0x1B,0x8A,0x30,0x3A,0x35,0x6D,0x31
183.666003,0x068,0,0,4,0xA9,0xF5,0x89,0x00,0x00,0x00,0x00,0x00
183.666004,0x06B,0,0,5,0x41,0x00,0x00,0x2A,0x00,0x00,0x00,0x00
183.668650,0x06F,0,0,8,0x8B,0xE4,0x4F,0x44,0xFF,0xFD,0xEF,0x7F
183.864000,0x065,0,0,1,0x3B,0x00,0x00,0x00,0x00,0x00,0x00,0x00
183.864001,0x066,0,0,6,0x03,0x4F,0xA3,0x30,0x54,0x2D,0x00,0x00
183.864002,0x067,0,0,8,0xC3,0x1B,0x8A,0xB0,0x3A,0x35,0x6D,0x31
183.864003,0x068,0,0,4,0xB5,0xF5,0x81,0x00,0x00,0x00,0x00,0x00
183.864004,0x06B,0,0,5,0xA7,0x00,0xA0,0x2E,0x00,0x00,0x00,0x00
183.866200,0x06F,0,0,8,0x8B,0xE4,0x4F,0x44,0xFF,0xFD,0xEF,0x7F
184.061500,0x06F,0,0,8,0x8B,0xDC,0x4F,0x44,0xFF,0xF9,0xEF,0x7F
184.062150,0x065,0,0,1,0x3B,0x00,0x00,0x00,0x00,0x00,0x00,0x00
184.062151,0x066,0,0,6,0x03,0x17,0xA4,0x30,0x54,0x2D,0x00,0x00
184.062152,0x067,0,0,8,0xC3,0x1B,0x8A,0xF0,0x3A,0x35,0x6D,0x2D
184.062153,0x068,0,0,4,0xC1,0xF5,0x79,0x00,0x00,0x00,0x00,0x00
184.062154,0x06B,0,0,5,0xF9,0x00,0xE0,0x2D,0x00,0x00,0x00,0x00
184.259500,0x06F,0,0,8,0x8B,0xE4,0x4F,0x44,0xFF,0xFD,0xEF,0x7F
184.260150,0x065,0,0,1,0x3B,0x00,0x00,0x00,0x00,0x00,0x00,0x00
184.260151,0x066,0,0,6,0x03,0xDF,0xA4,0x30,0x54,0x2D,0x00,0x00
184.260152,0x067,0,0,8,0xC3,0x1B,0x8A,0x10,0x3B,0x35,0x6D,0x2D
184.260153,0x068,0,0,4,0xCB,0xF5,0x79,0x00,0x00,0x00,0x00,0x00
184.260154,0x06B,0,0,5,0x15,0x02,0xA0,0x2F,0x00,0x00,0x00,0x00
184.458000,0x065,0,0,1,0x3B,0x00,0x00,0x00,0x00,0x00,0x00,0x00
184.458001,0x066,0,0,6,0x03,0xA7,0xA5,0x30,0x54,0x2D,0x00,0x00
184.458002,0x067,0,0,8,0xC1,0x1B,0x8A,0x30,0x3B,0x35,0x6D,0x29
184.458003,0x068,0,0,4,0xD5,0xF5,0x71,0x00,0x00,0x00,0x00,0x00
184.458004,0x06B,0,0,5,0xDD,0x00,0x60,0x37,0x00,0x00,0x00,0x00
184.460000,0x06F,0,0,8,0x8B,0xE4,0x4F,0x44,0xFF,0xF9,0xEF,0x7F
184.656000,0x065,0,0,1,0x3B,0x00,0x00,0x00,0x00,0x00,0x00,0x00
184.656001,0x066,0,0,6,0x03,0x6F,0xA6,0x30,0x54,0x2D,0x00,0x00
184.656002,0x067,0,0,8,0xC5,0x1B,0x8A,0x70,0x3B,0x35,0x6D,0x29
184.656003,0x068,0,0,4,0xE1,0xF5,0x71,0x00,0x00,0x00,0x00,0x00
184.656004,0x06B,0,0,5,0x9D,0x02,0xE0,0x36,0x00,0x00,0x00,0x00
184.658650,0x06F,0,0,8,0x8B,0xE4,0x4F,0xC4,0xFE,0xFD,0xEF,0x7F
184.854000,0x065,0,0,1,0x3B,0x00,0x00,0x00,0x00,0x00,0x00,0x00
184.854001,0x066,0,0,6,0x03,0x37,0xA7,0x30,0x54,0x2D,0x00,0x00
184.854002,0x067,0,0,8,0xC5,0x1B,0x8A,0xB0,0x3B,0x35,0x6D,0x29
184.854003,0x068,0,0,4,0xED,0xF5,0x71,0x00,0x00,0x00,0x00,0x00
184.854004,0x06B,0,0,5,0x29,0x03,0x20,0x37,0x00,0x00,0x00,0x00
184.856200,0x06F,0,0,8,0x8B,0xE4,0x4F,0xC4,0xFE,0xFD,0xEF,0x7F
185.052000,0x065,0,0,1,0x3B,0x00,0x00,0x00,0x00,0x00,0x00,0x00
185.052001,0x066,0,0,6,0x03,0xFF,0xA7,0x30,0x54,0x2D,0x00,0x00
185.052002,0x067,0,0,8,0xC5,0x1B,0x8A,0xD0,0x3B,0x35,0x6D,0x29
185.052003,0x068,0,0,4,0xF5,0xF5,0x69,0x00,0x00,0x00,0x00,0x00
185.052004,0x06B,0,0,5,0xE7,0x01,0x00,0x37,0x00,0x00,0x00,0x00
185.054750,0x06F,0,0,8,0x8B,0xDC,0x4F,0x44,0xFF,0xFD,0xEF,0x7F
185.249500,0x06F,0,0,8,0x8B,0xE4,0x4F,0x44,0xFF,0xFD,0xEF,0x7F
185.250150,0x065,0,0,1,0x3B,0x00,0x00,0x00,0x00,0x00,0x00,0x00
185.250151,0x066,0,0,6,0x03,0xC7,0xA8,0x30,0x54,0x2D,0x00,0x00
185.250152,0x067,0,0,8,0xC7,0x1B,0x8A,0xF0,0x3B,0x35,0x6D,0x25
185.250153,0x068,0,0,4,0xFD,0xF5,0x69,0x00,0x00,0x00,0x00,0x00
185.250154,0x06B,0,0,5,0xF9,0x02,0x60,0x37,0x00,0x00,0x00,0x00
185.447500,0x06F,0,0,8,0x8B,0xE4,0x4F,0xC4,0xFE,0xFD,0xEF,0x7F
185.448150,0x065,0,0,1,0x3B,0x00,0x00,0x00,0x00,0x00,0x00,0x00
185.448151,0x066,0,0,6,0x03,0x8F,0xA9,0x30,0x54,0x2D,0x00,0x00
185.448152,0x067,0,0,8,0xC7,0x1B,0x8A,0x10,0x3C,0x35,0x6D,0x25
185.448153,0x068,0,0,4,0x03,0xF6,0x69,0x00,0x00,0x00,0x00,0x00
185.448154,0x06B,0,0,5,0x2D,0x02,0xE0,0x36,0x00,0x00,0x00,0x00
185.646000,0x065,0,0,1,0x3B,0x00,0x00,0x00,0x00,0x00,0x00,0x00
185.646001,0x066,0,0,6,0x03,0x57,0xAA,0x30,0x54,0x2D,0x00,0x00
185.646002,0x067,0,0,8,0xC5,0x1B,0x8A,0x50,0x3C,0x35,0x6D,0x25
185.646003,0x068,0,0,4,0x09,0xF6,0x61,0x00,0x00,0x00,0x00,0x00
185.646004,0x06B,0,0,5,0xA5,0x01,0xA0,0x34,0x00,0x00,0x00,0x00
185.648100,0x06F,0,0,8,0x8B,0xE4,0x4F,0x44,0xFF,0xFD,0xEF,0x7F
185.843550,0x06F,0,0,8,0x8B,0xE4,0x4F,0x44,0xFF,0xFD,0xEF,0x7F
185.844800,0x065,0,0,1,0x3B,0x00,0x00,0x00,0x00,0x00,0x00,0x00
185.844801,0x066,0,0,6,0x03,0x1F,0xAB,0x30,0x54,0x2D,0x00,0x00
185.844802,0x067,0,0,8,0xC5,0x1B,0x8A,0x70,0x3C,0x35,0x6D,0x25
185.844803,0x068,0,0,4,0x0D,0xF6,0x61,0x00,0x00,0x00,0x00,0x00
185.844804,0x06B,0,0,5,0x4F,0x01,0x20,0x32,0x00,0x00,0x00,0x00
186.041550,0x06F,0,0,8,0x8B,0xE4,0x4F,0x44,0xFF,0xFD,0xEF,0x7F
186.042200,0x065,0,0,1,0x3B,0x00,0x00,0x00,0x00,0x00,0x00,0x00
186.042201,0x066,0,0,6,0x03,0xE7,0xAB,0x30,0x54,0x2D,0x00,0x00
186.042202,0x067,0,0,8,0xC3,0x1B,0x8A,0x90,0x3C,0x35,0x6D,0x21
186.042203,0x068,0,0,4,0x11,0xF6,0x61,0x00,0x00,0x00,0x00,0x00
186.042204,0x06B,0,0,5,0x45,0x01,0xA0,0x2F,0x00,0x00,0x00,0x00
186.240000,0x065,0,0,1,0x3B,0x00,0x00,0x00,0x00,0x00,0x00,0x00
186.240001,0x066,0,0,6,0x03,0xAF,0xAC,0x30,0x54,0x2D,0x00,0x00
186.240002,0x067,0,0,8,0xC3,0x1B,0x8A,0xB0,0x3C,0x35,0x6D,0x21
186.240003,0x068,0,0,4,0x13,0xF6,0x61,0x00,0x00,0x00,0x00,0x00
186.240004,0x06B,0,0,5,0x19,0x01,0xC0,0x32,0x00,0x00,0x00,0x00
186.242100,0x06F,0,0,8,0x8B,0xDC,0x4F,0x44,0xFF,0xFD,0xEF,0x7F
186.437550,0x06F,0,0,8,0x8B,0xE4,0x4F,0xC4,0xFE,0xFD,0xEF,0x7F
186.438150,0x065,0,0,1,0x3B,0x00,0x00,0x00,0x00,0x00,0x00,0x00
186.438151,0x066,0,0,6,0x03,0x77,0xAD,0x30,0x54,0x2D,0x00,0x00
186.438152,0x067,0,0,8,0xC1,0x1B,0x8A,0xD0,0x3C,0x35,0x6D,0x21
186.438153,0x068,0,0,4,0x17,0xF6,0x59,0x00,0x00,0x00,0x00,0x00
186.438154,0x06B,0,0,5,0xE7,0x00,0x20,0x2E,0x00,0x00,0x00,0x00
186.635550,0x06F,0,0,8,0x8B,0xDC,0x4F,0x44,0xFF,0xFD,0xEF,0x7F
186.636150,0x065,0,0,1,0x3B,0x00,0x00,0x00,0x00,0x00,0x00,0x00
186.636151,0x066,0,0,6,0x03,0x3F,0xAE,0x30,0x54,0x2D,0x00,0x00
186.636152,0x067,0,0,8,0xC1,0x1B,0x8A,0xF0,0x3C,0x35,0x6D,0x21
186.636153,0x068,0,0,4,0x19,0xF6,0x59,0x00,0x00,0x00,0x00,0x00
186.636154,0x06B,0,0,5,0x99,0x00,0x80,0x2E,0x00,0x00,0x00,0x00
186.833550,0x06F,0,0,8,0x8B,0xE4,0x4F,0x44,0xFF,0xFD,0xEF,0x7F
186.834150,0x065,0,0,1,0x3B,0x00,0x00,0x00,0x00,0x00,0x00,0x00
186.834151,0x066,0,0,6,0x03,0x07,0xAF,0x30,0x54,0x2D,0x00,0x00
186.834152,0x067,0,0,8,0xC1,0x1B,0x8A,0xF0,0x3C,0x35,0x6D,0x21
186.834153,0x068,0,0,4,0x1B,0xF6,0x59,0x00,0x00,0x00,0x00,0x00
186.834154,0x06B,0,0,5,0x07,0x01,0x40,0x32,0x00,0x00,0x00,0x00
187.031500,0x06F,0,0,8,0x8B,0xE4,0x4F,0x44,0xFF,0xFD,0xEF,0x7F
187.032200,0x065,0,0,1,0x3B,0x00,0x00,0x00,0x00,0x00,0x00,0x00
187.032201,0x066,0,0,6,0x03,0xCF,0xAF,0x30,0x54,0x2D,0x00,0x00
187.032202,0x067,0,0,8,0xC1,0x1B,0x8A,0xD0,0x3C,0x35,0x6D,0x21
187.032203,0x068,0,0,4,0x1B,0xF6,0x59,0x00,0x00,0x00,0x00,0x00
187.032204,0x06B,0,0,5,0x07,0x01,0xE0,0x2C,0x00,0x00,0x00,0x00
187.229550,0x06F,0,0,8,0x8B,0xE4,0x4F,0x44,0xFF,0xFD,0xEF,0x7F
187.230200,0x065,0,0,1,0x3B,0x00,0x00,0x00,0x00,0x00,0x00,0x00
187.230201,0x066,0,0,6,0x03,0x97,0xB0,0x30,0x54,0x2D,0x00,0x00
187.230202,0x067,0,0,8,0xC1,0x1B,0x8A,0xF0,0x3C,0x35,0x6D,0x21
187.230203,0x068,0,0,4,0x1F,0xF6,0x59,0x00,0x00,0x00,0x00,0x00
187.230204,0x06B,0,0,5,0xBD,0x00,0xE0,0x2E,0x00,0x00,0x00,0x00
187.427550,0x06F,0,0,8,0x8B,0xE4,0x4F,0x44,0xFF,0xFD,0xEF,0x7F
187.428200,0x065,0,0,1,0x3B,0x00,0x00,0x00,0x00,0x00,0x00,0x00
187.428201,0x066,0,0,6,0x03,0x5F,0xB1,0x30,0x54,0x2D,0x00,0x00
187.428202,0x067,0,0,8,0xC1,0x1B,0x8A,0xF0,0x3C,0x35,0x6D,0x1D
187.428203,0x068,0,0,4,0x23,0xF6,0x59,0x00,0x00,0x00,0x00,0x00
187.428204,0x06B,0,0,5,0xD7,0x00,0xA0,0x33,0x00,0x00,0x00,0x00
187.625550,0x06F,0,0,8,0x8B,0xE4,0x4F,0x44,0xFF,0xFD,0xEF,0x7F
187.626200,0x065,0,0,1,0x3B,0x00,0x00,0x00,0x00,0x00,0x00,0x00
187.626201,0x066,0,0,6,0x03,0x27,0xB2,0x30,0x54,0x2D,0x00,0x00
187.626202,0x067,0,0,8,0xC1,0x1B,0x8A,0x10,0x3D,0x35,0x6D,0x1D
187.626203,0x068,0,0,4,0x23,0xF6,0x51,0x00,0x00,0x00,0x00,0x00
187.626204,0x06B,0,0,5,0x67,0x00,0x80,0x2B,0x00,0x00,0x00,0x00
187.823550,0x06F,0,0,8,0x8B,0xE4,0x4F,0x44,0xFF,0xFD,0xEF,0x7F
187.824200,0x065,0,0,1,0x3B,0x00,0x00,0x00,0x00,0x00,0x00,0x00
187.824201,0x066,0,0,6,0x03,0xEF,0xB2,0x30,0x54,0x2D,0x00,0x00
187.824202,0x067,0,0,8,0xBF,0x1B,0x8A,0x10,0x3D,0x35,0x6D,0x1D
187.824203,0x068,0,0,4,0x25,0xF6,0x51,0x00,0x00,0x00,0x00,0x00
187.824204,0x06B,0,0,5,0x85,0x00,0xC0,0x2C,0x00,0x00,0x00,0x00
188.021550,0x06F,0,0,8,0x8B,0xDC,0x4F,0x44,0xFF,0xFD,0xEF,0x7F
188.022850,0x065,0,0,1,0x3B,0x00,0x00,0x00,0x00,0x00,0x00,0x00
188.022851,0x066,0,0,6,0x03,0xB7,0xB3,0x30,0x54,0x2D,0x00,0x00
188.022852,0x067,0,0,8,0xC1,0x1B,0x8A,0x30,0x3D,0x35,0x6D,0x1D
188.022853,0x068,0,0,4,0x27,0xF6,0x51,0x00,0x00,0x00,0x00,0x00
188.022854,0x06B,0,0,5,0xFB,0x00,0x60,0x37,0x00,0x00,0x00,0x00
188.219550,0x06F,0,0,8,0x8B,0xE4,0x4F,0x44,0xFF,0xFD,0xEF,0x7F
188.220200,0x065,0,0,1,0x3B,0x00,0x00,0x00,0x00,0x00,0x00,0x00
188.220201,0x066,0,0,6,0x03,0x7F,0xB4,0x30,0x54,0x2D,0x00,0x00
188.220202,0x067,0,0,8,0xC1,0x1B,0x8A,0x30,0x3D,0x35,0x6D,0x1D
188.220203,0x068,0,0,4,0x2B,0xF6,0x51,0x00,0x00,0x00,0x00,0x00
188.220204,0x06B,0,0,5,0xF1,0x01,0x60,0x3B,0x00,0x00,0x00,0x00
188.417550,0x06F,0,0,8,0x8B,0xE4,0x4F,0xC4,0xFE,0xFD,0xEF,0x7F
188.418200,0x065,0,0,1,0x3B,0x00,0x00,0x00,0x00,0x00,0x00,0x00
188.418201,0x066,0,0,6,0x03,0x47,0xB5,0x30,0x54,0x2D,0x00,0x00
188.418202,0x067,0,0,8,0xC1,0x1B,0x8A,0x30,0x3D,0x35,0x6D,0x1D
188.418203,0x068,0,0,4,0x2D,0xF6,0x51,0x00,0x00,0x00,0x00,0x00
188.418204,0x06B,0,0,5,0x8D,0x01,0x80,0x38,0x00,0x00,0x00,0x00
188.615550,0x06F,0,0,8,0x8B,0xE4,0x4F,0x44,0xFF,0xFD,0xEF,0x7F
188.616400,0x065,0,0,1,0x3B,0x00,0x00,0x00,0x00,0x00,0x00,0x00
188.616401,0x066,0,0,6,0x03,0x0F,0xB6,0x30,0x54,0x2D,0x00,0x00
188.616402,0x067,0,0,8,0xC1,0x1B,0x8A,0x50,0x3D,0x35,0x6D,0x1D
188.616403,0x068,0,0,4,0x2D,0xF6,0x51,0x00,0x00,0x00,0x00,0x00
188.616404,0x06B,0,0,5,0x7B,0x01,0x60,0x39,0x00,0x00,0x00,0x00
188.813550,0x06F,0,0,8,0x8B,0xE4,0x4F,0x44,0xFF,0xFD,0xEF,0x7F
188.814200,0x065,0,0,1,0x3B,0x00,0x00,0x00,0x00,0x00,0x00,0x00
188.814201,0x066,0,0,6,0x03,0xD7,0xB6,0x30,0x54,0x2D,0x00,0x00
188.814202,0x067,0,0,8,0xC1,0x1B,0x8A,0x50,0x3D,0x35,0x6D,0x1D
188.814203,0x068,0,0,4,0x2F,0xF6,0x51,0x00,0x00,0x00,0x00,0x00
188.814204,0x06B,0,0,5,0x8B,0x01,0x00,0x39,0x00,0x00,0x00,0x00
189.011550,0x06F,0,0,8,0x8B,0xE4,0x4F,0x44,0xFF,0xFD,0xEF,0x7F
189.012200,0x065,0,0,1,0x3B,0x00,0x00,0x00,0x00,0x00,0x00,0x00
189.012201,0x066,0,0,6,0x03,0x9F,0xB7,0x30,0x54,0x2D,0x00,0x00
189.012202,0x067,0,0,8,0xC1,0x1B,0x8A,0x50,0x3D,0x35,0x6D,0x1D
189.012203,0x068,0,0,4,0x2F,0xF6,0x51,0x00,0x00,0x00,0x00,0x00
189.012204,0x06B,0,0,5,0x07,0x01,0xC0,0x37,0x00,0x00,0x00,0x00
189.209550,0x06F,0,0,8,0x8B,0xE4,0x4F,0x44,0xFF,0xFD,0xEF,0x7F
189.210200,0x065,0,0,1,0x3B,0x00,0x00,0x00,0x00,0x00,0x00,0x00
189.210201,0x066,0,0,6,0x03,0x67,0xB8,0x30,0x54,0x2D,0x00,0x00
189.210202,0x067,0,0,8,0xC1,0x1B,0x8A,0x70,0x3D,0x35,0x6D,0x1D
189.210203,0x068,0,0,4,0x31,0xF6,0x49,0x00,0x00,0x00,0x00,0x00
189.210204,0x06B,0,0,5,0xB3,0x00,0x20,0x33,0x00,0x00,0x00,0x00
189.407550,0x06F,0,0,8,0x8B,0xDC,0x4F,0xC4,0xFE,0xFD,0xEF,0x7F
189.408350,0x065,0,0,1,0x3B,0x00,0x00,0x00,0x00,0x00,0x00,0x00
189.408351,0x066,0,0,6,0x03,0x2F,0xB9,0x30,0x54,0x2D,0x00,0x00
189.408352,0x067,0,0,8,0xC1,0x1B,0x8A,0x70,0x3D,0x35,0x6D,0x1D
189.408353,0x068,0,0,4,0x31,0xF6,0x49,0x00,0x00,0x00,0x00,0x00
189.408354,0x06B,0,0,5,0xBF,0x01,0x60,0x39,0x00,0x00,0x00,0x00
189.605550,0x06F,0,0,8,0x8B,0xE4,0x4F,0xC4,0xFE,0xFD,0xEF,0x7F
189.606200,0x065,0,0,1,0x3B,0x00,0x00,0x00,0x00,0x00,0x00,0x00
189.606201,0x066,0,0,6,0x03,0xF7,0xB9,0x30,0x54,0x2D,0x00,0x00
189.606202,0x067,0,0,8,0xBF,0x1B,0x8A,0x70,0x3D,0x35,0x6D,0x19
189.606203,0x068,0,0,4,0x31,0xF6,0x49,0x00,0x00,0x00,0x00,0x00
189.606204,0x06B,0,0,5,0x59,0x01,0xE0,0x37,0x00,0x00,0x00,0x00
189.803550,0x06F,0,0,8,0x8B,0xE4,0x4F,0xC4,0xFE,0xFD,0xEF,0x7F
189.804450,0x065,0,0,1,0x3B,0x00,0x00,0x00,0x00,0x00,0x00,0x00
189.804451,0x066,0,0,6,0x03,0xBF,0xBA,0x30,0x54,0x2D,0x00,0x00
189.804452,0x067,0,0,8,0xBF,0x1B,0x8A,0x70,0x3D,0x35,0x6D,0x19
189.804453,0x068,0,0,4,0x33,0xF6,0x49,0x00,0x00,0x00,0x00,0x00
189.804454,0x06B,0,0,5,0xCD,0x01,0x20,0x3A,0x00,0x00,0x00,0x00
190.001600,0x06F,0,0,8,0x8B,0xE4,0x4F,0x44,0xFF,0xFD,0xEF,0x7F
190.002450,0x065,0,0,1,0x3B,0x00,0x00,0x00,0x00,0x00,0x00,0x00
190.002451,0x066,0,0,6,0x03,0x87,0xBB,0x30,0x54,0x2D,0x00,0x00
190.002452,0x067,0,0,8,0xBF,0x1B,0x8A,0x90,0x3D,0x35,0x6D,0x19
190.002453,0x068,0,0,4,0x33,0xF6,0x49,0x00,0x00,0x00,0x00,0x00
190.002454,0x06B,0,0,5,0xF3,0x01,0x00,0x38,0x00,0x00,0x00,0x00
190.199600,0x06F,0,0,8,0x8B,0xDC,0x4F,0x44,0xFF,0xFD,0xEF,0x7F
190.200850,0x065,0,0,1,0x3B,0x00,0x00,0x00,0x00,0x00,0x00,0x00
190.200851,0x066,0,0,6,0x03,0x4F,0xBC,0x30,0x54,0x2D,0x00,0x00
190.200852,0x067,0,0,8,0xBF,0x1B,0x8A,0xB0,0x3D,0x35,0x6D,0x19
190.200853,0x068,0,0,4,0x31,0xF6,0x49,0x00,0x00,0x00,0x00,0x00
190.200854,0x06B,0,0,5,0xF7,0x01,0xA0,0x35,0x00,0x00,0x00,0x00
190.397600,0x06F,0,0,8,0x8B,0xE4,0x4F,0x44,0xFF,0xFD,0xEF,0x7F
190.398350,0x065,0,0,1,0x3B,0x00,0x00,0x00,0x00,0x00,0x00,0x00
190.398351,0x066,0,0,6,0x03,0x17,0xBD,0x30,0x54,0x2D,0x00,0x00
190.398352,0x067,0,0,8,0xBF,0x1B,0x8A,0xD0,0x3D,0x35,0x6D,0x19
190.398353,0x068,0,0,4,0x33,0xF6,0x49,0x00,0x00,0x00,0x00,0x00
190.398354,0x06B,0,0,5,0x19,0x01,0x40,0x32,0x00,0x00,0x00,0x00
190.595600,0x06F,0,0,8,0x8B,0xE4,0x4F,0x44,0xFF,0xFD,0xEF,0x7F
190.596350,0x065,0,0,1,0x3B,0x00,0x00,0x00,0x00,0x00,0x00,0x00
190.596351,0x066,0,0,6,0x03,0xDF,0xBD,0x30,0x54,0x2D,0x00,0x00
190.596352,0x067,0,0,8,0xBF,0x1B,0x8A,0xD0,0x3D,0x35,0x6D,0x19
190.596353,0x068,0,0,4,0x35,0xF6,0x49,0x00,0x00,0x00,0x00,0x00
190.596354,0x06B,0,0,5,0x3F,0x01,0xE0,0x39,0x00,0x00,0x00,0x00
190.793600,0x06F,0,0,8,0x8B,0xE4,0x4F,0x44,0xFF,0xFD,0xEF,0x7F
190.794450,0x065,0,0,1,0x3B,0x00,0x00,0x00,0x00,0x00,0x00,0x00
190.794451,0x066,0,0,6,0x03,0xA7,0xBE,0x30,0x54,0x2D,0x00,0x00
190.794452,0x067,0,0,8,0xBF,0x1B,0x8A,0xD0,0x3D,0x35,0x6D,0x19
190.794453,0x068,0,0,4,0x35,0xF6,0x49,0x00,0x00,0x00,0x00,0x00
190.794454,0x06B,0,0,5,0xD7,0x01,0x40,0x3C,0x00,0x00,0x00,0x00
190.991600,0x06F,0,0,8,0x8B,0xDC,0x4F,0x44,0xFF,0xFD,0xEF,0x7F
190.992450,0x065,0,0,1,0x3B,0x00,0x00,0x00,0x00,0x00,0x00,0x00
190.992451,0x066,0,0,6,0x03,0x6F,0xBF,0x30,0x54,0x2D,0x00,0x00
190.992452,0x067,0,0,8,0xBF,0x1B,0x8A,0xF0,0x3D,0x35,0x6D,0x19
190.992453,0x068,0,0,4,0x35,0xF6,0x49,0x00,0x00,0x00,0x00,0x00
190.992454,0x06B,0,0,5,0x5F,0x01,0x40,0x3C,0x00,0x00,0x00,0x00
191.189600,0x06F,0,0,8,0x8B,0xE4,0x4F,0x44,0xFF,0xFD,0xEF,0x7F
191.190450,0x065,0,0,1,0x3B,0x00,0x00,0x00,0x00,0x00,0x00,0x00
191.190451,0x066,0,0,6,0x03,0x37,0xC0,0x30,0x54,0x2D,0x00,0x00
191.190452,0x067,0,0,8,0xBF,0x1B,0x8A,0xF0,0x3D,0x35,0x6D,0x19
191.190453,0x068,0,0,4,0x35,0xF6,0x49,0x00,0x00,0x00,0x00,0x00
191.190454,0x06B,0,0,5,0xBD,0x00,0x20,0x38,0x00,0x00,0x00,0x00
191.387600,0x06F,0,0,8,0x8B,0xDC,0x4F,0x44,0xFF,0xFD,0xEF,0x7F
191.388250,0x065,0,0,1,0x3B,0x00,0x00,0x00,0x00,0x00,0x00,0x00
191.388251,0x066,0,0,6,0x03,0xFF,0xC0,0x30,0x54,0x2D,0x00,0x00
191.388252,0x067,0,0,8,0xBF,0x1B,0x8A,0x10,0x3E,0x35,0x6D,0x19
191.388253,0x068,0,0,4,0x35,0xF6,0x49,0x00,0x00,0x00,0x00,0x00
191.388254,0x06B,0,0,5,0x0F,0x01,0xC0,0x37,0x00,0x00,0x00,0x00
191.585600,0x06F,0,0,8,0x8B,0xE4,0x4F,0x44,0xFF,0xFD,0xEF,0x7F
191.586350,0x065,0,0,1,0x3B,0x00,0x00,0x00,0x00,0x00,0x00,0x00
191.586351,0x066,0,0,6,0x03,0xC7,0xC1,0x30,0x54,0x2D,0x00,0x00
191.586352,0x067,0,0,8,0xBD,0x1B,0x8A,0x30,0x3E,0x35,0x6D,0x19
191.586353,0x068,0,0,4,0x35,0xF6,0x41,0x00,0x00,0x00,0x00,0x00
191.586354,0x06B,0,0,5,0x1B,0x01,0xE0,0x35,0x00,0x00,0x00,0x00
191.783600,0x06F,0,0,8,0x8B,0xDC,0x4F,0x44,0xFF,0xFD,0xEF,0x7F
191.784350,0x065,0,0,1,0x3B,0x00,0x00,0x00,0x00,0x00,0x00,0x00
191.784351,0x066,0,0,6,0x03,0x8F,0xC2,0x30,0x54,0x2D,0x00,0x00
191.784352,0x067,0,0,8,0xBD,0x1B,0x8A,0x50,0x3E,0x35,0x6D,0x19
191.784353,0x068,0,0,4,0x37,0xF6,0x41,0x00,0x00,0x00,0x00,0x00
191.784354,0x06B,0,0,5,0x1B,0x01,0x60,0x39,0x00,0x00,0x00,0x00
191.981600,0x06F,0,0,8,0x8B,0xE4,0x4F,0x44,0xFF,0xFD,0xEF,0x7F
191.982600,0x065,0,0,1,0x3B,0x00,0x00,0x00,0x00,0x00,0x00,0x00
191.982601,0x066,0,0,6,0x03,0x57,0xC3,0x30,0x54,0x2D,0x00,0x00
191.982602,0x067,0,0,8,0xBD,0x1B,0x8A,0x50,0x3E,0x35,0x6D,0x19
191.982603,0x068,0,0,4,0x37,0xF6,0x41,0x00,0x00,0x00,0x00,0x00
191.982604,0x06B,0,0,5,0x89,0x00,0x60,0x37,0x00,0x00,0x00,0x00
192.179600,0x06F,0,0,8,0x8B,0xE4,0x4F,0x44,0xFF,0xFD,0xEF,0x7F
192.180500,0x065,0,0,1,0x3B,0x00,0x00,0x00,0x00,0x00,0x00,0x00
192.180501,0x066,0,0,6,0x03,0x1F,0xC4,0x30,0x54,0x2D,0x00,0x00
192.180502,0x067,0,0,8,0xBD,0x1B,0x8A,0x70,0x3E,0x35,0x6D,0x19
192.180503,0x068,0,0,4,0x35,0xF6,0x41,0x00,0x00,0x00,0x00,0x00
192.180504,0x06B,0,0,5,0x19,0x01,0x00,0x3D,0x00,0x00,0x00,0x00
192.377600,0x06F,0,0,8,0x8B,0xE4,0x4F,0x44,0xFF,0xFD,0xEF,0x7F
192.379100,0x065,0,0,1,0x3B,0x00,0x00,0x00,0x00,0x00,0x00,0x00
192.379101,0x066,0,0,6,0x03,0xE7,0xC4,0x30,0x54,0x2D,0x00,0x00
192.379102,0x067,0,0,8,0xBB,0x1B,0x8A,0x70,0x3E,0x35,0x6D,0x19
192.379103,0x068,0,0,4,0x35,0xF6,0x41,0x00,0x00,0x00,0x00,0x00
192.379104,0x06B,0,0,5,0x19,0x01,0x00,0x3D,0x00,0x00,0x00,0x00
192.575600,0x06F,0,0,8,0x8B,0xE4,0x4F,0x44,0xFF,0xFD,0xEF,0x7F
192.576500,0x065,0,0,1,0x3B,0x00,0x00,0x00,0x00,0x00,0x00,0x00
192.576501,0x066,0,0,6,0x03,0xAF,0xC5,0x30,0x54,0x2D,0x00,0x00
192.576502,0x067,0,0,8,0xBB,0x1B,0x8A,0x90,0x3E,0x35,0x6D,0x19
192.576503,0x068,0,0,4,0x35,0xF6,0x41,0x00,0x00,0x00,0x00,0x00
192.576504,0x06B,0,0,5,0xD3,0x00,0xE0,0x3A,0x00,0x00,0x00,0x00
192.773600,0x06F,0,0,8,0x8B,0xE4,0x4F,0x44,0xFF,0xFD,0xEF,0x7F
192.774400,0x065,0,0,1,0x3B,0x00,0x00,0x00,0x00,0x00,0x00,0x00
192.774401,0x066,0,0,6,0x03,0x77,0xC6,0x30,0x54,0x2D,0x00,0x00
192.774402,0x067,0,0,8,0xBB,0x1B,0x8A,0x90,0x3E,0x35,0x6D,0x19
192.774403,0x068,0,0,4,0x35,0xF6,0x41,0x00,0x00,0x00,0x00,0x00
192.774404,0x06B,0,0,5,0x1D,0x01,0x20,0x3C,0x00,0x00,0x00,0x00
192.971600,0x06F,0,0,8,0x8B,0xE4,0x4F,0x44,0xFF,0xFD,0xEF,0x7F
192.972400,0x065,0,0,1,0x3B,0x00,0x00,0x00,0x00,0x00,0x00,0x00
192.972401,0x066,0,0,6,0x03,0x3F,0xC7,0x30,0x54,0x2D,0x00,0x00
192.972402,0x067,0,0,8,0xBB,0x1B,0x8A,0xB0,0x3E,0x35,0x6D,0x19
192.972403,0x068,0,0,4,0x35,0xF6,0x41,0x00,0x00,0x00,0x00,0x00
192.972404,0x06B,0,0,5,0x13,0x01,0x40,0x39,0x00,0x00,0x00,0x00
193.169600,0x06F,0,0,8,0x8B,0xE4,0x4F,0x44,0xFF,0xF9,0xEF,0x7F
193.170600,0x065,0,0,1,0x3B,0x00,0x00,0x00,0x00,0x00,0x00,0x00
193.170601,0x066,0,0,6,0x03,0x07,0xC8,0x30,0x54,0x2D,0x00,0x00
193.170602,0x067,0,0,8,0xBB,0x1B,0x8A,0xB0,0x3E,0x35,0x6D,0x19
193.170603,0x068,0,0,4,0x35,0xF6,0x41,0x00,0x00,0x00,0x00,0x00
193.170604,0x06B,0,0,5,0x3D,0x01,0x60,0x3C,0x00,0x00,0x00,0x00
193.367600,0x06F,0,0,8,0x8B,0xE4,0x4F,0x44,0xFF,0xFD,0xEF,0x7F
193.368600,0x065,0,0,1,0x3B,0x00,0x00,0x00,0x00,0x00,0x00,0x00
193.368601,0x066,0,0,6,0x03,0xCF,0xC8,0x30,0x54,0x2D,0x00,0x00
193.368602,0x067,0,0,8,0xBB,0x1B,0x8A,0xD0,0x3E,0x35,0x6D,0x19
193.368603,0x068,0,0,4,0x35,0xF6,0x41,0x00,0x00,0x00,0x00,0x00
193.368604,0x06B,0,0,5,0x21,0x01,0x20,0x3B,0x00,0x00,0x00,0x00
193.565600,0x06F,0,0,8,0x8B,0xE4,0x4F,0x44,0xFF,0xFD,0xEF,0x7F
193.566500,0x065,0,0,1,0x3B,0x00,0x00,0x00,0x00,0x00,0x00,0x00
193.566501,0x066,0,0,6,0x03,0x97,0xC9,0x30,0x54,0x2D,0x00,0x00
193.566502,0x067,0,0,8,0xBB,0x1B,0x8A,0xD0,0x3E,0x35,0x6D,0x19
193.566503,0x068,0,0,4,0x35,0xF6,0x41,0x00,0x00,0x00,0x00,0x00
193.566504,0x06B,0,0,5,0x7F,0x00,0x00,0x36,0x00,0x00,0x00,0x00
193.763600,0x06F,0,0,8,0x8B,0xDC,0x4F,0x44,0xFF,0xFD,0xEF,0x7F
193.764500,0x065,0,0,1,0x3B,0x00,0x00,0x00,0x00,0x00,0x00,0x00
193.764501,0x066,0,0,6,0x03,0x5F,0xCA,0x30,0x54,0x2D,0x00,0x00
193.764502,0x067,0,0,8,0xBB,0x1B,0x8A,0xF0,0x3E,0x35,0x6D,0x15
193.764503,0x068,0,0,4,0x35,0xF6,0x41,0x00,0x00,0x00,0x00,0x00
193.764504,0x06B,0,0,5,0xEB,0x00,0x80,0x39,0x00,0x00,0x00,0x00
193.961600,0x06F,0,0,8,0x8B,0xE4,0x4F,0xC4,0xFE,0xFD,0xEF,0x7F
193.962400,0x065,0,0,1,0x3B,0x00,0x00,0x00,0x00,0x00,0x00,0x00
193.962401,0x066,0,0,6,0x03,0x27,0xCB,0x30,0x54,0x2D,0x00,0x00
193.962402,0x067,0,0,8,0xBB,0x1B,0x8A,0x10,0x3F,0x35,0x6D,0x15
193.962403,0x068,0,0,4,0x35,0xF6,0x41,0x00,0x00,0x00,0x00,0x00
193.962404,0x06B,0,0,5,0xE7,0x00,0xC0,0x38,0x00,0x00,0x00,0x00
194.159650,0x06F,0,0,8,0x8B,0xE4,0x4F,0x44,0xFF,0xFD,0xEF,0x7F
194.160400,0x065,0,0,1,0x3B,0x00,0x00,0x00,0x00,0x00,0x00,0x00
194.160401,0x066,0,0,6,0x03,0xEF,0xCB,0x30,0x54,0x2D,0x00,0x00
194.160402,0x067,0,0,8,0xBB,0x1B,0x8A,0x30,0x3F,0x35,0x6D,0x15
194.160403,0x068,0,0,4,0x35,0xF6,0x41,0x00,0x00,0x00,0x00,0x00
194.160404,0x06B,0,0,5,0xDF,0x00,0xE0,0x33,0x00,0x00,0x00,0x00
194.357650,0x06F,0,0,8,0x8B,0xE4,0x4F,0x44,0xFF,0xFD,0xEF,0x7F
194.358600,0x065,0,0,1,0x3B,0x00,0x00,0x00,0x00,0x00,0x00,0x00
194.358601,0x066,0,0,6,0x03,0xB7,0xCC,0x30,0x54,0x2D,0x00,0x00
194.358602,0x067,0,0,8,0xBB,0x1B,0x8A,0x30,0x3F,0x35,0x6D,0x15
194.358603,0x068,0,0,4,0x35,0xF6,0x41,0x00,0x00,0x00,0x00,0x00
194.358604,0x06B,0,0,5,0x65,0x00,0xA0,0x32,0x00,0x00,0x00,0x00
194.555650,0x06F,0,0,8,0x8B,0xE4,0x4F,0x44,0xFF,0xFD,0xEF,0x7F
194.557300,0x065,0,0,1,0x3B,0x00,0x00,0x00,0x00,0x00,0x00,0x00
194.557301,0x066,0,0,6,0x03,0x7F,0xCD,0x30,0x54,0x2D,0x00,0x00
194.557302,0x067,0,0,8,0xBB,0x1B,0x8A,0x50,0x3F,0x35,0x6D,0x15
194.557303,0x068,0,0,4,0x35,0xF6,0x41,0x00,0x00,0x00,0x00,0x00
194.557304,0x06B,0,0,5,0x1D,0x00,0xE0,0x2C,0x00,0x00,0x00,0x00
194.753650,0x06F,0,0,8,0x8B,0xE4,0x4F,0x44,0xFF,0xFD,0xEF,0x7F
194.754500,0x065,0,0,1,0x3B,0x00,0x00,0x00,0x00,0x00,0x00,0x00
194.754501,0x066,0,0,6,0x03,0x47,0xCE,0x30,0x54,0x2D,0x00,0x00
194.754502,0x067,0,0,8,0xBB,0x1B,0x8A,0x50,0x3F,0x35,0x6D,0x15
194.754503,0x068,0,0,4,0x35,0xF6,0x41,0x00,0x00,0x00,0x00,0x00
194.754504,0x06B,0,0,5,0x97,0x00,0xC0,0x2C,0x00,0x00,0x00,0x00
194.951650,0x06F,0,0,8,0x8B,0xE4,0x4F,0x44,0xFF,0xFD,0xEF,0x7F
194.952500,0x065,0,0,1,0x3B,0x00,0x00,0x00,0x00,0x00,0x00,0x00
194.952501,0x066,0,0,6,0x03,0x0F,0xCF,0x30,0x54,0x2D,0x00,0x00
194.952502,0x067,0,0,8,0xBB,0x1B,0x8A,0x70,0x3F,0x35,0x6D,0x15
194.952503,0x068,0,0,4,0x35,0xF6,0x39,0x00,0x00,0x00,0x00,0x00
194.952504,0x06B,0,0,5,0x45,0x00,0x60,0x2B,0x00,0x00,0x00,0x00
195.149650,0x06F,0,0,8,0x8B,0xE4,0x4F,0x44,0xFF,0xFD,0xEF,0x7F
195.150650,0x065,0,0,1,0x3B,0x00,0x00,0x00,0x00,0x00,0x00,0x00
195.150651,0x066,0,0,6,0x03,0xD7,0xCF,0x30,0x54,0x2D,0x00,0x00
195.150652,0x067,0,0,8,0xBB,0x1B,0x8A,0x70,0x3F,0x35,0x6D,0x15
195.150653,0x068,0,0,4,0x35,0xF6,0x39,0x00,0x00,0x00,0x00,0x00
195.150654,0x06B,0,0,5,0xFD,0x00,0x40,0x31,0x00,0x00,0x00,0x00
195.347650,0x06F,0,0,8,0x8B,0xE4,0x4F,0x44,0xFF,0xFD,0xEF,0x7F
195.348400,0x065,0,0,1,0x3B,0x00,0x00,0x00,0x00,0x00,0x00,0x00
195.348401,0x066,0,0,6,0x03,0x9F,0xD0,0x30,0x54,0x2D,0x00,0x00
195.348402,0x067,0,0,8,0xBB,0x1B,0x8A,0x90,0x3F,0x35,0x6D,0x15
195.348403,0x068,0,0,4,0x35,0xF6,0x39,0x00,0x00,0x00,0x00,0x00
195.348404,0x06B,0,0,5,0x03,0x01,0xC0,0x31,0x00,0x00,0x00,0x00
195.545650,0x06F,0,0,8,0x8B,0xE4,0x4F,0x44,0xFF,0xFD,0xEF,0x7F
195.546650,0x065,0,0,1,0x3B,0x00,0x00,0x00,0x00,0x00,0x00,0x00
195.546651,0x066,0,0,6,0x03,0x67,0xD1,0x30,0x54,0x2D,0x00,0x00
195.546652,0x067,0,0,8,0xBB,0x1B,0x8A,0x90,0x3F,0x35,0x6D,0x15
195.546653,0x068,0,0,4,0x35,0xF6,0x39,0x00,0x00,0x00,0x00,0x00
195.546654,0x06B,0,0,5,0x75,0x00,0x40,0x29,0x00,0x00,0x00,0x00
195.743650,0x06F,0,0,8,0x8B,0xE4,0x4F,0x44,0xFF,0xFD,0xEF,0x7F
195.744650,0x065,0,0,1,0x3B,0x00,0x00,0x00,0x00,0x00,0x00,0x00
195.744651,0x066,0,0,6,0x03,0x2F,0xD2,0x30,0x54,0x2D,0x00,0x00
195.744652,0x067,0,0,8,0xBB,0x1B,0x8A,0x90,0x3F,0x35,0x6D,0x15
195.744653,0x068,0,0,4,0x35,0xF6,0x39,0x00,0x00,0x00,0x00,0x00
195.744654,0x06B,0,0,5,0x8F,0x00,0x20,0x2F,0x00,0x00,0x00,0x00
195.941650,0x06F,0,0,8,0x8B,0xE4,0x4F,0x44,0xFF,0xFD,0xEF,0x7F
195.942650,0x065,0,0,1,0x3B,0x00,0x00,0x00,0x00,0x00,0x00,0x00
195.942651,0x066,0,0,6,0x03,0xF7,0xD2,0x30,0x54,0x2D,0x00,0x00
195.942652,0x067,0,0,8,0xBD,0x1B,0x8A,0xB0,0x3F,0x35,0x6D,0x15
195.942653,0x068,0,0,4,0x37,0xF6,0x39,0x00,0x00,0x00,0x00,0x00
195.942654,0x06B,0,0,5,0xA1,0x00,0x80,0x2A,0x00,0x00,0x00,0x00
196.139650,0x06F,0,0,8,0x8B,0xE4,0x4F,0x44,0xFF,0xFD,0xEF,0x7F
196.140650,0x065,0,0,1,0x3B,0x00,0x00,0x00,0x00,0x00,0x00,0x00
196.140651,0x066,0,0,6,0x03,0xBF,0xD3,0x30,0x54,0x2D,0x00,0x00
196.140652,0x067,0,0,8,0xBD,0x1B,0x8A,0xB0,0x3F,0x35,0x6D,0x15
196.140653,0x068,0,0,4,0x37,0xF6,0x39,0x00,0x00,0x00,0x00,0x00
196.140654,0x06B,0,0,5,0x37,0x00,0x80,0x28,0x00,0x00,0x00,0x00
196.337650,0x06F,0,0,8,0x8B,0xE4,0x4F,0x44,0xFF,0xFD,0xEF,0x7F
196.338650,0x065,0,0,1,0x3B,0x00,0x00,0x00,0x00,0x00,0x00,0x00
196.338651,0x066,0,0,6,0x03,0x87,0xD4,0x30,0x54,0x2D,0x00,0x00
196.338652,0x067,0,0,8,0xBD,0x1B,0x8A,0xB0,0x3F,0x35,0x6D,0x15
196.338653,0x068,0,0,4,0x37,0xF6,0x39,0x00,0x00,0x00,0x00,0x00
196.338654,0x06B,0,0,5,0x9B,0x00,0x40,0x36,0x00,0x00,0x00,0x00
196.535650,0x06F,0,0,8,0x8B,0xE4,0x4F,0x44,0xFF,0xFD,0xEF,0x7F
196.536650,0x065,0,0,1,0x3B,0x00,0x00,0x00,0x00,0x00,0x00,0x00
196.536651,0x066,0,0,6,0x03,0x4F,0xD5,0x30,0x54,0x2D,0x00,0x00
196.536652,0x067,0,0,8,0xBD,0x1B,0x8A,0xB0,0x3F,0x35,0x6D,0x15
196.536653,0x068,0,0,4,0x37,0xF6,0x39,0x00,0x00,0x00,0x00,0x00
196.536654,0x06B,0,0,5,0x05,0x01,0xA0,0x33,0x00,0x00,0x00,0x00
196.733650,0x06F,0,0,8,0x8B,0xE4,0x4F,0x44,0xFF,0xFD,0xEF,0x7F
196.735300,0x065,0,0,1,0x3B,0x00,0x00,0x00,0x00,0x00,0x00,0x00
196.735301,0x066,0,0,6,0x03,0x17,0xD6,0x30,0x54,0x2D,0x00,0x00
196.735302,0x067,0,0,8,0xBD,0x1B,0x8A,0xD0,0x3F,0x35,0x6D,0x15
196.735303,0x068,0,0,4,0x39,0xF6,0x39,0x00,0x00,0x00,0x00,0x00
196.735304,0x06B,0,0,5,0x3D,0x00,0x80,0x2D,0x00,0x00,0x00,0x00
196.931650,0x06F,0,0,8,0x8B,0xE4,0x4F,0x44,0xFF,0xFD,0xEF,0x7F
196.932700,0x065,0,0,1,0x3B,0x00,0x00,0x00,0x00,0x00,0x00,0x00
196.932701,0x066,0,0,6,0x03,0xDF,0xD6,0x30,0x54,0x2D,0x00,0x00
196.932702,0x067,0,0,8,0xBF,0x1B,0x8A,0xD0,0x3F,0x35,0x6D,0x15
196.932703,0x068,0,0,4,0x39,0xF6,0x39,0x00,0x00,0x00,0x00,0x00
196.932704,0x06B,0,0,5,0xBB,0x00,0x60,0x32,0x00,0x00,0x00,0x00
197.129650,0x06F,0,0,8,0x8B,0xE4,0x4F,0x44,0xFF,0xFD,0xEF,0x7F
197.130700,0x065,0,0,1,0x3B,0x00,0x00,0x00,0x00,0x00,0x00,0x00
197.130701,0x066,0,0,6,0x03,0xA7,0xD7,0x30,0x54,0x2D,0x00,0x00
197.130702,0x067,0,0,8,0xBF,0x1B,0x8A,0xD0,0x3F,0x35,0x6D,0x15
197.130703,0x068,0,0,4,0x3B,0xF6,0x39,0x00,0x00,0x00,0x00,0x00
197.130704,0x06B,0,0,5,0x19,0x01,0xA0,0x31,0x00,0x00,0x00,0x00
197.327650,0x06F,0,0,8,0x8B,0xDC,0x4F,0x44,0xFF,0xFD,0xEF,0x7F
197.328650,0x065,0,0,1,0x3B,0x00,0x00,0x00,0x00,0x00,0x00,0x00
197.328651,0x066,0,0,6,0x03,0x6F,0xD8,0x30,0x54,0x2D,0x00,0x00
197.328652,0x067,0,0,8,0xC1,0x1B,0x8A,0xD0,0x3F,0x35,0x6D,0x15
197.328653,0x068,0,0,4,0x3B,0xF6,0x39,0x00,0x00,0x00,0x00,0x00
197.328654,0x06B,0,0,5,0x03,0x01,0x00,0x37,0x00,0x00,0x00,0x00
197.525650,0x06F,0,0,8,0x8B,0xE4,0x4F,0x44,0xFF,0xFD,0xEF,0x7F
197.526650,0x065,0,0,1,0x3B,0x00,0x00,0x00,0x00,0x00,0x00,0x00
197.526651,0x066,0,0,6,0x03,0x37,0xD9,0x30,0x54,0x2D,0x00,0x00
197.526652,0x067,0,0,8,0xC1,0x1B,0x8A,0xD0,0x3F,0x35,0x6D,0x15
197.526653,0x068,0,0,4,0x3B,0xF6,0x39,0x00,0x00,0x00,0x00,0x00
197.526654,0x06B,0,0,5,0xF9,0x00,0x60,0x37,0x00,0x00,0x00,0x00
197.723650,0x06F,0,0,8,0x8B,0xE4,0x4F,0x44,0xFF,0xFD,0xEF,0x7F
197.921950,0x065,0,0,1,0x3B,0x00,0x00,0x00,0x00,0x00,0x00,0x00
197.921951,0x066,0,0,6,0x03,0xFF,0xD9,0x30,0x54,0x2D,0x00,0x00
197.921952,0x067,0,0,8,0xC1,0x1B,0x8A,0xF0,0x3F,0x35,0x6D,0x15
197.921953,0x068,0,0,4,0x39,0xF6,0x39,0x00,0x00,0x00,0x00,0x00
197.921954,0x06B,0,0,5,0x71,0x00,0xA0,0x34,0x00,0x00,0x00,0x00
197.925050,0x06F,0,0,8,0x8B,0xE4,0x4F,0x44,0xFF,0xFD,0xEF,0x7F
198.119950,0x065,0,0,1,0x3B,0x00,0x00,0x00,0x00,0x00,0x00,0x00
198.119951,0x066,0,0,6,0x03,0xC7,0xDA,0x30,0x54,0x2D,0x00,0x00
198.119952,0x067,0,0,8,0xC3,0x1B,0x8A,0xF0,0x3F,0x35,0x6D,0x15
198.119953,0x068,0,0,4,0x3B,0xF6,0x39,0x00,0x00,0x00,0x00,0x00
198.119954,0x06B,0,0,5,0x47,0x01,0xA0,0x31,0x00,0x00,0x00,0x00
198.122250,0x06F,0,0,8,0x8B,0xE4,0x4F,0x44,0xFF,0xFD,0xEF,0x7F
198.317950,0x065,0,0,1,0x3B,0x00,0x00,0x00,0x00,0x00,0x00,0x00
198.317951,0x066,0,0,6,0x03,0x8F,0xDB,0x30,0x54,0x2D,0x00,0x00
198.317952,0x067,0,0,8,0xC3,0x1B,0x8A,0xF0,0x3F,0x35,0x6D,0x15
198.317953,0x068,0,0,4,0x3B,0xF6,0x39,0x00,0x00,0x00,0x00,0x00
198.317954,0x06B,0,0,5,0x1B,0x00,0xA0,0x28,0x00,0x00,0x00,0x00
198.320900,0x06F,0,0,8,0x8B,0xDC,0x4F,0x44,0xFF,0xFD,0xEF,0x7F
198.516150,0x065,0,0,1,0x3B,0x00,0x00,0x00,0x00,0x00,0x00,0x00
198.516151,0x066,0,0,6,0x03,0x57,0xDC,0x30,0x54,0x2D,0x00,0x00
198.516152,0x067,0,0,8,0xC3,0x1B,0x8A,0x10,0x40,0x35,0x6D,0x15
198.516153,0x068,0,0,4,0x3D,0xF6,0x39,0x00,0x00,0x00,0x00,0x00
198.516154,0x06B,0,0,5,0x6F,0x00,0x60,0x2D,0x00,0x00,0x00,0x00
198.518250,0x06F,0,0,8,0x8B,0xE4,0x4F,0xC4,0xFE,0xFD,0xEF,0x7F
198.713950,0x065,0,0,1,0x3B,0x00,0x00,0x00,0x00,0x00,0x00,0x00
198.713951,0x066,0,0,6,0x03,0x1F,0xDD,0x30,0x54,0x2D,0x00,0x00
198.713952,0x067,0,0,8,0xC3,0x1B,0x8A,0x10,0x40,0x35,0x6D,0x15
198.713953,0x068,0,0,4,0x3D,0xF6,0x39,0x00,0x00,0x00,0x00,0x00
198.713954,0x06B,0,0,5,0xF5,0x00,0x20,0x33,0x00,0x00,0x00,0x00
198.716900,0x06F,0,0,8,0x8B,0xE4,0x4F,0x44,0xFF,0xFD,0xEF,0x7F
198.911950,0x065,0,0,1,0x3B,0x00,0x00,0x00,0x00,0x00,0x00,0x00
198.911951,0x066,0,0,6,0x03,0xE7,0xDD,0x30,0x54,0x2D,0x00,0x00
198.911952,0x067,0,0,8,0xC3,0x1B,0x8A,0x30,0x40,0x35,0x6D,0x15
198.911953,0x068,0,0,4,0x3F,0xF6,0x39,0x00,0x00,0x00,0x00,0x00
198.911954,0x06B,0,0,5,0x3D,0x01,0x40,0x32,0x00,0x00,0x00,0x00
198.914400,0x06F,0,0,8,0x8B,0xE4,0x4F,0x44,0xFF,0xFD,0xEF,0x7F
199.109950,0x065,0,0,1,0x3B,0x00,0x00,0x00,0x00,0x00,0x00,0x00
199.109951,0x066,0,0,6,0x03,0xAF,0xDE,0x30,0x54,0x2D,0x00,0x00
199.109952,0x067,0,0,8,0xC5,0x1B,0x8A,0x30,0x40,0x35,0x6D,0x15
199.109953,0x068,0,0,4,0x3F,0xF6,0x39,0x00,0x00,0x00,0x00,0x00
199.109954,0x06B,0,0,5,0xD3,0x00,0x40,0x2D,0x00,0x00,0x00,0x00
199.112350,0x06F,0,0,8,0x8B,0xE4,0x4F,0x44,0xFF,0xFD,0xEF,0x7F
199.307950,0x065,0,0,1,0x3B,0x00,0x00,0x00,0x00,0x00,0x00,0x00
199.307951,0x066,0,0,6,0x03,0x77,0xDF,0x30,0x54,0x2D,0x00,0x00
199.307952,0x067,0,0,8,0xC5,0x1B,0x8A,0x30,0x40,0x35,0x6D,0x15
199.307953,0x068,0,0,4,0x3F,0xF6,0x39,0x00,0x00,0x00,0x00,0x00
199.307954,0x06B,0,0,5,0x97,0x00,0x80,0x27,0x00,0x00,0x00,0x00
199.311000,0x06F,0,0,8,0x8B,0xE4,0x4F,0x44,0xFF,0xFD,0xCF,0x7F
199.505950,0x065,0,0,1,0x3B,0x00,0x00,0x00,0x00,0x00,0x00,0x00
199.505951,0x066,0,0,6,0x03,0x3F,0xE0,0x30,0x54,0x2D,0x00,0x00
199.505952,0x067,0,0,8,0xC5,0x1B,0x8A,0x30,0x40,0x35,0x6D,0x15
199.505953,0x068,0,0,4,0x3F,0xF6,0x39,0x00,0x00,0x00,0x00,0x00
199.505954,0x06B,0,0,5,0xAB,0x00,0xA0,0x2E,0x00,0x00,0x00,0x00
199.508350,0x06F,0,0,8,0x8B,0xDC,0x4F,0x44,0xFF,0xFD,0xEF,0x7F
199.704150,0x065,0,0,1,0x3B,0x00,0x00,0x00,0x00,0x00,0x00,0x00
199.704151,0x066,0,0,6,0x03,0x07,0xE1,0x30,0x54,0x2D,0x00,0x00
199.704152,0x067,0,0,8,0xC7,0x1B,0x8A,0x10,0x40,0x35,0x6D,0x15
199.704153,0x068,0,0,4,0x3F,0xF6,0x31,0x00,0x00,0x00,0x00,0x00
199.704154,0x06B,0,0,5,0xD5,0x00,0xA0,0x2C,0x00,0x00,0x00,0x00
199.707000,0x06F,0,0,8,0x8B,0xE4,0x4F,0x44,0xFF,0xFD,0xEF,0x7F
199.901950,0x065,0,0,1,0x3B,0x00,0x00,0x00,0x00,0x00,0x00,0x00
199.901951,0x066,0,0,6,0x03,0xCF,0xE1,0x30,0x54,0x2D,0x00,0x00
199.901952,0x067,0,0,8,0xC9,0x1B,0x8A,0x10,0x40,0x35,0x6D,0x11
199.901953,0x068,0,0,4,0x43,0xF6,0x31,0x00,0x00,0x00,0x00,0x00
199.901954,0x06B,0,0,5,0xF9,0x01,0x20,0x32,0x00,0x00,0x00,0x00
199.904500,0x06F,0,0,8,0x8B,0xE4,0x4F,0x44,0xFF,0xFD,0xEF,0x7F
200.100200,0x065,0,0,1,0x3B,0x00,0x00,0x00,0x00,0x00,0x00,0x00
200.100201,0x066,0,0,6,0x03,0x97,0xE2,0x30,0x54,0x2D,0x00,0x00
200.100202,0x067,0,0,8,0xC9,0x1B,0x8A,0x10,0x40,0x35,0x6D,0x11
200.100203,0x068,0,0,4,0x41,0xF6,0x31,0x00,0x00,0x00,0x00,0x00
200.100204,0x06B,0,0,5,0x65,0x00,0x80,0x24,0x00,0x00,0x00,0x00
200.103050,0x06F,0,0,8,0x8B,0xDC,0x4F,0x44,0xFF,0xFD,0xEF,0x7F
200.298200,0x065,0,0,1,0x3B,0x00,0x00,0x00,0x00,0x00,0x00,0x00
200.298201,0x066,0,0,6,0x03,0x5F,0xE3,0x30,0x54,0x2D,0x00,0x00
200.298202,0x067,0,0,8,0xC9,0x1B,0x8A,0x10,0x40,0x35,0x6D,0x11
200.298203,0x068,0,0,4,0x41,0xF6,0x31,0x00,0x00,0x00,0x00,0x00
200.298204,0x06B,0,0,5,0x55,0x00,0x60,0x25,0x00,0x00,0x00,0x00
200.300350,0x06F,0,0,8,0x8B,0xE4,0x4F,0x44,0xFF,0xFD,0xEF,0x7F
200.495950,0x065,0,0,1,0x3B,0x00,0x00,0x00,0x00,0x00,0x00,0x00
200.495951,0x066,0,0,6,0x03,0x27,0xE4,0x30,0x54,0x2D,0x00,0x00
200.495952,0x067,0,0,8,0xC9,0x1B,0x8A,0xF0,0x3F,0x35,0x6D,0x11
200.495953,0x068,0,0,4,0x3F,0xF6,0x31,0x00,0x00,0x00,0x00,0x00
200.495954,0x06B,0,0,5,0x8D,0x00,0xE0,0x29,0x00,0x00,0x00,0x00
200.499000,0x06F,0,0,8,0x8B,0xDC,0x4F,0x44,0xFF,0xFD,0xEF,0x7F
200.693950,0x065,0,0,1,0x3B,0x00,0x00,0x00,0x00,0x00,0x00,0x00
200.693951,0x066,0,0,6,0x03,0xEF,0xE4,0x30,0x54,0x2D,0x00,0x00
200.693952,0x067,0,0,8,0xC9,0x1B,0x8A,0xF0,0x3F,0x35,0x6D,0x11
200.693953,0x068,0,0,4,0x3F,0xF6,0x31,0x00,0x00,0x00,0x00,0x00
200.693954,0x06B,0,0,5,0x95,0x00,0x60,0x27,0x00,0x00,0x00,0x00
200.696350,0x06F,0,0,8,0x8B,0xE4,0x4F,0x44,0xFF,0xFD,0xEF,0x7F
200.892200,0x065,0,0,1,0x3B,0x00,0x00,0x00,0x00,0x00,0x00,0x00
200.892201,0x066,0,0,6,0x03,0xB7,0xE5,0x30,0x54,0x2D,0x00,0x00
200.892202,0x067,0,0,8,0xC9,0x1B,0x8A,0xF0,0x3F,0x35,0x6D,0x11
200.892203,0x068,0,0,4,0x3F,0xF6,0x31,0x00,0x00,0x00,0x00,0x00
200.892204,0x06B,0,0,5,0x6F,0x00,0x20,0x23,0x00,0x00,0x00,0x00
200.895150,0x06F,0,0,8,0x8B,0xE4,0x4F,0x44,0xFF,0xFD,0xEF,0x7F
201.090200,0x065,0,0,1,0x3B,0x00,0x00,0x00,0x00,0x00,0x00,0x00
201.090201,0x066,0,0,6,0x03,0x7F,0xE6,0x30,0x54,0x2D,0x00,0x00
201.090202,0x067,0,0,8,0xC9,0x1B,0x8A,0xD0,0x3F,0x35,0x6D,0x11
201.090203,0x068,0,0,4,0x3D,0xF6,0x31,0x00,0x00,0x00,0x00,0x00
201.090204,0x06B,0,0,5,0xEF,0x00,0x00,0x33,0x00,0x00,0x00,0x00
201.092350,0x06F,0,0,8,0x8B,0xE4,0x4F,0xC4,0xFE,0xFD,0xEF,0x7F
201.288200,0x065,0,0,1,0x3B,0x00,0x00,0x00,0x00,0x00,0x00,0x00
201.288201,0x066,0,0,6,0x03,0x47,0xE7,0x30,0x54,0x2D,0x00,0x00
201.288202,0x067,0,0,8,0xC9,0x1B,0x8A,0xD0,0x3F,0x35,0x6D,0x11
201.288203,0x068,0,0,4,0x3B,0xF6,0x31,0x00,0x00,0x00,0x00,0x00
201.288204,0x06B,0,0,5,0xBB,0x00,0x80,0x31,0x00,0x00,0x00,0x00
201.290350,0x06F,0,0,8,0x8B,0xE4,0x4F,0x44,0xFF,0xFD,0xEF,0x7F
201.486200,0x065,0,0,1,0x3B,0x00,0x00,0x00,0x00,0x00,0x00,0x00
201.486201,0x066,0,0,6,0x03,0x0F,0xE8,0x30,0x54,0x2D,0x00,0x00
201.486202,0x067,0,0,8,0xC9,0x1B,0x8A,0xD0,0x3F,0x35,0x6D,0x11
201.486203,0x068,0,0,4,0x39,0xF6,0x31,0x00,0x00,0x00,0x00,0x00
201.486204,0x06B,0,0,5,0x61,0x00,0x60,0x27,0x00,0x00,0x00,0x00
201.489000,0x06F,0,0,8,0x8B,0xE4,0x4F,0x44,0xFF,0xFD,0xEF,0x7F
201.683950,0x065,0,0,1,0x3B,0x00,0x00,0x00,0x00,0x00,0x00,0x00
201.683951,0x066,0,0,6,0x03,0xD7,0xE8,0x30,0x54,0x2D,0x00,0x00
201.683952,0x067,0,0,8,0xC9,0x1B,0x8A,0xB0,0x3F,0x35,0x6D,0x11
201.683953,0x068,0,0,4,0x37,0xF6,0x31,0x00,0x00,0x00,0x00,0x00
201.683954,0x06B,0,0,5,0x5F,0x00,0x00,0x2F,0x00,0x00,0x00,0x00
201.686350,0x06F,0,0,8,0x8B,0xE4,0x4F,0x44,0xFF,0xFD,0xEF,0x7F
201.882000,0x065,0,0,1,0x3B,0x00,0x00,0x00,0x00,0x00,0x00,0x00
201.882001,0x066,0,0,6,0x03,0x9F,0xE9,0x30,0x54,0x2D,0x00,0x00
201.882002,0x067,0,0,8,0xC9,0x1B,0x8A,0xB0,0x3F,0x35,0x6D,0x11
201.882003,0x068,0,0,4,0x37,0xF6,0x31,0x00,0x00,0x00,0x00,0x00
201.882004,0x06B,0,0,5,0xF5,0x00,0x60,0x2C,0x00,0x00,0x00,0x00
201.885150,0x06F,0,0,8,0x8B,0xE4,0x4F,0x44,0xFF,0xFD,0xEF,0x7F
202.080200,0x065,0,0,1,0x53,0x00,0x00,0x00,0x00,0x00,0x00,0x00
202.080201,0x066,0,0,6,0x03,0x67,0xEA,0x30,0x54,0x2D,0x00,0x00
202.080202,0x067,0,0,8,0xC9,0x1B,0x8A,0x50,0x3F,0x35,0x6D,0x11
202.080203,0x068,0,0,4,0x31,0xF6,0x31,0x00,0x00,0x00,0x00,0x00
202.080204,0x06B,0,0,5,0xA7,0x00,0xE0,0x26,0x00,0x00,0x00,0x00
202.082350,0x06F,0,0,8,0x8B,0xE4,0x4F,0x44,0xFF,0xFD,0xEF,0x7F
202.278200,0x065,0,0,1,0x53,0x00,0x00,0x00,0x00,0x00,0x00,0x00
202.278201,0x066,0,0,6,0x03,0x2F,0xEB,0x30,0x54,0x2D,0x00,0x00
202.278202,0x067,0,0,8,0xCB,0x1B,0x8A,0xF0,0x3E,0x35,0x6D,0x11
202.278203,0x068,0,0,4,0x2D,0xF6,0x31,0x00,0x00,0x00,0x00,0x00
202.278204,0x06B,0,0,5,0x65,0x00,0xC0,0x20,0x00,0x00,0x00,0x00
202.281050,0x06F,0,0,8,0x8B,0xE4,0x4F,0x44,0xFF,0xFD,0xEF,0x7F
202.476200,0x065,0,0,1,0x53,0x00,0x00,0x00,0x00,0x00,0x00,0x00
202.476201,0x066,0,0,6,0x03,0xF7,0xEB,0x30,0x54,0x2D,0x00,0x00
202.476202,0x067,0,0,8,0xCB,0x1B,0x8A,0xB0,0x3E,0x35,0x6D,0x11
202.476203,0x068,0,0,4,0x2B,0xF6,0x31,0x00,0x00,0x00,0x00,0x00
202.476204,0x06B,0,0,5,0x45,0x00,0xA0,0x1E,0x00,0x00,0x00,0x00
202.478400,0x06F,0,0,8,0x8B,0xE4,0x4F,0xC4,0xFE,0xFD,0xEF,0x7F
202.674200,0x065,0,0,1,0x53,0x00,0x00,0x00,0x00,0x00,0x00,0x00
202.674201,0x066,0,0,6,0x03,0xBF,0xEC,0x30,0x54,0x2D,0x00,0x00
202.674202,0x067,0,0,8,0xCD,0x1B,0x8A,0x50,0x3E,0x35,0x6D,0x11
202.674203,0x068,0,0,4,0x27,0xF6,0x31,0x00,0x00,0x00,0x00,0x00
202.674204,0x06B,0,0,5,0x61,0x00,0xE0,0x23,0x00,0x00,0x00,0x00
202.677050,0x06F,0,0,8,0x8B,0xE4,0x4F,0x44,0xFF,0xFD,0xEF,0x7F
202.872200,0x065,0,0,1,0x53,0x00,0x00,0x00,0x00,0x00,0x00,0x00
202.872201,0x066,0,0,6,0x03,0x87,0xED,0x30,0x54,0x2D,0x00,0x00
202.872202,0x067,0,0,8,0xCD,0x1B,0x8A,0x10,0x3E,0x35,0x6D,0x11
202.872203,0x068,0,0,4,0x25,0xF6,0x31,0x00,0x00,0x00,0x00,0x00
202.872204,0x06B,0,0,5,0x4F,0x00,0x60,0x21,0x00,0x00,0x00,0x00
202.874500,0x06F,0,0,8,0x8B,0xE4,0x4F,0x44,0xFF,0xFD,0xEF,0x7F
203.070200,0x065,0,0,1,0x53,0x00,0x00,0x00,0x00,0x00,0x00,0x00
203.070201,0x066,0,0,6,0x03,0x4F,0xEE,0x30,0x54,0x2D,0x00,0x00
203.070202,0x067,0,0,8,0xCD,0x1B,0x8A,0xD0,0x3D,0x35,0x6D,0x11
203.070203,0x068,0,0,4,0x23,0xF6,0x31,0x00,0x00,0x00,0x00,0x00
203.070204,0x06B,0,0,5,0x7D,0x00,0x20,0x25,0x00,0x00,0x00,0x00
203.073050,0x06F,0,0,8,0x8B,0xE4,0x4F,0x44,0xFF,0xFD,0xEF,0x7F
203.268200,0x065,0,0,1,0x53,0x00,0x00,0x00,0x00,0x00,0x00,0x00
203.268201,0x066,0,0,6,0x03,0x17,0xEF,0x30,0x54,0x2D,0x00,0x00
203.268202,0x067,0,0,8,0xCF,0x1B,0x8A,0x90,0x3D,0x35,0x6D,0x11
203.268203,0x068,0,0,4,0x1F,0xF6,0x31,0x00,0x00,0x00,0x00,0x00
203.268204,0x06B,0,0,5,0xEB,0x00,0x20,0x26,0x00,0x00,0x00,0x00
203.270400,0x06F,0,0,8,0x8B,0xE4,0x4F,0x44,0xFF,0xFD,0xEF,0x7F
203.466200,0x065,0,0,1,0x53,0x00,0x00,0x00,0x00,0x00,0x00,0x00
203.466201,0x066,0,0,6,0x03,0xDF,0xEF,0x30,0x54,0x2D,0x00,0x00
203.466202,0x067,0,0,8,0xCF,0x1B,0x8A,0x70,0x3D,0x35,0x6D,0x11
203.466203,0x068,0,0,4,0x1D,0xF6,0x31,0x00,0x00,0x00,0x00,0x00
203.466204,0x06B,0,0,5,0x57,0x00,0x00,0x25,0x00,0x00,0x00,0x00
203.468050,0x06F,0,0,8,0x8B,0xE4,0x4F,0x44,0xFF,0xFD,0xEF,0x7F
203.663750,0x06F,0,0,8,0x8B,0xDC,0x4F,0x44,0xFF,0xFD,0xEF,0x7F
203.664350,0x065,0,0,1,0x53,0x00,0x00,0x00,0x00,0x00,0x00,0x00
203.664351,0x066,0,0,6,0x03,0xA7,0xF0,0x30,0x54,0x2D,0x00,0x00
203.664352,0x067,0,0,8,0xD1,0x1B,0x8A,0x30,0x3D,0x35,0x6D,0x11
203.664353,0x068,0,0,4,0x1B,0xF6,0x31,0x00,0x00,0x00,0x00,0x00
203.664354,0x06B,0,0,5,0x33,0x00,0x60,0x26,0x00,0x00,0x00,0x00
203.862200,0x065,0,0,1,0x53,0x00,0x00,0x00,0x00,0x00,0x00,0x00
203.862201,0x066,0,0,6,0x03,0x6F,0xF1,0x30,0x54,0x2D,0x00,0x00
203.862202,0x067,0,0,8,0xD1,0x1B,0x8A,0x10,0x3D,0x35,0x6D,0x11
203.862203,0x068,0,0,4,0x1B,0xF6,0x31,0x00,0x00,0x00,0x00,0x00
203.862204,0x06B,0,0,5,0x8B,0x00,0x20,0x1F,0x00,0x00,0x00,0x00
203.864600,0x06F,0,0,8,0x8B,0xDC,0x4F,0xC4,0xFE,0xFD,0xEF,0x7F
204.060250,0x065,0,0,1,0x53,0x00,0x00,0x00,0x00,0x00,0x00,0x00
204.060251,0x066,0,0,6,0x03,0x37,0xF2,0x30,0x54,0x2D,0x00,0x00
204.060252,0x067,0,0,8,0xD1,0x1B,0x8A,0xF0,0x3C,0x35,0x6D,0x11
204.060253,0x068,0,0,4,0x19,0xF6,0x31,0x00,0x00,0x00,0x00,0x00
204.060254,0x06B,0,0,5,0x51,0x00,0x20,0x24,0x00,0x00,0x00,0x00
204.063050,0x06F,0,0,8,0x8B,0xE4,0x4F,0x44,0xFF,0xFD,0xEF,0x7F
204.257750,0x06F,0,0,8,0x8B,0xE4,0x4F,0x44,0xFF,0xFD,0xEF,0x7F
204.258400,0x065,0,0,1,0x53,0x00,0x00,0x00,0x00,0x00,0x00,0x00
204.258401,0x066,0,0,6,0x03,0xFF,0xF2,0x30,0x54,0x2D,0x00,0x00
204.258402,0x067,0,0,8,0xD3,0x1B,0x8A,0xB0,0x3C,0x35,0x6D,0x11
204.258403,0x068,0,0,4,0x15,0xF6,0x31,0x00,0x00,0x00,0x00,0x00
204.258404,0x06B,0,0,5,0x9F,0x00,0x40,0x29,0x00,0x00,0x00,0x00
204.456250,0x065,0,0,1,0x53,0x00,0x00,0x00,0x00,0x00,0x00,0x00
204.456251,0x066,0,0,6,0x03,0xC7,0xF3,0x30,0x54,0x2D,0x00,0x00
204.456252,0x067,0,0,8,0xD3,0x1B,0x8A,0x90,0x3C,0x35,0x6D,0x11
204.456253,0x068,0,0,4,0x13,0xF6,0x31,0x00,0x00,0x00,0x00,0x00
204.456254,0x06B,0,0,5,0xFB,0x00,0xC0,0x20,0x00,0x00,0x00,0x00
204.459100,0x06F,0,0,8,0x8B,0xDC,0x4F,0xC4,0xFE,0xFD,0xEF,0x7F
204.654250,0x065,0,0,1,0x53,0x00,0x00,0x00,0x00,0x00,0x00,0x00
204.654251,0x066,0,0,6,0x03,0x8F,0xF4,0x30,0x54,0x2D,0x00,0x00
204.654252,0x067,0,0,8,0xD3,0x1B,0x8A,0x50,0x3C,0x35,0x6D,0x11
204.654253,0x068,0,0,4,0x0F,0xF6,0x31,0x00,0x00,0x00,0x00,0x00
204.654254,0x06B,0,0,5,0x8F,0x00,0xC0,0x26,0x00,0x00,0x00,0x00
204.654450,0x06F,0,0,8,0x8B,0xEC,0x4F,0x44,0xFF,0xFD,0xCF,0x7F
204.851750,0x06F,0,0,8,0x8B,0xEC,0x4F,0xC4,0xFE,0xFD,0xEF,0x7F
204.852400,0x065,0,0,1,0x53,0x00,0x00,0x00,0x00,0x00,0x00,0x00
204.852401,0x066,0,0,6,0x03,0x57,0xF5,0x30,0x54,0x2D,0x00,0x00
204.852402,0x067,0,0,8,0xD3,0x1B,0x8A,0x30,0x3C,0x35,0x6D,0x11
204.852403,0x068,0,0,4,0x0D,0xF6,0x29,0x00,0x00,0x00,0x00,0x00
204.852404,0x06B,0,0,5,0xA7,0x00,0x60,0x28,0x00,0x00,0x00,0x00
205.049750,0x06F,0,0,8,0x8B,0xFC,0x4F,0x44,0xFF,0xFD,0xCF,0x7F
205.050400,0x065,0,0,1,0x53,0x00,0x00,0x00,0x00,0x00,0x00,0x00
205.050401,0x066,0,0,6,0x03,0x1F,0xF6,0x30,0x54,0x2D,0x00,0x00
205.050402,0x067,0,0,8,0xD5,0x1B,0x8A,0x10,0x3C,0x35,0x6D,0x11
205.050403,0x068,0,0,4,0x0D,0xF6,0x29,0x00,0x00,0x00,0x00,0x00
205.050404,0x06B,0,0,5,0x79,0x00,0xA0,0x25,0x00,0x00,0x00,0x00
205.248250,0x065,0,0,1,0x53,0x00,0x00,0x00,0x00,0x00,0x00,0x00
205.248251,0x066,0,0,6,0x03,0xE7,0xF6,0x30,0x54,0x2D,0x00,0x00
205.248252,0x067,0,0,8,0xD5,0x1B,0x8A,0xD0,0x3B,0x35,0x6D,0x11
205.248253,0x068,0,0,4,0x09,0xF6,0x29,0x00,0x00,0x00,0x00,0x00
205.248254,0x06B,0,0,5,0x65,0x01,0xA0,0x21,0x00,0x00,0x00,0x00
205.251050,0x06F,0,0,8,0x8B,0x0C,0x50,0x44,0xFF,0xFD,0xCF,0x7F
205.445750,0x06F,0,0,8,0x8D,0x24,0x50,0xC4,0xFF,0xFD,0xAF,0x7F
205.446400,0x065,0,0,1,0x53,0x00,0x00,0x00,0x00,0x00,0x00,0x00
205.446401,0x066,0,0,6,0x03,0xAF,0xF7,0x30,0x54,0x2D,0x00,0x00
205.446402,0x067,0,0,8,0xD5,0x1B,0x8A,0x90,0x3B,0x35,0x6D,0x0D
205.446403,0x068,0,0,4,0x05,0xF6,0x29,0x00,0x00,0x00,0x00,0x00
205.446404,0x06B,0,0,5,0x73,0x02,0xC0,0x25,0x00,0x00,0x00,0x00
205.644250,0x065,0,0,1,0x53,0x00,0x00,0x00,0x00,0x00,0x00,0x00
205.644251,0x066,0,0,6,0x03,0x77,0xF8,0x30,0x54,0x2D,0x00,0x00
205.644252,0x067,0,0,8,0xD7,0x1B,0x8A,0x50,0x3B,0x35,0x6D,0x0D
205.644253,0x068,0,0,4,0x01,0xF6,0x29,0x00,0x00,0x00,0x00,0x00
205.644254,0x06B,0,0,5,0x37,0x04,0x60,0x23,0x00,0x00,0x00,0x00
205.646500,0x06F,0,0,8,0x8B,0x34,0x50,0xC4,0xFF,0xFD,0xAF,0x7F
205.841750,0x06F,0,0,8,0x8B,0x44,0x50,0xC4,0xFF,0xF9,0xCF,0x7F
205.842400,0x065,0,0,1,0x53,0x00,0x00,0x00,0x00,0x00,0x00,0x00
205.842401,0x066,0,0,6,0x03,0x3F,0xF9,0x30,0x54,0x2D,0x00,0x00
205.842402,0x067,0,0,8,0xD9,0x1B,0x8A,0x50,0x3B,0x35,0x6D,0x0D
205.842403,0x068,0,0,4,0xFD,0xF5,0x29,0x00,0x00,0x00,0x00,0x00
205.842404,0x06B,0,0,5,0x7B,0x04,0x80,0x24,0x00,0x00,0x00,0x00
206.039750,0x06F,0,0,8,0x8B,0x4C,0x50,0xC4,0xFF,0xFD,0xCF,0x7F
206.040400,0x065,0,0,1,0x53,0x00,0x00,0x00,0x00,0x00,0x00,0x00
206.040401,0x066,0,0,6,0x03,0x07,0xFA,0x30,0x54,0x2D,0x00,0x00
206.040402,0x067,0,0,8,0xDB,0x1B,0x8A,0x70,0x3B,0x35,0x6D,0x0D
206.040403,0x068,0,0,4,0xF9,0xF5,0x29,0x00,0x00,0x00,0x00,0x00
206.040404,0x06B,0,0,5,0x7F,0x06,0x20,0x26,0x00,0x00,0x00,0x00
206.237750,0x06F,0,0,8,0x8D,0x4C,0x30,0x44,0x00,0x06,0xF0,0x7F
206.238400,0x065,0,0,1,0x53,0x00,0x00,0x00,0x00,0x00,0x00,0x00
206.238401,0x066,0,0,6,0x03,0xCF,0xFA,0x30,0x54,0x2D,0x00,0x00
206.238402,0x067,0,0,8,0xDF,0x1B,0x8A,0x70,0x3B,0x35,0x6D,0x0D
206.238403,0x068,0,0,4,0xF5,0xF5,0x29,0x00,0x00,0x00,0x00,0x00
206.238404,0x06B,0,0,5,0xCB,0x08,0xE0,0x29,0x00,0x00,0x00,0x00
206.436250,0x065,0,0,1,0x53,0x00,0x00,0x00,0x00,0x00,0x00,0x00
206.436251,0x066,0,0,6,0x03,0x97,0xFB,0x30,0x54,0x2D,0x00,0x00
206.436252,0x067,0,0,8,0xE3,0x1B,0x8A,0x90,0x3B,0x35,0x6D,0x0D
206.436253,0x068,0,0,4,0xF3,0xF5,0x29,0x00,0x00,0x00,0x00,0x00
206.436254,0x06B,0,0,5,0x3F,0x0B,0x20,0x2B,0x00,0x00,0x00,0x00
206.436450,0x06F,0,0,8,0x8D,0x54,0x50,0xC4,0x00,0xFE,0xEF,0x7F
206.633750,0x06F,0,0,8,0x8B,0x44,0x70,0xC4,0xFF,0x05,0x10,0x80
206.634400,0x065,0,0,1,0x53,0x00,0x00,0x00,0x00,0x00,0x00,0x00
206.634401,0x066,0,0,6,0x03,0x5F,0xFC,0x30,0x54,0x2D,0x00,0x00
206.634402,0x067,0,0,8,0xE9,0x1B,0x8A,0xB0,0x3B,0x35,0x6D,0x0D
206.634403,0x068,0,0,4,0xEF,0xF5,0x29,0x00,0x00,0x00,0x00,0x00
206.634404,0x06B,0,0,5,0x55,0x0D,0x20,0x2C,0x00,0x00,0x00,0x00
206.831800,0x06F,0,0,8,0x89,0x4C,0x70,0xC4,0x00,0x02,0x10,0x80
206.832450,0x065,0,0,1,0x53,0x00,0x00,0x00,0x00,0x00,0x00,0x00
206.832451,0x066,0,0,6,0x03,0x27,0xFD,0x30,0x54,0x2D,0x00,0x00
206.832452,0x067,0,0,8,0xF1,0x1B,0x8A,0xD0,0x3B,0x35,0x6D,0x0D
206.832453,0x068,0,0,4,0xEB,0xF5,0x29,0x00,0x00,0x00,0x00,0x00
206.832454,0x06B,0,0,5,0xC3,0x0F,0x60,0x2D,0x00,0x00,0x00,0x00
207.029800,0x06F,0,0,8,0x8F,0x44,0x90,0x44,0x01,0xF2,0xEF,0x7F
207.030450,0x065,0,0,1,0x53,0x00,0x00,0x00,0x00,0x00,0x00,0x00
207.030451,0x066,0,0,6,0x03,0xEF,0xFD,0x30,0x54,0x2D,0x00,0x00
207.030452,0x067,0,0,8,0xF7,0x1B,0x8A,0x10,0x3C,0x35,0x6D,0x0D
207.030453,0x068,0,0,4,0xE7,0xF5,0x29,0x00,0x00,0x00,0x00,0x00
207.030454,0x06B,0,0,5,0x8F,0x12,0x20,0x2F,0x00,0x00,0x00,0x00
207.227800,0x06F,0,0,8,0x8B,0x4C,0x30,0xC4,0x00,0x0A,0x50,0x80
207.228400,0x065,0,0,1,0x53,0x00,0x00,0x00,0x00,0x00,0x00,0x00
207.228401,0x066,0,0,6,0x03,0xB7,0xFE,0x30,0x54,0x2D,0x00,0x00
207.228402,0x067,0,0,8,0x01,0x1C,0x8A,0x50,0x3C,0x35,0x6D,0x0D
207.228403,0x068,0,0,4,0xE3,0xF5,0x29,0x00,0x00,0x00,0x00,0x00
207.228404,0x06B,0,0,5,0xB9,0x14,0x40,0x30,0x00,0x00,0x00,0x00
207.425800,0x06F,0,0,8,0x8B,0x44,0x90,0x44,0x00,0x0A,0x50,0x80
207.427100,0x065,0,0,1,0x53,0x00,0x00,0x00,0x00,0x00,0x00,0x00
207.427101,0x066,0,0,6,0x03,0x7F,0xFF,0x30,0x54,0x2D,0x00,0x00
207.427102,0x067,0,0,8,0x0B,0x1C,0x8A,0x90,0x3C,0x35,0x6D,0x0D
207.427103,0x068,0,0,4,0xE1,0xF5,0x29,0x00,0x00,0x00,0x00,0x00
207.427104,0x06B,0,0,5,0x6F,0x17,0x40,0x2F,0x00,0x00,0x00,0x00
207.623800,0x06F,0,0,8,0x87,0x44,0x50,0xC4,0xFF,0xF5,0xEF,0x80
207.624400,0x065,0,0,1,0x53,0x00,0x00,0x00,0x00,0x00,0x00,0x00
207.624401,0x066,0,0,6,0x03,0x47,0x00,0x31,0x54,0x2D,0x00,0x00
207.624402,0x067,0,0,8,0x17,0x1C,0x8A,0xF0,0x3C,0x35,0x6D,0x0D
207.624403,0x068,0,0,4,0xDD,0xF5,0x29,0x00,0x00,0x00,0x00,0x00
207.624404,0x06B,0,0,5,0x83,0x19,0x60,0x2C,0x00,0x00,0x00,0x00
207.821800,0x06F,0,0,8,0x8B,0x44,0x30,0xC4,0x01,0x0A,0xF0,0x7F
207.822400,0x065,0,0,1,0x53,0x00,0x00,0x00,0x00,0x00,0x00,0x00
207.822401,0x066,0,0,6,0x03,0x0F,0x01,0x31,0x54,0x2D,0x00,0x00
207.822402,0x067,0,0,8,0x21,0x1C,0x8A,0x70,0x3D,0x35,0x6D,0x0D
207.822403,0x068,0,0,4,0xD7,0xF5,0x29,0x00,0x00,0x00,0x00,0x00
207.822404,0x06B,0,0,5,0x6F,0x1C,0x80,0x2C,0x00,0x00,0x00,0x00
208.019800,0x06F,0,0,8,0x89,0x3C,0x70,0x44,0x01,0x0E,0x10,0x80
208.020650,0x065,0,0,1,0x53,0x00,0x00,0x00,0x00,0x00,0x00,0x00
208.020651,0x066,0,0,6,0x03,0xD7,0x01,0x31,0x54,0x2D,0x00,0x00
208.020652,0x067,0,0,8,0x2F,0x1C,0x8A,0xD0,0x3D,0x35,0x6D,0x0D
208.020653,0x068,0,0,4,0xD5,0xF5,0x29,0x00,0x00,0x00,0x00,0x00
208.020654,0x06B,0,0,5,0x31,0x1E,0x80,0x2C,0x00,0x00,0x00,0x00
208.217800,0x06F,0,0,8,0x8B,0x2C,0xB0,0x44,0x02,0xF6,0xAF,0x7F
208.218450,0x065,0,0,1,0x53,0x00,0x00,0x00,0x00,0x00,0x00,0x00
208.218451,0x066,0,0,6,0x03,0x9F,0x02,0x31,0x54,0x2D,0x00,0x00
208.218452,0x067,0,0,8,0x3B,0x1C,0x8A,0x50,0x3E,0x35,0x6D,0x0D
208.218453,0x068,0,0,4,0xD1,0xF5,0x29,0x00,0x00,0x00,0x00,0x00
208.218454,0x06B,0,0,5,0xC9,0x20,0xC0,0x2A,0x00,0x00,0x00,0x00
208.415800,0x06F,0,0,8,0x8F,0xF4,0xAF,0x44,0x00,0xF6,0xCF,0x80
208.416450,0x065,0,0,1,0x53,0x00,0x00,0x00,0x00,0x00,0x00,0x00
208.416451,0x066,0,0,6,0x03,0x67,0x03,0x31,0x54,0x2D,0x00,0x00
208.416452,0x067,0,0,8,0x49,0x1C,0x8A,0xB0,0x3E,0x35,0x6D,0x0D
208.416453,0x068,0,0,4,0xCF,0xF5,0x29,0x00,0x00,0x00,0x00,0x00
208.416454,0x06B,0,0,5,0x15,0x22,0xA0,0x28,0x00,0x00,0x00,0x00
208.613800,0x06F,0,0,8,0x89,0xDC,0xCF,0xC4,0x01,0xFA,0x8F,0x80
208.614450,0x065,0,0,1,0x53,0x00,0x00,0x00,0x00,0x00,0x00,0x00
208.614451,0x066,0,0,6,0x03,0x2F,0x04,0x31,0x54,0x2D,0x00,0x00
208.614452,0x067,0,0,8,0x57,0x1C,0x8A,0x10,0x3F,0x35,0x6D,0x0D
208.614453,0x068,0,0,4,0xC9,0xF5,0x29,0x00,0x00,0x00,0x00,0x00
208.614454,0x06B,0,0,5,0x97,0x22,0x80,0x26,0x00,0x00,0x00,0x00
208.811800,0x06F,0,0,8,0x87,0xD4,0xCF,0x44,0x04,0xE6,0x2F,0x80
208.812600,0x065,0,0,1,0x53,0x00,0x00,0x00,0x00,0x00,0x00,0x00
208.812601,0x066,0,0,6,0x03,0xF7,0x04,0x31,0x54,0x2D,0x00,0x00
208.812602,0x067,0,0,8,0x65,0x1C,0x8A,0x70,0x3F,0x35,0x6D,0x0D
208.812603,0x068,0,0,4,0xC7,0xF5,0x29,0x00,0x00,0x00,0x00,0x00
208.812604,0x06B,0,0,5,0x19,0x23,0x60,0x25,0x00,0x00,0x00,0x00
209.009800,0x06F,0,0,8,0x89,0xDC,0x0F,0xC5,0x05,0xEE,0x6F,0x80
209.010450,0x065,0,0,1,0x4B,0x00,0x00,0x00,0x00,0x00,0x00,0x00
209.010451,0x066,0,0,6,0x03,0xBF,0x05,0x31,0x54,0x2D,0x00,0x00
209.010452,0x067,0,0,8,0x73,0x1C,0x8A,0xD0,0x3F,0x35,0x6D,0x0D
209.010453,0x068,0,0,4,0xC3,0xF5,0x29,0x00,0x00,0x00,0x00,0x00
209.010454,0x06B,0,0,5,0xED,0x21,0xE0,0x23,0x00,0x00,0x00,0x00
209.207800,0x06F,0,0,8,0x83,0xFC,0x0F,0xC5,0x08,0xF6,0x4F,0x80
209.208700,0x065,0,0,1,0x4B,0x00,0x00,0x00,0x00,0x00,0x00,0x00
209.208701,0x066,0,0,6,0x03,0x87,0x06,0x31,0x54,0x2D,0x00,0x00
209.208702,0x067,0,0,8,0x81,0x1C,0x8A,0xD0,0x3F,0x35,0x6D,0x0D
209.208703,0x068,0,0,4,0xBB,0xF5,0x29,0x00,0x00,0x00,0x00,0x00
209.208704,0x06B,0,0,5,0xC1,0x21,0x20,0x23,0x00,0x00,0x00,0x00
209.405800,0x06F,0,0,8,0x8B,0x14,0xF0,0x44,0x09,0xEA,0x0F,0x81
209.406700,0x065,0,0,1,0x4B,0x00,0x00,0x00,0x00,0x00,0x00,0x00
209.406701,0x066,0,0,6,0x03,0x4F,0x07,0x31,0x54,0x2D,0x00,0x00
209.406702,0x067,0,0,8,0x91,0x1C,0x8A,0xF0,0x3F,0x35,0x6D,0x0D
209.406703,0x068,0,0,4,0xB7,0xF5,0x29,0x00,0x00,0x00,0x00,0x00
209.406704,0x06B,0,0,5,0x03,0x23,0x00,0x23,0x00,0x00,0x00,0x00
209.603800,0x06F,0,0,8,0x87,0x14,0x10,0x45,0x0B,0xF6,0x0F,0x82
209.605100,0x065,0,0,1,0x4B,0x00,0x00,0x00,0x00,0x00,0x00,0x00
209.605101,0x066,0,0,6,0x03,0x17,0x08,0x31,0x54,0x2D,0x00,0x00
209.605102,0x067,0,0,8,0x9F,0x1C,0x8A,0x10,0x40,0x35,0x6D,0x0D
209.605103,0x068,0,0,4,0xB3,0xF5,0x29,0x00,0x00,0x00,0x00,0x00
209.605104,0x06B,0,0,5,0x95,0x24,0xC0,0x24,0x00,0x00,0x00,0x00
209.801800,0x06F,0,0,8,0x89,0x14,0xB0,0x45,0x0D,0xE6,0x4F,0x82
209.802450,0x065,0,0,1,0x4B,0x00,0x00,0x00,0x00,0x00,0x00,0x00
209.802451,0x066,0,0,6,0x03,0xDF,0x08,0x31,0x54,0x2D,0x00,0x00
209.802452,0x067,0,0,8,0xB1,0x1C,0x8A,0x30,0x40,0x35,0x6D,0x0D
209.802453,0x068,0,0,4,0xB1,0xF5,0x29,0x00,0x00,0x00,0x00,0x00
209.802454,0x06B,0,0,5,0xA1,0x25,0x00,0x27,0x00,0x00,0x00,0x00
209.999800,0x06F,0,0,8,0x81,0x14,0x30,0x45,0x11,0x02,0xF0,0x81
210.000600,0x065,0,0,1,0x53,0x00,0x00,0x00,0x00,0x00,0x00,0x00
210.000601,0x066,0,0,6,0x03,0xA7,0x09,0x31,0x54,0x2D,0x00,0x00
210.000602,0x067,0,0,8,0xC1,0x1C,0x8A,0x90,0x40,0x35,0x6D,0x0D
210.000603,0x068,0,0,4,0xAF,0xF5,0x29,0x00,0x00,0x00,0x00,0x00
210.000604,0x06B,0,0,5,0x1B,0x27,0x60,0x26,0x00,0x00,0x00,0x00
210.197800,0x06F,0,0,8,0x7B,0x14,0xB0,0xC5,0x13,0xD6,0x4F,0x82
210.198600,0x065,0,0,1,0x4B,0x00,0x00,0x00,0x00,0x00,0x00,0x00
210.198601,0x066,0,0,6,0x03,0x6F,0x0A,0x31,0x54,0x2D,0x00,0x00
210.198602,0x067,0,0,8,0xD1,0x1C,0x8A,0xD0,0x40,0x35,0x6D,0x0D
210.198603,0x068,0,0,4,0xAB,0xF5,0x29,0x00,0x00,0x00,0x00,0x00
210.198604,0x06B,0,0,5,0xB7,0x25,0x60,0x2F,0x00,0x00,0x00,0x00
210.395800,0x06F,0,0,8,0x89,0x14,0xB0,0xC5,0x18,0xDA,0x2F,0x82
210.396700,0x065,0,0,1,0x4B,0x00,0x00,0x00,0x00,0x00,0x00,0x00
210.396701,0x066,0,0,6,0x03,0x37,0x0B,0x31,0x54,0x2D,0x00,0x00
210.396702,0x067,0,0,8,0xE3,0x1C,0x8A,0xF0,0x40,0x35,0x6D,0x0D
210.396703,0x068,0,0,4,0xAB,0xF5,0x29,0x00,0x00,0x00,0x00,0x00
210.396704,0x06B,0,0,5,0x6D,0x28,0x00,0x32,0x00,0x00,0x00,0x00
210.593800,0x06F,0,0,8,0x83,0x0C,0x70,0xC6,0x18,0x12,0x70,0x83
210.594700,0x065,0,0,1,0x4B,0x00,0x00,0x00,0x00,0x00,0x00,0x00
210.594701,0x066,0,0,6,0x03,0xFF,0x0B,0x31,0x54,0x2D,0x00,0x00
210.594702,0x067,0,0,8,0xF5,0x1C,0x8A,0xD0,0x40,0x35,0x6D,0x0D
210.594703,0x068,0,0,4,0xA7,0xF5,0x29,0x00,0x00,0x00,0x00,0x00
210.594704,0x06B,0,0,5,0x41,0x2A,0x00,0x33,0x00,0x00,0x00,0x00
210.792450,0x065,0,0,1,0x4B,0x00,0x00,0x00,0x00,0x00,0x00,0x00
210.792451,0x066,0,0,6,0x03,0xC7,0x0C,0x31,0x54,0x2D,0x00,0x00
210.792452,0x067,0,0,8,0x09,0x1D,0x8A,0xD0,0x40,0x35,0x6D,0x0D
210.792453,0x068,0,0,4,0xA3,0xF5,0x29,0x00,0x00,0x00,0x00,0x00
210.792454,0x06B,0,0,5,0x47,0x2C,0x40,0x3E,0x00,0x00,0x00,0x00
210.794700,0x06A,0,0,3,0x29,0x00,0x00,0x00,0x00,0x00,0x00,0x00
210.795050,0x06F,0,0,8,0x7F,0xEC,0xCF,0x45,0x1B,0xFA,0x8F,0x83
210.989850,0x06F,0,0,8,0x87,0xE4,0x6F,0x45,0x1C,0xDA,0x2F,0x83
210.990500,0x065,0,0,1,0x4B,0x00,0x00,0x00,0x00,0x00,0x00,0x00
210.990501,0x066,0,0,6,0x03,0x8F,0x0D,0x31,0x54,0x2D,0x00,0x00
210.990502,0x067,0,0,8,0x1D,0x1D,0x8A,0xB0,0x40,0x35,0x6D,0x0D
210.990503,0x068,0,0,4,0x9F,0xF5,0x29,0x00,0x00,0x00,0x00,0x00
210.990504,0x06B,0,0,5,0xBD,0x2C,0xE0,0x47,0x00,0x00,0x00,0x00
211.187850,0x06F,0,0,8,0x81,0xCC,0x8F,0xC5,0x1A,0xF2,0xEF,0x83
211.188600,0x065,0,0,1,0x4B,0x00,0x00,0x00,0x00,0x00,0x00,0x00
211.188601,0x066,0,0,6,0x03,0x57,0x0E,0x31,0x54,0x2D,0x00,0x00
211.188602,0x067,0,0,8,0x31,0x1D,0x8A,0x70,0x40,0x35,0x6D,0x0D
211.188603,0x068,0,0,4,0x9B,0xF5,0x29,0x00,0x00,0x00,0x00,0x00
211.188604,0x06B,0,0,5,0x15,0x2B,0xA0,0x49,0x00,0x00,0x00,0x00
211.385850,0x06F,0,0,8,0x7F,0xCC,0xCF,0x45,0x1D,0xFE,0x0F,0x84
211.387350,0x065,0,0,1,0x4B,0x00,0x00,0x00,0x00,0x00,0x00,0x00
211.387351,0x066,0,0,6,0x03,0x1F,0x0F,0x31,0x54,0x2D,0x00,0x00
211.387352,0x067,0,0,8,0x43,0x1D,0x8A,0xF0,0x3F,0x35,0x6D,0x0D
211.387353,0x068,0,0,4,0x99,0xF5,0x29,0x00,0x00,0x00,0x00,0x00
211.387354,0x06B,0,0,5,0x29,0x2B,0xC0,0x4C,0x00,0x00,0x00,0x00
211.583850,0x06F,0,0,8,0x7B,0xDC,0xCF,0x45,0x1F,0x22,0x70,0x83
211.584700,0x065,0,0,1,0x4B,0x00,0x00,0x00,0x00,0x00,0x00,0x00
211.584701,0x066,0,0,6,0x03,0xE7,0x0F,0x31,0x54,0x2D,0x00,0x00
211.584702,0x067,0,0,8,0x55,0x1D,0x8A,0x70,0x3F,0x35,0x6D,0x0D
211.584703,0x068,0,0,4,0x97,0xF5,0x29,0x00,0x00,0x00,0x00,0x00
211.584704,0x06B,0,0,5,0xE9,0x2A,0x80,0x48,0x00,0x00,0x00,0x00
211.782000,0x06F,0,0,8,0x75,0xF4,0x0F,0xC6,0x21,0xEA,0x0F,0x83
211.782600,0x065,0,0,1,0x4B,0x00,0x00,0x00,0x00,0x00,0x00,0x00
211.782601,0x066,0,0,6,0x03,0xAF,0x10,0x31,0x54,0x2D,0x00,0x00
211.782602,0x067,0,0,8,0x67,0x1D,0x8A,0xB0,0x3E,0x35,0x6D,0x0D
211.782603,0x068,0,0,4,0x99,0xF5,0x29,0x00,0x00,0x00,0x00,0x00
211.782604,0x06B,0,0,5,0x7D,0x2B,0xE0,0x30,0x00,0x00,0x00,0x00
211.784950,0x06A,0,0,3,0x35,0x00,0x00,0x00,0x00,0x00,0x00,0x00
211.979850,0x06F,0,0,8,0x97,0x04,0xD0,0x46,0x24,0xE6,0x2F,0x83
211.980700,0x065,0,0,1,0x4B,0x00,0x00,0x00,0x00,0x00,0x00,0x00
211.980701,0x066,0,0,6,0x03,0x77,0x11,0x31,0x54,0x2D,0x00,0x00
211.980702,0x067,0,0,8,0x77,0x1D,0x8A,0xF0,0x3D,0x35,0x6D,0x0D
211.980703,0x068,0,0,4,0x97,0xF5,0x29,0x00,0x00,0x00,0x00,0x00
211.980704,0x06B,0,0,5,0x39,0x2B,0x40,0x2D,0x00,0x00,0x00,0x00
212.177850,0x06F,0,0,8,0x7D,0x1C,0x50,0xC6,0x21,0x12,0xB0,0x84
212.178600,0x065,0,0,1,0x4B,0x00,0x00,0x00,0x00,0x00,0x00,0x00
212.178601,0x066,0,0,6,0x03,0x3F,0x12,0x31,0x54,0x2D,0x00,0x00
212.178602,0x067,0,0,8,0x87,0x1D,0x8A,0x10,0x3D,0x35,0x6D,0x0D
212.178603,0x068,0,0,4,0x99,0xF5,0x21,0x00,0x00,0x00,0x00,0x00
212.178604,0x06B,0,0,5,0xA3,0x2B,0x60,0x33,0x00,0x00,0x00,0x00
212.375850,0x06F,0,0,8,0x7B,0x14,0x30,0xC6,0x23,0xF2,0xEF,0x84
212.376600,0x065,0,0,1,0x4B,0x00,0x00,0x00,0x00,0x00,0x00,0x00
212.376601,0x066,0,0,6,0x03,0x07,0x13,0x31,0x54,0x2D,0x00,0x00
212.376602,0x067,0,0,8,0x9B,0x1D,0x8A,0xF0,0x3B,0x35,0x6D,0x0D
212.376603,0x068,0,0,4,0x9B,0xF5,0x21,0x00,0x00,0x00,0x00,0x00
212.376604,0x06B,0,0,5,0x4D,0x30,0x80,0x30,0x00,0x00,0x00,0x00
212.573850,0x06F,0,0,8,0x7D,0x14,0x70,0x46,0x24,0xF6,0x6F,0x84
212.574850,0x065,0,0,1,0x4B,0x00,0x00,0x00,0x00,0x00,0x00,0x00
212.574851,0x066,0,0,6,0x03,0xCF,0x13,0x31,0x54,0x2D,0x00,0x00
212.574852,0x067,0,0,8,0xAD,0x1D,0x8A,0xD0,0x3A,0x35,0x6D,0x0D
212.574853,0x068,0,0,4,0x97,0xF5,0x21,0x00,0x00,0x00,0x00,0x00
212.574854,0x06B,0,0,5,0xA9,0x2D,0x20,0x32,0x00,0x00,0x00,0x00
212.771850,0x06F,0,0,8,0x83,0x24,0x30,0x46,0x23,0x22,0x70,0x84
212.772850,0x065,0,0,1,0x4B,0x00,0x00,0x00,0x00,0x00,0x00,0x00
212.772851,0x066,0,0,6,0x03,0x97,0x14,0x31,0x54,0x2D,0x00,0x00
212.772852,0x067,0,0,8,0xBF,0x1D,0x8A,0xB0,0x39,0x35,0x6D,0x0D
212.772853,0x068,0,0,4,0x99,0xF5,0x21,0x00,0x00,0x00,0x00,0x00
212.772854,0x06B,0,0,5,0x13,0x2F,0x40,0x38,0x00,0x00,0x00,0x00
212.775750,0x06A,0,0,3,0x41,0x00,0x00,0x00,0x00,0x00,0x00,0x00
212.969850,0x06F,0,0,8,0x75,0x14,0x70,0xC6,0x22,0x3A,0xB0,0x84
212.970700,0x065,0,0,1,0x4B,0x00,0x00,0x00,0x00,0x00,0x00,0x00
212.970701,0x066,0,0,6,0x03,0x5F,0x15,0x31,0x54,0x2D,0x00,0x00
212.970702,0x067,0,0,8,0xCF,0x1D,0x8A,0x10,0x38,0x35,0x6D,0x0D
212.970703,0x068,0,0,4,0x95,0xF5,0x21,0x00,0x00,0x00,0x00,0x00
212.970704,0x06B,0,0,5,0x63,0x30,0x80,0x2D,0x00,0x00,0x00,0x00
213.167850,0x06F,0,0,8,0x7F,0x14,0x30,0xC6,0x21,0xF2,0x0F,0x85
213.168750,0x065,0,0,1,0x4B,0x00,0x00,0x00,0x00,0x00,0x00,0x00
213.168751,0x066,0,0,6,0x03,0x27,0x16,0x31,0x54,0x2D,0x00,0x00
213.168752,0x067,0,0,8,0xDF,0x1D,0x8A,0x70,0x36,0x35,0x6D,0x0D
213.168753,0x068,0,0,4,0x95,0xF5,0x21,0x00,0x00,0x00,0x00,0x00
213.168754,0x06B,0,0,5,0xCB,0x32,0x20,0x32,0x00,0x00,0x00,0x00
213.365850,0x06F,0,0,8,0x73,0x24,0xD0,0xC5,0x21,0x2A,0xF0,0x83
213.366650,0x065,0,0,1,0x4B,0x00,0x00,0x00,0x00,0x00,0x00,0x00
213.366651,0x066,0,0,6,0x03,0xEF,0x16,0x31,0x54,0x2D,0x00,0x00
213.366652,0x067,0,0,8,0xED,0x1D,0x8A,0x90,0x34,0x35,0x6D,0x0D
213.366653,0x068,0,0,4,0x97,0xF5,0x21,0x00,0x00,0x00,0x00,0x00
213.366654,0x06B,0,0,5,0xBB,0x33,0xA0,0x3A,0x00,0x00,0x00,0x00
213.563850,0x06F,0,0,8,0x77,0x24,0x30,0x46,0x1E,0xE6,0x6F,0x84
213.564650,0x065,0,0,1,0x53,0x00,0x00,0x00,0x00,0x00,0x00,0x00
213.564651,0x066,0,0,6,0x03,0xB7,0x17,0x31,0x54,0x2D,0x00,0x00
213.564652,0x067,0,0,8,0xFB,0x1D,0x8A,0xD0,0x32,0x35,0x6D,0x0D
213.564653,0x068,0,0,4,0x99,0xF5,0x21,0x00,0x00,0x00,0x00,0x00
213.564654,0x06B,0,0,5,0xC3,0x34,0x60,0x3C,0x00,0x00,0x00,0x00
213.761850,0x06F,0,0,8,0x7F,0x24,0x70,0x46,0x1C,0x26,0x30,0x83
213.762850,0x065,0,0,1,0x53,0x00,0x00,0x00,0x00,0x00,0x00,0x00
213.762851,0x066,0,0,6,0x03,0x7F,0x18,0x31,0x54,0x2D,0x00,0x00
213.762852,0x067,0,0,8,0x09,0x1E,0x8A,0xD0,0x30,0x35,0x6D,0x0D
213.762853,0x068,0,0,4,0x9B,0xF5,0x21,0x00,0x00,0x00,0x00,0x00
213.762854,0x06B,0,0,5,0xC1,0x37,0x40,0x35,0x00,0x00,0x00,0x00
213.765650,0x06A,0,0,3,0x4D,0x00,0x00,0x00,0x00,0x00,0x00,0x00
213.959850,0x06F,0,0,8,0x7D,0x2C,0x30,0x46,0x18,0x16,0xD0,0x82
213.960900,0x065,0,0,1,0x53,0x00,0x00,0x00,0x00,0x00,0x00,0x00
213.960901,0x066,0,0,6,0x03,0x47,0x19,0x31,0x54,0x2D,0x00,0x00
213.960902,0x067,0,0,8,0x17,0x1E,0x8A,0xB0,0x2E,0x35,0x6D,0x0D
213.960903,0x068,0,0,4,0x9D,0xF5,0x21,0x00,0x00,0x00,0x00,0x00
213.960904,0x06B,0,0,5,0x81,0x38,0xA0,0x39,0x00,0x00,0x00,0x00
214.157850,0x06F,0,0,8,0x81,0x34,0x70,0xC5,0x13,0xC6,0x0F,0x83
214.158700,0x065,0,0,1,0x53,0x00,0x00,0x00,0x00,0x00,0x00,0x00
214.158701,0x066,0,0,6,0x03,0x0F,0x1A,0x31,0x54,0x2D,0x00,0x00
214.158702,0x067,0,0,8,0x23,0x1E,0x8A,0x70,0x2C,0x35,0x6D,0x0D
214.158703,0x068,0,0,4,0x9D,0xF5,0x21,0x00,0x00,0x00,0x00,0x00
214.158704,0x06B,0,0,5,0x41,0x3A,0x40,0x30,0x00,0x00,0x00,0x00
214.355850,0x06F,0,0,8,0x85,0x34,0xF0,0xC4,0x0E,0xE2,0x8F,0x82
214.356700,0x065,0,0,1,0x53,0x00,0x00,0x00,0x00,0x00,0x00,0x00
214.356701,0x066,0,0,6,0x03,0xD7,0x1A,0x31,0x54,0x2D,0x00,0x00
214.356702,0x067,0,0,8,0x31,0x1E,0x8A,0x10,0x2A,0x35,0x6D,0x0D
214.356703,0x068,0,0,4,0x9B,0xF5,0x21,0x00,0x00,0x00,0x00,0x00
214.356704,0x06B,0,0,5,0xE1,0x3C,0x80,0x2B,0x00,0x00,0x00,0x00
214.553850,0x06F,0,0,8,0x87,0x34,0xF0,0xC4,0x09,0xE2,0x6F,0x81
214.555550,0x065,0,0,1,0x53,0x00,0x00,0x00,0x00,0x00,0x00,0x00
214.555551,0x066,0,0,6,0x03,0x9F,0x1B,0x31,0x54,0x2D,0x00,0x00
214.555552,0x067,0,0,8,0x3F,0x1E,0x8A,0x70,0x27,0x35,0x6D,0x0D
214.555553,0x068,0,0,4,0x9B,0xF5,0x21,0x00,0x00,0x00,0x00,0x00
214.555554,0x06B,0,0,5,0x53,0x40,0xA0,0x29,0x00,0x00,0x00,0x00
214.751850,0x06F,0,0,8,0x85,0x3C,0xF0,0xC3,0x01,0xF2,0xAF,0x80
214.752650,0x065,0,0,1,0x53,0x00,0x00,0x00,0x00,0x00,0x00,0x00
214.752651,0x066,0,0,6,0x03,0x67,0x1C,0x31,0x54,0x2D,0x00,0x00
214.752652,0x067,0,0,8,0x4D,0x1E,0x8A,0xF0,0x24,0x35,0x6D,0x0D
214.752653,0x068,0,0,4,0x9B,0xF5,0x21,0x00,0x00,0x00,0x00,0x00
214.752654,0x06B,0,0,5,0x39,0x42,0x40,0x22,0x00,0x00,0x00,0x00
214.755550,0x06A,0,0,3,0x5D,0x00,0x00,0x00,0x00,0x00,0x00,0x00
214.949850,0x06F,0,0,8,0x93,0x24,0x70,0xC4,0xFF,0xF1,0xCF,0x7F
214.950850,0x065,0,0,1,0x53,0x00,0x00,0x00,0x00,0x00,0x00,0x00
214.950851,0x066,0,0,6,0x03,0x2F,0x1D,0x31,0x54,0x2D,0x00,0x00
214.950852,0x067,0,0,8,0x59,0x1E,0x8A,0x50,0x22,0x35,0x6D,0x0D
214.950853,0x068,0,0,4,0x9D,0xF5,0x21,0x00,0x00,0x00,0x00,0x00
214.950854,0x06B,0,0,5,0x37,0x43,0x40,0x21,0x00,0x00,0x00,0x00
215.147900,0x06F,0,0,8,0x89,0x24,0x70,0xC4,0xFD,0xE1,0x8F,0x7F
215.148850,0x065,0,0,1,0x53,0x00,0x00,0x00,0x00,0x00,0x00,0x00
215.148851,0x066,0,0,6,0x03,0xF7,0x1D,0x31,0x54,0x2D,0x00,0x00
215.148852,0x067,0,0,8,0x65,0x1E,0x8A,0xB0,0x1F,0x35,0x6D,0x0D
215.148853,0x068,0,0,4,0x9D,0xF5,0x21,0x00,0x00,0x00,0x00,0x00
215.148854,0x06B,0,0,5,0x09,0x45,0x20,0x28,0x00,0x00,0x00,0x00
215.345900,0x06F,0,0,8,0x8B,0x1C,0x70,0xC4,0xFD,0x05,0x30,0x7F
215.346900,0x065,0,0,1,0x53,0x00,0x00,0x00,0x00,0x00,0x00,0x00
215.346901,0x066,0,0,6,0x03,0xBF,0x1E,0x31,0x54,0x2D,0x00,0x00
215.346902,0x067,0,0,8,0x73,0x1E,0x8A,0xD0,0x1C,0x35,0x6D,0x0D
215.346903,0x068,0,0,4,0x9F,0xF5,0x21,0x00,0x00,0x00,0x00,0x00
215.346904,0x06B,0,0,5,0xC9,0x46,0xA0,0x21,0x00,0x00,0x00,0x00
215.543900,0x06F,0,0,8,0xAB,0x24,0x30,0xC4,0xFD,0xE9,0x0F,0x7F
215.544900,0x065,0,0,1,0x53,0x00,0x00,0x00,0x00,0x00,0x00,0x00
215.544901,0x066,0,0,6,0x03,0x87,0x1F,0x31,0x54,0x2D,0x00,0x00
215.544902,0x067,0,0,8,0x7F,0x1E,0x8A,0x10,0x1A,0x35,0x6D,0x09
215.544903,0x068,0,0,4,0xA3,0xF5,0x21,0x00,0x00,0x00,0x00,0x00
215.544904,0x06B,0,0,5,0x07,0x48,0x40,0x23,0x00,0x00,0x00,0x00
215.741900,0x06F,0,0,8,0x95,0x14,0xF0,0xC4,0xFD,0xFD,0xAF,0x7F
215.742900,0x065,0,0,1,0x53,0x00,0x00,0x00,0x00,0x00,0x00,0x00
215.742901,0x066,0,0,6,0x03,0x4F,0x20,0x31,0x54,0x2D,0x00,0x00
215.742902,0x067,0,0,8,0x8D,0x1E,0x8A,0x30,0x17,0x35,0x6D,0x09
215.742903,0x068,0,0,4,0xA7,0xF5,0x21,0x00,0x00,0x00,0x00,0x00
215.742904,0x06B,0,0,5,0x49,0x49,0x80,0x27,0x00,0x00,0x00,0x00
215.745050,0x06A,0,0,3,0x6F,0x00,0x00,0x00,0x00,0x00,0x00,0x00
215.939900,0x06F,0,0,8,0x81,0x34,0xF0,0xC3,0xFF,0x1D,0x10,0x7F
215.941550,0x065,0,0,1,0x53,0x00,0x00,0x00,0x00,0x00,0x00,0x00
215.941551,0x066,0,0,6,0x03,0x17,0x21,0x31,0x54,0x2D,0x00,0x00
215.941552,0x067,0,0,8,0x99,0x1E,0x8A,0x70,0x14,0x35,0x6D,0x09
215.941553,0x068,0,0,4,0xA7,0xF5,0x21,0x00,0x00,0x00,0x00,0x00
215.941554,0x06B,0,0,5,0xA9,0x49,0x40,0x23,0x00,0x00,0x00,0x00
216.137900,0x06F,0,0,8,0x8D,0x1C,0xF0,0x44,0xFB,0x19,0x90,0x81
216.138900,0x065,0,0,1,0x53,0x00,0x00,0x00,0x00,0x00,0x00,0x00
216.138901,0x066,0,0,6,0x03,0xDF,0x21,0x31,0x54,0x2D,0x00,0x00
216.138902,0x067,0,0,8,0xA7,0x1E,0x8A,0x70,0x11,0x35,0x6D,0x09
216.138903,0x068,0,0,4,0xA9,0xF5,0x21,0x00,0x00,0x00,0x00,0x00
216.138904,0x06B,0,0,5,0xDD,0x4B,0x60,0x22,0x00,0x00,0x00,0x00
216.335900,0x06F,0,0,8,0x81,0x1C,0x50,0xC4,0xFF,0xDD,0xAF,0x7F
216.336900,0x065,0,0,1,0x53,0x00,0x00,0x00,0x00,0x00,0x00,0x00
216.336901,0x066,0,0,6,0x03,0xA7,0x22,0x31,0x54,0x2D,0x00,0x00
216.336902,0x067,0,0,8,0xB5,0x1E,0x8A,0x90,0x0E,0x35,0x6D,0x09
216.336903,0x068,0,0,4,0xA9,0xF5,0x21,0x00,0x00,0x00,0x00,0x00
216.336904,0x06B,0,0,5,0x09,0x4D,0xE0,0x27,0x00,0x00,0x00,0x00
216.533850,0x06F,0,0,8,0x8B,0x1C,0x70,0xC4,0xFF,0xF9,0x0F,0x80
216.534900,0x065,0,0,1,0x53,0x00,0x00,0x00,0x00,0x00,0x00,0x00
216.534901,0x066,0,0,6,0x03,0x6F,0x23,0x31,0x54,0x2D,0x00,0x00
216.534902,0x067,0,0,8,0xC3,0x1E,0x8A,0x70,0x0B,0x35,0x6D,0x09
216.534903,0x068,0,0,4,0xAD,0xF5,0x21,0x00,0x00,0x00,0x00,0x00
216.534904,0x06B,0,0,5,0x4F,0x4E,0x60,0x22,0x00,0x00,0x00,0x00
216.731900,0x06F,0,0,8,0x8B,0x0C,0x70,0x44,0xFF,0xF5,0xAF,0x7F
216.732900,0x065,0,0,1,0x53,0x00,0x00,0x00,0x00,0x00,0x00,0x00
216.732901,0x066,0,0,6,0x03,0x37,0x24,0x31,0x54,0x2D,0x00,0x00
216.732902,0x067,0,0,8,0xD1,0x1E,0x8A,0x50,0x08,0x35,0x6D,0x09
216.732903,0x068,0,0,4,0xAB,0xF5,0x21,0x00,0x00,0x00,0x00,0x00
216.732904,0x06B,0,0,5,0x8D,0x4F,0x20,0x28,0x00,0x00,0x00,0x00
216.735050,0x06A,0,0,3,0x83,0x00,0x00,0x00,0x00,0x00,0x00,0x00
216.929900,0x06F,0,0,8,0x87,0xDC,0xAF,0xC4,0xFE,0x05,0x10,0x80
216.930900,0x065,0,0,1,0x53,0x00,0x00,0x00,0x00,0x00,0x00,0x00
216.930901,0x066,0,0,6,0x03,0xFF,0x24,0x31,0x54,0x2D,0x00,0x00
216.930902,0x067,0,0,8,0xDF,0x1E,0x8A,0x30,0x05,0x35,0x6D,0x09
216.930903,0x068,0,0,4,0xAB,0xF5,0x21,0x00,0x00,0x00,0x00,0x00
216.930904,0x06B,0,0,5,0x99,0x4F,0xE0,0x2A,0x00,0x00,0x00,0x00
217.127900,0x06F,0,0,8,0x85,0xDC,0x2F,0xC4,0xFE,0x05,0x50,0x80
217.128900,0x065,0,0,1,0x53,0x00,0x00,0x00,0x00,0x00,0x00,0x00
217.128901,0x066,0,0,6,0x03,0xC7,0x25,0x31,0x54,0x2D,0x00,0x00
217.128902,0x067,0,0,8,0xEF,0x1E,0x8A,0x10,0x02,0x35,0x6D,0x09
217.128903,0x068,0,0,4,0xAB,0xF5,0x21,0x00,0x00,0x00,0x00,0x00
217.128904,0x06B,0,0,5,0xB9,0x4F,0x80,0x2C,0x00,0x00,0x00,0x00
217.325900,0x06F,0,0,8,0x8D,0xD4,0x8F,0xC4,0xFF,0xFD,0x0F,0x80
217.524150,0x065,0,0,1,0x53,0x00,0x00,0x00,0x00,0x00,0x00,0x00
217.524151,0x066,0,0,6,0x03,0x8F,0x26,0x31,0x54,0x2D,0x00,0x00
217.524152,0x067,0,0,8,0xFD,0x1E,0x8A,0xF0,0xFE,0x34,0x6D,0x09
217.524153,0x068,0,0,4,0xA7,0xF5,0x21,0x00,0x00,0x00,0x00,0x00
217.524154,0x06B,0,0,5,0xEB,0x4E,0x60,0x2C,0x00,0x00,0x00,0x00
217.527300,0x06F,0,0,8,0x8D,0xD4,0x8F,0x44,0xFF,0xFD,0x2F,0x80
217.722150,0x065,0,0,1,0x4B,0x00,0x00,0x00,0x00,0x00,0x00,0x00
217.722151,0x066,0,0,6,0x03,0x57,0x27,0x31,0x54,0x2D,0x00,0x00
217.722152,0x067,0,0,8,0x0D,0x1F,0x8A,0xD0,0xFB,0x34,0x6D,0x09
217.722153,0x068,0,0,4,0xA7,0xF5,0x21,0x00,0x00,0x00,0x00,0x00
217.722154,0x06B,0,0,5,0x39,0x50,0x60,0x2D,0x00,0x00,0x00,0x00
217.724650,0x06F,0,0,8,0x8D,0xE4,0x4F,0xC4,0xFF,0xE9,0xCF,0x7F
217.920150,0x065,0,0,1,0x4B,0x00,0x00,0x00,0x00,0x00,0x00,0x00
217.920151,0x066,0,0,6,0x03,0x1F,0x28,0x31,0x54,0x2D,0x00,0x00
217.920152,0x067,0,0,8,0x1B,0x1F,0x8A,0x90,0xF8,0x34,0x6D,0x09
217.920153,0x068,0,0,4,0xA7,0xF5,0x21,0x00,0x00,0x00,0x00,0x00
217.920154,0x06B,0,0,5,0x53,0x4F,0xE0,0x2C,0x00,0x00,0x00,0x00
217.922400,0x06A,0,0,3,0x97,0x00,0x00,0x00,0x00,0x00,0x00,0x00
217.922800,0x06F,0,0,8,0x89,0xE4,0x4F,0x44,0xFF,0xED,0xCF,0x7F
218.118150,0x065,0,0,1,0x4B,0x00,0x00,0x00,0x00,0x00,0x00,0x00
218.118151,0x066,0,0,6,0x03,0xE7,0x28,0x31,0x54,0x2D,0x00,0x00
218.118152,0x067,0,0,8,0x29,0x1F,0x8A,0x70,0xF5,0x34,0x6D,0x09
218.118153,0x068,0,0,4,0xA5,0xF5,0x21,0x00,0x00,0x00,0x00,0x00
218.118154,0x06B,0,0,5,0xB1,0x4F,0x80,0x30,0x00,0x00,0x00,0x00
218.121300,0x06F,0,0,8,0x8B,0xDC,0xEF,0xC4,0xFE,0x05,0xD0,0x7F
218.316150,0x065,0,0,1,0x4B,0x00,0x00,0x00,0x00,0x00,0x00,0x00
218.316151,0x066,0,0,6,0x03,0xAF,0x29,0x31,0x54,0x2D,0x00,0x00
218.316152,0x067,0,0,8,0x39,0x1F,0x8A,0x50,0xF2,0x34,0x6D,0x09
218.316153,0x068,0,0,4,0xA5,0xF5,0x21,0x00,0x00,0x00,0x00,0x00
218.316154,0x06B,0,0,5,0xC3,0x4F,0x00,0x30,0x00,0x00,0x00,0x00
218.318650,0x06F,0,0,8,0x8B,0xDC,0xEF,0x43,0xFE,0x11,0x90,0x7F
218.514150,0x065,0,0,1,0x4B,0x00,0x00,0x00,0x00,0x00,0x00,0x00
218.514151,0x066,0,0,6,0x03,0x77,0x2A,0x31,0x54,0x2D,0x00,0x00
218.514152,0x067,0,0,8,0x47,0x1F,0x8A,0x30,0xEF,0x34,0x6D,0x09
218.514153,0x068,0,0,4,0xA5,0xF5,0x21,0x00,0x00,0x00,0x00,0x00
218.514154,0x06B,0,0,5,0x63,0x50,0xE0,0x2D,0x00,0x00,0x00,0x00
218.517300,0x06F,0,0,8,0x89,0xD4,0x0F,0x44,0xFD,0xF9,0xCF,0x7F
218.712200,0x065,0,0,1,0x4B,0x00,0x00,0x00,0x00,0x00,0x00,0x00
218.712201,0x066,0,0,6,0x03,0x3F,0x2B,0x31,0x54,0x2D,0x00,0x00
218.712202,0x067,0,0,8,0x55,0x1F,0x8A,0x10,0xEC,0x34,0x6D,0x09
218.712203,0x068,0,0,4,0xA7,0xF5,0x21,0x00,0x00,0x00,0x00,0x00
218.712204,0x06B,0,0,5,0x75,0x4E,0x60,0x2E,0x00,0x00,0x00,0x00
218.714650,0x06F,0,0,8,0x87,0xDC,0x6F,0x44,0xFE,0x01,0xB0,0x7F
218.910200,0x065,0,0,1,0x4B,0x00,0x00,0x00,0x00,0x00,0x00,0x00
218.910201,0x066,0,0,6,0x03,0x07,0x2C,0x31,0x54,0x2D,0x00,0x00
218.910202,0x067,0,0,8,0x63,0x1F,0x8A,0xF0,0xE8,0x34,0x6D,0x09
218.910203,0x068,0,0,4,0xA7,0xF5,0x21,0x00,0x00,0x00,0x00,0x00
218.910204,0x06B,0,0,5,0x53,0x4E,0xC0,0x2C,0x00,0x00,0x00,0x00
218.913100,0x06A,0,0,3,0xAB,0x00,0x00,0x00,0x00,0x00,0x00,0x00
218.913450,0x06F,0,0,8,0x8D,0xD4,0x4F,0x44,0xFE,0x01,0x10,0x80
219.108200,0x065,0,0,1,0x4B,0x00,0x00,0x00,0x00,0x00,0x00,0x00
219.108201,0x066,0,0,6,0x03,0xCF,0x2C,0x31,0x54,0x2D,0x00,0x00
219.108202,0x067,0,0,8,0x71,0x1F,0x8A,0xF0,0xE5,0x34,0x6D,0x09
219.108203,0x068,0,0,4,0xA7,0xF5,0x21,0x00,0x00,0x00,0x00,0x00
219.108204,0x06B,0,0,5,0x2D,0x4E,0x00,0x2D,0x00,0x00,0x00,0x00
219.110650,0x06F,0,0,8,0x8D,0xD4,0x0F,0x44,0xFE,0xF9,0x0F,0x80
219.306400,0x065,0,0,1,0x4B,0x00,0x00,0x00,0x00,0x00,0x00,0x00
219.306401,0x066,0,0,6,0x03,0x97,0x2D,0x31,0x54,0x2D,0x00,0x00
219.306402,0x067,0,0,8,0x7F,0x1F,0x8A,0xD0,0xE2,0x34,0x6D,0x09
219.306403,0x068,0,0,4,0xA5,0xF5,0x21,0x00,0x00,0x00,0x00,0x00
219.306404,0x06B,0,0,5,0xA9,0x4E,0x00,0x2D,0x00,0x00,0x00,0x00
219.308650,0x06F,0,0,8,0x8B,0xDC,0x2F,0xC4,0xFE,0xF9,0xAF,0x7F
219.504200,0x065,0,0,1,0x4B,0x00,0x00,0x00,0x00,0x00,0x00,0x00
219.504201,0x066,0,0,6,0x03,0x5F,0x2E,0x31,0x54,0x2D,0x00,0x00
219.504202,0x067,0,0,8,0x8F,0x1F,0x8A,0xB0,0xDF,0x34,0x6D,0x09
219.504203,0x068,0,0,4,0xA5,0xF5,0x21,0x00,0x00,0x00,0x00,0x00
219.504204,0x06B,0,0,5,0x2F,0x4E,0xC0,0x2C,0x00,0x00,0x00,0x00
219.507300,0x06F,0,0,8,0x8B,0xDC,0x6F,0x44,0xFF,0x05,0xB0,0x7F
219.702400,0x065,0,0,1,0x4B,0x00,0x00,0x00,0x00,0x00,0x00,0x00
219.702401,0x066,0,0,6,0x03,0x27,0x2F,0x31,0x54,0x2D,0x00,0x00
219.702402,0x067,0,0,8,0x9D,0x1F,0x8A,0x90,0xDC,0x34,0x6D,0x09
219.702403,0x068,0,0,4,0xA5,0xF5,0x21,0x00,0x00,0x00,0x00,0x00
219.702404,0x06B,0,0,5,0x0D,0x4E,0xE0,0x2C,0x00,0x00,0x00,0x00
219.704650,0x06F,0,0,8,0x8F,0xE4,0x0F,0x44,0xFF,0xFD,0xCF,0x7F
219.900400,0x065,0,0,1,0x4B,0x00,0x00,0x00,0x00,0x00,0x00,0x00
219.900401,0x066,0,0,6,0x03,0xEF,0x2F,0x31,0x54,0x2D,0x00,0x00
219.900402,0x067,0,0,8,0xAB,0x1F,0x8A,0x90,0xD9,0x34,0x6D,0x09
219.900403,0x068,0,0,4,0xA7,0xF5,0x21,0x00,0x00,0x00,0x00,0x00
219.900404,0x06B,0,0,5,0x6D,0x4D,0x60,0x2B,0x00,0x00,0x00,0x00
219.903250,0x06A,0,0,3,0xBF,0x00,0x00,0x00,0x00,0x00,0x00,0x00
219.903600,0x06F,0,0,8,0x8D,0xDC,0x0F,0xC4,0xFE,0x01,0xD0,0x7F
220.098200,0x065,0,0,1,0x4B,0x00,0x00,0x00,0x00,0x00,0x00,0x00
220.098201,0x066,0,0,6,0x03,0xB7,0x30,0x31,0x54,0x2D,0x00,0x00
220.098202,0x067,0,0,8,0xBB,0x1F,0x8A,0x70,0xD6,0x34,0x6D,0x09
220.098203,0x068,0,0,4,0xA7,0xF5,0x21,0x00,0x00,0x00,0x00,0x00
220.098204,0x06B,0,0,5,0xFD,0x4E,0xC0,0x2C,0x00,0x00,0x00,0x00
220.100700,0x06F,0,0,8,0x8D,0xE4,0x4F,0xC4,0xFE,0xF9,0xCF,0x7F
220.296200,0x065,0,0,1,0x4B,0x00,0x00,0x00,0x00,0x00,0x00,0x00
220.296201,0x066,0,0,6,0x03,0x7F,0x31,0x31,0x54,0x2D,0x00,0x00
220.296202,0x067,0,0,8,0xCB,0x1F,0x8A,0x50,0xD3,0x34,0x6D,0x09
220.296203,0x068,0,0,4,0xA7,0xF5,0x21,0x00,0x00,0x00,0x00,0x00
220.296204,0x06B,0,0,5,0x71,0x4E,0xA0,0x2A,0x00,0x00,0x00,0x00
220.299350,0x06F,0,0,8,0x8D,0xEC,0x6F,0x44,0xFE,0xF5,0xEF,0x7F
220.494400,0x065,0,0,1,0x4B,0x00,0x00,0x00,0x00,0x00,0x00,0x00
220.494401,0x066,0,0,6,0x03,0x47,0x32,0x31,0x54,0x2D,0x00,0x00
220.494402,0x067,0,0,8,0xDB,0x1F,0x8A,0x50,0xD0,0x34,0x6D,0x09
220.494403,0x068,0,0,4,0xA5,0xF5,0x21,0x00,0x00,0x00,0x00,0x00
220.494404,0x06B,0,0,5,0xBD,0x4E,0x80,0x29,0x00,0x00,0x00,0x00
220.496650,0x06F,0,0,8,0x89,0xF4,0xEF,0x43,0xFE,0xC5,0x6F,0x80
220.692200,0x065,0,0,1,0x4B,0x00,0x00,0x00,0x00,0x00,0x00,0x00
220.692201,0x066,0,0,6,0x03,0x0F,0x33,0x31,0x54,0x2D,0x00,0x00
220.692202,0x067,0,0,8,0xE9,0x1F,0x8A,0x30,0xCD,0x34,0x6D,0x09
220.692203,0x068,0,0,4,0xA5,0xF5,0x21,0x00,0x00,0x00,0x00,0x00
220.692204,0x06B,0,0,5,0xF1,0x4E,0x40,0x28,0x00,0x00,0x00,0x00
220.695350,0x06F,0,0,8,0x87,0xF4,0x8F,0x44,0xFE,0xF5,0xCF,0x7F
220.890450,0x065,0,0,1,0x4B,0x00,0x00,0x00,0x00,0x00,0x00,0x00
220.890451,0x066,0,0,6,0x03,0xD7,0x33,0x31,0x54,0x2D,0x00,0x00
220.890452,0x067,0,0,8,0xF9,0x1F,0x8A,0x10,0xCA,0x34,0x6D,0x09
220.890453,0x068,0,0,4,0xA5,0xF5,0x21,0x00,0x00,0x00,0x00,0x00
220.890454,0x06B,0,0,5,0x4B,0x4F,0x40,0x24,0x00,0x00,0x00,0x00
220.892600,0x06A,0,0,3,0xD3,0x00,0x00,0x00,0x00,0x00,0x00,0x00
220.893450,0x06F,0,0,8,0x8F,0xF4,0x2F,0x44,0xFF,0xE1,0x8F,0x7F
221.088450,0x065,0,0,1,0x4B,0x00,0x00,0x00,0x00,0x00,0x00,0x00
221.088451,0x066,0,0,6,0x03,0x9F,0x34,0x31,0x54,0x2D,0x00,0x00
221.088452,0x067,0,0,8,0x09,0x20,0x8A,0xF0,0xC6,0x34,0x6D,0x09
221.088453,0x068,0,0,4,0xA5,0xF5,0x21,0x00,0x00,0x00,0x00,0x00
221.088454,0x06B,0,0,5,0x35,0x4F,0xA0,0x22,0x00,0x00,0x00,0x00
221.090650,0x06F,0,0,8,0x8B,0xEC,0xAF,0x44,0xFE,0xF1,0x0F,0x80
221.286200,0x065,0,0,1,0x4B,0x00,0x00,0x00,0x00,0x00,0x00,0x00
221.286201,0x066,0,0,6,0x03,0x67,0x35,0x31,0x54,0x2D,0x00,0x00
221.286202,0x067,0,0,8,0x19,0x20,0x8A,0xF0,0xC3,0x34,0x6D,0x09
221.286203,0x068,0,0,4,0xA3,0xF5,0x21,0x00,0x00,0x00,0x00,0x00
221.286204,0x06B,0,0,5,0x3D,0x4F,0x40,0x22,0x00,0x00,0x00,0x00
221.289350,0x06F,0,0,8,0x89,0xEC,0x6F,0x44,0xFF,0x09,0xB0,0x7F
221.484200,0x065,0,0,1,0x4B,0x00,0x00,0x00,0x00,0x00,0x00,0x00
221.484201,0x066,0,0,6,0x03,0x2F,0x36,0x31,0x54,0x2D,0x00,0x00
221.484202,0x067,0,0,8,0x27,0x20,0x8A,0xB0,0xC0,0x34,0x6D,0x09
221.484203,0x068,0,0,4,0xA5,0xF5,0x21,0x00,0x00,0x00,0x00,0x00
221.484204,0x06B,0,0,5,0x39,0x50,0xC0,0x21,0x00,0x00,0x00,0x00
221.486650,0x06F,0,0,8,0x8B,0xEC,0x4F,0xC4,0xFE,0x01,0xD0,0x7F
221.682450,0x065,0,0,1,0x4B,0x00,0x00,0x00,0x00,0x00,0x00,0x00
221.682451,0x066,0,0,6,0x03,0xF7,0x36,0x31,0x54,0x2D,0x00,0x00
221.682452,0x067,0,0,8,0x37,0x20,0x8A,0x90,0xBD,0x34,0x6D,0x09
221.682453,0x068,0,0,4,0xA5,0xF5,0x21,0x00,0x00,0x00,0x00,0x00
221.682454,0x06B,0,0,5,0x53,0x50,0xE0,0x21,0x00,0x00,0x00,0x00
221.685350,0x06F,0,0,8,0x8D,0xEC,0xAF,0xC4,0xFE,0x09,0xB0,0x7F
221.879950,0x06F,0,0,8,0x89,0xF4,0x4F,0xC4,0xFE,0x0D,0xD0,0x7F
221.880600,0x065,0,0,1,0x4B,0x00,0x00,0x00,0x00,0x00,0x00,0x00
221.880601,0x066,0,0,6,0x03,0xBF,0x37,0x31,0x54,0x2D,0x00,0x00
221.880602,0x067,0,0,8,0x47,0x20,0x8A,0x70,0xBA,0x34,0x6D,0x09
221.880603,0x068,0,0,4,0xA5,0xF5,0x21,0x00,0x00,0x00,0x00,0x00
221.880604,0x06B,0,0,5,0x5B,0x50,0xC0,0x21,0x00,0x00,0x00,0x00
221.882850,0x06A,0,0,3,0xE9,0x00,0x00,0x00,0x00,0x00,0x00,0x00
222.078450,0x065,0,0,1,0x4B,0x00,0x00,0x00,0x00,0x00,0x00,0x00
222.078451,0x066,0,0,6,0x03,0x87,0x38,0x31,0x54,0x2D,0x00,0x00
222.078452,0x067,0,0,8,0x57,0x20,0x8A,0x30,0xB7,0x34,0x6D,0x09
222.078453,0x068,0,0,4,0xA5,0xF5,0x21,0x00,0x00,0x00,0x00,0x00
222.078454,0x06B,0,0,5,0xCD,0x50,0x00,0x23,0x00,0x00,0x00,0x00
222.081350,0x06F,0,0,8,0x89,0xDC,0x0F,0xC4,0xFD,0xF9,0x2F,0x80
222.276450,0x065,0,0,1,0x53,0x00,0x00,0x00,0x00,0x00,0x00,0x00
222.276451,0x066,0,0,6,0x03,0x4F,0x39,0x31,0x54,0x2D,0x00,0x00
222.276452,0x067,0,0,8,0x65,0x20,0x8A,0x10,0xB4,0x34,0x6D,0x09
222.276453,0x068,0,0,4,0xA3,0xF5,0x21,0x00,0x00,0x00,0x00,0x00
222.276454,0x06B,0,0,5,0x5F,0x50,0x20,0x22,0x00,0x00,0x00,0x00
222.278700,0x06F,0,0,8,0x8B,0xDC,0x4F,0x44,0xFE,0x0D,0xB0,0x7F
222.474200,0x065,0,0,1,0x53,0x00,0x00,0x00,0x00,0x00,0x00,0x00
222.474201,0x066,0,0,6,0x03,0x17,0x3A,0x31,0x54,0x2D,0x00,0x00
222.474202,0x067,0,0,8,0x75,0x20,0x8A,0xF0,0xB0,0x34,0x6D,0x09
222.474203,0x068,0,0,4,0xA3,0xF5,0x21,0x00,0x00,0x00,0x00,0x00
222.474204,0x06B,0,0,5,0x45,0x4F,0xE0,0x23,0x00,0x00,0x00,0x00
222.476700,0x06F,0,0,8,0x93,0xCC,0x4F,0xC4,0xFE,0x19,0x50,0x7F
222.672450,0x065,0,0,1,0x53,0x00,0x00,0x00,0x00,0x00,0x00,0x00
222.672451,0x066,0,0,6,0x03,0xDF,0x3A,0x31,0x54,0x2D,0x00,0x00
222.672452,0x067,0,0,8,0x85,0x20,0x8A,0xF0,0xAD,0x34,0x6D,0x09
222.672453,0x068,0,0,4,0xA3,0xF5,0x21,0x00,0x00,0x00,0x00,0x00
222.672454,0x06B,0,0,5,0x17,0x4F,0x40,0x24,0x00,0x00,0x00,0x00
222.675500,0x06F,0,0,8,0x8B,0xF4,0xAF,0xC4,0xFD,0xE1,0x6F,0x7F
222.870450,0x065,0,0,1,0x4B,0x00,0x00,0x00,0x00,0x00,0x00,0x00
222.870451,0x066,0,0,6,0x03,0xA7,0x3B,0x31,0x54,0x2D,0x00,0x00
222.870452,0x067,0,0,8,0x93,0x20,0x8A,0xD0,0xAA,0x34,0x6D,0x09
222.870453,0x068,0,0,4,0xA1,0xF5,0x19,0x00,0x00,0x00,0x00,0x00
222.870454,0x06B,0,0,5,0x91,0x4F,0x20,0x24,0x00,0x00,0x00,0x00
222.872600,0x06A,0,0,3,0xFD,0x00,0x00,0x00,0x00,0x00,0x00,0x00
222.872850,0x06F,0,0,8,0x95,0xF4,0x6F,0x44,0xFF,0x09,0xB0,0x7F
223.067950,0x06F,0,0,8,0x7F,0xF4,0x8F,0x44,0xFE,0xB1,0x6F,0x7F
223.068600,0x065,0,0,1,0x53,0x00,0x00,0x00,0x00,0x00,0x00,0x00
223.068601,0x066,0,0,6,0x03,0x6F,0x3C,0x31,0x54,0x2D,0x00,0x00
223.068602,0x067,0,0,8,0xA3,0x20,0x8A,0xB0,0xA7,0x34,0x6D,0x09
223.068603,0x068,0,0,4,0xA1,0xF5,0x19,0x00,0x00,0x00,0x00,0x00
223.068604,0x06B,0,0,5,0xEB,0x50,0x20,0x24,0x00,0x00,0x00,0x00
223.266450,0x065,0,0,1,0x53,0x00,0x00,0x00,0x00,0x00,0x00,0x00
223.266451,0x066,0,0,6,0x03,0x37,0x3D,0x31,0x54,0x2D,0x00,0x00
223.266452,0x067,0,0,8,0xB3,0x20,0x8A,0x90,0xA4,0x34,0x6D,0x09
223.266453,0x068,0,0,4,0xA1,0xF5,0x19,0x00,0x00,0x00,0x00,0x00
223.266454,0x06B,0,0,5,0x4B,0x50,0x20,0x24,0x00,0x00,0x00,0x00
223.268700,0x06F,0,0,8,0x8D,0xF4,0x8F,0x43,0xFF,0xF9,0x6F,0x7F
223.464450,0x065,0,0,1,0x53,0x00,0x00,0x00,0x00,0x00,0x00,0x00
223.464451,0x066,0,0,6,0x03,0xFF,0x3D,0x31,0x54,0x2D,0x00,0x00
223.464452,0x067,0,0,8,0xC5,0x20,0x8A,0x70,0xA1,0x34,0x6D,0x09
223.464453,0x068,0,0,4,0xA1,0xF5,0x19,0x00,0x00,0x00,0x00,0x00
223.464454,0x06B,0,0,5,0x71,0x50,0x80,0x23,0x00,0x00,0x00,0x00
223.467400,0x06F,0,0,8,0x89,0xF4,0x8F,0x44,0xFD,0xF1,0x2F,0x80
223.662000,0x06F,0,0,8,0x89,0xF4,0x4F,0x44,0xFD,0x09,0x10,0x81
223.662650,0x065,0,0,1,0x53,0x00,0x00,0x00,0x00,0x00,0x00,0x00
223.662651,0x066,0,0,6,0x03,0xC7,0x3E,0x31,0x54,0x2D,0x00,0x00
223.662652,0x067,0,0,8,0xD5,0x20,0x8A,0x50,0x9E,0x34,0x6D,0x09
223.662653,0x068,0,0,4,0xA1,0xF5,0x19,0x00,0x00,0x00,0x00,0x00
223.662654,0x06B,0,0,5,0x67,0x51,0xA0,0x23,0x00,0x00,0x00,0x00
223.860450,0x065,0,0,1,0x53,0x00,0x00,0x00,0x00,0x00,0x00,0x00
223.860451,0x066,0,0,6,0x03,0x8F,0x3F,0x31,0x54,0x2D,0x00,0x00
223.860452,0x067,0,0,8,0xE7,0x20,0x8A,0x30,0x9B,0x34,0x6D,0x09
223.860453,0x068,0,0,4,0x9F,0xF5,0x19,0x00,0x00,0x00,0x00,0x00
223.860454,0x06B,0,0,5,0x4B,0x51,0xC0,0x22,0x00,0x00,0x00,0x00
223.863300,0x06A,0,0,3,0x11,0x01,0x00,0x00,0x00,0x00,0x00,0x00
223.863550,0x06F,0,0,8,0x87,0xFC,0x2F,0xC4,0xFE,0x11,0x90,0x7F
224.058450,0x065,0,0,1,0x53,0x00,0x00,0x00,0x00,0x00,0x00,0x00
224.058451,0x066,0,0,6,0x03,0x57,0x40,0x31,0x54,0x2D,0x00,0x00
224.058452,0x067,0,0,8,0xF7,0x20,0x8A,0xF0,0x97,0x34,0x6D,0x09
224.058453,0x068,0,0,4,0x9F,0xF5,0x19,0x00,0x00,0x00,0x00,0x00
224.058454,0x06B,0,0,5,0x35,0x52,0x80,0x22,0x00,0x00,0x00,0x00
224.061350,0x06F,0,0,8,0x8D,0xEC,0xAF,0xC4,0xFE,0xF9,0x6F,0x7F
224.256000,0x06F,0,0,8,0x87,0xF4,0x2F,0x44,0xFC,0xFD,0x0F,0x81
224.256600,0x065,0,0,1,0x53,0x00,0x00,0x00,0x00,0x00,0x00,0x00
224.256601,0x066,0,0,6,0x03,0x1F,0x41,0x31,0x54,0x2D,0x00,0x00
224.256602,0x067,0,0,8,0x09,0x21,0x8A,0xD0,0x94,0x34,0x6D,0x09
224.256603,0x068,0,0,4,0x9F,0xF5,0x19,0x00,0x00,0x00,0x00,0x00
224.256604,0x06B,0,0,5,0x7F,0x52,0x20,0x23,0x00,0x00,0x00,0x00
224.454000,0x06F,0,0,8,0x8B,0xEC,0x4F,0xC4,0xFD,0xE5,0xAF,0x7F
224.454600,0x065,0,0,1,0x53,0x00,0x00,0x00,0x00,0x00,0x00,0x00
224.454601,0x066,0,0,6,0x03,0xE7,0x41,0x31,0x54,0x2D,0x00,0x00
224.454602,0x067,0,0,8,0x19,0x21,0x8A,0x90,0x91,0x34,0x6D,0x09
224.454603,0x068,0,0,4,0x9F,0xF5,0x19,0x00,0x00,0x00,0x00,0x00
224.454604,0x06B,0,0,5,0x71,0x53,0xE0,0x24,0x00,0x00,0x00,0x00
224.652450,0x065,0,0,1,0x53,0x00,0x00,0x00,0x00,0x00,0x00,0x00
224.652451,0x066,0,0,6,0x03,0xAF,0x42,0x31,0x54,0x2D,0x00,0x00
224.652452,0x067,0,0,8,0x2B,0x21,0x8A,0x70,0x8E,0x34,0x6D,0x09
224.652453,0x068,0,0,4,0x9D,0xF5,0x19,0x00,0x00,0x00,0x00,0x00
224.652454,0x06B,0,0,5,0x35,0x53,0x20,0x25,0x00,0x00,0x00,0x00
224.654700,0x06F,0,0,8,0x8F,0xDC,0x6F,0x44,0xFF,0xF5,0x4F,0x7F
224.850000,0x06F,0,0,8,0x8D,0xDC,0x2F,0xC4,0xFD,0xF9,0x0F,0x80
224.850600,0x065,0,0,1,0x53,0x00,0x00,0x00,0x00,0x00,0x00,0x00
224.850601,0x066,0,0,6,0x03,0x77,0x43,0x31,0x54,0x2D,0x00,0x00
224.850602,0x067,0,0,8,0x3D,0x21,0x8A,0x30,0x8B,0x34,0x6D,0x09
224.850603,0x068,0,0,4,0x9D,0xF5,0x19,0x00,0x00,0x00,0x00,0x00
224.850604,0x06B,0,0,5,0xD3,0x52,0x60,0x26,0x00,0x00,0x00,0x00
224.853500,0x06A,0,0,3,0x27,0x01,0x00,0x00,0x00,0x00,0x00,0x00
225.048450,0x065,0,0,1,0x53,0x00,0x00,0x00,0x00,0x00,0x00,0x00
225.048451,0x066,0,0,6,0x03,0x3F,0x44,0x31,0x54,0x2D,0x00,0x00
225.048452,0x067,0,0,8,0x4D,0x21,0x8A,0xF0,0x87,0x34,0x6D,0x09
225.048453,0x068,0,0,4,0x9B,0xF5,0x19,0x00,0x00,0x00,0x00,0x00
225.048454,0x06B,0,0,5,0x77,0x52,0x20,0x25,0x00,0x00,0x00,0x00
225.050700,0x06F,0,0,8,0x8D,0xD4,0x0F,0xC4,0xFC,0x09,0x70,0x7F
225.246450,0x065,0,0,1,0x4B,0x00,0x00,0x00,0x00,0x00,0x00,0x00
225.246451,0x066,0,0,6,0x03,0x07,0x45,0x31,0x54,0x2D,0x00,0x00
225.246452,0x067,0,0,8,0x5F,0x21,0x8A,0xD0,0x84,0x34,0x6D,0x09
225.246453,0x068,0,0,4,0x9B,0xF5,0x19,0x00,0x00,0x00,0x00,0x00
225.246454,0x06B,0,0,5,0xC1,0x51,0xA0,0x23,0x00,0x00,0x00,0x00
225.249400,0x06F,0,0,8,0x8B,0xD4,0x0F,0x44,0xFC,0x05,0x90,0x7F
225.444000,0x06F,0,0,8,0x8B,0xD4,0x2F,0x44,0xFC,0xED,0x8F,0x7F
225.444650,0x065,0,0,1,0x4B,0x00,0x00,0x00,0x00,0x00,0x00,0x00
225.444651,0x066,0,0,6,0x03,0xCF,0x45,0x31,0x54,0x2D,0x00,0x00
225.444652,0x067,0,0,8,0x6F,0x21,0x8A,0x90,0x81,0x34,0x6D,0x09
225.444653,0x068,0,0,4,0x9B,0xF5,0x19,0x00,0x00,0x00,0x00,0x00
225.444654,0x06B,0,0,5,0xBF,0x51,0x80,0x23,0x00,0x00,0x00,0x00
225.642000,0x06F,0,0,8,0x8B,0xCC,0x0F,0xC4,0xFC,0xF9,0x8F,0x7F
225.642650,0x065,0,0,1,0x4B,0x00,0x00,0x00,0x00,0x00,0x00,0x00
225.642651,0x066,0,0,6,0x03,0x97,0x46,0x31,0x54,0x2D,0x00,0x00
225.642652,0x067,0,0,8,0x81,0x21,0x8A,0x70,0x7E,0x34,0x6D,0x09
225.642653,0x068,0,0,4,0x9B,0xF5,0x19,0x00,0x00,0x00,0x00,0x00
225.642654,0x06B,0,0,5,0xF5,0x51,0x00,0x24,0x00,0x00,0x00,0x00
225.840500,0x065,0,0,1,0x4B,0x00,0x00,0x00,0x00,0x00,0x00,0x00
225.840501,0x066,0,0,6,0x03,0x5F,0x47,0x31,0x54,0x2D,0x00,0x00
225.840502,0x067,0,0,8,0x93,0x21,0x8A,0x50,0x7B,0x34,0x6D,0x09
225.840503,0x068,0,0,4,0x9B,0xF5,0x19,0x00,0x00,0x00,0x00,0x00
225.840504,0x06B,0,0,5,0x25,0x51,0xC0,0x25,0x00,0x00,0x00,0x00
225.843400,0x06A,0,0,3,0x3B,0x01,0x00,0x00,0x00,0x00,0x00,0x00
225.843550,0x06F,0,0,8,0x87,0xCC,0x4F,0xC4,0xFD,0x0D,0xB0,0x7F
226.038000,0x06F,0,0,8,0x89,0xB4,0x6F,0xC4,0xFD,0x05,0xD0,0x7F
226.038650,0x065,0,0,1,0x4B,0x00,0x00,0x00,0x00,0x00,0x00,0x00
226.038651,0x066,0,0,6,0x03,0x27,0x48,0x31,0x54,0x2D,0x00,0x00
226.038652,0x067,0,0,8,0xA5,0x21,0x8A,0x50,0x78,0x34,0x6D,0x09
226.038653,0x068,0,0,4,0x9B,0xF5,0x19,0x00,0x00,0x00,0x00,0x00
226.038654,0x06B,0,0,5,0xE9,0x50,0x60,0x27,0x00,0x00,0x00,0x00
226.236000,0x06F,0,0,8,0x8B,0x9C,0x4F,0xC4,0xFD,0x15,0xF0,0x7F
226.236650,0x065,0,0,1,0x4B,0x00,0x00,0x00,0x00,0x00,0x00,0x00
226.236651,0x066,0,0,6,0x03,0xEF,0x48,0x31,0x54,0x2D,0x00,0x00
226.236652,0x067,0,0,8,0xB7,0x21,0x8A,0x30,0x75,0x34,0x6D,0x09
226.236653,0x068,0,0,4,0x9B,0xF5,0x19,0x00,0x00,0x00,0x00,0x00
226.236654,0x06B,0,0,5,0x6D,0x4F,0xA0,0x26,0x00,0x00,0x00,0x00
226.434000,0x06F,0,0,8,0x8D,0x94,0x6F,0x44,0xFE,0xF1,0x0F,0x80
226.434650,0x065,0,0,1,0x4B,0x00,0x00,0x00,0x00,0x00,0x00,0x00
226.434651,0x066,0,0,6,0x03,0xB7,0x49,0x31,0x54,0x2D,0x00,0x00
226.434652,0x067,0,0,8,0xC7,0x21,0x8A,0x50,0x72,0x34,0x6D,0x09
226.434653,0x068,0,0,4,0x9B,0xF5,0x19,0x00,0x00,0x00,0x00,0x00
226.434654,0x06B,0,0,5,0xDF,0x4C,0x60,0x24,0x00,0x00,0x00,0x00
226.632000,0x06F,0,0,8,0x8B,0x94,0x8F,0xC4,0xFE,0xFD,0xAF,0x7F
226.632650,0x065,0,0,1,0x4B,0x00,0x00,0x00,0x00,0x00,0x00,0x00
226.632651,0x066,0,0,6,0x03,0x7F,0x4A,0x31,0x54,0x2D,0x00,0x00
226.632652,0x067,0,0,8,0xD9,0x21,0x8A,0x70,0x6F,0x34,0x6D,0x09
226.632653,0x068,0,0,4,0x99,0xF5,0x19,0x00,0x00,0x00,0x00,0x00
226.632654,0x06B,0,0,5,0x97,0x4B,0xA0,0x24,0x00,0x00,0x00,0x00
226.830000,0x06F,0,0,8,0x8D,0x9C,0x8F,0xC4,0xFE,0x0D,0xB0,0x7F
226.830650,0x065,0,0,1,0x4B,0x00,0x00,0x00,0x00,0x00,0x00,0x00
226.830651,0x066,0,0,6,0x03,0x47,0x4B,0x31,0x54,0x2D,0x00,0x00
226.830652,0x067,0,0,8,0xE9,0x21,0x8A,0x90,0x6C,0x34,0x6D,0x09
226.830653,0x068,0,0,4,0x9B,0xF5,0x19,0x00,0x00,0x00,0x00,0x00
226.830654,0x06B,0,0,5,0x0F,0x4A,0x00,0x24,0x00,0x00,0x00,0x00
226.832900,0x06A,0,0,3,0x4F,0x01,0x00,0x00,0x00,0x00,0x00,0x00
227.028000,0x06F,0,0,8,0x89,0xA4,0xCF,0x44,0xFE,0x01,0xD0,0x7F
227.028650,0x065,0,0,1,0x4B,0x00,0x00,0x00,0x00,0x00,0x00,0x00
227.028651,0x066,0,0,6,0x03,0x0F,0x4C,0x31,0x54,0x2D,0x00,0x00
227.028652,0x067,0,0,8,0xF9,0x21,0x8A,0xD0,0x69,0x34,0x6D,0x09
227.028653,0x068,0,0,4,0x9B,0xF5,0x19,0x00,0x00,0x00,0x00,0x00
227.028654,0x06B,0,0,5,0x77,0x47,0xC0,0x23,0x00,0x00,0x00,0x00
227.226000,0x06F,0,0,8,0x8D,0xA4,0x6F,0x44,0xFE,0xF1,0x0F,0x80
227.226650,0x065,0,0,1,0x4B,0x00,0x00,0x00,0x00,0x00,0x00,0x00
227.226651,0x066,0,0,6,0x03,0xD7,0x4C,0x31,0x54,0x2D,0x00,0x00
227.226652,0x067,0,0,8,0x09,0x22,0x8A,0x30,0x67,0x34,0x6D,0x09
227.226653,0x068,0,0,4,0x9B,0xF5,0x19,0x00,0x00,0x00,0x00,0x00
227.226654,0x06B,0,0,5,0x71,0x46,0xA0,0x24,0x00,0x00,0x00,0x00
227.424000,0x06F,0,0,8,0x8B,0x9C,0x6F,0x44,0xFE,0xF9,0xCF,0x7F
227.424650,0x065,0,0,1,0x4B,0x00,0x00,0x00,0x00,0x00,0x00,0x00
227.424651,0x066,0,0,6,0x03,0x9F,0x4D,0x31,0x54,0x2D,0x00,0x00
227.424652,0x067,0,0,8,0x19,0x22,0x8A,0x90,0x64,0x34,0x6D,0x09
227.424653,0x068,0,0,4,0x99,0xF5,0x19,0x00,0x00,0x00,0x00,0x00
227.424654,0x06B,0,0,5,0x3B,0x45,0x20,0x24,0x00,0x00,0x00,0x00
227.622000,0x06F,0,0,8,0x8F,0x9C,0x4F,0x44,0xFE,0x05,0xD0,0x7F
227.622900,0x065,0,0,1,0x4B,0x00,0x00,0x00,0x00,0x00,0x00,0x00
227.622901,0x066,0,0,6,0x03,0x67,0x4E,0x31,0x54,0x2D,0x00,0x00
227.622902,0x067,0,0,8,0x29,0x22,0x8A,0xF0,0x61,0x34,0x6D,0x09
227.622903,0x068,0,0,4,0x99,0xF5,0x19,0x00,0x00,0x00,0x00,0x00
227.622904,0x06B,0,0,5,0x59,0x44,0x40,0x24,0x00,0x00,0x00,0x00
227.820050,0x06F,0,0,8,0x87,0x9C,0x4F,0xC4,0xFD,0x09,0xD0,0x7F
227.820700,0x065,0,0,1,0x4B,0x00,0x00,0x00,0x00,0x00,0x00,0x00
227.820701,0x066,0,0,6,0x03,0x2F,0x4F,0x31,0x54,0x2D,0x00,0x00
227.820702,0x067,0,0,8,0x39,0x22,0x8A,0x70,0x5F,0x34,0x6D,0x09
227.820703,0x068,0,0,4,0x97,0xF5,0x19,0x00,0x00,0x00,0x00,0x00
227.820704,0x06B,0,0,5,0x4D,0x43,0x80,0x29,0x00,0x00,0x00,0x00
227.822900,0x06A,0,0,3,0x61,0x01,0x00,0x00,0x00,0x00,0x00,0x00
228.018050,0x06F,0,0,8,0x89,0xA4,0x6F,0x44,0xFE,0xF5,0xCF,0x7F
228.018700,0x065,0,0,1,0x4B,0x00,0x00,0x00,0x00,0x00,0x00,0x00
228.018701,0x066,0,0,6,0x03,0xF7,0x4F,0x31,0x54,0x2D,0x00,0x00
228.018702,0x067,0,0,8,0x47,0x22,0x8A,0xF0,0x5C,0x34,0x6D,0x09
228.018703,0x068,0,0,4,0x97,0xF5,0x19,0x00,0x00,0x00,0x00,0x00
228.018704,0x06B,0,0,5,0x1B,0x41,0xE0,0x24,0x00,0x00,0x00,0x00
228.216050,0x06F,0,0,8,0x89,0xA4,0x8F,0x44,0xFE,0x05,0xB0,0x7F
228.216800,0x065,0,0,1,0x4B,0x00,0x00,0x00,0x00,0x00,0x00,0x00
228.216801,0x066,0,0,6,0x03,0xBF,0x50,0x31,0x54,0x2D,0x00,0x00
228.216802,0x067,0,0,8,0x57,0x22,0x8A,0x90,0x5A,0x34,0x6D,0x09
228.216803,0x068,0,0,4,0x97,0xF5,0x19,0x00,0x00,0x00,0x00,0x00
228.216804,0x06B,0,0,5,0x1D,0x40,0x20,0x24,0x00,0x00,0x00,0x00
228.414050,0x06F,0,0,8,0x87,0xAC,0x0F,0x44,0xFE,0x15,0xB0,0x7F
228.415350,0x065,0,0,1,0x4B,0x00,0x00,0x00,0x00,0x00,0x00,0x00
228.415351,0x066,0,0,6,0x03,0x87,0x51,0x31,0x54,0x2D,0x00,0x00
228.415352,0x067,0,0,8,0x65,0x22,0x8A,0x30,0x58,0x34,0x6D,0x09
228.415353,0x068,0,0,4,0x95,0xF5,0x19,0x00,0x00,0x00,0x00,0x00
228.415354,0x06B,0,0,5,0x19,0x3D,0x60,0x25,0x00,0x00,0x00,0x00
228.612050,0x06F,0,0,8,0x89,0xB4,0x8F,0xC4,0xFE,0xF1,0xCF,0x7F
228.612650,0x065,0,0,1,0x4B,0x00,0x00,0x00,0x00,0x00,0x00,0x00
228.612651,0x066,0,0,6,0x03,0x4F,0x52,0x31,0x54,0x2D,0x00,0x00
228.612652,0x067,0,0,8,0x73,0x22,0x8A,0xF0,0x55,0x34,0x6D,0x09
228.612653,0x068,0,0,4,0x95,0xF5,0x19,0x00,0x00,0x00,0x00,0x00
228.612654,0x06B,0,0,5,0x25,0x3D,0x40,0x25,0x00,0x00,0x00,0x00
228.810050,0x06F,0,0,8,0x89,0xBC,0x6F,0xC4,0xFE,0xFD,0xCF,0x7F
228.810900,0x065,0,0,1,0x4B,0x00,0x00,0x00,0x00,0x00,0x00,0x00
228.810901,0x066,0,0,6,0x03,0x17,0x53,0x31,0x54,0x2D,0x00,0x00
228.810902,0x067,0,0,8,0x7F,0x22,0x8A,0xB0,0x53,0x34,0x6D,0x09
228.810903,0x068,0,0,4,0x99,0xF5,0x19,0x00,0x00,0x00,0x00,0x00
228.810904,0x06B,0,0,5,0x15,0x3B,0x20,0x25,0x00,0x00,0x00,0x00
228.813150,0x06A,0,0,3,0x71,0x01,0x00,0x00,0x00,0x00,0x00,0x00
229.008050,0x06F,0,0,8,0x93,0xB4,0xAF,0xC4,0xFE,0xFD,0xAF,0x7F
229.008650,0x065,0,0,1,0x4B,0x00,0x00,0x00,0x00,0x00,0x00,0x00
229.008651,0x066,0,0,6,0x03,0xDF,0x53,0x31,0x54,0x2D,0x00,0x00
229.008652,0x067,0,0,8,0x8D,0x22,0x8A,0x90,0x51,0x34,0x6D,0x09
229.008653,0x068,0,0,4,0x97,0xF5,0x19,0x00,0x00,0x00,0x00,0x00
229.008654,0x06B,0,0,5,0x27,0x3B,0xA0,0x25,0x00,0x00,0x00,0x00
229.206000,0x06F,0,0,8,0x8D,0xB4,0xAF,0xC4,0xFE,0xFD,0xCF,0x7F
229.206700,0x065,0,0,1,0x43,0x00,0x00,0x00,0x00,0x00,0x00,0x00
229.206701,0x066,0,0,6,0x03,0xA7,0x54,0x31,0x54,0x2D,0x00,0x00
229.206702,0x067,0,0,8,0x9D,0x22,0x8A,0x70,0x4F,0x34,0x6D,0x09
229.206703,0x068,0,0,4,0x97,0xF5,0x19,0x00,0x00,0x00,0x00,0x00
229.206704,0x06B,0,0,5,0xAD,0x39,0xC0,0x25,0x00,0x00,0x00,0x00
229.404050,0x06F,0,0,8,0x99,0xBC,0x0F,0x45,0xFF,0xFD,0x6F,0x7F
229.404800,0x065,0,0,1,0x43,0x00,0x00,0x00,0x00,0x00,0x00,0x00
229.404801,0x066,0,0,6,0x03,0x6F,0x55,0x31,0x54,0x2D,0x00,0x00
229.404802,0x067,0,0,8,0xAB,0x22,0x8A,0x70,0x4D,0x34,0x6D,0x09
229.404803,0x068,0,0,4,0x99,0xF5,0x19,0x00,0x00,0x00,0x00,0x00
229.404804,0x06B,0,0,5,0x7B,0x36,0xE0,0x2D,0x00,0x00,0x00,0x00
229.602050,0x06F,0,0,8,0x89,0xBC,0x2F,0xC4,0xFD,0x09,0x10,0x80
229.602800,0x065,0,0,1,0x43,0x00,0x00,0x00,0x00,0x00,0x00,0x00
229.602801,0x066,0,0,6,0x03,0x37,0x56,0x31,0x54,0x2D,0x00,0x00
229.602802,0x067,0,0,8,0xB7,0x22,0x8A,0x70,0x4B,0x34,0x6D,0x09
229.602803,0x068,0,0,4,0x97,0xF5,0x19,0x00,0x00,0x00,0x00,0x00
229.602804,0x06B,0,0,5,0x0F,0x37,0x80,0x32,0x00,0x00,0x00,0x00
229.800050,0x06F,0,0,8,0x8D,0xB4,0xCF,0xC4,0xFD,0xF1,0xCF,0x7F
229.800900,0x065,0,0,1,0x43,0x00,0x00,0x00,0x00,0x00,0x00,0x00
229.800901,0x066,0,0,6,0x03,0xFF,0x56,0x31,0x54,0x2D,0x00,0x00
229.800902,0x067,0,0,8,0xC7,0x22,0x8A,0x70,0x49,0x34,0x6D,0x09
229.800903,0x068,0,0,4,0x97,0xF5,0x19,0x00,0x00,0x00,0x00,0x00
229.800904,0x06B,0,0,5,0x79,0x37,0xE0,0x2C,0x00,0x00,0x00,0x00
229.803750,0x06A,0,0,3,0x7F,0x01,0x00,0x00,0x00,0x00,0x00,0x00
229.998050,0x06F,0,0,8,0x89,0xAC,0x4F,0xC4,0xFD,0xF1,0x4F,0x80
229.998900,0x065,0,0,1,0x43,0x00,0x00,0x00,0x00,0x00,0x00,0x00
229.998901,0x066,0,0,6,0x03,0xC7,0x57,0x31,0x54,0x2D,0x00,0x00
229.998902,0x067,0,0,8,0xD5,0x22,0x8A,0x70,0x47,0x34,0x6D,0x09
229.998903,0x068,0,0,4,0x93,0xF5,0x19,0x00,0x00,0x00,0x00,0x00
229.998904,0x06B,0,0,5,0xC5,0x35,0x40,0x2C,0x00,0x00,0x00,0x00
230.196050,0x06F,0,0,8,0x87,0x9C,0x8F,0x44,0xFE,0xF9,0xEF,0x7F
230.196950,0x065,0,0,1,0x43,0x00,0x00,0x00,0x00,0x00,0x00,0x00
230.196951,0x066,0,0,6,0x03,0x8F,0x58,0x31,0x54,0x2D,0x00,0x00
230.196952,0x067,0,0,8,0xE3,0x22,0x8A,0x90,0x45,0x34,0x6D,0x09
230.196953,0x068,0,0,4,0x91,0xF5,0x19,0x00,0x00,0x00,0x00,0x00
230.196954,0x06B,0,0,5,0x7D,0x36,0x60,0x35,0x00,0x00,0x00,0x00
230.394050,0x06F,0,0,8,0x89,0x8C,0x8F,0xC4,0xFE,0xED,0xEF,0x7F
230.394700,0x065,0,0,1,0x4B,0x00,0x00,0x00,0x00,0x00,0x00,0x00
230.394701,0x066,0,0,6,0x03,0x57,0x59,0x31,0x54,0x2D,0x00,0x00
230.394702,0x067,0,0,8,0xF1,0x22,0x8A,0xB0,0x43,0x34,0x6D,0x09
230.394703,0x068,0,0,4,0x93,0xF5,0x19,0x00,0x00,0x00,0x00,0x00
230.394704,0x06B,0,0,5,0x0B,0x34,0x40,0x36,0x00,0x00,0x00,0x00
230.592050,0x06F,0,0,8,0x89,0x94,0x2F,0xC4,0xFE,0xF5,0x2F,0x80
230.592850,0x065,0,0,1,0x4B,0x00,0x00,0x00,0x00,0x00,0x00,0x00
230.592851,0x066,0,0,6,0x03,0x1F,0x5A,0x31,0x54,0x2D,0x00,0x00
230.592852,0x067,0,0,8,0xFB,0x22,0x8A,0xD0,0x41,0x34,0x6D,0x09
230.592853,0x068,0,0,4,0x93,0xF5,0x19,0x00,0x00,0x00,0x00,0x00
230.592854,0x06B,0,0,5,0xF3,0x31,0x00,0x35,0x00,0x00,0x00,0x00
230.790050,0x06F,0,0,8,0x89,0xA4,0x4F,0x44,0xFF,0xF9,0xAF,0x7F
230.790850,0x065,0,0,1,0x53,0x00,0x00,0x00,0x00,0x00,0x00,0x00
230.790851,0x066,0,0,6,0x03,0xE7,0x5A,0x31,0x54,0x2D,0x00,0x00
230.790852,0x067,0,0,8,0x07,0x23,0x8A,0x10,0x40,0x34,0x6D,0x09
230.790853,0x068,0,0,4,0x93,0xF5,0x19,0x00,0x00,0x00,0x00,0x00
230.790854,0x06B,0,0,5,0x23,0x30,0xE0,0x39,0x00,0x00,0x00,0x00
230.793800,0x06A,0,0,3,0x8D,0x01,0x00,0x00,0x00,0x00,0x00,0x00
230.988050,0x06F,0,0,8,0x89,0xB4,0x6F,0xC4,0xFE,0xF5,0xEF,0x7F
230.988850,0x065,0,0,1,0x53,0x00,0x00,0x00,0x00,0x00,0x00,0x00
230.988851,0x066,0,0,6,0x03,0xAF,0x5B,0x31,0x54,0x2D,0x00,0x00
230.988852,0x067,0,0,8,0x15,0x23,0x8A,0x50,0x3E,0x34,0x6D,0x09
230.988853,0x068,0,0,4,0x95,0xF5,0x19,0x00,0x00,0x00,0x00,0x00
230.988854,0x06B,0,0,5,0xB9,0x30,0x80,0x37,0x00,0x00,0x00,0x00
231.186050,0x06F,0,0,8,0x8B,0xC4,0x4F,0x44,0xFF,0xFD,0x8F,0x7F
231.186900,0x065,0,0,1,0x53,0x00,0x00,0x00,0x00,0x00,0x00,0x00
231.186901,0x066,0,0,6,0x03,0x77,0x5C,0x31,0x54,0x2D,0x00,0x00
231.186902,0x067,0,0,8,0x23,0x23,0x8A,0x90,0x3C,0x34,0x6D,0x09
231.186903,0x068,0,0,4,0x93,0xF5,0x19,0x00,0x00,0x00,0x00,0x00
231.186904,0x06B,0,0,5,0x83,0x30,0x20,0x37,0x00,0x00,0x00,0x00
231.384050,0x06F,0,0,8,0x8B,0xCC,0x6F,0x44,0xFE,0xFD,0xCF,0x7F
231.384900,0x065,0,0,1,0x53,0x00,0x00,0x00,0x00,0x00,0x00,0x00
231.384901,0x066,0,0,6,0x03,0x3F,0x5D,0x31,0x54,0x2D,0x00,0x00
231.384902,0x067,0,0,8,0x2D,0x23,0x8A,0xF0,0x3A,0x34,0x6D,0x09
231.384903,0x068,0,0,4,0x93,0xF5,0x21,0x00,0x00,0x00,0x00,0x00
231.384904,0x06B,0,0,5,0x75,0x2E,0x60,0x39,0x00,0x00,0x00,0x00
231.582050,0x06F,0,0,8,0x8B,0xD4,0x2F,0xC4,0xFE,0x09,0xB0,0x7F
231.583350,0x065,0,0,1,0x53,0x00,0x00,0x00,0x00,0x00,0x00,0x00
231.583351,0x066,0,0,6,0x03,0x07,0x5E,0x31,0x54,0x2D,0x00,0x00
231.583352,0x067,0,0,8,0x37,0x23,0x8A,0x50,0x39,0x34,0x6D,0x09
231.583353,0x068,0,0,4,0x91,0xF5,0x21,0x00,0x00,0x00,0x00,0x00
231.583354,0x06B,0,0,5,0x6D,0x2C,0x60,0x37,0x00,0x00,0x00,0x00
231.780050,0x06F,0,0,8,0x87,0xD4,0x4F,0x44,0xFE,0xF5,0xCF,0x7F
231.780850,0x065,0,0,1,0x53,0x00,0x00,0x00,0x00,0x00,0x00,0x00
231.780851,0x066,0,0,6,0x03,0xCF,0x5E,0x31,0x54,0x2D,0x00,0x00
231.780852,0x067,0,0,8,0x43,0x23,0x8A,0xB0,0x37,0x34,0x6D,0x09
231.780853,0x068,0,0,4,0x91,0xF5,0x21,0x00,0x00,0x00,0x00,0x00
231.780854,0x06B,0,0,5,0x4D,0x2D,0x40,0x37,0x00,0x00,0x00,0x00
231.783800,0x06A,0,0,3,0x99,0x01,0x00,0x00,0x00,0x00,0x00,0x00
231.978050,0x06F,0,0,8,0x8B,0xD4,0x8F,0xC4,0xFE,0xFD,0xCF,0x7F
231.978850,0x065,0,0,1,0x5B,0x00,0x00,0x00,0x00,0x00,0x00,0x00
231.978851,0x066,0,0,6,0x03,0x97,0x5F,0x31,0x54,0x2D,0x00,0x00
231.978852,0x067,0,0,8,0x4F,0x23,0x8A,0x10,0x36,0x34,0x6D,0x09
231.978853,0x068,0,0,4,0x8F,0xF5,0x21,0x00,0x00,0x00,0x00,0x00
231.978854,0x06B,0,0,5,0x1D,0x2D,0x00,0x2F,0x00,0x00,0x00,0x00
232.176100,0x06F,0,0,8,0x8B,0xD4,0x8F,0x44,0xFE,0xF9,0xCF,0x7F
232.177100,0x065,0,0,1,0x5B,0x00,0x00,0x00,0x00,0x00,0x00,0x00
232.177101,0x066,0,0,6,0x03,0x5F,0x60,0x31,0x54,0x2D,0x00,0x00
232.177102,0x067,0,0,8,0x5B,0x23,0x8A,0x90,0x34,0x34,0x6D,0x09
232.177103,0x068,0,0,4,0x8F,0xF5,0x21,0x00,0x00,0x00,0x00,0x00
232.177104,0x06B,0,0,5,0xA1,0x2B,0x20,0x2D,0x00,0x00,0x00,0x00
232.374100,0x06F,0,0,8,0x89,0xD4,0x4F,0x44,0xFE,0xF5,0xAF,0x7F
232.374950,0x065,0,0,1,0x5B,0x00,0x00,0x00,0x00,0x00,0x00,0x00
232.374951,0x066,0,0,6,0x03,0x27,0x61,0x31,0x54,0x2D,0x00,0x00
232.374952,0x067,0,0,8,0x65,0x23,0x8A,0xF0,0x32,0x34,0x6D,0x09
232.374953,0x068,0,0,4,0x8D,0xF5,0x19,0x00,0x00,0x00,0x00,0x00
232.374954,0x06B,0,0,5,0x31,0x2C,0x60,0x2E,0x00,0x00,0x00,0x00
232.572100,0x06F,0,0,8,0x87,0xD4,0x6F,0x44,0xFE,0xF5,0x8F,0x7F
232.572950,0x065,0,0,1,0x5B,0x00,0x00,0x00,0x00,0x00,0x00,0x00
232.572951,0x066,0,0,6,0x03,0xEF,0x61,0x31,0x54,0x2D,0x00,0x00
232.572952,0x067,0,0,8,0x6F,0x23,0x8A,0x50,0x31,0x34,0x6D,0x09
232.572953,0x068,0,0,4,0x8F,0xF5,0x19,0x00,0x00,0x00,0x00,0x00
232.572954,0x06B,0,0,5,0xE9,0x2B,0x40,0x2D,0x00,0x00,0x00,0x00
232.770100,0x06F,0,0,8,0x8B,0xD4,0x6F,0x44,0xFE,0xF9,0xCF,0x7F
232.771100,0x065,0,0,1,0x5B,0x00,0x00,0x00,0x00,0x00,0x00,0x00
232.771101,0x066,0,0,6,0x03,0xB7,0x62,0x31,0x54,0x2D,0x00,0x00
232.771102,0x067,0,0,8,0x79,0x23,0x8A,0xD0,0x2F,0x34,0x6D,0x09
232.771103,0x068,0,0,4,0x8F,0xF5,0x19,0x00,0x00,0x00,0x00,0x00
232.771104,0x06B,0,0,5,0xF1,0x2A,0xC0,0x2A,0x00,0x00,0x00,0x00
232.773300,0x06A,0,0,3,0xA3,0x01,0x00,0x00,0x00,0x00,0x00,0x00
232.968100,0x06F,0,0,8,0x8B,0xE4,0x6F,0xC4,0xFE,0x01,0xB0,0x7F
232.969500,0x065,0,0,1,0x5B,0x00,0x00,0x00,0x00,0x00,0x00,0x00
232.969501,0x066,0,0,6,0x03,0x7F,0x63,0x31,0x54,0x2D,0x00,0x00
232.969502,0x067,0,0,8,0x83,0x23,0x8A,0x30,0x2E,0x34,0x6D,0x09
232.969503,0x068,0,0,4,0x91,0xF5,0x19,0x00,0x00,0x00,0x00,0x00
232.969504,0x06B,0,0,5,0xD7,0x2B,0x60,0x2A,0x00,0x00,0x00,0x00
233.166100,0x06F,0,0,8,0x8B,0xDC,0x4F,0x44,0xFE,0x01,0xF0,0x7F
233.166850,0x065,0,0,1,0x53,0x00,0x00,0x00,0x00,0x00,0x00,0x00
233.166851,0x066,0,0,6,0x03,0x47,0x64,0x31,0x54,0x2D,0x00,0x00
233.166852,0x067,0,0,8,0x8F,0x23,0x8A,0x90,0x2C,0x34,0x6D,0x09
233.166853,0x068,0,0,4,0x8D,0xF5,0x19,0x00,0x00,0x00,0x00,0x00
233.166854,0x06B,0,0,5,0x91,0x2B,0xA0,0x2A,0x00,0x00,0x00,0x00
233.364050,0x06F,0,0,8,0x89,0xD4,0x6F,0xC4,0xFD,0xFD,0x0F,0x80
233.365100,0x065,0,0,1,0x5B,0x00,0x00,0x00,0x00,0x00,0x00,0x00
233.365101,0x066,0,0,6,0x03,0x0F,0x65,0x31,0x54,0x2D,0x00,0x00
233.365102,0x067,0,0,8,0x99,0x23,0x8A,0x10,0x2B,0x34,0x6D,0x09
233.365103,0x068,0,0,4,0x8D,0xF5,0x19,0x00,0x00,0x00,0x00,0x00
233.365104,0x06B,0,0,5,0x31,0x2B,0xA0,0x2E,0x00,0x00,0x00,0x00
233.562100,0x06F,0,0,8,0x8D,0xCC,0x8F,0x44,0xFE,0xFD,0xAF,0x7F
233.563100,0x065,0,0,1,0x5B,0x00,0x00,0x00,0x00,0x00,0x00,0x00
233.563101,0x066,0,0,6,0x03,0xD7,0x65,0x31,0x54,0x2D,0x00,0x00
233.563102,0x067,0,0,8,0xA3,0x23,0x8A,0x70,0x29,0x34,0x6D,0x09
233.563103,0x068,0,0,4,0x8B,0xF5,0x19,0x00,0x00,0x00,0x00,0x00
233.563104,0x06B,0,0,5,0x39,0x2B,0x40,0x2F,0x00,0x00,0x00,0x00
233.760100,0x06F,0,0,8,0x87,0xBC,0x6F,0x44,0xFE,0x05,0xF0,0x7F
233.760950,0x065,0,0,1,0x5B,0x00,0x00,0x00,0x00,0x00,0x00,0x00
233.760951,0x066,0,0,6,0x03,0x9F,0x66,0x31,0x54,0x2D,0x00,0x00
233.760952,0x067,0,0,8,0xAD,0x23,0x8A,0xF0,0x27,0x34,0x6D,0x09
233.760953,0x068,0,0,4,0x8B,0xF5,0x19,0x00,0x00,0x00,0x00,0x00
233.760954,0x06B,0,0,5,0x8F,0x2A,0x20,0x2F,0x00,0x00,0x00,0x00
233.763200,0x06A,0,0,3,0xAF,0x01,0x00,0x00,0x00,0x00,0x00,0x00
233.958100,0x06F,0,0,8,0x8B,0xBC,0x8F,0xC4,0xFE,0x11,0xB0,0x7F
233.958950,0x065,0,0,1,0x5B,0x00,0x00,0x00,0x00,0x00,0x00,0x00
233.958951,0x066,0,0,6,0x03,0x67,0x67,0x31,0x54,0x2D,0x00,0x00
233.958952,0x067,0,0,8,0xB9,0x23,0x8A,0x50,0x26,0x34,0x6D,0x09
233.958953,0x068,0,0,4,0x89,0xF5,0x19,0x00,0x00,0x00,0x00,0x00
233.958954,0x06B,0,0,5,0xC3,0x2A,0x60,0x31,0x00,0x00,0x00,0x00
234.156100,0x06F,0,0,8,0x89,0xB4,0x4F,0x44,0xFE,0xFD,0x2F,0x80
234.156900,0x065,0,0,1,0x5B,0x00,0x00,0x00,0x00,0x00,0x00,0x00
234.156901,0x066,0,0,6,0x03,0x2F,0x68,0x31,0x54,0x2D,0x00,0x00
234.156902,0x067,0,0,8,0xC3,0x23,0x8A,0xD0,0x24,0x34,0x6D,0x09
234.156903,0x068,0,0,4,0x87,0xF5,0x19,0x00,0x00,0x00,0x00,0x00
234.156904,0x06B,0,0,5,0xA5,0x29,0x80,0x32,0x00,0x00,0x00,0x00
234.354100,0x06F,0,0,8,0x8B,0xAC,0x2F,0xC4,0xFE,0xFD,0xEF,0x7F
234.355100,0x065,0,0,1,0x53,0x00,0x00,0x00,0x00,0x00,0x00,0x00
234.355101,0x066,0,0,6,0x03,0xF7,0x68,0x31,0x54,0x2D,0x00,0x00
234.355102,0x067,0,0,8,0xCD,0x23,0x8A,0x50,0x23,0x34,0x6D,0x09
234.355103,0x068,0,0,4,0x87,0xF5,0x19,0x00,0x00,0x00,0x00,0x00
234.355104,0x06B,0,0,5,0x9B,0x28,0xE0,0x2B,0x00,0x00,0x00,0x00
234.552100,0x06F,0,0,8,0x87,0x94,0x2F,0x44,0xFF,0xF9,0xCF,0x7F
234.553100,0x065,0,0,1,0x53,0x00,0x00,0x00,0x00,0x00,0x00,0x00
234.553101,0x066,0,0,6,0x03,0xBF,0x69,0x31,0x54,0x2D,0x00,0x00
234.553102,0x067,0,0,8,0xD5,0x23,0x8A,0xF0,0x21,0x34,0x6D,0x09
234.553103,0x068,0,0,4,0x85,0xF5,0x19,0x00,0x00,0x00,0x00,0x00
234.553104,0x06B,0,0,5,0xDF,0x26,0xA0,0x2B,0x00,0x00,0x00,0x00
234.750100,0x06F,0,0,8,0x8D,0x8C,0x8F,0x44,0xFE,0xF1,0x2F,0x80
234.751750,0x065,0,0,1,0x4B,0x00,0x00,0x00,0x00,0x00,0x00,0x00
234.751751,0x066,0,0,6,0x03,0x87,0x6A,0x31,0x54,0x2D,0x00,0x00
234.751752,0x067,0,0,8,0xDF,0x23,0x8A,0x90,0x20,0x34,0x6D,0x09
234.751753,0x068,0,0,4,0x83,0xF5,0x19,0x00,0x00,0x00,0x00,0x00
234.751754,0x06B,0,0,5,0xF5,0x25,0x40,0x2D,0x00,0x00,0x00,0x00
234.754050,0x06A,0,0,3,0xB9,0x01,0x00,0x00,0x00,0x00,0x00,0x00
234.948100,0x06F,0,0,8,0x85,0x7C,0x4F,0x44,0xFE,0xF5,0xEF,0x7F
234.948950,0x065,0,0,1,0x5B,0x00,0x00,0x00,0x00,0x00,0x00,0x00
234.948951,0x066,0,0,6,0x03,0x4F,0x6B,0x31,0x54,0x2D,0x00,0x00
234.948952,0x067,0,0,8,0xE7,0x23,0x8A,0x30,0x1F,0x34,0x6D,0x09
234.948953,0x068,0,0,4,0x83,0xF5,0x19,0x00,0x00,0x00,0x00,0x00
234.948954,0x06B,0,0,5,0x17,0x24,0x40,0x32,0x00,0x00,0x00,0x00
235.146100,0x06F,0,0,8,0x89,0x74,0x8F,0x44,0xFE,0xF5,0x2F,0x80
235.147150,0x065,0,0,1,0x5B,0x00,0x00,0x00,0x00,0x00,0x00,0x00
235.147151,0x066,0,0,6,0x03,0x17,0x6C,0x31,0x54,0x2D,0x00,0x00
235.147152,0x067,0,0,8,0xED,0x23,0x8A,0xF0,0x1D,0x34,0x6D,0x09
235.147153,0x068,0,0,4,0x87,0xF5,0x19,0x00,0x00,0x00,0x00,0x00
235.147154,0x06B,0,0,5,0x43,0x21,0x40,0x29,0x00,0x00,0x00,0x00
235.344100,0x06F,0,0,8,0x87,0x6C,0x6F,0x44,0xFF,0xF9,0xAF,0x7F
235.345100,0x065,0,0,1,0x5B,0x00,0x00,0x00,0x00,0x00,0x00,0x00
235.345101,0x066,0,0,6,0x03,0xDF,0x6C,0x31,0x54,0x2D,0x00,0x00
235.345102,0x067,0,0,8,0xF5,0x23,0x8A,0xB0,0x1C,0x34,0x6D,0x09
235.345103,0x068,0,0,4,0x87,0xF5,0x19,0x00,0x00,0x00,0x00,0x00
235.345104,0x06B,0,0,5,0xA7,0x1E,0x60,0x29,0x00,0x00,0x00,0x00
235.542100,0x06F,0,0,8,0x87,0x7C,0x6F,0x44,0xFF,0x05,0x10,0x80
235.543100,0x065,0,0,1,0x5B,0x00,0x00,0x00,0x00,0x00,0x00,0x00
235.543101,0x066,0,0,6,0x03,0xA7,0x6D,0x31,0x54,0x2D,0x00,0x00
235.543102,0x067,0,0,8,0xFB,0x23,0x8A,0xB0,0x1B,0x34,0x6D,0x09
235.543103,0x068,0,0,4,0x89,0xF5,0x19,0x00,0x00,0x00,0x00,0x00
235.543104,0x06B,0,0,5,0x9F,0x1B,0x80,0x29,0x00,0x00,0x00,0x00
235.740100,0x06F,0,0,8,0x89,0x74,0x8F,0x44,0xFF,0xFD,0xEF,0x7F
235.741100,0x065,0,0,1,0x5B,0x00,0x00,0x00,0x00,0x00,0x00,0x00
235.741101,0x066,0,0,6,0x03,0x6F,0x6E,0x31,0x54,0x2D,0x00,0x00
235.741102,0x067,0,0,8,0x01,0x24,0x8A,0xB0,0x1A,0x34,0x6D,0x09
235.741103,0x068,0,0,4,0x8B,0xF5,0x19,0x00,0x00,0x00,0x00,0x00
235.741104,0x06B,0,0,5,0xAB,0x19,0x00,0x29,0x00,0x00,0x00,0x00
235.744000,0x06A,0,0,3,0xC1,0x01,0x00,0x00,0x00,0x00,0x00,0x00
235.938100,0x06F,0,0,8,0x8B,0x7C,0x6F,0xC4,0xFF,0xFD,0xAF,0x7F
235.939100,0x065,0,0,1,0x5B,0x00,0x00,0x00,0x00,0x00,0x00,0x00
235.939101,0x066,0,0,6,0x03,0x37,0x6F,0x31,0x54,0x2D,0x00,0x00
235.939102,0x067,0,0,8,0x09,0x24,0x8A,0xD0,0x19,0x34,0x6D,0x09
235.939103,0x068,0,0,4,0x8F,0xF5,0x19,0x00,0x00,0x00,0x00,0x00
235.939104,0x06B,0,0,5,0x93,0x17,0x60,0x26,0x00,0x00,0x00,0x00
236.136100,0x06F,0,0,8,0x89,0x8C,0xAF,0xC4,0xFF,0xF5,0xCF,0x7F
236.137800,0x065,0,0,1,0x5B,0x00,0x00,0x00,0x00,0x00,0x00,0x00
236.137801,0x066,0,0,6,0x03,0xFF,0x6F,0x31,0x54,0x2D,0x00,0x00
236.137802,0x067,0,0,8,0x0D,0x24,0x8A,0x10,0x19,0x34,0x6D,0x09
236.137803,0x068,0,0,4,0x8D,0xF5,0x19,0x00,0x00,0x00,0x00,0x00
236.137804,0x06B,0,0,5,0x9D,0x14,0xC0,0x28,0x00,0x00,0x00,0x00
236.334150,0x06F,0,0,8,0x89,0x94,0x6F,0xC4,0xFF,0x05,0xD0,0x7F
236.335150,0x065,0,0,1,0x5B,0x00,0x00,0x00,0x00,0x00,0x00,0x00
236.335151,0x066,0,0,6,0x03,0xC7,0x70,0x31,0x54,0x2D,0x00,0x00
236.335152,0x067,0,0,8,0x11,0x24,0x8A,0x50,0x18,0x34,0x6D,0x09
236.335153,0x068,0,0,4,0x91,0xF5,0x19,0x00,0x00,0x00,0x00,0x00
236.335154,0x06B,0,0,5,0x99,0x14,0x40,0x24,0x00,0x00,0x00,0x00
236.532150,0x06F,0,0,8,0x89,0xA4,0x6F,0xC4,0xFF,0xF9,0xCF,0x7F
236.533150,0x065,0,0,1,0x5B,0x00,0x00,0x00,0x00,0x00,0x00,0x00
236.533151,0x066,0,0,6,0x03,0x8F,0x71,0x31,0x54,0x2D,0x00,0x00
236.533152,0x067,0,0,8,0x15,0x24,0x8A,0x90,0x17,0x34,0x6D,0x09
236.533153,0x068,0,0,4,0x91,0xF5,0x19,0x00,0x00,0x00,0x00,0x00
236.533154,0x06B,0,0,5,0x93,0x12,0x80,0x26,0x00,0x00,0x00,0x00
236.730150,0x06F,0,0,8,0x8B,0x9C,0x8F,0xC4,0xFF,0xF9,0xEF,0x7F
236.928400,0x065,0,0,1,0x5B,0x00,0x00,0x00,0x00,0x00,0x00,0x00
236.928401,0x066,0,0,6,0x03,0x57,0x72,0x31,0x54,0x2D,0x00,0x00
236.928402,0x067,0,0,8,0x19,0x24,0x8A,0xD0,0x16,0x34,0x6D,0x09
236.928403,0x068,0,0,4,0x8F,0xF5,0x19,0x00,0x00,0x00,0x00,0x00
236.928404,0x06B,0,0,5,0x45,0x12,0x40,0x28,0x00,0x00,0x00,0x00
236.931350,0x06A,0,0,3,0xC7,0x01,0x00,0x00,0x00,0x00,0x00,0x00
236.931750,0x06F,0,0,8,0x87,0x94,0x6F,0xC4,0xFF,0xFD,0xEF,0x7F
237.126150,0x06F,0,0,8,0x89,0x8C,0x6F,0x44,0xFF,0xF5,0x0F,0x80
237.324400,0x065,0,0,1,0x5B,0x00,0x00,0x00,0x00,0x00,0x00,0x00
237.324401,0x066,0,0,6,0x03,0xE7,0x73,0x31,0x54,0x2D,0x00,0x00
237.324402,0x067,0,0,8,0x21,0x24,0x8A,0xD0,0x15,0x34,0x6D,0x09
237.324403,0x068,0,0,4,0x91,0xF5,0x19,0x00,0x00,0x00,0x00,0x00
237.324404,0x06B,0,0,5,0x29,0x0E,0xA0,0x28,0x00,0x00,0x00,0x00
237.326850,0x06F,0,0,8,0x8D,0x8C,0x6F,0x44,0xFF,0xF9,0xEF,0x7F
237.522400,0x065,0,0,1,0x5B,0x00,0x00,0x00,0x00,0x00,0x00,0x00
237.522401,0x066,0,0,6,0x03,0xAF,0x74,0x31,0x54,0x2D,0x00,0x00
237.522402,0x067,0,0,8,0x25,0x24,0x8A,0x70,0x15,0x34,0x6D,0x09
237.522403,0x068,0,0,4,0x91,0xF5,0x19,0x00,0x00,0x00,0x00,0x00
237.522404,0x06B,0,0,5,0x97,0x0C,0x00,0x2D,0x00,0x00,0x00,0x00
237.525550,0x06F,0,0,8,0x87,0xA4,0x8F,0x44,0xFF,0x01,0xF0,0x7F
237.720400,0x065,0,0,1,0x5B,0x00,0x00,0x00,0x00,0x00,0x00,0x00
237.720401,0x066,0,0,6,0x03,0x77,0x75,0x31,0x54,0x2D,0x00,0x00
237.720402,0x067,0,0,8,0x29,0x24,0x8A,0x10,0x15,0x34,0x6D,0x09
237.720403,0x068,0,0,4,0x91,0xF5,0x19,0x00,0x00,0x00,0x00,0x00
237.720404,0x06B,0,0,5,0x09,0x0B,0x80,0x2E,0x00,0x00,0x00,0x00
237.722850,0x06F,0,0,8,0x89,0xB4,0x6F,0xC4,0xFF,0xFD,0xCF,0x7F
237.918650,0x065,0,0,1,0x5B,0x00,0x00,0x00,0x00,0x00,0x00,0x00
237.918651,0x066,0,0,6,0x03,0x3F,0x76,0x31,0x54,0x2D,0x00,0x00
237.918652,0x067,0,0,8,0x2B,0x24,0x8A,0xB0,0x14,0x34,0x6D,0x09
237.918653,0x068,0,0,4,0x91,0xF5,0x19,0x00,0x00,0x00,0x00,0x00
237.918654,0x06B,0,0,5,0x35,0x0A,0xE0,0x2E,0x00,0x00,0x00,0x00
237.920850,0x06A,0,0,3,0xC9,0x01,0x00,0x00,0x00,0x00,0x00,0x00
237.921100,0x06F,0,0,8,0x8B,0xB4,0x6F,0x44,0xFF,0x01,0xF0,0x7F
238.116400,0x065,0,0,1,0x5B,0x00,0x00,0x00,0x00,0x00,0x00,0x00
238.116401,0x066,0,0,6,0x03,0x07,0x77,0x31,0x54,0x2D,0x00,0x00
238.116402,0x067,0,0,8,0x2D,0x24,0x8A,0x70,0x14,0x34,0x6D,0x09
238.116403,0x068,0,0,4,0x91,0xF5,0x19,0x00,0x00,0x00,0x00,0x00
238.116404,0x06B,0,0,5,0x69,0x08,0x40,0x2E,0x00,0x00,0x00,0x00
238.119650,0x06F,0,0,8,0x89,0xBC,0x6F,0x44,0xFF,0xFD,0xEF,0x7F
238.314400,0x065,0,0,1,0x5B,0x00,0x00,0x00,0x00,0x00,0x00,0x00
238.314401,0x066,0,0,6,0x03,0xCF,0x77,0x31,0x54,0x2D,0x00,0x00
238.314402,0x067,0,0,8,0x2F,0x24,0x8A,0x50,0x14,0x34,0x6D,0x09
238.314403,0x068,0,0,4,0x8F,0xF5,0x19,0x00,0x00,0x00,0x00,0x00
238.314404,0x06B,0,0,5,0x8D,0x07,0x20,0x2E,0x00,0x00,0x00,0x00
238.316900,0x06F,0,0,8,0x8B,0xBC,0x6F,0x44,0xFF,0xF9,0xEF,0x7F
238.512400,0x065,0,0,1,0x5B,0x00,0x00,0x00,0x00,0x00,0x00,0x00
238.512401,0x066,0,0,6,0x03,0x97,0x78,0x31,0x54,0x2D,0x00,0x00
238.512402,0x067,0,0,8,0x2F,0x24,0x8A,0x10,0x14,0x34,0x6D,0x09
238.512403,0x068,0,0,4,0x8F,0xF5,0x19,0x00,0x00,0x00,0x00,0x00
238.512404,0x06B,0,0,5,0x3B,0x05,0x00,0x2A,0x00,0x00,0x00,0x00
238.515550,0x06F,0,0,8,0x8B,0xBC,0x6F,0x44,0xFF,0x01,0xF0,0x7F
238.710650,0x065,0,0,1,0x5B,0x00,0x00,0x00,0x00,0x00,0x00,0x00
238.710651,0x066,0,0,6,0x03,0x5F,0x79,0x31,0x54,0x2D,0x00,0x00
238.710652,0x067,0,0,8,0x31,0x24,0x8A,0xF0,0x13,0x34,0x6D,0x09
238.710653,0x068,0,0,4,0x8F,0xF5,0x19,0x00,0x00,0x00,0x00,0x00
238.710654,0x06B,0,0,5,0x2B,0x05,0x20,0x26,0x00,0x00,0x00,0x00
238.712900,0x06F,0,0,8,0x89,0xBC,0x6F,0x44,0xFF,0xFD,0xEF,0x7F
238.908400,0x065,0,0,1,0x5B,0x00,0x00,0x00,0x00,0x00,0x00,0x00
238.908401,0x066,0,0,6,0x03,0x27,0x7A,0x31,0x54,0x2D,0x00,0x00
238.908402,0x067,0,0,8,0x31,0x24,0x8A,0xD0,0x13,0x34,0x6D,0x09
238.908403,0x068,0,0,4,0x8F,0xF5,0x19,0x00,0x00,0x00,0x00,0x00
238.908404,0x06B,0,0,5,0x35,0x04,0x60,0x25,0x00,0x00,0x00,0x00
238.911250,0x06A,0,0,3,0xCB,0x01,0x00,0x00,0x00,0x00,0x00,0x00
238.911600,0x06F,0,0,8,0x89,0xBC,0x6F,0x44,0xFF,0xFD,0xCF,0x7F
239.106650,0x065,0,0,1,0x5B,0x00,0x00,0x00,0x00,0x00,0x00,0x00
239.106651,0x066,0,0,6,0x03,0xEF,0x7A,0x31,0x54,0x2D,0x00,0x00
239.106652,0x067,0,0,8,0x33,0x24,0x8A,0xB0,0x13,0x34,0x6D,0x09
239.106653,0x068,0,0,4,0x8D,0xF5,0x19,0x00,0x00,0x00,0x00,0x00
239.106654,0x06B,0,0,5,0xF5,0x03,0x60,0x2F,0x00,0x00,0x00,0x00
239.108800,0x06F,0,0,8,0x89,0xC4,0x6F,0x44,0xFF,0xFD,0xEF,0x7F
239.304650,0x065,0,0,1,0x5B,0x00,0x00,0x00,0x00,0x00,0x00,0x00
239.304651,0x066,0,0,6,0x03,0xB7,0x7B,0x31,0x54,0x2D,0x00,0x00
239.304652,0x067,0,0,8,0x33,0x24,0x8A,0x90,0x13,0x34,0x6D,0x09
239.304653,0x068,0,0,4,0x8B,0xF5,0x19,0x00,0x00,0x00,0x00,0x00
239.304654,0x06B,0,0,5,0x35,0x04,0x60,0x2E,0x00,0x00,0x00,0x00
239.306800,0x06F,0,0,8,0x89,0xC4,0x6F,0x44,0xFF,0xFD,0xEF,0x7F
239.502400,0x065,0,0,1,0x5B,0x00,0x00,0x00,0x00,0x00,0x00,0x00
239.502401,0x066,0,0,6,0x03,0x7F,0x7C,0x31,0x54,0x2D,0x00,0x00
239.502402,0x067,0,0,8,0x35,0x24,0x8A,0x90,0x13,0x34,0x6D,0x09
239.502403,0x068,0,0,4,0x8B,0xF5,0x19,0x00,0x00,0x00,0x00,0x00
239.502404,0x06B,0,0,5,0x51,0x02,0x20,0x35,0x00,0x00,0x00,0x00
239.505600,0x06F,0,0,8,0x89,0xC4,0x6F,0x44,0xFF,0x01,0xF0,0x7F
239.700450,0x065,0,0,1,0x5B,0x00,0x00,0x00,0x00,0x00,0x00,0x00
239.700451,0x066,0,0,6,0x03,0x47,0x7D,0x31,0x54,0x2D,0x00,0x00
239.700452,0x067,0,0,8,0x35,0x24,0x8A,0x70,0x13,0x34,0x6D,0x09
239.700453,0x068,0,0,4,0x8B,0xF5,0x19,0x00,0x00,0x00,0x00,0x00
239.700454,0x06B,0,0,5,0xBB,0x01,0xE0,0x2A,0x00,0x00,0x00,0x00
239.702800,0x06F,0,0,8,0x8B,0xCC,0x6F,0x44,0xFF,0xFD,0xCF,0x7F
239.898650,0x065,0,0,1,0x5B,0x00,0x00,0x00,0x00,0x00,0x00,0x00
239.898651,0x066,0,0,6,0x03,0x0F,0x7E,0x31,0x54,0x2D,0x00,0x00
239.898652,0x067,0,0,8,0x35,0x24,0x8A,0x70,0x13,0x34,0x6D,0x09
239.898653,0x068,0,0,4,0x89,0xF5,0x19,0x00,0x00,0x00,0x00,0x00
239.898654,0x06B,0,0,5,0xF1,0x00,0x60,0x3C,0x00,0x00,0x00,0x00
239.901450,0x06A,0,0,3,0xCB,0x01,0x00,0x00,0x00,0x00,0x00,0x00
239.901600,0x06F,0,0,8,0x8B,0xAC,0x6F,0xC4,0xFE,0xFD,0xEF,0x7F
240.096450,0x065,0,0,1,0x5B,0x00,0x00,0x00,0x00,0x00,0x00,0x00
240.096451,0x066,0,0,6,0x03,0xD7,0x7E,0x31,0x54,0x2D,0x00,0x00
240.096452,0x067,0,0,8,0x35,0x24,0x8A,0x70,0x13,0x34,0x6D,0x09
240.096453,0x068,0,0,4,0x89,0xF5,0x19,0x00,0x00,0x00,0x00,0x00
240.096454,0x06B,0,0,5,0x65,0x00,0x80,0x30,0x00,0x00,0x00,0x00
240.098800,0x06F,0,0,8,0x89,0xEC,0x4F,0xC4,0xFF,0xFD,0xAF,0x7F
240.294650,0x065,0,0,1,0x5B,0x00,0x00,0x00,0x00,0x00,0x00,0x00
240.294651,0x066,0,0,6,0x03,0x9F,0x7F,0x31,0x54,0x2D,0x00,0x00
240.294652,0x067,0,0,8,0x33,0x24,0x8A,0x70,0x13,0x34,0x6D,0x09
240.294653,0x068,0,0,4,0x8B,0xF5,0x19,0x00,0x00,0x00,0x00,0x00
240.294654,0x06B,0,0,5,0x51,0x00,0xC0,0x39,0x00,0x00,0x00,0x00
240.297500,0x06F,0,0,8,0x8B,0xDC,0x6F,0xC4,0xFE,0xFD,0x0F,0x80
240.492650,0x065,0,0,1,0x5B,0x00,0x00,0x00,0x00,0x00,0x00,0x00
240.492651,0x066,0,0,6,0x03,0x67,0x80,0x31,0x54,0x2D,0x00,0x00
240.492652,0x067,0,0,8,0x33,0x24,0x8A,0x70,0x13,0x34,0x6D,0x09
240.492653,0x068,0,0,4,0x8B,0xF5,0x19,0x00,0x00,0x00,0x00,0x00
240.492654,0x06B,0,0,5,0x93,0x00,0x20,0x33,0x00,0x00,0x00,0x00
240.494850,0x06F,0,0,8,0x89,0xDC,0x6F,0x44,0xFF,0xFD,0xCF,0x7F
240.690450,0x065,0,0,1,0x5B,0x00,0x00,0x00,0x00,0x00,0x00,0x00
240.690451,0x066,0,0,6,0x03,0x2F,0x81,0x31,0x54,0x2D,0x00,0x00
240.690452,0x067,0,0,8,0x33,0x24,0x8A,0x70,0x13,0x34,0x6D,0x09
240.690453,0x068,0,0,4,0x8B,0xF5,0x19,0x00,0x00,0x00,0x00,0x00
240.690454,0x06B,0,0,5,0x3D,0x01,0xA0,0x39,0x00,0x00,0x00,0x00
240.693500,0x06F,0,0,8,0x8B,0xDC,0x6F,0x44,0xFF,0xFD,0xEF,0x7F
240.888650,0x065,0,0,1,0x5B,0x00,0x00,0x00,0x00,0x00,0x00,0x00
240.888651,0x066,0,0,6,0x03,0xF7,0x81,0x31,0x54,0x2D,0x00,0x00
240.888652,0x067,0,0,8,0x33,0x24,0x8A,0x70,0x13,0x34,0x6D,0x09
240.888653,0x068,0,0,4,0x8B,0xF5,0x19,0x00,0x00,0x00,0x00,0x00
240.888654,0x06B,0,0,5,0xDB,0x00,0xA0,0x34,0x00,0x00,0x00,0x00
240.890800,0x06A,0,0,3,0xCB,0x01,0x00,0x00,0x00,0x00,0x00,0x00
240.891650,0x06F,0,0,8,0x8B,0xDC,0x6F,0x44,0xFF,0xFD,0xEF,0x7F
241.086650,0x065,0,0,1,0x53,0x00,0x00,0x00,0x00,0x00,0x00,0x00
241.086651,0x066,0,0,6,0x03,0xBF,0x82,0x31,0x54,0x2D,0x00,0x00
241.086652,0x067,0,0,8,0x33,0x24,0x8A,0x70,0x13,0x34,0x6D,0x09
241.086653,0x068,0,0,4,0x8B,0xF5,0x19,0x00,0x00,0x00,0x00,0x00
241.086654,0x06B,0,0,5,0xB7,0x00,0x20,0x3A,0x00,0x00,0x00,0x00
241.088850,0x06F,0,0,8,0x8B,0xDC,0x6F,0xC4,0xFE,0xFD,0xEF,0x7F
241.284650,0x065,0,0,1,0x4B,0x00,0x00,0x00,0x00,0x00,0x00,0x00
241.284651,0x066,0,0,6,0x03,0x87,0x83,0x31,0x54,0x2D,0x00,0x00
241.284652,0x067,0,0,8,0x33,0x24,0x8A,0x70,0x13,0x34,0x6D,0x09
241.284653,0x068,0,0,4,0x8D,0xF5,0x19,0x00,0x00,0x00,0x00,0x00
241.284654,0x06B,0,0,5,0xDF,0x00,0x00,0x2A,0x00,0x00,0x00,0x00
241.287550,0x06F,0,0,8,0x8B,0xDC,0x6F,0x44,0xFF,0xFD,0xEF,0x7F
241.482650,0x065,0,0,1,0x4B,0x00,0x00,0x00,0x00,0x00,0x00,0x00
241.482651,0x066,0,0,6,0x03,0x4F,0x84,0x31,0x54,0x2D,0x00,0x00
241.482652,0x067,0,0,8,0x33,0x24,0x8A,0x70,0x13,0x34,0x6D,0x09
241.482653,0x068,0,0,4,0x8B,0xF5,0x19,0x00,0x00,0x00,0x00,0x00
241.482654,0x06B,0,0,5,0x25,0x00,0x80,0x24,0x00,0x00,0x00,0x00
241.484900,0x06F,0,0,8,0x8B,0xDC,0x6F,0x44,0xFF,0xFD,0xEF,0x7F
241.680650,0x065,0,0,1,0x4B,0x00,0x00,0x00,0x00,0x00,0x00,0x00
241.680651,0x066,0,0,6,0x03,0x17,0x85,0x31,0x54,0x2D,0x00,0x00
241.680652,0x067,0,0,8,0x31,0x24,0x8A,0x70,0x13,0x34,0x6D,0x09
241.680653,0x068,0,0,4,0x8B,0xF5,0x19,0x00,0x00,0x00,0x00,0x00
241.680654,0x06B,0,0,5,0xA5,0x00,0xE0,0x41,0x00,0x00,0x00,0x00
241.683600,0x06F,0,0,8,0x8B,0xDC,0x6F,0x44,0xFF,0xFD,0xEF,0x7F
241.878800,0x065,0,0,1,0x4B,0x00,0x00,0x00,0x00,0x00,0x00,0x00
241.878801,0x066,0,0,6,0x03,0xDF,0x85,0x31,0x54,0x2D,0x00,0x00
241.878802,0x067,0,0,8,0x31,0x24,0x8A,0x70,0x13,0x34,0x6D,0x09
241.878803,0x068,0,0,4,0x8B,0xF5,0x19,0x00,0x00,0x00,0x00,0x00
241.878804,0x06B,0,0,5,0xBD,0x00,0x00,0x41,0x00,0x00,0x00,0x00
241.881050,0x06A,0,0,3,0xCB,0x01,0x00,0x00,0x00,0x00,0x00,0x00
241.881300,0x06F,0,0,8,0x8B,0xDC,0x6F,0x44,0xFF,0xFD,0xEF,0x7F
242.076650,0x065,0,0,1,0x4B,0x00,0x00,0x00,0x00,0x00,0x00,0x00
242.076651,0x066,0,0,6,0x03,0xA7,0x86,0x31,0x54,0x2D,0x00,0x00
242.076652,0x067,0,0,8,0x31,0x24,0x8A,0x70,0x13,0x34,0x6D,0x09
242.076653,0x068,0,0,4,0x8B,0xF5,0x19,0x00,0x00,0x00,0x00,0x00
242.076654,0x06B,0,0,5,0xE5,0x00,0x00,0x27,0x00,0x00,0x00,0x00
242.079600,0x06F,0,0,8,0x8B,0xDC,0x6F,0x44,0xFF,0xFD,0xEF,0x7F
242.274700,0x065,0,0,1,0x4B,0x00,0x00,0x00,0x00,0x00,0x00,0x00
242.274701,0x066,0,0,6,0x03,0x6F,0x87,0x31,0x54,0x2D,0x00,0x00
242.274702,0x067,0,0,8,0x31,0x24,0x8A,0x70,0x13,0x34,0x6D,0x09
242.274703,0x068,0,0,4,0x8B,0xF5,0x19,0x00,0x00,0x00,0x00,0x00
242.274704,0x06B,0,0,5,0xA7,0x00,0x20,0x47,0x00,0x00,0x00,0x00
242.276900,0x06F,0,0,8,0x8B,0xDC,0x6F,0x44,0xFF,0xFD,0xEF,0x7F
242.472700,0x065,0,0,1,0x4B,0x00,0x00,0x00,0x00,0x00,0x00,0x00
242.472701,0x066,0,0,6,0x03,0x37,0x88,0x31,0x54,0x2D,0x00,0x00
242.472702,0x067,0,0,8,0x31,0x24,0x8A,0x70,0x13,0x34,0x6D,0x09
242.472703,0x068,0,0,4,0x8B,0xF5,0x19,0x00,0x00,0x00,0x00,0x00
242.472704,0x06B,0,0,5,0x41,0x00,0xE0,0x43,0x00,0x00,0x00,0x00
242.472900,0x06F,0,0,8,0x8B,0xDC,0x6F,0x44,0xFF,0xFD,0xEF,0x7F
242.670200,0x06F,0,0,8,0x8B,0xDC,0x6F,0x44,0xFF,0xFD,0xEF,0x7F
242.670850,0x065,0,0,1,0x4B,0x00,0x00,0x00,0x00,0x00,0x00,0x00
242.670851,0x066,0,0,6,0x03,0xFF,0x88,0x31,0x54,0x2D,0x00,0x00
242.670852,0x067,0,0,8,0x31,0x24,0x8A,0x70,0x13,0x34,0x6D,0x09
242.670853,0x068,0,0,4,0x8B,0xF5,0x19,0x00,0x00,0x00,0x00,0x00
242.670854,0x06B,0,0,5,0xB9,0x00,0xC0,0x42,0x00,0x00,0x00,0x00
242.868700,0x065,0,0,1,0x4B,0x00,0x00,0x00,0x00,0x00,0x00,0x00
242.868701,0x066,0,0,6,0x03,0xC7,0x89,0x31,0x54,0x2D,0x00,0x00
242.868702,0x067,0,0,8,0x31,0x24,0x8A,0x70,0x13,0x34,0x6D,0x09
242.868703,0x068,0,0,4,0x8B,0xF5,0x19,0x00,0x00,0x00,0x00,0x00
242.868704,0x06B,0,0,5,0x39,0x00,0xE0,0x42,0x00,0x00,0x00,0x00
242.870850,0x06A,0,0,3,0xCB,0x01,0x00,0x00,0x00,0x00,0x00,0x00
242.871050,0x06F,0,0,8,0x8B,0xDC,0x6F,0xC4,0xFE,0xFD,0xEF,0x7F
243.066700,0x065,0,0,1,0x4B,0x00,0x00,0x00,0x00,0x00,0x00,0x00
243.066701,0x066,0,0,6,0x03,0x8F,0x8A,0x31,0x54,0x2D,0x00,0x00
243.066702,0x067,0,0,8,0x31,0x24,0x8A,0x70,0x13,0x34,0x6D,0x09
243.066703,0x068,0,0,4,0x89,0xF5,0x19,0x00,0x00,0x00,0x00,0x00
243.066704,0x06B,0,0,5,0x5D,0x00,0x20,0x3B,0x00,0x00,0x00,0x00
243.069950,0x06F,0,0,8,0x8B,0xDC,0x6F,0x44,0xFF,0xFD,0xEF,0x7F
243.264700,0x065,0,0,1,0x4B,0x00,0x00,0x00,0x00,0x00,0x00,0x00
243.264701,0x066,0,0,6,0x03,0x57,0x8B,0x31,0x54,0x2D,0x00,0x00
243.264702,0x067,0,0,8,0x31,0x24,0x8A,0x70,0x13,0x34,0x6D,0x09
243.264703,0x068,0,0,4,0x89,0xF5,0x19,0x00,0x00,0x00,0x00,0x00
243.264704,0x06B,0,0,5,0x57,0x00,0xE0,0x24,0x00,0x00,0x00,0x00
243.266950,0x06F,0,0,8,0x8B,0xDC,0x6F,0x44,0xFF,0xFD,0xEF,0x7F
243.462700,0x065,0,0,1,0x4B,0x00,0x00,0x00,0x00,0x00,0x00,0x00
243.462701,0x066,0,0,6,0x03,0x1F,0x8C,0x31,0x54,0x2D,0x00,0x00
243.462702,0x067,0,0,8,0x31,0x24,0x8A,0x70,0x13,0x34,0x6D,0x09
243.462703,0x068,0,0,4,0x89,0xF5,0x19,0x00,0x00,0x00,0x00,0x00
243.462704,0x06B,0,0,5,0x15,0x00,0xC0,0x23,0x00,0x00,0x00,0x00
243.465600,0x06F,0,0,8,0x8B,0xDC,0x6F,0xC4,0xFE,0xFD,0xEF,0x7F
243.660700,0x065,0,0,1,0x4B,0x00,0x00,0x00,0x00,0x00,0x00,0x00
243.660701,0x066,0,0,6,0x03,0xE7,0x8C,0x31,0x54,0x2D,0x00,0x00
243.660702,0x067,0,0,8,0x2F,0x24,0x8A,0x70,0x13,0x34,0x6D,0x09
243.660703,0x068,0,0,4,0x87,0xF5,0x19,0x00,0x00,0x00,0x00,0x00
243.660704,0x06B,0,0,5,0x85,0x00,0x00,0x3D,0x00,0x00,0x00,0x00
243.660900,0x06F,0,0,8,0x8B,0xDC,0x6F,0x44,0xFF,0xFD,0xEF,0x7F
243.858200,0x06F,0,0,8,0x8B,0xDC,0x6F,0xC4,0xFE,0xFD,0xEF,0x7F
243.859550,0x065,0,0,1,0x4B,0x00,0x00,0x00,0x00,0x00,0x00,0x00
243.859551,0x066,0,0,6,0x03,0xAF,0x8D,0x31,0x54,0x2D,0x00,0x00
243.859552,0x067,0,0,8,0x2F,0x24,0x8A,0x70,0x13,0x34,0x6D,0x09
243.859553,0x068,0,0,4,0x87,0xF5,0x19,0x00,0x00,0x00,0x00,0x00
243.859554,0x06B,0,0,5,0x0B,0x01,0xE0,0x36,0x00,0x00,0x00,0x00
243.861750,0x06A,0,0,3,0xCB,0x01,0x00,0x00,0x00,0x00,0x00,0x00
244.056700,0x065,0,0,1,0x4B,0x00,0x00,0x00,0x00,0x00,0x00,0x00
244.056701,0x066,0,0,6,0x03,0x77,0x8E,0x31,0x54,0x2D,0x00,0x00
244.056702,0x067,0,0,8,0x2F,0x24,0x8A,0x70,0x13,0x34,0x6D,0x09
244.056703,0x068,0,0,4,0x87,0xF5,0x19,0x00,0x00,0x00,0x00,0x00
244.056704,0x06B,0,0,5,0x7B,0x00,0x20,0x35,0x00,0x00,0x00,0x00
244.059600,0x06F,0,0,8,0x8B,0xDC,0x6F,0x44,0xFF,0xFD,0xEF,0x7F
244.254700,0x065,0,0,1,0x4B,0x00,0x00,0x00,0x00,0x00,0x00,0x00
244.254701,0x066,0,0,6,0x03,0x3F,0x8F,0x31,0x54,0x2D,0x00,0x00
244.254702,0x067,0,0,8,0x2F,0x24,0x8A,0x70,0x13,0x34,0x6D,0x09
244.254703,0x068,0,0,4,0x85,0xF5,0x19,0x00,0x00,0x00,0x00,0x00
244.254704,0x06B,0,0,5,0x47,0x00,0x00,0x32,0x00,0x00,0x00,0x00
244.256950,0x06F,0,0,8,0x8B,0xDC,0x6F,0xC4,0xFE,0xFD,0xEF,0x7F
244.452200,0x06F,0,0,8,0x8B,0xDC,0x6F,0x44,0xFF,0xFD,0xEF,0x7F
244.452850,0x065,0,0,1,0x43,0x00,0x00,0x00,0x00,0x00,0x00,0x00
244.452851,0x066,0,0,6,0x03,0x07,0x90,0x31,0x54,0x2D,0x00,0x00
244.452852,0x067,0,0,8,0x2F,0x24,0x8A,0x90,0x13,0x34,0x6D,0x09
244.452853,0x068,0,0,4,0x85,0xF5,0x19,0x00,0x00,0x00,0x00,0x00
244.452854,0x06B,0,0,5,0x5F,0x00,0xA0,0x20,0x00,0x00,0x00,0x00
244.650700,0x065,0,0,1,0x4B,0x00,0x00,0x00,0x00,0x00,0x00,0x00
244.650701,0x066,0,0,6,0x03,0xCF,0x90,0x31,0x54,0x2D,0x00,0x00
244.650702,0x067,0,0,8,0x2F,0x24,0x8A,0x90,0x13,0x34,0x6D,0x09
244.650703,0x068,0,0,4,0x85,0xF5,0x19,0x00,0x00,0x00,0x00,0x00
244.650704,0x06B,0,0,5,0xA7,0x00,0x80,0x41,0x00,0x00,0x00,0x00
244.652950,0x06F,0,0,8,0x8B,0xDC,0x6F,0x44,0xFF,0xFD,0xEF,0x7F
244.848250,0x06F,0,0,8,0x8B,0xDC,0x6F,0x44,0xFF,0xFD,0xEF,0x7F
244.848900,0x065,0,0,1,0x4B,0x00,0x00,0x00,0x00,0x00,0x00,0x00
244.848901,0x066,0,0,6,0x03,0x97,0x91,0x31,0x54,0x2D,0x00,0x00
244.848902,0x067,0,0,8,0x2F,0x24,0x8A,0x90,0x13,0x34,0x6D,0x09
244.848903,0x068,0,0,4,0x83,0xF5,0x19,0x00,0x00,0x00,0x00,0x00
244.848904,0x06B,0,0,5,0x11,0x00,0x40,0x2C,0x00,0x00,0x00,0x00
244.851750,0x06A,0,0,3,0xCB,0x01,0x00,0x00,0x00,0x00,0x00,0x00
245.046250,0x06F,0,0,8,0x8B,0xDC,0x6F,0x44,0xFF,0xFD,0xEF,0x7F
245.046900,0x065,0,0,1,0x43,0x00,0x00,0x00,0x00,0x00,0x00,0x00
245.046901,0x066,0,0,6,0x03,0x5F,0x92,0x31,0x54,0x2D,0x00,0x00
245.046902,0x067,0,0,8,0x2F,0x24,0x8A,0x90,0x13,0x34,0x6D,0x09
245.046903,0x068,0,0,4,0x81,0xF5,0x19,0x00,0x00,0x00,0x00,0x00
245.046904,0x06B,0,0,5,0x6D,0x00,0x60,0x41,0x00,0x00,0x00,0x00
245.244250,0x06F,0,0,8,0x8B,0xDC,0x6F,0x44,0xFF,0xFD,0xEF,0x7F
245.245550,0x065,0,0,1,0x4B,0x00,0x00,0x00,0x00,0x00,0x00,0x00
245.245551,0x066,0,0,6,0x03,0x27,0x93,0x31,0x54,0x2D,0x00,0x00
245.245552,0x067,0,0,8,0x2F,0x24,0x8A,0x90,0x13,0x34,0x6D,0x09
245.245553,0x068,0,0,4,0x81,0xF5,0x19,0x00,0x00,0x00,0x00,0x00
245.245554,0x06B,0,0,5,0xCF,0x00,0xE0,0x40,0x00,0x00,0x00,0x00
245.442700,0x065,0,0,1,0x4B,0x00,0x00,0x00,0x00,0x00,0x00,0x00
245.442701,0x066,0,0,6,0x03,0xEF,0x93,0x31,0x54,0x2D,0x00,0x00
245.442702,0x067,0,0,8,0x2F,0x24,0x8A,0xB0,0x13,0x34,0x6D,0x09
245.442703,0x068,0,0,4,0x81,0xF5,0x19,0x00,0x00,0x00,0x00,0x00
245.442704,0x06B,0,0,5,0xE7,0x00,0xE0,0x3F,0x00,0x00,0x00,0x00
245.442950,0x06F,0,0,8,0x8B,0xDC,0x6F,0x44,0xFF,0xFD,0xEF,0x7F
245.640250,0x06F,0,0,8,0x8B,0xDC,0x6F,0x44,0xFF,0xFD,0xEF,0x7F
245.640850,0x065,0,0,1,0x4B,0x00,0x00,0x00,0x00,0x00,0x00,0x00
245.640851,0x066,0,0,6,0x03,0xB7,0x94,0x31,0x54,0x2D,0x00,0x00
245.640852,0x067,0,0,8,0x2F,0x24,0x8A,0xB0,0x13,0x34,0x6D,0x09
245.640853,0x068,0,0,4,0x81,0xF5,0x19,0x00,0x00,0x00,0x00,0x00
245.640854,0x06B,0,0,5,0xC7,0x00,0x20,0x34,0x00,0x00,0x00,0x00
245.838850,0x065,0,0,1,0x43,0x00,0x00,0x00,0x00,0x00,0x00,0x00
245.838851,0x066,0,0,6,0x03,0x7F,0x95,0x31,0x54,0x2D,0x00,0x00
245.838852,0x067,0,0,8,0x2F,0x24,0x8A,0xB0,0x13,0x34,0x6D,0x09
245.838853,0x068,0,0,4,0x7F,0xF5,0x19,0x00,0x00,0x00,0x00,0x00
245.838854,0x06B,0,0,5,0x19,0x01,0x80,0x41,0x00,0x00,0x00,0x00
245.841750,0x06A,0,0,3,0xCB,0x01,0x00,0x00,0x00,0x00,0x00,0x00
245.841900,0x06F,0,0,8,0x8B,0xDC,0x6F,0x44,0xFF,0xFD,0xEF,0x7F
246.036700,0x065,0,0,1,0x43,0x00,0x00,0x00,0x00,0x00,0x00,0x00
246.036701,0x066,0,0,6,0x03,0x47,0x96,0x31,0x54,0x2D,0x00,0x00
246.036702,0x067,0,0,8,0x2F,0x24,0x8A,0xB0,0x13,0x34,0x6D,0x09
246.036703,0x068,0,0,4,0x7F,0xF5,0x19,0x00,0x00,0x00,0x00,0x00
246.036704,0x06B,0,0,5,0x5D,0x00,0x20,0x3F,0x00,0x00,0x00,0x00
246.039250,0x06F,0,0,8,0x8B,0xDC,0x6F,0x44,0xFF,0xFD,0xEF,0x7F
246.234250,0x06F,0,0,8,0x89,0xDC,0x6F,0x44,0xFF,0xFD,0xEF,0x7F
246.234900,0x065,0,0,1,0x4B,0x00,0x00,0x00,0x00,0x00,0x00,0x00
246.234901,0x066,0,0,6,0x03,0x0F,0x97,0x31,0x54,0x2D,0x00,0x00
246.234902,0x067,0,0,8,0x2F,0x24,0x8A,0xB0,0x13,0x34,0x6D,0x09
246.234903,0x068,0,0,4,0x7F,0xF5,0x19,0x00,0x00,0x00,0x00,0x00
246.234904,0x06B,0,0,5,0x37,0x01,0x80,0x3E,0x00,0x00,0x00,0x00
246.432250,0x06F,0,0,8,0x8B,0xDC,0x6F,0x44,0xFF,0xFD,0xEF,0x7F
246.432900,0x065,0,0,1,0x4B,0x00,0x00,0x00,0x00,0x00,0x00,0x00
246.432901,0x066,0,0,6,0x03,0xD7,0x97,0x31,0x54,0x2D,0x00,0x00
246.432902,0x067,0,0,8,0x2F,0x24,0x8A,0xB0,0x13,0x34,0x6D,0x09
246.432903,0x068,0,0,4,0x7D,0xF5,0x19,0x00,0x00,0x00,0x00,0x00
246.432904,0x06B,0,0,5,0xB1,0x00,0xA0,0x37,0x00,0x00,0x00,0x00
246.630750,0x065,0,0,1,0x4B,0x00,0x00,0x00,0x00,0x00,0x00,0x00
246.630751,0x066,0,0,6,0x03,0x9F,0x98,0x31,0x54,0x2D,0x00,0x00
246.630752,0x067,0,0,8,0x2F,0x24,0x8A,0xB0,0x13,0x34,0x6D,0x09
246.630753,0x068,0,0,4,0x7D,0xF5,0x19,0x00,0x00,0x00,0x00,0x00
246.630754,0x06B,0,0,5,0x77,0x00,0xA0,0x41,0x00,0x00,0x00,0x00
246.631600,0x06F,0,0,8,0x8B,0xDC,0x6F,0xC4,0xFE,0xFD,0xEF,0x7F
246.828250,0x06F,0,0,8,0x8B,0xDC,0x6F,0x44,0xFF,0xFD,0xEF,0x7F
246.828900,0x065,0,0,1,0x4B,0x00,0x00,0x00,0x00,0x00,0x00,0x00
246.828901,0x066,0,0,6,0x03,0x67,0x99,0x31,0x54,0x2D,0x00,0x00
246.828902,0x067,0,0,8,0x2F,0x24,0x8A,0xB0,0x13,0x34,0x6D,0x09
246.828903,0x068,0,0,4,0x7D,0xF5,0x19,0x00,0x00,0x00,0x00,0x00
246.828904,0x06B,0,0,5,0x43,0x00,0x80,0x1E,0x00,0x00,0x00,0x00
246.831100,0x06A,0,0,3,0xCB,0x01,0x00,0x00,0x00,0x00,0x00,0x00
247.026250,0x06F,0,0,8,0x8B,0xDC,0x6F,0x44,0xFF,0xF9,0xEF,0x7F
247.026900,0x065,0,0,1,0x43,0x00,0x00,0x00,0x00,0x00,0x00,0x00
247.026901,0x066,0,0,6,0x03,0x2F,0x9A,0x31,0x54,0x2D,0x00,0x00
247.026902,0x067,0,0,8,0x2F,0x24,0x8A,0xB0,0x13,0x34,0x6D,0x09
247.026903,0x068,0,0,4,0x7B,0xF5,0x19,0x00,0x00,0x00,0x00,0x00
247.026904,0x06B,0,0,5,0xB9,0x00,0xE0,0x32,0x00,0x00,0x00,0x00
247.224250,0x06F,0,0,8,0x8B,0xDC,0x6F,0x44,0xFF,0xFD,0xEF,0x7F
247.224900,0x065,0,0,1,0x4B,0x00,0x00,0x00,0x00,0x00,0x00,0x00
247.224901,0x066,0,0,6,0x03,0xF7,0x9A,0x31,0x54,0x2D,0x00,0x00
247.224902,0x067,0,0,8,0x2F,0x24,0x8A,0xB0,0x13,0x34,0x6D,0x09
247.224903,0x068,0,0,4,0x79,0xF5,0x19,0x00,0x00,0x00,0x00,0x00
247.224904,0x06B,0,0,5,0xBD,0x00,0x80,0x3A,0x00,0x00,0x00,0x00
247.422250,0x06F,0,0,8,0x8B,0xDC,0x6F,0x44,0xFF,0xFD,0xEF,0x7F
247.422900,0x065,0,0,1,0x4B,0x00,0x00,0x00,0x00,0x00,0x00,0x00
247.422901,0x066,0,0,6,0x03,0xBF,0x9B,0x31,0x54,0x2D,0x00,0x00
247.422902,0x067,0,0,8,0x2F,0x24,0x8A,0xB0,0x13,0x34,0x6D,0x09
247.422903,0x068,0,0,4,0x79,0xF5,0x19,0x00,0x00,0x00,0x00,0x00
247.422904,0x06B,0,0,5,0x35,0x00,0x40,0x22,0x00,0x00,0x00,0x00
247.620250,0x06F,0,0,8,0x89,0xDC,0x6F,0x44,0xFF,0xFD,0xEF,0x7F
247.620900,0x065,0,0,1,0x4B,0x00,0x00,0x00,0x00,0x00,0x00,0x00
247.620901,0x066,0,0,6,0x03,0x87,0x9C,0x31,0x54,0x2D,0x00,0x00
247.620902,0x067,0,0,8,0x31,0x24,0x8A,0xB0,0x13,0x34,0x6D,0x09
247.620903,0x068,0,0,4,0x79,0xF5,0x19,0x00,0x00,0x00,0x00,0x00
247.620904,0x06B,0,0,5,0x87,0x00,0x80,0x31,0x00,0x00,0x00,0x00
247.818250,0x06F,0,0,8,0x8B,0xDC,0x6F,0x44,0xFF,0xFD,0xEF,0x7F
247.819050,0x065,0,0,1,0x53,0x00,0x00,0x00,0x00,0x00,0x00,0x00
247.819051,0x066,0,0,6,0x03,0x4F,0x9D,0x31,0x54,0x2D,0x00,0x00
247.819052,0x067,0,0,8,0x31,0x24,0x8A,0xB0,0x13,0x34,0x6D,0x09
247.819053,0x068,0,0,4,0x79,0xF5,0x19,0x00,0x00,0x00,0x00,0x00
247.819054,0x06B,0,0,5,0x2D,0x01,0xA0,0x38,0x00,0x00,0x00,0x00
247.821200,0x06A,0,0,3,0xCB,0x01,0x00,0x00,0x00,0x00,0x00,0x00
248.016900,0x065,0,0,1,0x53,0x00,0x00,0x00,0x00,0x00,0x00,0x00
248.016901,0x066,0,0,6,0x03,0x17,0x9E,0x31,0x54,0x2D,0x00,0x00
248.016902,0x067,0,0,8,0x33,0x24,0x8A,0xB0,0x13,0x34,0x6D,0x09
248.016903,0x068,0,0,4,0x79,0xF5,0x19,0x00,0x00,0x00,0x00,0x00
248.016904,0x06B,0,0,5,0x05,0x01,0x00,0x40,0x00,0x00,0x00,0x00
248.019950,0x06F,0,0,8,0x8B,0xDC,0x6F,0x44,0xFF,0xFD,0xEF,0x7F
248.214250,0x06F,0,0,8,0x8B,0xDC,0x6F,0x44,0xFF,0xFD,0xEF,0x7F
248.215100,0x065,0,0,1,0x4B,0x00,0x00,0x00,0x00,0x00,0x00,0x00
248.215101,0x066,0,0,6,0x03,0xDF,0x9E,0x31,0x54,0x2D,0x00,0x00
248.215102,0x067,0,0,8,0x33,0x24,0x8A,0xD0,0x13,0x34,0x6D,0x09
248.215103,0x068,0,0,4,0x77,0xF5,0x19,0x00,0x00,0x00,0x00,0x00
248.215104,0x06B,0,0,5,0xC9,0x00,0xC0,0x3F,0x00,0x00,0x00,0x00
248.412250,0x06F,0,0,8,0x8B,0xDC,0x6F,0x44,0xFF,0xFD,0xEF,0x7F
248.413550,0x065,0,0,1,0x53,0x00,0x00,0x00,0x00,0x00,0x00,0x00
248.413551,0x066,0,0,6,0x03,0xA7,0x9F,0x31,0x54,0x2D,0x00,0x00
248.413552,0x067,0,0,8,0x33,0x24,0x8A,0xD0,0x13,0x34,0x6D,0x09
248.413553,0x068,0,0,4,0x77,0xF5,0x19,0x00,0x00,0x00,0x00,0x00
248.413554,0x06B,0,0,5,0xC1,0x00,0x00,0x1F,0x00,0x00,0x00,0x00
248.610250,0x06F,0,0,8,0x8B,0xDC,0x6F,0x44,0xFF,0xFD,0xEF,0x7F
248.610900,0x065,0,0,1,0x53,0x00,0x00,0x00,0x00,0x00,0x00,0x00
248.610901,0x066,0,0,6,0x03,0x6F,0xA0,0x31,0x54,0x2D,0x00,0x00
248.610902,0x067,0,0,8,0x33,0x24,0x8A,0xB0,0x13,0x34,0x6D,0x09
248.610903,0x068,0,0,4,0x77,0xF5,0x19,0x00,0x00,0x00,0x00,0x00
248.610904,0x06B,0,0,5,0xCF,0x00,0x00,0x35,0x00,0x00,0x00,0x00
248.808250,0x06F,0,0,8,0x8B,0xDC,0x6F,0xC4,0xFE,0xFD,0xEF,0x7F
248.808900,0x065,0,0,1,0x53,0x00,0x00,0x00,0x00,0x00,0x00,0x00
248.808901,0x066,0,0,6,0x03,0x37,0xA1,0x31,0x54,0x2D,0x00,0x00
248.808902,0x067,0,0,8,0x33,0x24,0x8A,0xB0,0x13,0x34,0x6D,0x09
248.808903,0x068,0,0,4,0x77,0xF5,0x19,0x00,0x00,0x00,0x00,0x00
248.808904,0x06B,0,0,5,0x21,0x00,0x00,0x2F,0x00,0x00,0x00,0x00
248.811200,0x06A,0,0,3,0xCB,0x01,0x00,0x00,0x00,0x00,0x00,0x00
249.006300,0x06F,0,0,8,0x8B,0xDC,0x6F,0xC4,0xFE,0xFD,0xEF,0x7F
249.007050,0x065,0,0,1,0x4B,0x00,0x00,0x00,0x00,0x00,0x00,0x00
249.007051,0x066,0,0,6,0x03,0xFF,0xA1,0x31,0x54,0x2D,0x00,0x00
249.007052,0x067,0,0,8,0x33,0x24,0x8A,0xB0,0x13,0x34,0x6D,0x09
249.007053,0x068,0,0,4,0x77,0xF5,0x19,0x00,0x00,0x00,0x00,0x00
249.007054,0x06B,0,0,5,0x43,0x01,0x60,0x3E,0x00,0x00,0x00,0x00
249.204300,0x06F,0,0,8,0x8B,0xDC,0x6F,0x44,0xFF,0xF9,0xEF,0x7F
249.204950,0x065,0,0,1,0x4B,0x00,0x00,0x00,0x00,0x00,0x00,0x00
249.204951,0x066,0,0,6,0x03,0xC7,0xA2,0x31,0x54,0x2D,0x00,0x00
249.204952,0x067,0,0,8,0x33,0x24,0x8A,0xB0,0x13,0x34,0x6D,0x09
249.204953,0x068,0,0,4,0x77,0xF5,0x19,0x00,0x00,0x00,0x00,0x00
249.204954,0x06B,0,0,5,0xCD,0x01,0x40,0x3A,0x00,0x00,0x00,0x00
249.402300,0x06F,0,0,8,0x8B,0xDC,0x6F,0x44,0xFF,0xFD,0xEF,0x7F
249.403150,0x065,0,0,1,0x4B,0x00,0x00,0x00,0x00,0x00,0x00,0x00
249.403151,0x066,0,0,6,0x03,0x8F,0xA3,0x31,0x54,0x2D,0x00,0x00
249.403152,0x067,0,0,8,0x33,0x24,0x8A,0xB0,0x13,0x34,0x6D,0x09
249.403153,0x068,0,0,4,0x77,0xF5,0x19,0x00,0x00,0x00,0x00,0x00
249.403154,0x06B,0,0,5,0xE5,0x01,0x60,0x40,0x00,0x00,0x00,0x00
249.600300,0x06F,0,0,8,0x89,0xDC,0x6F,0x44,0xFF,0xFD,0xEF,0x7F
249.601150,0x065,0,0,1,0x4B,0x00,0x00,0x00,0x00,0x00,0x00,0x00
249.601151,0x066,0,0,6,0x03,0x57,0xA4,0x31,0x54,0x2D,0x00,0x00
249.601152,0x067,0,0,8,0x33,0x24,0x8A,0xB0,0x13,0x34,0x6D,0x09
249.601153,0x068,0,0,4,0x77,0xF5,0x19,0x00,0x00,0x00,0x00,0x00
249.601154,0x06B,0,0,5,0xC9,0x00,0x00,0x31,0x00,0x00,0x00,0x00
249.798300,0x06F,0,0,8,0x8B,0xDC,0x6F,0x44,0xFF,0xFD,0xCF,0x7F
249.798900,0x065,0,0,1,0x4B,0x00,0x00,0x00,0x00,0x00,0x00,0x00
249.798901,0x066,0,0,6,0x03,0x1F,0xA5,0x31,0x54,0x2D,0x00,0x00
249.798902,0x067,0,0,8,0x31,0x24,0x8A,0xB0,0x13,0x34,0x6D,0x09
249.798903,0x068,0,0,4,0x77,0xF5,0x19,0x00,0x00,0x00,0x00,0x00
249.798904,0x06B,0,0,5,0x03,0x01,0xA0,0x3A,0x00,0x00,0x00,0x00
249.801750,0x06A,0,0,3,0xCB,0x01,0x00,0x00,0x00,0x00,0x00,0x00
249.996300,0x06F,0,0,8,0x89,0xDC,0x6F,0x44,0xFF,0xFD,0xEF,0x7F
249.997050,0x065,0,0,1,0x43,0x00,0x00,0x00,0x00,0x00,0x00,0x00
249.997051,0x066,0,0,6,0x03,0xE7,0xA5,0x31,0x54,0x2D,0x00,0x00
249.997052,0x067,0,0,8,0x33,0x24,0x8A,0xB0,0x13,0x34,0x6D,0x09
249.997053,0x068,0,0,4,0x77,0xF5,0x19,0x00,0x00,0x00,0x00,0x00
249.997054,0x06B,0,0,5,0x4F,0x00,0x80,0x1D,0x00,0x00,0x00,0x00
250.194250,0x06F,0,0,8,0x8B,0xDC,0x6F,0x44,0xFF,0xFD,0xEF,0x7F
250.195050,0x065,0,0,1,0x43,0x00,0x00,0x00,0x00,0x00,0x00,0x00
250.195051,0x066,0,0,6,0x03,0xAF,0xA6,0x31,0x54,0x2D,0x00,0x00
250.195052,0x067,0,0,8,0x33,0x24,0x8A,0xB0,0x13,0x34,0x6D,0x09
250.195053,0x068,0,0,4,0x77,0xF5,0x19,0x00,0x00,0x00,0x00,0x00
250.195054,0x06B,0,0,5,0x55,0x00,0x20,0x33,0x00,0x00,0x00,0x00
250.392300,0x06F,0,0,8,0x8B,0xDC,0x6F,0x44,0xFF,0xFD,0xEF,0x7F
250.393050,0x065,0,0,1,0x4B,0x00,0x00,0x00,0x00,0x00,0x00,0x00
250.393051,0x066,0,0,6,0x03,0x77,0xA7,0x31,0x54,0x2D,0x00,0x00
250.393052,0x067,0,0,8,0x33,0x24,0x8A,0xB0,0x13,0x34,0x6D,0x09
250.393053,0x068,0,0,4,0x75,0xF5,0x19,0x00,0x00,0x00,0x00,0x00
250.393054,0x06B,0,0,5,0x8B,0x00,0xC0,0x25,0x00,0x00,0x00,0x00
250.590300,0x06F,0,0,8,0x8B,0xDC,0x6F,0x44,0xFF,0xFD,0xEF,0x7F
250.591150,0x065,0,0,1,0x4B,0x00,0x00,0x00,0x00,0x00,0x00,0x00
250.591151,0x066,0,0,6,0x03,0x3F,0xA8,0x31,0x54,0x2D,0x00,0x00
250.591152,0x067,0,0,8,0x33,0x24,0x8A,0xB0,0x13,0x34,0x6D,0x09
250.591153,0x068,0,0,4,0x77,0xF5,0x19,0x00,0x00,0x00,0x00,0x00
250.591154,0x06B,0,0,5,0xFF,0x00,0xA0,0x38,0x00,0x00,0x00,0x00
250.788350,0x06F,0,0,8,0x8B,0xDC,0x6F,0x44,0xFF,0xFD,0xEF,0x7F
250.789200,0x065,0,0,1,0x43,0x00,0x00,0x00,0x00,0x00,0x00,0x00
250.789201,0x066,0,0,6,0x03,0x07,0xA9,0x31,0x54,0x2D,0x00,0x00
250.789202,0x067,0,0,8,0x33,0x24,0x8A,0xD0,0x13,0x34,0x6D,0x09
250.789203,0x068,0,0,4,0x77,0xF5,0x19,0x00,0x00,0x00,0x00,0x00
250.789204,0x06B,0,0,5,0xB9,0x00,0xA0,0x33,0x00,0x00,0x00,0x00
250.792000,0x06A,0,0,3,0xCB,0x01,0x00,0x00,0x00,0x00,0x00,0x00
250.986300,0x06F,0,0,8,0x8B,0xDC,0x6F,0x44,0xFF,0xFD,0xEF,0x7F
250.986950,0x065,0,0,1,0x4B,0x00,0x00,0x00,0x00,0x00,0x00,0x00
250.986951,0x066,0,0,6,0x03,0xCF,0xA9,0x31,0x54,0x2D,0x00,0x00
250.986952,0x067,0,0,8,0x33,0x24,0x8A,0xD0,0x13,0x34,0x6D,0x09
250.986953,0x068,0,0,4,0x77,0xF5,0x19,0x00,0x00,0x00,0x00,0x00
250.986954,0x06B,0,0,5,0x91,0x00,0x80,0x32,0x00,0x00,0x00,0x00
251.184300,0x06F,0,0,8,0x8B,0xDC,0x6F,0x44,0xFF,0xFD,0xEF,0x7F
251.185100,0x065,0,0,1,0x4B,0x00,0x00,0x00,0x00,0x00,0x00,0x00
251.185101,0x066,0,0,6,0x03,0x97,0xAA,0x31,0x54,0x2D,0x00,0x00
251.185102,0x067,0,0,8,0x35,0x24,0x8A,0xD0,0x13,0x34,0x6D,0x09
251.185103,0x068,0,0,4,0x77,0xF5,0x19,0x00,0x00,0x00,0x00,0x00
251.185104,0x06B,0,0,5,0x5F,0x00,0x20,0x29,0x00,0x00,0x00,0x00
251.382300,0x06F,0,0,8,0x8B,0xDC,0x6F,0x44,0xFF,0xF9,0xEF,0x7F
251.383100,0x065,0,0,1,0x4B,0x00,0x00,0x00,0x00,0x00,0x00,0x00
251.383101,0x066,0,0,6,0x03,0x5F,0xAB,0x31,0x54,0x2D,0x00,0x00
251.383102,0x067,0,0,8,0x35,0x24,0x8A,0xD0,0x13,0x34,0x6D,0x09
251.383103,0x068,0,0,4,0x79,0xF5,0x19,0x00,0x00,0x00,0x00,0x00
251.383104,0x06B,0,0,5,0xA7,0x00,0x60,0x24,0x00,0x00,0x00,0x00
251.580300,0x06F,0,0,8,0x8B,0xDC,0x6F,0x44,0xFF,0xFD,0xEF,0x7F
251.581950,0x065,0,0,1,0x4B,0x00,0x00,0x00,0x00,0x00,0x00,0x00
251.581951,0x066,0,0,6,0x03,0x27,0xAC,0x31,0x54,0x2D,0x00,0x00
251.581952,0x067,0,0,8,0x37,0x24,0x8A,0xD0,0x13,0x34,0x6D,0x09
251.581953,0x068,0,0,4,0x77,0xF5,0x19,0x00,0x00,0x00,0x00,0x00
251.581954,0x06B,0,0,5,0xE3,0x00,0xE0,0x3E,0x00,0x00,0x00,0x00
251.778300,0x06F,0,0,8,0x8B,0xDC,0x6F,0x44,0xFF,0xF9,0xEF,0x7F
251.779150,0x065,0,0,1,0x4B,0x00,0x00,0x00,0x00,0x00,0x00,0x00
251.779151,0x066,0,0,6,0x03,0xEF,0xAC,0x31,0x54,0x2D,0x00,0x00
251.779152,0x067,0,0,8,0x37,0x24,0x8A,0xF0,0x13,0x34,0x6D,0x09
251.779153,0x068,0,0,4,0x77,0xF5,0x19,0x00,0x00,0x00,0x00,0x00
251.779154,0x06B,0,0,5,0xB5,0x00,0x20,0x3E,0x00,0x00,0x00,0x00
251.782000,0x06A,0,0,3,0xCB,0x01,0x00,0x00,0x00,0x00,0x00,0x00
251.976300,0x06F,0,0,8,0x8B,0xDC,0x6F,0xC4,0xFE,0xFD,0xEF,0x7F
251.977150,0x065,0,0,1,0x53,0x00,0x00,0x00,0x00,0x00,0x00,0x00
251.977151,0x066,0,0,6,0x03,0xB7,0xAD,0x31,0x54,0x2D,0x00,0x00
251.977152,0x067,0,0,8,0x39,0x24,0x8A,0xF0,0x13,0x34,0x6D,0x09
251.977153,0x068,0,0,4,0x77,0xF5,0x19,0x00,0x00,0x00,0x00,0x00
251.977154,0x06B,0,0,5,0xE5,0x00,0x20,0x41,0x00,0x00,0x00,0x00
252.174300,0x06F,0,0,8,0x8B,0xDC,0x6F,0x44,0xFF,0xFD,0xEF,0x7F
252.175150,0x065,0,0,1,0x4B,0x00,0x00,0x00,0x00,0x00,0x00,0x00
252.175151,0x066,0,0,6,0x03,0x7F,0xAE,0x31,0x54,0x2D,0x00,0x00
252.175152,0x067,0,0,8,0x39,0x24,0x8A,0xD0,0x13,0x34,0x6D,0x09
252.175153,0x068,0,0,4,0x75,0xF5,0x19,0x00,0x00,0x00,0x00,0x00
252.175154,0x06B,0,0,5,0x51,0x00,0x20,0x36,0x00,0x00,0x00,0x00
252.372300,0x06F,0,0,8,0x8B,0xDC,0x6F,0x44,0xFF,0xFD,0xEF,0x7F
252.373100,0x065,0,0,1,0x53,0x00,0x00,0x00,0x00,0x00,0x00,0x00
252.373101,0x066,0,0,6,0x03,0x47,0xAF,0x31,0x54,0x2D,0x00,0x00
252.373102,0x067,0,0,8,0x39,0x24,0x8A,0xF0,0x13,0x34,0x6D,0x09
252.373103,0x068,0,0,4,0x75,0xF5,0x19,0x00,0x00,0x00,0x00,0x00
252.373104,0x06B,0,0,5,0x11,0x01,0xA0,0x44,0x00,0x00,0x00,0x00
252.570300,0x06F,0,0,8,0x8B,0xDC,0x6F,0x44,0xFF,0xFD,0xEF,0x7F
252.571100,0x065,0,0,1,0x53,0x00,0x00,0x00,0x00,0x00,0x00,0x00
252.571101,0x066,0,0,6,0x03,0x0F,0xB0,0x31,0x54,0x2D,0x00,0x00
252.571102,0x067,0,0,8,0x39,0x24,0x8A,0xD0,0x13,0x34,0x6D,0x09
252.571103,0x068,0,0,4,0x75,0xF5,0x19,0x00,0x00,0x00,0x00,0x00
252.571104,0x06B,0,0,5,0xD3,0x00,0xA0,0x3F,0x00,0x00,0x00,0x00
252.768300,0x06F,0,0,8,0x8B,0xDC,0x6F,0x44,0xFF,0xFD,0xEF,0x7F
252.769300,0x065,0,0,1,0x53,0x00,0x00,0x00,0x00,0x00,0x00,0x00
252.769301,0x066,0,0,6,0x03,0xD7,0xB0,0x31,0x54,0x2D,0x00,0x00
252.769302,0x067,0,0,8,0x39,0x24,0x8A,0xD0,0x13,0x34,0x6D,0x09
252.769303,0x068,0,0,4,0x73,0xF5,0x19,0x00,0x00,0x00,0x00,0x00
252.769304,0x06B,0,0,5,0xE9,0x00,0x20,0x3B,0x00,0x00,0x00,0x00
252.771500,0x06A,0,0,3,0xCB,0x01,0x00,0x00,0x00,0x00,0x00,0x00
252.966300,0x06F,0,0,8,0x8B,0xDC,0x6F,0x44,0xFF,0xFD,0xEF,0x7F
252.968000,0x065,0,0,1,0x53,0x00,0x00,0x00,0x00,0x00,0x00,0x00
252.968001,0x066,0,0,6,0x03,0x9F,0xB1,0x31,0x54,0x2D,0x00,0x00
252.968002,0x067,0,0,8,0x37,0x24,0x8A,0xD0,0x13,0x34,0x6D,0x09
252.968003,0x068,0,0,4,0x73,0xF5,0x19,0x00,0x00,0x00,0x00,0x00
252.968004,0x06B,0,0,5,0xB5,0x01,0x80,0x42,0x00,0x00,0x00,0x00
253.164350,0x06F,0,0,8,0x8B,0xDC,0x6F,0x44,0xFF,0xFD,0xEF,0x7F
253.165200,0x065,0,0,1,0x53,0x00,0x00,0x00,0x00,0x00,0x00,0x00
253.165201,0x066,0,0,6,0x03,0x67,0xB2,0x31,0x54,0x2D,0x00,0x00
253.165202,0x067,0,0,8,0x39,0x24,0x8A,0xD0,0x13,0x34,0x6D,0x09
253.165203,0x068,0,0,4,0x73,0xF5,0x19,0x00,0x00,0x00,0x00,0x00
253.165204,0x06B,0,0,5,0x6F,0x00,0x40,0x3B,0x00,0x00,0x00,0x00
253.362350,0x06F,0,0,8,0x8B,0xDC,0x6F,0x44,0xFF,0xFD,0xEF,0x7F
253.363200,0x065,0,0,1,0x53,0x00,0x00,0x00,0x00,0x00,0x00,0x00
253.363201,0x066,0,0,6,0x03,0x2F,0xB3,0x31,0x54,0x2D,0x00,0x00
253.363202,0x067,0,0,8,0x39,0x24,0x8A,0xD0,0x13,0x34,0x6D,0x09
253.363203,0x068,0,0,4,0x71,0xF5,0x19,0x00,0x00,0x00,0x00,0x00
253.363204,0x06B,0,0,5,0x5D,0x00,0x00,0x2C,0x00,0x00,0x00,0x00
253.560350,0x06F,0,0,8,0x8B,0xDC,0x6F,0xC4,0xFE,0xFD,0xEF,0x7F
253.561350,0x065,0,0,1,0x53,0x00,0x00,0x00,0x00,0x00,0x00,0x00
253.561351,0x066,0,0,6,0x03,0xF7,0xB3,0x31,0x54,0x2D,0x00,0x00
253.561352,0x067,0,0,8,0x39,0x24,0x8A,0xD0,0x13,0x34,0x6D,0x09
253.561353,0x068,0,0,4,0x73,0xF5,0x19,0x00,0x00,0x00,0x00,0x00
253.561354,0x06B,0,0,5,0x3F,0x01,0xA0,0x40,0x00,0x00,0x00,0x00
253.758350,0x06F,0,0,8,0x8B,0xDC,0x6F,0x44,0xFF,0xFD,0xEF,0x7F
253.759100,0x065,0,0,1,0x53,0x00,0x00,0x00,0x00,0x00,0x00,0x00
253.759101,0x066,0,0,6,0x03,0xBF,0xB4,0x31,0x54,0x2D,0x00,0x00
253.759102,0x067,0,0,8,0x3B,0x24,0x8A,0xD0,0x13,0x34,0x6D,0x09
253.759103,0x068,0,0,4,0x71,0xF5,0x19,0x00,0x00,0x00,0x00,0x00
253.759104,0x06B,0,0,5,0x37,0x02,0x20,0x44,0x00,0x00,0x00,0x00
253.761350,0x06A,0,0,3,0xCB,0x01,0x00,0x00,0x00,0x00,0x00,0x00
253.956350,0x06F,0,0,8,0x8B,0xDC,0x6F,0x44,0xFF,0xFD,0xEF,0x7F
253.957350,0x065,0,0,1,0x53,0x00,0x00,0x00,0x00,0x00,0x00,0x00
253.957351,0x066,0,0,6,0x03,0x87,0xB5,0x31,0x54,0x2D,0x00,0x00
253.957352,0x067,0,0,8,0x3B,0x24,0x8A,0xD0,0x13,0x34,0x6D,0x09
253.957353,0x068,0,0,4,0x71,0xF5,0x19,0x00,0x00,0x00,0x00,0x00
253.957354,0x06B,0,0,5,0xC1,0x01,0xC0,0x42,0x00,0x00,0x00,0x00
254.154350,0x06F,0,0,8,0x8B,0xDC,0x6F,0x44,0xFF,0xFD,0xEF,0x7F
254.155350,0x065,0,0,1,0x53,0x00,0x00,0x00,0x00,0x00,0x00,0x00
254.155351,0x066,0,0,6,0x03,0x4F,0xB6,0x31,0x54,0x2D,0x00,0x00
254.155352,0x067,0,0,8,0x3D,0x24,0x8A,0xF0,0x13,0x34,0x6D,0x09
254.155353,0x068,0,0,4,0x71,0xF5,0x19,0x00,0x00,0x00,0x00,0x00
254.155354,0x06B,0,0,5,0xFD,0x01,0xC0,0x42,0x00,0x00,0x00,0x00
254.352350,0x06F,0,0,8,0x8B,0xDC,0x6F,0x44,0xFF,0xFD,0xEF,0x7F
254.353350,0x065,0,0,1,0x53,0x00,0x00,0x00,0x00,0x00,0x00,0x00
254.353351,0x066,0,0,6,0x03,0x17,0xB7,0x31,0x54,0x2D,0x00,0x00
254.353352,0x067,0,0,8,0x3D,0x24,0x8A,0xD0,0x13,0x34,0x6D,0x09
254.353353,0x068,0,0,4,0x73,0xF5,0x19,0x00,0x00,0x00,0x00,0x00
254.353354,0x06B,0,0,5,0xF1,0x00,0xC0,0x44,0x00,0x00,0x00,0x00
254.550350,0x06F,0,0,8,0x8B,0xDC,0x6F,0x44,0xFF,0xFD,0xEF,0x7F
254.551350,0x065,0,0,1,0x53,0x00,0x00,0x00,0x00,0x00,0x00,0x00
254.551351,0x066,0,0,6,0x03,0xDF,0xB7,0x31,0x54,0x2D,0x00,0x00
254.551352,0x067,0,0,8,0x3D,0x24,0x8A,0xD0,0x13,0x34,0x6D,0x09
254.551353,0x068,0,0,4,0x71,0xF5,0x19,0x00,0x00,0x00,0x00,0x00
254.551354,0x06B,0,0,5,0x3B,0x00,0x80,0x26,0x00,0x00,0x00,0x00
254.748350,0x06F,0,0,8,0x8B,0xDC,0x6F,0x44,0xFF,0xFD,0xEF,0x7F
254.750000,0x065,0,0,1,0x53,0x00,0x00,0x00,0x00,0x00,0x00,0x00
254.750001,0x066,0,0,6,0x03,0xA7,0xB8,0x31,0x54,0x2D,0x00,0x00
254.750002,0x067,0,0,8,0x3D,0x24,0x8A,0xD0,0x13,0x34,0x6D,0x09
254.750003,0x068,0,0,4,0x71,0xF5,0x19,0x00,0x00,0x00,0x00,0x00
254.750004,0x06B,0,0,5,0xB3,0x00,0xC0,0x3F,0x00,0x00,0x00,0x00
254.752250,0x06A,0,0,3,0xCB,0x01,0x00,0x00,0x00,0x00,0x00,0x00
254.946350,0x06F,0,0,8,0x8B,0xDC,0x6F,0x44,0xFF,0xFD,0xEF,0x7F
254.947100,0x065,0,0,1,0x53,0x00,0x00,0x00,0x00,0x00,0x00,0x00
254.947101,0x066,0,0,6,0x03,0x6F,0xB9,0x31,0x54,0x2D,0x00,0x00
254.947102,0x067,0,0,8,0x3D,0x24,0x8A,0xD0,0x13,0x34,0x6D,0x09
254.947103,0x068,0,0,4,0x71,0xF5,0x19,0x00,0x00,0x00,0x00,0x00
254.947104,0x06B,0,0,5,0xD1,0x00,0x40,0x3F,0x00,0x00,0x00,0x00
255.144350,0x06F,0,0,8,0x8B,0xDC,0x6F,0x44,0xFF,0xFD,0xEF,0x7F
255.145350,0x065,0,0,1,0x53,0x00,0x00,0x00,0x00,0x00,0x00,0x00
255.145351,0x066,0,0,6,0x03,0x37,0xBA,0x31,0x54,0x2D,0x00,0x00
255.145352,0x067,0,0,8,0x3D,0x24,0x8A,0xF0,0x13,0x34,0x6D,0x09
255.145353,0x068,0,0,4,0x71,0xF5,0x19,0x00,0x00,0x00,0x00,0x00
255.145354,0x06B,0,0,5,0xB9,0x00,0xE0,0x21,0x00,0x00,0x00,0x00
255.342350,0x06F,0,0,8,0x8B,0xDC,0x6F,0x44,0xFF,0xFD,0xEF,0x7F
255.343350,0x065,0,0,1,0x53,0x00,0x00,0x00,0x00,0x00,0x00,0x00
255.343351,0x066,0,0,6,0x03,0xFF,0xBA,0x31,0x54,0x2D,0x00,0x00
255.343352,0x067,0,0,8,0x3F,0x24,0x8A,0xF0,0x13,0x34,0x6D,0x09
255.343353,0x068,0,0,4,0x6F,0xF5,0x19,0x00,0x00,0x00,0x00,0x00
255.343354,0x06B,0,0,5,0x4B,0x00,0x80,0x32,0x00,0x00,0x00,0x00
255.540350,0x06F,0,0,8,0x8B,0xDC,0x6F,0x44,0xFF,0xFD,0xEF,0x7F
255.541350,0x065,0,0,1,0x53,0x00,0x00,0x00,0x00,0x00,0x00,0x00
255.541351,0x066,0,0,6,0x03,0xC7,0xBB,0x31,0x54,0x2D,0x00,0x00
255.541352,0x067,0,0,8,0x3F,0x24,0x8A,0xF0,0x13,0x34,0x6D,0x09
255.541353,0x068,0,0,4,0x6F,0xF5,0x19,0x00,0x00,0x00,0x00,0x00
255.541354,0x06B,0,0,5,0x69,0x01,0xC0,0x38,0x00,0x00,0x00,0x00
255.738350,0x06F,0,0,8,0x8B,0xDC,0x6F,0x44,0xFF,0xFD,0xEF,0x7F
255.739350,0x065,0,0,1,0x53,0x00,0x00,0x00,0x00,0x00,0x00,0x00
255.739351,0x066,0,0,6,0x03,0x8F,0xBC,0x31,0x54,0x2D,0x00,0x00
255.739352,0x067,0,0,8,0x3F,0x24,0x8A,0xF0,0x13,0x34,0x6D,0x0D
255.739353,0x068,0,0,4,0x6D,0xF5,0x19,0x00,0x00,0x00,0x00,0x00
255.739354,0x06B,0,0,5,0x05,0x02,0xE0,0x42,0x00,0x00,0x00,0x00
255.742300,0x06A,0,0,3,0xCD,0x01,0x00,0x00,0x00,0x00,0x00,0x00
255.936350,0x06F,0,0,8,0x8B,0xDC,0x6F,0x44,0xFF,0xFD,0xEF,0x7F
255.937350,0x065,0,0,1,0x53,0x00,0x00,0x00,0x00,0x00,0x00,0x00
255.937351,0x066,0,0,6,0x03,0x57,0xBD,0x31,0x54,0x2D,0x00,0x00
255.937352,0x067,0,0,8,0x3F,0x24,0x8A,0xF0,0x13,0x34,0x6D,0x0D
255.937353,0x068,0,0,4,0x6F,0xF5,0x19,0x00,0x00,0x00,0x00,0x00
255.937354,0x06B,0,0,5,0xA1,0x01,0x80,0x42,0x00,0x00,0x00,0x00
256.134350,0x06F,0,0,8,0x8B,0xDC,0x6F,0x44,0xFF,0xFD,0xEF,0x7F
256.136000,0x065,0,0,1,0x53,0x00,0x00,0x00,0x00,0x00,0x00,0x00
256.136001,0x066,0,0,6,0x03,0x1F,0xBE,0x31,0x54,0x2D,0x00,0x00
256.136002,0x067,0,0,8,0x3F,0x24,0x8A,0xF0,0x13,0x34,0x6D,0x0D
256.136003,0x068,0,0,4,0x6F,0xF5,0x19,0x00,0x00,0x00,0x00,0x00
256.136004,0x06B,0,0,5,0x29,0x01,0xE0,0x3E,0x00,0x00,0x00,0x00
256.332350,0x06F,0,0,8,0x8B,0xDC,0x6F,0x44,0xFF,0xFD,0xEF,0x7F
256.333350,0x065,0,0,1,0x4B,0x00,0x00,0x00,0x00,0x00,0x00,0x00
256.333351,0x066,0,0,6,0x03,0xE7,0xBE,0x31,0x54,0x2D,0x00,0x00
256.333352,0x067,0,0,8,0x3F,0x24,0x8A,0xF0,0x13,0x34,0x6D,0x0D
256.333353,0x068,0,0,4,0x6D,0xF5,0x19,0x00,0x00,0x00,0x00,0x00
256.333354,0x06B,0,0,5,0x1D,0x00,0x60,0x2A,0x00,0x00,0x00,0x00
256.530350,0x06F,0,0,8,0x8B,0xDC,0x6F,0x44,0xFF,0xFD,0xEF,0x7F
256.531350,0x065,0,0,1,0x53,0x00,0x00,0x00,0x00,0x00,0x00,0x00
256.531351,0x066,0,0,6,0x03,0xAF,0xBF,0x31,0x54,0x2D,0x00,0x00
256.531352,0x067,0,0,8,0x3F,0x24,0x8A,0xF0,0x13,0x34,0x6D,0x0D
256.531353,0x068,0,0,4,0x6D,0xF5,0x19,0x00,0x00,0x00,0x00,0x00
256.531354,0x06B,0,0,5,0xC1,0x00,0x40,0x3F,0x00,0x00,0x00,0x00
256.728350,0x06F,0,0,8,0x8B,0xDC,0x6F,0x44,0xFF,0xFD,0xEF,0x7F
256.926650,0x065,0,0,1,0x53,0x00,0x00,0x00,0x00,0x00,0x00,0x00
256.926651,0x066,0,0,6,0x03,0x77,0xC0,0x31,0x54,0x2D,0x00,0x00
256.926652,0x067,0,0,8,0x3F,0x24,0x8A,0xF0,0x13,0x34,0x6D,0x0D
256.926653,0x068,0,0,4,0x6D,0xF5,0x19,0x00,0x00,0x00,0x00,0x00
256.926654,0x06B,0,0,5,0x6D,0x00,0x60,0x3E,0x00,0x00,0x00,0x00
256.929550,0x06A,0,0,3,0xCD,0x01,0x00,0x00,0x00,0x00,0x00,0x00
256.929900,0x06F,0,0,8,0x8B,0xDC,0x6F,0x44,0xFF,0xFD,0xEF,0x7F
257.124350,0x06F,0,0,8,0x8B,0xDC,0x6F,0xC4,0xFE,0xFD,0xEF,0x7F
257.322650,0x065,0,0,1,0x53,0x00,0x00,0x00,0x00,0x00,0x00,0x00
257.322651,0x066,0,0,6,0x03,0x07,0xC2,0x31,0x54,0x2D,0x00,0x00
257.322652,0x067,0,0,8,0x3D,0x24,0x8A,0xF0,0x13,0x34,0x6D,0x0D
257.322653,0x068,0,0,4,0x6D,0xF5,0x19,0x00,0x00,0x00,0x00,0x00
257.322654,0x06B,0,0,5,0x5F,0x00,0xE0,0x3E,0x00,0x00,0x00,0x00
257.325100,0x06F,0,0,8,0x8B,0xDC,0x6F,0x44,0xFF,0xFD,0xEF,0x7F
257.520650,0x065,0,0,1,0x53,0x00,0x00,0x00,0x00,0x00,0x00,0x00
257.520651,0x066,0,0,6,0x03,0xCF,0xC2,0x31,0x54,0x2D,0x00,0x00
257.520652,0x067,0,0,8,0x3F,0x24,0x8A,0xF0,0x13,0x34,0x6D,0x0D
257.520653,0x068,0,0,4,0x6D,0xF5,0x19,0x00,0x00,0x00,0x00,0x00
257.520654,0x06B,0,0,5,0x91,0x00,0x60,0x32,0x00,0x00,0x00,0x00
257.523750,0x06F,0,0,8,0x8B,0xDC,0x6F,0x44,0xFF,0xFD,0xEF,0x7F
257.718650,0x065,0,0,1,0x53,0x00,0x00,0x00,0x00,0x00,0x00,0x00
257.718651,0x066,0,0,6,0x03,0x97,0xC3,0x31,0x54,0x2D,0x00,0x00
257.718652,0x067,0,0,8,0x3D,0x24,0x8A,0xF0,0x13,0x34,0x6D,0x0D
257.718653,0x068,0,0,4,0x6B,0xF5,0x19,0x00,0x00,0x00,0x00,0x00
257.718654,0x06B,0,0,5,0x83,0x00,0x40,0x21,0x00,0x00,0x00,0x00
257.721100,0x06F,0,0,8,0x8B,0xDC,0x6F,0xC4,0xFE,0xFD,0xEF,0x7F
257.916650,0x065,0,0,1,0x53,0x00,0x00,0x00,0x00,0x00,0x00,0x00
257.916651,0x066,0,0,6,0x03,0x5F,0xC4,0x31,0x54,0x2D,0x00,0x00
257.916652,0x067,0,0,8,0x3D,0x24,0x8A,0xF0,0x13,0x34,0x6D,0x0D
257.916653,0x068,0,0,4,0x6B,0xF5,0x19,0x00,0x00,0x00,0x00,0x00
257.916654,0x06B,0,0,5,0x5F,0x00,0xE0,0x32,0x00,0x00,0x00,0x00
257.918900,0x06A,0,0,3,0xCD,0x01,0x00,0x00,0x00,0x00,0x00,0x00
257.919250,0x06F,0,0,8,0x89,0xDC,0x6F,0x44,0xFF,0xF9,0xEF,0x7F
258.114650,0x065,0,0,1,0x53,0x00,0x00,0x00,0x00,0x00,0x00,0x00
258.114651,0x066,0,0,6,0x03,0x27,0xC5,0x31,0x54,0x2D,0x00,0x00
258.114652,0x067,0,0,8,0x3F,0x24,0x8A,0xF0,0x13,0x34,0x6D,0x0D
258.114653,0x068,0,0,4,0x69,0xF5,0x19,0x00,0x00,0x00,0x00,0x00
258.114654,0x06B,0,0,5,0x81,0x01,0x00,0x43,0x00,0x00,0x00,0x00
258.117750,0x06F,0,0,8,0x8B,0xDC,0x6F,0x44,0xFF,0xFD,0xEF,0x7F
258.312650,0x065,0,0,1,0x53,0x00,0x00,0x00,0x00,0x00,0x00,0x00
258.312651,0x066,0,0,6,0x03,0xEF,0xC5,0x31,0x54,0x2D,0x00,0x00
258.312652,0x067,0,0,8,0x3F,0x24,0x8A,0xF0,0x13,0x34,0x6D,0x0D
258.312653,0x068,0,0,4,0x69,0xF5,0x19,0x00,0x00,0x00,0x00,0x00
258.312654,0x06B,0,0,5,0x53,0x01,0xC0,0x42,0x00,0x00,0x00,0x00
258.315100,0x06F,0,0,8,0x89,0xDC,0xAF,0x44,0xFF,0xFD,0xCF,0x7F
258.510650,0x065,0,0,1,0x53,0x00,0x00,0x00,0x00,0x00,0x00,0x00
258.510651,0x066,0,0,6,0x03,0xB7,0xC6,0x31,0x54,0x2D,0x00,0x00
258.510652,0x067,0,0,8,0x41,0x24,0x8A,0xF0,0x13,0x34,0x6D,0x0D
258.510653,0x068,0,0,4,0x69,0xF5,0x19,0x00,0x00,0x00,0x00,0x00
258.510654,0x06B,0,0,5,0x37,0x02,0x00,0x44,0x00,0x00,0x00,0x00
258.513800,0x06F,0,0,8,0x89,0xDC,0x6F,0x44,0xFF,0xF5,0xEF,0x7F
258.708850,0x065,0,0,1,0x53,0x00,0x00,0x00,0x00,0x00,0x00,0x00
258.708851,0x066,0,0,6,0x03,0x7F,0xC7,0x31,0x54,0x2D,0x00,0x00
258.708852,0x067,0,0,8,0x3F,0x24,0x8A,0x10,0x14,0x34,0x6D,0x0D
258.708853,0x068,0,0,4,0x69,0xF5,0x19,0x00,0x00,0x00,0x00,0x00
258.708854,0x06B,0,0,5,0x1B,0x02,0x00,0x42,0x00,0x00,0x00,0x00
258.711100,0x06F,0,0,8,0x89,0xE4,0x8F,0x44,0xFF,0xF9,0xCF,0x7F
258.906650,0x065,0,0,1,0x53,0x00,0x00,0x00,0x00,0x00,0x00,0x00
258.906651,0x066,0,0,6,0x03,0x47,0xC8,0x31,0x54,0x2D,0x00,0x00
258.906652,0x067,0,0,8,0x3F,0x24,0x8A,0x10,0x14,0x34,0x6D,0x0D
258.906653,0x068,0,0,4,0x69,0xF5,0x19,0x00,0x00,0x00,0x00,0x00
258.906654,0x06B,0,0,5,0x07,0x01,0x20,0x39,0x00,0x00,0x00,0x00
258.909550,0x06A,0,0,3,0xCD,0x01,0x00,0x00,0x00,0x00,0x00,0x00
258.909900,0x06F,0,0,8,0x8B,0xEC,0x6F,0x44,0xFF,0xFD,0xCF,0x7F
259.104650,0x065,0,0,1,0x53,0x00,0x00,0x00,0x00,0x00,0x00,0x00
259.104651,0x066,0,0,6,0x03,0x0F,0xC9,0x31,0x54,0x2D,0x00,0x00
259.104652,0x067,0,0,8,0x3F,0x24,0x8A,0x10,0x14,0x34,0x6D,0x0D
259.104653,0x068,0,0,4,0x69,0xF5,0x19,0x00,0x00,0x00,0x00,0x00
259.104654,0x06B,0,0,5,0x53,0x01,0x40,0x3C,0x00,0x00,0x00,0x00
259.107100,0x06F,0,0,8,0x8B,0xF4,0x6F,0x44,0xFF,0xFD,0xEF,0x7F
259.302650,0x065,0,0,1,0x53,0x00,0x00,0x00,0x00,0x00,0x00,0x00
259.302651,0x066,0,0,6,0x03,0xD7,0xC9,0x31,0x54,0x2D,0x00,0x00
259.302652,0x067,0,0,8,0x3F,0x24,0x8A,0xF0,0x13,0x34,0x6D,0x0D
259.302653,0x068,0,0,4,0x69,0xF5,0x19,0x00,0x00,0x00,0x00,0x00
259.302654,0x06B,0,0,5,0x2B,0x01,0x60,0x36,0x00,0x00,0x00,0x00
259.305100,0x06F,0,0,8,0x8B,0xEC,0x6F,0x44,0xFF,0xF9,0xEF,0x7F
259.500900,0x065,0,0,1,0x4B,0x00,0x00,0x00,0x00,0x00,0x00,0x00
259.500901,0x066,0,0,6,0x03,0x9F,0xCA,0x31,0x54,0x2D,0x00,0x00
259.500902,0x067,0,0,8,0x41,0x24,0x8A,0xF0,0x13,0x34,0x6D,0x0D
259.500903,0x068,0,0,4,0x67,0xF5,0x19,0x00,0x00,0x00,0x00,0x00
259.500904,0x06B,0,0,5,0x91,0x02,0xC0,0x34,0x00,0x00,0x00,0x00
259.503800,0x06F,0,0,8,0x8B,0xEC,0x6F,0x44,0xFF,0xFD,0xEF,0x7F
259.698900,0x065,0,0,1,0x53,0x00,0x00,0x00,0x00,0x00,0x00,0x00
259.698901,0x066,0,0,6,0x03,0x67,0xCB,0x31,0x54,0x2D,0x00,0x00
259.698902,0x067,0,0,8,0x43,0x24,0x8A,0xF0,0x13,0x34,0x6D,0x0D
259.698903,0x068,0,0,4,0x67,0xF5,0x19,0x00,0x00,0x00,0x00,0x00
259.698904,0x06B,0,0,5,0x25,0x03,0x00,0x39,0x00,0x00,0x00,0x00
259.701150,0x06F,0,0,8,0x8B,0x0C,0x70,0x44,0xFF,0xFD,0xCF,0x7F
259.896900,0x065,0,0,1,0x53,0x00,0x00,0x00,0x00,0x00,0x00,0x00
259.896901,0x066,0,0,6,0x03,0x2F,0xCC,0x31,0x54,0x2D,0x00,0x00
259.896902,0x067,0,0,8,0x43,0x24,0x8A,0xD0,0x13,0x34,0x6D,0x0D
259.896903,0x068,0,0,4,0x67,0xF5,0x19,0x00,0x00,0x00,0x00,0x00
259.896904,0x06B,0,0,5,0xA5,0x03,0xA0,0x2E,0x00,0x00,0x00,0x00
259.899800,0x06A,0,0,3,0xCD,0x01,0x00,0x00,0x00,0x00,0x00,0x00
259.899950,0x06F,0,0,8,0x8B,0x1C,0x70,0x44,0x00,0xFE,0xCF,0x7F
260.094650,0x065,0,0,1,0x53,0x00,0x00,0x00,0x00,0x00,0x00,0x00
260.094651,0x066,0,0,6,0x03,0xF7,0xCC,0x31,0x54,0x2D,0x00,0x00
260.094652,0x067,0,0,8,0x41,0x24,0x8A,0xB0,0x13,0x34,0x6D,0x0D
260.094653,0x068,0,0,4,0x69,0xF5,0x19,0x00,0x00,0x00,0x00,0x00
260.094654,0x06B,0,0,5,0xD7,0x02,0xA0,0x1E,0x00,0x00,0x00,0x00
260.097150,0x06F,0,0,8,0x8B,0x34,0x90,0xC4,0x01,0xFE,0xEF,0x7F
260.292650,0x065,0,0,1,0x5B,0x00,0x00,0x00,0x00,0x00,0x00,0x00
260.292651,0x066,0,0,6,0x03,0xBF,0xCD,0x31,0x54,0x2D,0x00,0x00
260.292652,0x067,0,0,8,0x45,0x24,0x8A,0x70,0x13,0x34,0x6D,0x0D
260.292653,0x068,0,0,4,0x69,0xF5,0x19,0x00,0x00,0x00,0x00,0x00
260.292654,0x06B,0,0,5,0x69,0x04,0x20,0x29,0x00,0x00,0x00,0x00
260.295800,0x06F,0,0,8,0x89,0x34,0xB0,0x44,0x03,0x02,0x50,0x80
260.490900,0x065,0,0,1,0x53,0x00,0x00,0x00,0x00,0x00,0x00,0x00
260.490901,0x066,0,0,6,0x03,0x87,0xCE,0x31,0x54,0x2D,0x00,0x00
260.490902,0x067,0,0,8,0x45,0x24,0x8A,0x30,0x13,0x34,0x6D,0x0D
260.490903,0x068,0,0,4,0x6B,0xF5,0x19,0x00,0x00,0x00,0x00,0x00
260.490904,0x06B,0,0,5,0x95,0x07,0x40,0x26,0x00,0x00,0x00,0x00
260.493150,0x06F,0,0,8,0x89,0x3C,0xB0,0xC4,0x06,0x06,0xB0,0x80
260.688900,0x065,0,0,1,0x5B,0x00,0x00,0x00,0x00,0x00,0x00,0x00
260.688901,0x066,0,0,6,0x03,0x4F,0xCF,0x31,0x54,0x2D,0x00,0x00
260.688902,0x067,0,0,8,0x49,0x24,0x8A,0xD0,0x12,0x34,0x6D,0x0D
260.688903,0x068,0,0,4,0x6D,0xF5,0x19,0x00,0x00,0x00,0x00,0x00
260.688904,0x06B,0,0,5,0x7F,0x09,0x00,0x29,0x00,0x00,0x00,0x00
260.691850,0x06F,0,0,8,0x85,0x3C,0x10,0xC5,0x0A,0xF2,0x2F,0x81
260.886900,0x065,0,0,1,0x5B,0x00,0x00,0x00,0x00,0x00,0x00,0x00
260.886901,0x066,0,0,6,0x03,0x17,0xD0,0x31,0x54,0x2D,0x00,0x00
260.886902,0x067,0,0,8,0x4D,0x24,0x8A,0x50,0x12,0x34,0x6D,0x0D
260.886903,0x068,0,0,4,0x6F,0xF5,0x19,0x00,0x00,0x00,0x00,0x00
260.886904,0x06B,0,0,5,0x49,0x0D,0x40,0x2C,0x00,0x00,0x00,0x00
260.889150,0x06A,0,0,3,0xCF,0x01,0x00,0x00,0x00,0x00,0x00,0x00
260.890000,0x06F,0,0,8,0x87,0x24,0x70,0xC5,0x0F,0xF2,0xCF,0x81
261.084900,0x065,0,0,1,0x5B,0x00,0x00,0x00,0x00,0x00,0x00,0x00
261.084901,0x066,0,0,6,0x03,0xDF,0xD0,0x31,0x54,0x2D,0x00,0x00
261.084902,0x067,0,0,8,0x4F,0x24,0x8A,0xB0,0x11,0x34,0x6D,0x0D
261.084903,0x068,0,0,4,0x6F,0xF5,0x19,0x00,0x00,0x00,0x00,0x00
261.084904,0x06B,0,0,5,0xDB,0x0F,0x00,0x22,0x00,0x00,0x00,0x00
261.087150,0x06F,0,0,8,0x81,0x2C,0x90,0x45,0x16,0x0A,0xB0,0x82
261.282900,0x065,0,0,1,0x5B,0x00,0x00,0x00,0x00,0x00,0x00,0x00
261.282901,0x066,0,0,6,0x03,0xA7,0xD1,0x31,0x54,0x2D,0x00,0x00
261.282902,0x067,0,0,8,0x51,0x24,0x8A,0xF0,0x10,0x34,0x6D,0x0D
261.282903,0x068,0,0,4,0x6F,0xF5,0x19,0x00,0x00,0x00,0x00,0x00
261.282904,0x06B,0,0,5,0x89,0x10,0xC0,0x23,0x00,0x00,0x00,0x00
261.285800,0x06F,0,0,8,0x7D,0x1C,0xB0,0xC5,0x1B,0xFE,0xCF,0x83
261.480700,0x065,0,0,1,0x5B,0x00,0x00,0x00,0x00,0x00,0x00,0x00
261.480701,0x066,0,0,6,0x03,0x6F,0xD2,0x31,0x54,0x2D,0x00,0x00
261.480702,0x067,0,0,8,0x55,0x24,0x8A,0x30,0x10,0x34,0x6D,0x0D
261.480703,0x068,0,0,4,0x6D,0xF5,0x19,0x00,0x00,0x00,0x00,0x00
261.480704,0x06B,0,0,5,0x31,0x13,0x40,0x25,0x00,0x00,0x00,0x00
261.483150,0x06F,0,0,8,0x83,0x1C,0x50,0x45,0x21,0xD6,0x4F,0x84
261.678900,0x065,0,0,1,0x5B,0x00,0x00,0x00,0x00,0x00,0x00,0x00
261.678901,0x066,0,0,6,0x03,0x37,0xD3,0x31,0x54,0x2D,0x00,0x00
261.678902,0x067,0,0,8,0x57,0x24,0x8A,0x70,0x0F,0x34,0x6D,0x09
261.678903,0x068,0,0,4,0x6D,0xF5,0x19,0x00,0x00,0x00,0x00,0x00
261.678904,0x06B,0,0,5,0x17,0x14,0x20,0x24,0x00,0x00,0x00,0x00
261.681800,0x06F,0,0,8,0x83,0x2C,0x90,0xC5,0x24,0xE6,0x0F,0x85
261.876900,0x065,0,0,1,0x5B,0x00,0x00,0x00,0x00,0x00,0x00,0x00
261.876901,0x066,0,0,6,0x03,0xFF,0xD3,0x31,0x54,0x2D,0x00,0x00
261.876902,0x067,0,0,8,0x59,0x24,0x8A,0x50,0x0E,0x34,0x6D,0x09
261.876903,0x068,0,0,4,0x71,0xF5,0x19,0x00,0x00,0x00,0x00,0x00
261.876904,0x06B,0,0,5,0x6B,0x15,0xC0,0x20,0x00,0x00,0x00,0x00
261.879050,0x06A,0,0,3,0xD3,0x01,0x00,0x00,0x00,0x00,0x00,0x00
261.879300,0x06F,0,0,8,0x7F,0x0C,0xF0,0xC5,0x29,0xDA,0x8F,0x85
262.074450,0x06F,0,0,8,0x7D,0x1C,0xD0,0x45,0x2D,0xDA,0x6F,0x85
262.075750,0x065,0,0,1,0x5B,0x00,0x00,0x00,0x00,0x00,0x00,0x00
262.075751,0x066,0,0,6,0x03,0xC7,0xD4,0x31,0x54,0x2D,0x00,0x00
262.075752,0x067,0,0,8,0x5B,0x24,0x8A,0x70,0x0D,0x34,0x6D,0x09
262.075753,0x068,0,0,4,0x71,0xF5,0x19,0x00,0x00,0x00,0x00,0x00
262.075754,0x06B,0,0,5,0x7D,0x16,0xA0,0x29,0x00,0x00,0x00,0x00
262.272900,0x065,0,0,1,0x5B,0x00,0x00,0x00,0x00,0x00,0x00,0x00
262.272901,0x066,0,0,6,0x03,0x8F,0xD5,0x31,0x54,0x2D,0x00,0x00
262.272902,0x067,0,0,8,0x59,0x24,0x8A,0x50,0x0C,0x34,0x6D,0x09
262.272903,0x068,0,0,4,0x71,0xF5,0x19,0x00,0x00,0x00,0x00,0x00
262.272904,0x06B,0,0,5,0x0F,0x18,0x40,0x2B,0x00,0x00,0x00,0x00
262.275200,0x06F,0,0,8,0x7F,0x14,0x50,0x46,0x2F,0xF2,0x4F,0x86
262.470900,0x065,0,0,1,0x5B,0x00,0x00,0x00,0x00,0x00,0x00,0x00
262.470901,0x066,0,0,6,0x03,0x57,0xD6,0x31,0x54,0x2D,0x00,0x00
262.470902,0x067,0,0,8,0x59,0x24,0x8A,0x30,0x0B,0x34,0x6D,0x09
262.470903,0x068,0,0,4,0x71,0xF5,0x19,0x00,0x00,0x00,0x00,0x00
262.470904,0x06B,0,0,5,0xC9,0x17,0x80,0x2A,0x00,0x00,0x00,0x00
262.473200,0x06F,0,0,8,0x81,0x0C,0x10,0xC6,0x32,0xE6,0xCF,0x86
262.668900,0x065,0,0,1,0x5B,0x00,0x00,0x00,0x00,0x00,0x00,0x00
262.668901,0x066,0,0,6,0x03,0x1F,0xD7,0x31,0x54,0x2D,0x00,0x00
262.668902,0x067,0,0,8,0x55,0x24,0x8A,0x10,0x0A,0x34,0x6D,0x09
262.668903,0x068,0,0,4,0x73,0xF5,0x19,0x00,0x00,0x00,0x00,0x00
262.668904,0x06B,0,0,5,0xDB,0x1A,0xA0,0x2A,0x00,0x00,0x00,0x00
262.671800,0x06F,0,0,8,0x85,0x1C,0x30,0x46,0x34,0xDE,0x8F,0x86
262.866900,0x065,0,0,1,0x5B,0x00,0x00,0x00,0x00,0x00,0x00,0x00
262.866901,0x066,0,0,6,0x03,0xE7,0xD7,0x31,0x54,0x2D,0x00,0x00
262.866902,0x067,0,0,8,0x51,0x24,0x8A,0xD0,0x08,0x34,0x6D,0x09
262.866903,0x068,0,0,4,0x73,0xF5,0x19,0x00,0x00,0x00,0x00,0x00
262.866904,0x06B,0,0,5,0x67,0x1C,0x40,0x2D,0x00,0x00,0x00,0x00
262.869100,0x06A,0,0,3,0xD9,0x01,0x00,0x00,0x00,0x00,0x00,0x00
262.869300,0x06F,0,0,8,0x75,0x2C,0x90,0x45,0x33,0x06,0x10,0x86
263.064900,0x065,0,0,1,0x5B,0x00,0x00,0x00,0x00,0x00,0x00,0x00
263.064901,0x066,0,0,6,0x03,0xAF,0xD8,0x31,0x54,0x2D,0x00,0x00
263.064902,0x067,0,0,8,0x4B,0x24,0x8A,0x70,0x07,0x34,0x6D,0x09
263.064903,0x068,0,0,4,0x75,0xF5,0x19,0x00,0x00,0x00,0x00,0x00
263.064904,0x06B,0,0,5,0x43,0x20,0xA0,0x2B,0x00,0x00,0x00,0x00
263.067850,0x06F,0,0,8,0x79,0x1C,0x30,0x46,0x30,0xCE,0x4F,0x86
263.262450,0x06F,0,0,8,0x7D,0x2C,0xB0,0x45,0x2F,0x0E,0x90,0x85
263.263100,0x065,0,0,1,0x5B,0x00,0x00,0x00,0x00,0x00,0x00,0x00
263.263101,0x066,0,0,6,0x03,0x77,0xD9,0x31,0x54,0x2D,0x00,0x00
263.263102,0x067,0,0,8,0x45,0x24,0x8A,0x30,0x06,0x34,0x6D,0x09
263.263103,0x068,0,0,4,0x77,0xF5,0x19,0x00,0x00,0x00,0x00,0x00
263.263104,0x06B,0,0,5,0x79,0x1D,0xE0,0x31,0x00,0x00,0x00,0x00
263.460950,0x065,0,0,1,0x5B,0x00,0x00,0x00,0x00,0x00,0x00,0x00
263.460951,0x066,0,0,6,0x03,0x3F,0xDA,0x31,0x54,0x2D,0x00,0x00
263.460952,0x067,0,0,8,0x3D,0x24,0x8A,0x10,0x05,0x34,0x6D,0x09
263.460953,0x068,0,0,4,0x77,0xF5,0x19,0x00,0x00,0x00,0x00,0x00
263.460954,0x06B,0,0,5,0x57,0x1F,0x80,0x38,0x00,0x00,0x00,0x00
263.463850,0x06F,0,0,8,0x6F,0x34,0x70,0x45,0x2B,0xF2,0x8F,0x86
263.658950,0x065,0,0,1,0x5B,0x00,0x00,0x00,0x00,0x00,0x00,0x00
263.658951,0x066,0,0,6,0x03,0x07,0xDB,0x31,0x54,0x2D,0x00,0x00
263.658952,0x067,0,0,8,0x31,0x24,0x8A,0xD0,0x03,0x34,0x6D,0x09
263.658953,0x068,0,0,4,0x75,0xF5,0x19,0x00,0x00,0x00,0x00,0x00
263.658954,0x06B,0,0,5,0xCB,0x23,0x20,0x3C,0x00,0x00,0x00,0x00
263.661200,0x06F,0,0,8,0x79,0x1C,0x50,0x46,0x29,0xD6,0x4F,0x84
263.856450,0x06F,0,0,8,0x87,0x3C,0x70,0x45,0x25,0xFA,0x2F,0x84
263.857750,0x065,0,0,1,0x5B,0x00,0x00,0x00,0x00,0x00,0x00,0x00
263.857751,0x066,0,0,6,0x03,0xCF,0xDB,0x31,0x54,0x2D,0x00,0x00
263.857752,0x067,0,0,8,0x23,0x24,0x8A,0xB0,0x02,0x34,0x6D,0x09
263.857753,0x068,0,0,4,0x77,0xF5,0x19,0x00,0x00,0x00,0x00,0x00
263.857754,0x06B,0,0,5,0x29,0x25,0xE0,0x3A,0x00,0x00,0x00,0x00
263.860000,0x06A,0,0,3,0xE3,0x01,0x00,0x00,0x00,0x00,0x00,0x00
264.054950,0x065,0,0,1,0x5B,0x00,0x00,0x00,0x00,0x00,0x00,0x00
264.054951,0x066,0,0,6,0x03,0x97,0xDC,0x31,0x54,0x2D,0x00,0x00
264.054952,0x067,0,0,8,0x15,0x24,0x8A,0x50,0x01,0x34,0x6D,0x09
264.054953,0x068,0,0,4,0x79,0xF5,0x19,0x00,0x00,0x00,0x00,0x00
264.054954,0x06B,0,0,5,0x0B,0x28,0xC0,0x41,0x00,0x00,0x00,0x00
264.057850,0x06F,0,0,8,0x7D,0x1C,0xF0,0xC5,0x20,0x16,0x70,0x83
264.252950,0x065,0,0,1,0x5B,0x00,0x00,0x00,0x00,0x00,0x00,0x00
264.252951,0x066,0,0,6,0x03,0x5F,0xDD,0x31,0x54,0x2D,0x00,0x00
264.252952,0x067,0,0,8,0x07,0x24,0x8A,0x10,0x00,0x34,0x6D,0x09
264.252953,0x068,0,0,4,0x77,0xF5,0x19,0x00,0x00,0x00,0x00,0x00
264.252954,0x06B,0,0,5,0x8F,0x2A,0xA0,0x43,0x00,0x00,0x00,0x00
264.253400,0x06F,0,0,8,0x81,0x24,0x30,0xC6,0x1E,0xCE,0xCF,0x83
264.450450,0x06F,0,0,8,0x85,0x2C,0x70,0x45,0x1B,0xEE,0x6F,0x83
264.451100,0x065,0,0,1,0x5B,0x00,0x00,0x00,0x00,0x00,0x00,0x00
264.451101,0x066,0,0,6,0x03,0x27,0xDE,0x31,0x54,0x2D,0x00,0x00
264.451102,0x067,0,0,8,0xF7,0x23,0x8A,0xD0,0xFE,0x33,0x6D,0x09
264.451103,0x068,0,0,4,0x79,0xF5,0x19,0x00,0x00,0x00,0x00,0x00
264.451104,0x06B,0,0,5,0x97,0x2A,0x60,0x3A,0x00,0x00,0x00,0x00
264.648450,0x06F,0,0,8,0x85,0x34,0x10,0x45,0x16,0xFE,0xAF,0x82
264.649100,0x065,0,0,1,0x5B,0x00,0x00,0x00,0x00,0x00,0x00,0x00
264.649101,0x066,0,0,6,0x03,0xEF,0xDE,0x31,0x54,0x2D,0x00,0x00
264.649102,0x067,0,0,8,0xE9,0x23,0x8A,0xB0,0xFD,0x33,0x6D,0x09
264.649103,0x068,0,0,4,0x7D,0xF5,0x19,0x00,0x00,0x00,0x00,0x00
264.649104,0x06B,0,0,5,0x33,0x2B,0x20,0x43,0x00,0x00,0x00,0x00
264.846950,0x065,0,0,1,0x5B,0x00,0x00,0x00,0x00,0x00,0x00,0x00
264.846951,0x066,0,0,6,0x03,0xB7,0xDF,0x31,0x54,0x2D,0x00,0x00
264.846952,0x067,0,0,8,0xD7,0x23,0x8A,0x90,0xFC,0x33,0x6D,0x09
264.846953,0x068,0,0,4,0x7F,0xF5,0x19,0x00,0x00,0x00,0x00,0x00
264.846954,0x06B,0,0,5,0xD1,0x2C,0xC0,0x49,0x00,0x00,0x00,0x00
264.849750,0x06A,0,0,3,0xED,0x01,0x00,0x00,0x00,0x00,0x00,0x00
264.850000,0x06F,0,0,8,0x83,0x2C,0x90,0x45,0x12,0x0A,0x50,0x82
265.044450,0x06F,0,0,8,0x87,0x2C,0x50,0x45,0x10,0x12,0xB0,0x81
265.045100,0x065,0,0,1,0x5B,0x00,0x00,0x00,0x00,0x00,0x00,0x00
265.045101,0x066,0,0,6,0x03,0x7F,0xE0,0x31,0x54,0x2D,0x00,0x00
265.045102,0x067,0,0,8,0xBF,0x23,0x8A,0x70,0xFB,0x33,0x6D,0x09
265.045103,0x068,0,0,4,0x7F,0xF5,0x19,0x00,0x00,0x00,0x00,0x00
265.045104,0x06B,0,0,5,0xD7,0x31,0x40,0x46,0x00,0x00,0x00,0x00
265.242450,0x06F,0,0,8,0x89,0x2C,0x30,0xC5,0x0C,0x06,0x10,0x81
265.243750,0x065,0,0,1,0x5B,0x00,0x00,0x00,0x00,0x00,0x00,0x00
265.243751,0x066,0,0,6,0x03,0x47,0xE1,0x31,0x54,0x2D,0x00,0x00
265.243752,0x067,0,0,8,0xA7,0x23,0x8A,0x70,0xFA,0x33,0x6D,0x09
265.243753,0x068,0,0,4,0x7F,0xF5,0x19,0x00,0x00,0x00,0x00,0x00
265.243754,0x06B,0,0,5,0x09,0x34,0x40,0x45,0x00,0x00,0x00,0x00
265.440450,0x06F,0,0,8,0x87,0x24,0x90,0x44,0x07,0xEE,0x8F,0x80
265.441100,0x065,0,0,1,0x5B,0x00,0x00,0x00,0x00,0x00,0x00,0x00
265.441101,0x066,0,0,6,0x03,0x0F,0xE2,0x31,0x54,0x2D,0x00,0x00
265.441102,0x067,0,0,8,0x91,0x23,0x8A,0x50,0xF9,0x33,0x6D,0x09
265.441103,0x068,0,0,4,0x7F,0xF5,0x19,0x00,0x00,0x00,0x00,0x00
265.441104,0x06B,0,0,5,0xA3,0x34,0x20,0x4B,0x00,0x00,0x00,0x00
265.638450,0x06F,0,0,8,0x89,0x04,0xF0,0xC4,0x05,0x1A,0x70,0x80
265.639100,0x065,0,0,1,0x5B,0x00,0x00,0x00,0x00,0x00,0x00,0x00
265.639101,0x066,0,0,6,0x03,0xD7,0xE2,0x31,0x54,0x2D,0x00,0x00
265.639102,0x067,0,0,8,0x79,0x23,0x8A,0x50,0xF8,0x33,0x6D,0x09
265.639103,0x068,0,0,4,0x7D,0xF5,0x19,0x00,0x00,0x00,0x00,0x00
265.639104,0x06B,0,0,5,0x03,0x35,0xE0,0x4F,0x00,0x00,0x00,0x00
265.836500,0x06F,0,0,8,0x8D,0x04,0x50,0xC4,0x03,0xF2,0x6F,0x80
265.837150,0x065,0,0,1,0x5B,0x00,0x00,0x00,0x00,0x00,0x00,0x00
265.837151,0x066,0,0,6,0x03,0x9F,0xE3,0x31,0x54,0x2D,0x00,0x00
265.837152,0x067,0,0,8,0x61,0x23,0x8A,0x30,0xF7,0x33,0x6D,0x09
265.837153,0x068,0,0,4,0x7D,0xF5,0x19,0x00,0x00,0x00,0x00,0x00
265.837154,0x06B,0,0,5,0x1B,0x38,0x00,0x4D,0x00,0x00,0x00,0x00
265.840050,0x06A,0,0,3,0xFB,0x01,0x00,0x00,0x00,0x00,0x00,0x00
266.034950,0x065,0,0,1,0x5B,0x00,0x00,0x00,0x00,0x00,0x00,0x00
266.034951,0x066,0,0,6,0x03,0x67,0xE4,0x31,0x54,0x2D,0x00,0x00
266.034952,0x067,0,0,8,0x45,0x23,0x8A,0x10,0xF6,0x33,0x6D,0x09
266.034953,0x068,0,0,4,0x7B,0xF5,0x19,0x00,0x00,0x00,0x00,0x00
266.034954,0x06B,0,0,5,0x05,0x3B,0x80,0x4A,0x00,0x00,0x00,0x00
266.037200,0x06F,0,0,8,0x8D,0xDC,0x8F,0x44,0x01,0xEA,0x6F,0x80
266.232500,0x06F,0,0,8,0x8B,0xD4,0x4F,0xC4,0xFF,0x01,0x70,0x80
266.233100,0x065,0,0,1,0x53,0x00,0x00,0x00,0x00,0x00,0x00,0x00
266.233101,0x066,0,0,6,0x03,0x2F,0xE5,0x31,0x54,0x2D,0x00,0x00
266.233102,0x067,0,0,8,0x2B,0x23,0x8A,0xF0,0xF4,0x33,0x6D,0x09
266.233103,0x068,0,0,4,0x79,0xF5,0x19,0x00,0x00,0x00,0x00,0x00
266.233104,0x06B,0,0,5,0x8D,0x3B,0x80,0x47,0x00,0x00,0x00,0x00
266.430500,0x06F,0,0,8,0x8B,0xCC,0x6F,0x44,0xFF,0xFD,0x0F,0x80
266.431100,0x065,0,0,1,0x53,0x00,0x00,0x00,0x00,0x00,0x00,0x00
266.431101,0x066,0,0,6,0x03,0xF7,0xE5,0x31,0x54,0x2D,0x00,0x00
266.431102,0x067,0,0,8,0x0F,0x23,0x8A,0xD0,0xF3,0x33,0x6D,0x09
266.431103,0x068,0,0,4,0x7B,0xF5,0x19,0x00,0x00,0x00,0x00,0x00
266.431104,0x06B,0,0,5,0xC3,0x3C,0xE0,0x44,0x00,0x00,0x00,0x00
266.628500,0x06F,0,0,8,0x87,0xEC,0x6F,0xC4,0xFF,0x15,0xD0,0x7F
266.629100,0x065,0,0,1,0x5B,0x00,0x00,0x00,0x00,0x00,0x00,0x00
266.629101,0x066,0,0,6,0x03,0xBF,0xE6,0x31,0x54,0x2D,0x00,0x00
266.629102,0x067,0,0,8,0xF5,0x22,0x8A,0xB0,0xF2,0x33,0x6D,0x09
266.629103,0x068,0,0,4,0x7D,0xF5,0x19,0x00,0x00,0x00,0x00,0x00
266.629104,0x06B,0,0,5,0xA7,0x3D,0x80,0x3A,0x00,0x00,0x00,0x00
266.826500,0x06F,0,0,8,0x8B,0xFC,0x8F,0xC4,0xFF,0xF9,0x2F,0x80
266.827100,0x065,0,0,1,0x5B,0x00,0x00,0x00,0x00,0x00,0x00,0x00
266.827101,0x066,0,0,6,0x03,0x87,0xE7,0x31,0x54,0x2D,0x00,0x00
266.827102,0x067,0,0,8,0xDB,0x22,0x8A,0xB0,0xF1,0x33,0x6D,0x09
266.827103,0x068,0,0,4,0x81,0xF5,0x19,0x00,0x00,0x00,0x00,0x00
266.827104,0x06B,0,0,5,0xDF,0x3D,0x40,0x3F,0x00,0x00,0x00,0x00
266.829400,0x06A,0,0,3,0x0B,0x02,0x00,0x00,0x00,0x00,0x00,0x00
267.024500,0x06F,0,0,8,0x87,0xFC,0x6F,0x44,0xFF,0x0D,0x90,0x80
267.025100,0x065,0,0,1,0x5B,0x00,0x00,0x00,0x00,0x00,0x00,0x00
267.025101,0x066,0,0,6,0x03,0x4F,0xE8,0x31,0x54,0x2D,0x00,0x00
267.025102,0x067,0,0,8,0xBF,0x22,0x8A,0x90,0xF0,0x33,0x6D,0x09
267.025103,0x068,0,0,4,0x81,0xF5,0x19,0x00,0x00,0x00,0x00,0x00
267.025104,0x06B,0,0,5,0x29,0x3E,0xC0,0x3A,0x00,0x00,0x00,0x00
267.222500,0x06F,0,0,8,0x8D,0xFC,0xAF,0xC4,0xFF,0xF1,0x0F,0x80
267.223250,0x065,0,0,1,0x5B,0x00,0x00,0x00,0x00,0x00,0x00,0x00
267.223251,0x066,0,0,6,0x03,0x17,0xE9,0x31,0x54,0x2D,0x00,0x00
267.223252,0x067,0,0,8,0xA3,0x22,0x8A,0x70,0xEF,0x33,0x6D,0x09
267.223253,0x068,0,0,4,0x85,0xF5,0x19,0x00,0x00,0x00,0x00,0x00
267.223254,0x06B,0,0,5,0x13,0x40,0xA0,0x3A,0x00,0x00,0x00,0x00
267.420500,0x06F,0,0,8,0x9B,0xF4,0x4F,0xC5,0x00,0xE2,0x6F,0x7F
267.421150,0x065,0,0,1,0x5B,0x00,0x00,0x00,0x00,0x00,0x00,0x00
267.421151,0x066,0,0,6,0x03,0xDF,0xE9,0x31,0x54,0x2D,0x00,0x00
267.421152,0x067,0,0,8,0x89,0x22,0x8A,0x50,0xEE,0x33,0x6D,0x09
267.421153,0x068,0,0,4,0x83,0xF5,0x19,0x00,0x00,0x00,0x00,0x00
267.421154,0x06B,0,0,5,0x63,0x3F,0xA0,0x3F,0x00,0x00,0x00,0x00
267.618500,0x06F,0,0,8,0x8D,0xF4,0x8F,0x44,0x00,0xFA,0x6F,0x7F
267.619150,0x065,0,0,1,0x5B,0x00,0x00,0x00,0x00,0x00,0x00,0x00
267.619151,0x066,0,0,6,0x03,0xA7,0xEA,0x31,0x54,0x2D,0x00,0x00
267.619152,0x067,0,0,8,0x6D,0x22,0x8A,0x30,0xED,0x33,0x6D,0x09
267.619153,0x068,0,0,4,0x87,0xF5,0x19,0x00,0x00,0x00,0x00,0x00
267.619154,0x06B,0,0,5,0xE9,0x40,0x40,0x3D,0x00,0x00,0x00,0x00
267.816500,0x06F,0,0,8,0x91,0x04,0x90,0xC4,0xFF,0xF5,0xAF,0x7F
267.817350,0x065,0,0,1,0x5B,0x00,0x00,0x00,0x00,0x00,0x00,0x00
267.817351,0x066,0,0,6,0x03,0x6F,0xEB,0x31,0x54,0x2D,0x00,0x00
267.817352,0x067,0,0,8,0x51,0x22,0x8A,0x10,0xEC,0x33,0x6D,0x09
267.817353,0x068,0,0,4,0x83,0xF5,0x19,0x00,0x00,0x00,0x00,0x00
267.817354,0x06B,0,0,5,0x33,0x42,0xE0,0x3C,0x00,0x00,0x00,0x00
267.819500,0x06A,0,0,3,0x1B,0x02,0x00,0x00,0x00,0x00,0x00,0x00
268.014500,0x06F,0,0,8,0x89,0x04,0x50,0xC4,0xFE,0xF9,0x0F,0x80
268.015150,0x065,0,0,1,0x5B,0x00,0x00,0x00,0x00,0x00,0x00,0x00
268.015151,0x066,0,0,6,0x03,0x37,0xEC,0x31,0x54,0x2D,0x00,0x00
268.015152,0x067,0,0,8,0x35,0x22,0x8A,0xD0,0xEA,0x33,0x6D,0x09
268.015153,0x068,0,0,4,0x81,0xF5,0x19,0x00,0x00,0x00,0x00,0x00
268.015154,0x06B,0,0,5,0x7D,0x42,0x20,0x43,0x00,0x00,0x00,0x00
268.212500,0x06F,0,0,8,0x89,0x04,0x50,0x44,0xFD,0xF9,0x6F,0x7F
268.213150,0x065,0,0,1,0x53,0x00,0x00,0x00,0x00,0x00,0x00,0x00
268.213151,0x066,0,0,6,0x03,0xFF,0xEC,0x31,0x54,0x2D,0x00,0x00
268.213152,0x067,0,0,8,0x15,0x22,0x8A,0xB0,0xE9,0x33,0x6D,0x09
268.213153,0x068,0,0,4,0x81,0xF5,0x19,0x00,0x00,0x00,0x00,0x00
268.213154,0x06B,0,0,5,0x67,0x44,0xE0,0x3B,0x00,0x00,0x00,0x00
268.410500,0x06F,0,0,8,0x8F,0xF4,0x4F,0x44,0xFD,0x19,0xD0,0x7F
268.411950,0x065,0,0,1,0x53,0x00,0x00,0x00,0x00,0x00,0x00,0x00
268.411951,0x066,0,0,6,0x03,0xC7,0xED,0x31,0x54,0x2D,0x00,0x00
268.411952,0x067,0,0,8,0xF9,0x21,0x8A,0x90,0xE8,0x33,0x6D,0x09
268.411953,0x068,0,0,4,0x81,0xF5,0x19,0x00,0x00,0x00,0x00,0x00
268.411954,0x06B,0,0,5,0xB7,0x44,0x80,0x3A,0x00,0x00,0x00,0x00
268.608500,0x06F,0,0,8,0x8B,0xFC,0x6F,0x44,0xFE,0x05,0x90,0x7F
268.609300,0x065,0,0,1,0x53,0x00,0x00,0x00,0x00,0x00,0x00,0x00
268.609301,0x066,0,0,6,0x03,0x8F,0xEE,0x31,0x54,0x2D,0x00,0x00
268.609302,0x067,0,0,8,0xD9,0x21,0x8A,0x50,0xE7,0x33,0x6D,0x09
268.609303,0x068,0,0,4,0x81,0xF5,0x19,0x00,0x00,0x00,0x00,0x00
268.609304,0x06B,0,0,5,0xC5,0x45,0x60,0x3B,0x00,0x00,0x00,0x00
268.806500,0x06F,0,0,8,0x8B,0xFC,0x2F,0xC4,0xFE,0xED,0x6F,0x7F
268.807350,0x065,0,0,1,0x53,0x00,0x00,0x00,0x00,0x00,0x00,0x00
268.807351,0x066,0,0,6,0x03,0x57,0xEF,0x31,0x54,0x2D,0x00,0x00
268.807352,0x067,0,0,8,0xBB,0x21,0x8A,0x10,0xE6,0x33,0x6D,0x09
268.807353,0x068,0,0,4,0x7D,0xF5,0x19,0x00,0x00,0x00,0x00,0x00
268.807354,0x06B,0,0,5,0xE5,0x46,0x80,0x3B,0x00,0x00,0x00,0x00
268.809550,0x06A,0,0,3,0x2D,0x02,0x00,0x00,0x00,0x00,0x00,0x00
269.004500,0x06F,0,0,8,0x8B,0xFC,0x4F,0xC4,0xFD,0x01,0x10,0x80
269.005350,0x065,0,0,1,0x53,0x00,0x00,0x00,0x00,0x00,0x00,0x00
269.005351,0x066,0,0,6,0x03,0x1F,0xF0,0x31,0x54,0x2D,0x00,0x00
269.005352,0x067,0,0,8,0x9B,0x21,0x8A,0xD0,0xE4,0x33,0x6D,0x09
269.005353,0x068,0,0,4,0x7F,0xF5,0x19,0x00,0x00,0x00,0x00,0x00
269.005354,0x06B,0,0,5,0x75,0x47,0x60,0x3F,0x00,0x00,0x00,0x00
269.202500,0x06F,0,0,8,0x8B,0xF4,0x2F,0x44,0xFE,0xE5,0xEF,0x7F
269.203150,0x065,0,0,1,0x53,0x00,0x00,0x00,0x00,0x00,0x00,0x00
269.203151,0x066,0,0,6,0x03,0xE7,0xF0,0x31,0x54,0x2D,0x00,0x00
269.203152,0x067,0,0,8,0x7F,0x21,0x8A,0x90,0xE3,0x33,0x6D,0x09
269.203153,0x068,0,0,4,0x7D,0xF5,0x19,0x00,0x00,0x00,0x00,0x00
269.203154,0x06B,0,0,5,0x1D,0x46,0xC0,0x3F,0x00,0x00,0x00,0x00
269.400500,0x06F,0,0,8,0x8B,0xF4,0x4F,0xC4,0xFE,0x01,0xF0,0x7F
269.401150,0x065,0,0,1,0x53,0x00,0x00,0x00,0x00,0x00,0x00,0x00
269.401151,0x066,0,0,6,0x03,0xAF,0xF1,0x31,0x54,0x2D,0x00,0x00
269.401152,0x067,0,0,8,0x5F,0x21,0x8A,0x50,0xE2,0x33,0x6D,0x09
269.401153,0x068,0,0,4,0x7D,0xF5,0x19,0x00,0x00,0x00,0x00,0x00
269.401154,0x06B,0,0,5,0x1B,0x47,0x20,0x43,0x00,0x00,0x00,0x00
269.598500,0x06F,0,0,8,0x8D,0xE4,0x6F,0x44,0xFE,0x09,0x10,0x80
269.599300,0x065,0,0,1,0x53,0x00,0x00,0x00,0x00,0x00,0x00,0x00
269.599301,0x066,0,0,6,0x03,0x77,0xF2,0x31,0x54,0x2D,0x00,0x00
269.599302,0x067,0,0,8,0x41,0x21,0x8A,0x10,0xE1,0x33,0x6D,0x09
269.599303,0x068,0,0,4,0x7F,0xF5,0x19,0x00,0x00,0x00,0x00,0x00
269.599304,0x06B,0,0,5,0x1D,0x46,0x80,0x47,0x00,0x00,0x00,0x00
269.796500,0x06F,0,0,8,0x89,0xD4,0x8F,0x44,0xFE,0xF5,0x0F,0x80
269.797300,0x065,0,0,1,0x53,0x00,0x00,0x00,0x00,0x00,0x00,0x00
269.797301,0x066,0,0,6,0x03,0x3F,0xF3,0x31,0x54,0x2D,0x00,0x00
269.797302,0x067,0,0,8,0x25,0x21,0x8A,0xB0,0xDF,0x33,0x6D,0x09
269.797303,0x068,0,0,4,0x7D,0xF5,0x19,0x00,0x00,0x00,0x00,0x00
269.797304,0x06B,0,0,5,0x3D,0x46,0x40,0x48,0x00,0x00,0x00,0x00
269.800200,0x06A,0,0,3,0x3F,0x02,0x00,0x00,0x00,0x00,0x00,0x00
269.994550,0x06F,0,0,8,0x81,0xDC,0x0F,0x44,0xFF,0x0D,0xB0,0x7F
269.995200,0x065,0,0,1,0x53,0x00,0x00,0x00,0x00,0x00,0x00,0x00
269.995201,0x066,0,0,6,0x03,0x07,0xF4,0x31,0x54,0x2D,0x00,0x00
269.995202,0x067,0,0,8,0x05,0x21,0x8A,0x70,0xDE,0x33,0x6D,0x09
269.995203,0x068,0,0,4,0x7D,0xF5,0x19,0x00,0x00,0x00,0x00,0x00
269.995204,0x06B,0,0,5,0x05,0x46,0x80,0x49,0x00,0x00,0x00,0x00
270.192550,0x06F,0,0,8,0x89,0xEC,0xEF,0x44,0x01,0x2A,0x30,0x7F
270.193400,0x065,0,0,1,0x53,0x00,0x00,0x00,0x00,0x00,0x00,0x00
270.193401,0x066,0,0,6,0x03,0xCF,0xF4,0x31,0x54,0x2D,0x00,0x00
270.193402,0x067,0,0,8,0xE7,0x20,0x8A,0x30,0xDD,0x33,0x6D,0x09
270.193403,0x068,0,0,4,0x7B,0xF5,0x19,0x00,0x00,0x00,0x00,0x00
270.193404,0x06B,0,0,5,0xE3,0x45,0x60,0x48,0x00,0x00,0x00,0x00
270.390550,0x06F,0,0,8,0x89,0x04,0x50,0xC4,0xFF,0x21,0xB0,0x7F
270.391400,0x065,0,0,1,0x53,0x00,0x00,0x00,0x00,0x00,0x00,0x00
270.391401,0x066,0,0,6,0x03,0x97,0xF5,0x31,0x54,0x2D,0x00,0x00
270.391402,0x067,0,0,8,0xC9,0x20,0x8A,0xF0,0xDB,0x33,0x6D,0x09
270.391403,0x068,0,0,4,0x7B,0xF5,0x19,0x00,0x00,0x00,0x00,0x00
270.391404,0x06B,0,0,5,0x4D,0x46,0x00,0x48,0x00,0x00,0x00,0x00
270.588550,0x06F,0,0,8,0x8B,0x0C,0x10,0x44,0xFF,0xE5,0x6F,0x80
270.589150,0x065,0,0,1,0x53,0x00,0x00,0x00,0x00,0x00,0x00,0x00
270.589151,0x066,0,0,6,0x03,0x5F,0xF6,0x31,0x54,0x2D,0x00,0x00
270.589152,0x067,0,0,8,0xA9,0x20,0x8A,0xB0,0xDA,0x33,0x6D,0x09
270.589153,0x068,0,0,4,0x79,0xF5,0x19,0x00,0x00,0x00,0x00,0x00
270.589154,0x06B,0,0,5,0xD5,0x47,0x20,0x47,0x00,0x00,0x00,0x00
270.786550,0x06F,0,0,8,0x89,0xEC,0xCF,0xC4,0x01,0xE2,0xCF,0x7E
270.787300,0x065,0,0,1,0x53,0x00,0x00,0x00,0x00,0x00,0x00,0x00
270.787301,0x066,0,0,6,0x03,0x27,0xF7,0x31,0x54,0x2D,0x00,0x00
270.787302,0x067,0,0,8,0x89,0x20,0x8A,0x50,0xD9,0x33,0x6D,0x09
270.787303,0x068,0,0,4,0x7B,0xF5,0x19,0x00,0x00,0x00,0x00,0x00
270.787304,0x06B,0,0,5,0x41,0x48,0x80,0x3D,0x00,0x00,0x00,0x00
270.790200,0x06A,0,0,3,0x51,0x02,0x00,0x00,0x00,0x00,0x00,0x00
270.984550,0x06F,0,0,8,0x83,0x04,0x50,0xC4,0x00,0xD6,0xAF,0x7F
270.985300,0x065,0,0,1,0x53,0x00,0x00,0x00,0x00,0x00,0x00,0x00
270.985301,0x066,0,0,6,0x03,0xEF,0xF7,0x31,0x54,0x2D,0x00,0x00
270.985302,0x067,0,0,8,0x69,0x20,0x8A,0x10,0xD8,0x33,0x6D,0x09
270.985303,0x068,0,0,4,0x79,0xF5,0x19,0x00,0x00,0x00,0x00,0x00
270.985304,0x06B,0,0,5,0x33,0x49,0x80,0x3B,0x00,0x00,0x00,0x00
271.182550,0x06F,0,0,8,0x89,0xF4,0xAF,0xC4,0xFE,0xE9,0xCF,0x80
271.183550,0x065,0,0,1,0x53,0x00,0x00,0x00,0x00,0x00,0x00,0x00
271.183551,0x066,0,0,6,0x03,0xB7,0xF8,0x31,0x54,0x2D,0x00,0x00
271.183552,0x067,0,0,8,0x49,0x20,0x8A,0xD0,0xD6,0x33,0x6D,0x09
271.183553,0x068,0,0,4,0x79,0xF5,0x19,0x00,0x00,0x00,0x00,0x00
271.183554,0x06B,0,0,5,0x93,0x49,0xC0,0x3B,0x00,0x00,0x00,0x00
271.380500,0x06F,0,0,8,0x8B,0xF4,0x6F,0x44,0x00,0xFA,0xEF,0x7F
271.381400,0x065,0,0,1,0x53,0x00,0x00,0x00,0x00,0x00,0x00,0x00
271.381401,0x066,0,0,6,0x03,0x7F,0xF9,0x31,0x54,0x2D,0x00,0x00
271.381402,0x067,0,0,8,0x29,0x20,0x8A,0x70,0xD5,0x33,0x6D,0x09
271.381403,0x068,0,0,4,0x7B,0xF5,0x19,0x00,0x00,0x00,0x00,0x00
271.381404,0x06B,0,0,5,0x57,0x4A,0x00,0x3B,0x00,0x00,0x00,0x00
271.578550,0x06F,0,0,8,0x89,0xF4,0x8F,0xC4,0x00,0xFE,0xAF,0x7F
271.580100,0x065,0,0,1,0x53,0x00,0x00,0x00,0x00,0x00,0x00,0x00
271.580101,0x066,0,0,6,0x03,0x47,0xFA,0x31,0x54,0x2D,0x00,0x00
271.580102,0x067,0,0,8,0x07,0x20,0x8A,0x30,0xD4,0x33,0x6D,0x09
271.580103,0x068,0,0,4,0x7B,0xF5,0x19,0x00,0x00,0x00,0x00,0x00
271.580104,0x06B,0,0,5,0xEF,0x4B,0xC0,0x39,0x00,0x00,0x00,0x00
271.776550,0x06F,0,0,8,0x8B,0xFC,0x4F,0x44,0xFF,0x01,0xF0,0x7F
271.777300,0x065,0,0,1,0x53,0x00,0x00,0x00,0x00,0x00,0x00,0x00
271.777301,0x066,0,0,6,0x03,0x0F,0xFB,0x31,0x54,0x2D,0x00,0x00
271.777302,0x067,0,0,8,0xE7,0x1F,0x8A,0xD0,0xD2,0x33,0x6D,0x09
271.777303,0x068,0,0,4,0x7F,0xF5,0x19,0x00,0x00,0x00,0x00,0x00
271.777304,0x06B,0,0,5,0x5B,0x4C,0x00,0x2E,0x00,0x00,0x00,0x00
271.780200,0x06A,0,0,3,0x63,0x02,0x00,0x00,0x00,0x00,0x00,0x00
271.974550,0x06F,0,0,8,0x8D,0xF4,0x8F,0xC4,0xFE,0xF9,0xAF,0x7F
271.975300,0x065,0,0,1,0x53,0x00,0x00,0x00,0x00,0x00,0x00,0x00
271.975301,0x066,0,0,6,0x03,0xD7,0xFB,0x31,0x54,0x2D,0x00,0x00
271.975302,0x067,0,0,8,0xC5,0x1F,0x8A,0x70,0xD1,0x33,0x6D,0x09
271.975303,0x068,0,0,4,0x7D,0xF5,0x19,0x00,0x00,0x00,0x00,0x00
271.975304,0x06B,0,0,5,0xD5,0x4C,0xA0,0x2A,0x00,0x00,0x00,0x00
272.172550,0x06F,0,0,8,0x91,0xFC,0x0F,0x45,0xFE,0x21,0xD0,0x7F
272.173350,0x065,0,0,1,0x53,0x00,0x00,0x00,0x00,0x00,0x00,0x00
272.173351,0x066,0,0,6,0x03,0x9F,0xFC,0x31,0x54,0x2D,0x00,0x00
272.173352,0x067,0,0,8,0xA3,0x1F,0x8A,0x30,0xD0,0x33,0x6D,0x09
272.173353,0x068,0,0,4,0x7D,0xF5,0x19,0x00,0x00,0x00,0x00,0x00
272.173354,0x06B,0,0,5,0xFD,0x4C,0x60,0x2A,0x00,0x00,0x00,0x00
272.370550,0x06F,0,0,8,0x91,0xE4,0x8F,0xC4,0xFE,0x11,0xB0,0x7F
272.371550,0x065,0,0,1,0x53,0x00,0x00,0x00,0x00,0x00,0x00,0x00
272.371551,0x066,0,0,6,0x03,0x67,0xFD,0x31,0x54,0x2D,0x00,0x00
272.371552,0x067,0,0,8,0x81,0x1F,0x8A,0xF0,0xCE,0x33,0x6D,0x09
272.371553,0x068,0,0,4,0x7D,0xF5,0x19,0x00,0x00,0x00,0x00,0x00
272.371554,0x06B,0,0,5,0x63,0x4D,0x60,0x2A,0x00,0x00,0x00,0x00
272.568550,0x06F,0,0,8,0x8D,0xE4,0x8F,0xC4,0xFE,0x01,0xB0,0x7F
272.569450,0x065,0,0,1,0x53,0x00,0x00,0x00,0x00,0x00,0x00,0x00
272.569451,0x066,0,0,6,0x03,0x2F,0xFE,0x31,0x54,0x2D,0x00,0x00
272.569452,0x067,0,0,8,0x5F,0x1F,0x8A,0x90,0xCD,0x33,0x6D,0x09
272.569453,0x068,0,0,4,0x7F,0xF5,0x19,0x00,0x00,0x00,0x00,0x00
272.569454,0x06B,0,0,5,0x4D,0x4E,0x20,0x2A,0x00,0x00,0x00,0x00
272.766550,0x06F,0,0,8,0x8D,0xF4,0x2F,0xC4,0xFF,0x01,0x50,0x7F
272.767450,0x065,0,0,1,0x53,0x00,0x00,0x00,0x00,0x00,0x00,0x00
272.767451,0x066,0,0,6,0x03,0xF7,0xFE,0x31,0x54,0x2D,0x00,0x00
272.767452,0x067,0,0,8,0x3D,0x1F,0x8A,0x30,0xCC,0x33,0x6D,0x09
272.767453,0x068,0,0,4,0x7F,0xF5,0x19,0x00,0x00,0x00,0x00,0x00
272.767454,0x06B,0,0,5,0x8F,0x4D,0x80,0x31,0x00,0x00,0x00,0x00
272.769600,0x06A,0,0,3,0x77,0x02,0x00,0x00,0x00,0x00,0x00,0x00
272.964550,0x06F,0,0,8,0x8B,0xF4,0xEF,0xC4,0xFE,0x05,0x30,0x80
272.966100,0x065,0,0,1,0x53,0x00,0x00,0x00,0x00,0x00,0x00,0x00
272.966101,0x066,0,0,6,0x03,0xBF,0xFF,0x31,0x54,0x2D,0x00,0x00
272.966102,0x067,0,0,8,0x1B,0x1F,0x8A,0xF0,0xCA,0x33,0x6D,0x09
272.966103,0x068,0,0,4,0x7F,0xF5,0x19,0x00,0x00,0x00,0x00,0x00
272.966104,0x06B,0,0,5,0xA5,0x4E,0xC0,0x34,0x00,0x00,0x00,0x00
273.162550,0x06F,0,0,8,0x8D,0xF4,0x8F,0x44,0xFE,0x05,0x10,0x80
273.163350,0x065,0,0,1,0x53,0x00,0x00,0x00,0x00,0x00,0x00,0x00
273.163351,0x066,0,0,6,0x03,0x87,0x00,0x32,0x54,0x2D,0x00,0x00
273.163352,0x067,0,0,8,0xF9,0x1E,0x8A,0x90,0xC9,0x33,0x6D,0x09
273.163353,0x068,0,0,4,0x7F,0xF5,0x19,0x00,0x00,0x00,0x00,0x00
273.163354,0x06B,0,0,5,0x3D,0x4F,0x60,0x2D,0x00,0x00,0x00,0x00
273.360550,0x06F,0,0,8,0x8D,0xF4,0x4F,0xC4,0xFE,0x19,0x10,0x80
273.361350,0x065,0,0,1,0x4B,0x00,0x00,0x00,0x00,0x00,0x00,0x00
273.361351,0x066,0,0,6,0x03,0x4F,0x01,0x32,0x54,0x2D,0x00,0x00
273.361352,0x067,0,0,8,0xD7,0x1E,0x8A,0x30,0xC8,0x33,0x6D,0x09
273.361353,0x068,0,0,4,0x7D,0xF5,0x19,0x00,0x00,0x00,0x00,0x00
273.361354,0x06B,0,0,5,0x19,0x4F,0x20,0x33,0x00,0x00,0x00,0x00
273.558550,0x06F,0,0,8,0x89,0xF4,0xAF,0xC4,0xFE,0xF9,0xEF,0x7F
273.559550,0x065,0,0,1,0x4B,0x00,0x00,0x00,0x00,0x00,0x00,0x00
273.559551,0x066,0,0,6,0x03,0x17,0x02,0x32,0x54,0x2D,0x00,0x00
273.559552,0x067,0,0,8,0xB5,0x1E,0x8A,0xD0,0xC6,0x33,0x6D,0x09
273.559553,0x068,0,0,4,0x7D,0xF5,0x19,0x00,0x00,0x00,0x00,0x00
273.559554,0x06B,0,0,5,0x4B,0x50,0x20,0x2D,0x00,0x00,0x00,0x00
273.756550,0x06F,0,0,8,0x8D,0xEC,0x2F,0x45,0xFF,0xE9,0x4F,0x7F
273.757550,0x065,0,0,1,0x4B,0x00,0x00,0x00,0x00,0x00,0x00,0x00
273.757551,0x066,0,0,6,0x03,0xDF,0x02,0x32,0x54,0x2D,0x00,0x00
273.757552,0x067,0,0,8,0x93,0x1E,0x8A,0x70,0xC5,0x33,0x6D,0x09
273.757553,0x068,0,0,4,0x7D,0xF5,0x19,0x00,0x00,0x00,0x00,0x00
273.757554,0x06B,0,0,5,0x97,0x4F,0x00,0x2C,0x00,0x00,0x00,0x00
273.759850,0x06A,0,0,3,0x8D,0x02,0x00,0x00,0x00,0x00,0x00,0x00
273.954550,0x06F,0,0,8,0x85,0xE4,0x2F,0xC4,0x00,0x82,0xCF,0x7F
273.955450,0x065,0,0,1,0x5B,0x00,0x00,0x00,0x00,0x00,0x00,0x00
273.955451,0x066,0,0,6,0x03,0xA7,0x03,0x32,0x54,0x2D,0x00,0x00
273.955452,0x067,0,0,8,0x6F,0x1E,0x8A,0xF0,0xC3,0x33,0x6D,0x09
273.955453,0x068,0,0,4,0x7D,0xF5,0x19,0x00,0x00,0x00,0x00,0x00
273.955454,0x06B,0,0,5,0xEB,0x50,0xA0,0x34,0x00,0x00,0x00,0x00
274.152550,0x06F,0,0,8,0x97,0xEC,0xCF,0xC4,0xFD,0x05,0x10,0x80
274.153600,0x065,0,0,1,0x5B,0x00,0x00,0x00,0x00,0x00,0x00,0x00
274.153601,0x066,0,0,6,0x03,0x6F,0x04,0x32,0x54,0x2D,0x00,0x00
274.153602,0x067,0,0,8,0x4D,0x1E,0x8A,0x90,0xC2,0x33,0x6D,0x09
274.153603,0x068,0,0,4,0x7B,0xF5,0x19,0x00,0x00,0x00,0x00,0x00
274.153604,0x06B,0,0,5,0x41,0x51,0x20,0x2E,0x00,0x00,0x00,0x00
274.350600,0x06F,0,0,8,0x8D,0xE4,0x8F,0x44,0xFF,0xAD,0x0F,0x80
274.351350,0x065,0,0,1,0x53,0x00,0x00,0x00,0x00,0x00,0x00,0x00
274.351351,0x066,0,0,6,0x03,0x37,0x05,0x32,0x54,0x2D,0x00,0x00
274.351352,0x067,0,0,8,0x29,0x1E,0x8A,0x30,0xC1,0x33,0x6D,0x09
274.351353,0x068,0,0,4,0x79,0xF5,0x19,0x00,0x00,0x00,0x00,0x00
274.351354,0x06B,0,0,5,0x77,0x52,0x60,0x2C,0x00,0x00,0x00,0x00
274.548600,0x06F,0,0,8,0x87,0xCC,0x8F,0xC4,0xFD,0x8D,0x10,0x80
274.549600,0x065,0,0,1,0x53,0x00,0x00,0x00,0x00,0x00,0x00,0x00
274.549601,0x066,0,0,6,0x03,0xFF,0x05,0x32,0x54,0x2D,0x00,0x00
274.549602,0x067,0,0,8,0x07,0x1E,0x8A,0xB0,0xBF,0x33,0x6D,0x09
274.549603,0x068,0,0,4,0x79,0xF5,0x19,0x00,0x00,0x00,0x00,0x00
274.549604,0x06B,0,0,5,0xE1,0x51,0x00,0x2C,0x00,0x00,0x00,0x00
274.746600,0x06F,0,0,8,0x85,0xD4,0x6F,0xC4,0xFE,0x09,0xF0,0x7F
274.748250,0x065,0,0,1,0x5B,0x00,0x00,0x00,0x00,0x00,0x00,0x00
274.748251,0x066,0,0,6,0x03,0xC7,0x06,0x32,0x54,0x2D,0x00,0x00
274.748252,0x067,0,0,8,0xE3,0x1D,0x8A,0x50,0xBE,0x33,0x6D,0x09
274.748253,0x068,0,0,4,0x77,0xF5,0x19,0x00,0x00,0x00,0x00,0x00
274.748254,0x06B,0,0,5,0xBF,0x51,0xC0,0x2C,0x00,0x00,0x00,0x00
274.750500,0x06A,0,0,3,0xA1,0x02,0x00,0x00,0x00,0x00,0x00,0x00
274.944600,0x06F,0,0,8,0x87,0xDC,0xAF,0x44,0xFF,0x01,0xF0,0x7F
274.945600,0x065,0,0,1,0x4B,0x00,0x00,0x00,0x00,0x00,0x00,0x00
274.945601,0x066,0,0,6,0x03,0x8F,0x07,0x32,0x54,0x2D,0x00,0x00
274.945602,0x067,0,0,8,0xC1,0x1D,0x8A,0xF0,0xBC,0x33,0x6D,0x09
274.945603,0x068,0,0,4,0x77,0xF5,0x19,0x00,0x00,0x00,0x00,0x00
274.945604,0x06B,0,0,5,0xB5,0x51,0x00,0x2D,0x00,0x00,0x00,0x00
275.142600,0x06F,0,0,8,0x89,0xDC,0x4F,0x44,0xFF,0xED,0xEF,0x7F
275.143450,0x065,0,0,1,0x4B,0x00,0x00,0x00,0x00,0x00,0x00,0x00
275.143451,0x066,0,0,6,0x03,0x57,0x08,0x32,0x54,0x2D,0x00,0x00
275.143452,0x067,0,0,8,0x9D,0x1D,0x8A,0x90,0xBB,0x33,0x6D,0x09
275.143453,0x068,0,0,4,0x75,0xF5,0x19,0x00,0x00,0x00,0x00,0x00
275.143454,0x06B,0,0,5,0xD7,0x51,0xE0,0x2B,0x00,0x00,0x00,0x00
275.340600,0x06F,0,0,8,0x8B,0xEC,0xAF,0x44,0x00,0xFE,0x6F,0x7F
275.341600,0x065,0,0,1,0x5B,0x00,0x00,0x00,0x00,0x00,0x00,0x00
275.341601,0x066,0,0,6,0x03,0x1F,0x09,0x32,0x54,0x2D,0x00,0x00
275.341602,0x067,0,0,8,0x79,0x1D,0x8A,0x10,0xBA,0x33,0x6D,0x09
275.341603,0x068,0,0,4,0x75,0xF5,0x19,0x00,0x00,0x00,0x00,0x00
275.341604,0x06B,0,0,5,0x49,0x51,0x00,0x2D,0x00,0x00,0x00,0x00
275.538550,0x06F,0,0,8,0x8D,0xEC,0x6F,0x44,0x00,0x0E,0x90,0x7F
275.539600,0x065,0,0,1,0x5B,0x00,0x00,0x00,0x00,0x00,0x00,0x00
275.539601,0x066,0,0,6,0x03,0xE7,0x09,0x32,0x54,0x2D,0x00,0x00
275.539602,0x067,0,0,8,0x57,0x1D,0x8A,0xB0,0xB8,0x33,0x6D,0x09
275.539603,0x068,0,0,4,0x73,0xF5,0x19,0x00,0x00,0x00,0x00,0x00
275.539604,0x06B,0,0,5,0x97,0x51,0xE0,0x2C,0x00,0x00,0x00,0x00
275.736600,0x06F,0,0,8,0x8B,0xE4,0x4F,0xC4,0xFE,0x05,0x30,0x80
275.737600,0x065,0,0,1,0x5B,0x00,0x00,0x00,0x00,0x00,0x00,0x00
275.737601,0x066,0,0,6,0x03,0xAF,0x0A,0x32,0x54,0x2D,0x00,0x00
275.737602,0x067,0,0,8,0x33,0x1D,0x8A,0x50,0xB7,0x33,0x6D,0x09
275.737603,0x068,0,0,4,0x71,0xF5,0x19,0x00,0x00,0x00,0x00,0x00
275.737604,0x06B,0,0,5,0x6D,0x51,0xA0,0x2B,0x00,0x00,0x00,0x00
275.740500,0x06A,0,0,3,0xB5,0x02,0x00,0x00,0x00,0x00,0x00,0x00
275.934600,0x06F,0,0,8,0x89,0xEC,0x2F,0xC4,0xFE,0xF9,0x6F,0x80
275.935600,0x065,0,0,1,0x5B,0x00,0x00,0x00,0x00,0x00,0x00,0x00
275.935601,0x066,0,0,6,0x03,0x77,0x0B,0x32,0x54,0x2D,0x00,0x00
275.935602,0x067,0,0,8,0x11,0x1D,0x8A,0xF0,0xB5,0x33,0x6D,0x09
275.935603,0x068,0,0,4,0x71,0xF5,0x19,0x00,0x00,0x00,0x00,0x00
275.935604,0x06B,0,0,5,0xFB,0x51,0xE0,0x2C,0x00,0x00,0x00,0x00
276.132600,0x06F,0,0,8,0x8D,0xE4,0xAF,0x44,0xFF,0x0D,0x30,0x80
276.134300,0x065,0,0,1,0x5B,0x00,0x00,0x00,0x00,0x00,0x00,0x00
276.134301,0x066,0,0,6,0x03,0x3F,0x0C,0x32,0x54,0x2D,0x00,0x00
276.134302,0x067,0,0,8,0xED,0x1C,0x8A,0x70,0xB4,0x33,0x6D,0x09
276.134303,0x068,0,0,4,0x71,0xF5,0x19,0x00,0x00,0x00,0x00,0x00
276.134304,0x06B,0,0,5,0xFD,0x51,0xA0,0x2B,0x00,0x00,0x00,0x00
276.330600,0x06F,0,0,8,0x91,0xDC,0x8F,0xC5,0x02,0xEE,0xAF,0x7E
276.331750,0x065,0,0,1,0x5B,0x00,0x00,0x00,0x00,0x00,0x00,0x00
276.331751,0x066,0,0,6,0x03,0x07,0x0D,0x32,0x54,0x2D,0x00,0x00
276.331752,0x067,0,0,8,0xC9,0x1C,0x8A,0x30,0xB3,0x33,0x6D,0x09
276.331753,0x068,0,0,4,0x6F,0xF5,0x19,0x00,0x00,0x00,0x00,0x00
276.331754,0x06B,0,0,5,0x11,0x52,0x00,0x2B,0x00,0x00,0x00,0x00
276.528600,0x06F,0,0,8,0x95,0xF4,0x0F,0x45,0xFF,0xF1,0xCF,0x7F
276.529600,0x065,0,0,1,0x5B,0x00,0x00,0x00,0x00,0x00,0x00,0x00
276.529601,0x066,0,0,6,0x03,0xCF,0x0D,0x32,0x54,0x2D,0x00,0x00
276.529602,0x067,0,0,8,0xA5,0x1C,0x8A,0xB0,0xB1,0x33,0x6D,0x09
276.529603,0x068,0,0,4,0x6F,0xF5,0x19,0x00,0x00,0x00,0x00,0x00
276.529604,0x06B,0,0,5,0x09,0x53,0xE0,0x32,0x00,0x00,0x00,0x00
276.726600,0x06F,0,0,8,0x8D,0xEC,0x2F,0x44,0xFF,0x05,0x10,0x80
276.925100,0x065,0,0,1,0x5B,0x00,0x00,0x00,0x00,0x00,0x00,0x00
276.925101,0x066,0,0,6,0x03,0x97,0x0E,0x32,0x54,0x2D,0x00,0x00
276.925102,0x067,0,0,8,0x81,0x1C,0x8A,0x50,0xB0,0x33,0x6D,0x09
276.925103,0x068,0,0,4,0x6F,0xF5,0x19,0x00,0x00,0x00,0x00,0x00
276.925104,0x06B,0,0,5,0x49,0x53,0xC0,0x2B,0x00,0x00,0x00,0x00
276.928000,0x06A,0,0,3,0xCB,0x02,0x00,0x00,0x00,0x00,0x00,0x00
276.928200,0x06F,0,0,8,0x97,0xEC,0x6F,0xC4,0xFF,0xD1,0xEF,0x7F
277.122850,0x065,0,0,1,0x5B,0x00,0x00,0x00,0x00,0x00,0x00,0x00
277.122851,0x066,0,0,6,0x03,0x5F,0x0F,0x32,0x54,0x2D,0x00,0x00
277.122852,0x067,0,0,8,0x5F,0x1C,0x8A,0xD0,0xAE,0x33,0x6D,0x09
277.122853,0x068,0,0,4,0x6D,0xF5,0x19,0x00,0x00,0x00,0x00,0x00
277.122854,0x06B,0,0,5,0x39,0x53,0xA0,0x2E,0x00,0x00,0x00,0x00
277.125450,0x06F,0,0,8,0x91,0x04,0xD0,0xC4,0xFF,0xCD,0xAF,0x7F
277.320850,0x065,0,0,1,0x5B,0x00,0x00,0x00,0x00,0x00,0x00,0x00
277.320851,0x066,0,0,6,0x03,0x27,0x10,0x32,0x54,0x2D,0x00,0x00
277.320852,0x067,0,0,8,0x3B,0x1C,0x8A,0x70,0xAD,0x33,0x6D,0x09
277.320853,0x068,0,0,4,0x6B,0xF5,0x19,0x00,0x00,0x00,0x00,0x00
277.320854,0x06B,0,0,5,0xDF,0x52,0x00,0x30,0x00,0x00,0x00,0x00
277.324100,0x06F,0,0,8,0x8F,0xDC,0x8F,0x44,0xFE,0x05,0x90,0x80
277.518850,0x065,0,0,1,0x5B,0x00,0x00,0x00,0x00,0x00,0x00,0x00
277.518851,0x066,0,0,6,0x03,0xEF,0x10,0x32,0x54,0x2D,0x00,0x00
277.518852,0x067,0,0,8,0x17,0x1C,0x8A,0xF0,0xAB,0x33,0x6D,0x09
277.518853,0x068,0,0,4,0x69,0xF5,0x19,0x00,0x00,0x00,0x00,0x00
277.518854,0x06B,0,0,5,0x71,0x54,0xA0,0x30,0x00,0x00,0x00,0x00
277.521400,0x06F,0,0,8,0x8D,0xDC,0x8F,0x44,0xFF,0x11,0xD0,0x7F
277.716900,0x065,0,0,1,0x5B,0x00,0x00,0x00,0x00,0x00,0x00,0x00
277.716901,0x066,0,0,6,0x03,0xB7,0x11,0x32,0x54,0x2D,0x00,0x00
277.716902,0x067,0,0,8,0xF3,0x1B,0x8A,0x90,0xAA,0x33,0x6D,0x09
277.716903,0x068,0,0,4,0x69,0xF5,0x19,0x00,0x00,0x00,0x00,0x00
277.716904,0x06B,0,0,5,0xEB,0x53,0x00,0x2C,0x00,0x00,0x00,0x00
277.720100,0x06F,0,0,8,0x89,0xCC,0x6F,0xC4,0xFF,0x25,0xB0,0x7F
277.914900,0x065,0,0,1,0x5B,0x00,0x00,0x00,0x00,0x00,0x00,0x00
277.914901,0x066,0,0,6,0x03,0x7F,0x12,0x32,0x54,0x2D,0x00,0x00
277.914902,0x067,0,0,8,0xCD,0x1B,0x8A,0x30,0xA9,0x33,0x6D,0x09
277.914903,0x068,0,0,4,0x67,0xF5,0x19,0x00,0x00,0x00,0x00,0x00
277.914904,0x06B,0,0,5,0xBF,0x54,0x80,0x2B,0x00,0x00,0x00,0x00
277.917200,0x06A,0,0,3,0xE1,0x02,0x00,0x00,0x00,0x00,0x00,0x00
277.918250,0x06F,0,0,8,0x8B,0xB4,0x6F,0xC4,0xFF,0x01,0x50,0x80
278.113100,0x065,0,0,1,0x5B,0x00,0x00,0x00,0x00,0x00,0x00,0x00
278.113101,0x066,0,0,6,0x03,0x47,0x13,0x32,0x54,0x2D,0x00,0x00
278.113102,0x067,0,0,8,0xA9,0x1B,0x8A,0xD0,0xA7,0x33,0x6D,0x09
278.113103,0x068,0,0,4,0x65,0xF5,0x19,0x00,0x00,0x00,0x00,0x00
278.113104,0x06B,0,0,5,0x61,0x53,0x60,0x2E,0x00,0x00,0x00,0x00
278.115450,0x06F,0,0,8,0x89,0x9C,0xCF,0x44,0x00,0xFE,0x6F,0x80
278.310900,0x065,0,0,1,0x53,0x00,0x00,0x00,0x00,0x00,0x00,0x00
278.310901,0x066,0,0,6,0x03,0x0F,0x14,0x32,0x54,0x2D,0x00,0x00
278.310902,0x067,0,0,8,0x85,0x1B,0x8A,0x90,0xA6,0x33,0x6D,0x09
278.310903,0x068,0,0,4,0x63,0xF5,0x19,0x00,0x00,0x00,0x00,0x00
278.310904,0x06B,0,0,5,0x37,0x51,0x40,0x2F,0x00,0x00,0x00,0x00
278.314100,0x06F,0,0,8,0x85,0x74,0xCF,0xC4,0x01,0xFE,0x6F,0x80
278.508900,0x065,0,0,1,0x53,0x00,0x00,0x00,0x00,0x00,0x00,0x00
278.508901,0x066,0,0,6,0x03,0xD7,0x14,0x32,0x54,0x2D,0x00,0x00
278.508902,0x067,0,0,8,0x63,0x1B,0x8A,0x50,0xA5,0x33,0x6D,0x09
278.508903,0x068,0,0,4,0x61,0xF5,0x19,0x00,0x00,0x00,0x00,0x00
278.508904,0x06B,0,0,5,0x65,0x4E,0x80,0x2F,0x00,0x00,0x00,0x00
278.511450,0x06F,0,0,8,0x83,0x6C,0xCF,0xC4,0xFF,0xF9,0x0F,0x80
278.706900,0x065,0,0,1,0x53,0x00,0x00,0x00,0x00,0x00,0x00,0x00
278.706901,0x066,0,0,6,0x03,0x9F,0x15,0x32,0x54,0x2D,0x00,0x00
278.706902,0x067,0,0,8,0x43,0x1B,0x8A,0x10,0xA4,0x33,0x6D,0x09
278.706903,0x068,0,0,4,0x61,0xF5,0x19,0x00,0x00,0x00,0x00,0x00
278.706904,0x06B,0,0,5,0xEF,0x4C,0x60,0x2E,0x00,0x00,0x00,0x00
278.710100,0x06F,0,0,8,0x85,0x64,0x8F,0xC4,0xFF,0x01,0x10,0x80
278.905100,0x065,0,0,1,0x53,0x00,0x00,0x00,0x00,0x00,0x00,0x00
278.905101,0x066,0,0,6,0x03,0x67,0x16,0x32,0x54,0x2D,0x00,0x00
278.905102,0x067,0,0,8,0x23,0x1B,0x8A,0xD0,0xA2,0x33,0x6D,0x09
278.905103,0x068,0,0,4,0x61,0xF5,0x19,0x00,0x00,0x00,0x00,0x00
278.905104,0x06B,0,0,5,0x79,0x49,0x00,0x2E,0x00,0x00,0x00,0x00
278.907450,0x06A,0,0,3,0xF5,0x02,0x00,0x00,0x00,0x00,0x00,0x00
278.907600,0x06F,0,0,8,0x89,0x5C,0x6F,0x44,0xFF,0x05,0x10,0x80
279.102900,0x065,0,0,1,0x53,0x00,0x00,0x00,0x00,0x00,0x00,0x00
279.102901,0x066,0,0,6,0x03,0x2F,0x17,0x32,0x54,0x2D,0x00,0x00
279.102902,0x067,0,0,8,0x03,0x1B,0x8A,0xB0,0xA1,0x33,0x6D,0x09
279.102903,0x068,0,0,4,0x61,0xF5,0x19,0x00,0x00,0x00,0x00,0x00
279.102904,0x06B,0,0,5,0x19,0x46,0x20,0x2F,0x00,0x00,0x00,0x00
279.106100,0x06F,0,0,8,0x89,0x4C,0x8F,0x44,0xFF,0xF9,0x0F,0x80
279.301100,0x065,0,0,1,0x4B,0x00,0x00,0x00,0x00,0x00,0x00,0x00
279.301101,0x066,0,0,6,0x03,0xF7,0x17,0x32,0x54,0x2D,0x00,0x00
279.301102,0x067,0,0,8,0xE7,0x1A,0x8A,0x90,0xA0,0x33,0x6D,0x09
279.301103,0x068,0,0,4,0x61,0xF5,0x19,0x00,0x00,0x00,0x00,0x00
279.301104,0x06B,0,0,5,0xA7,0x42,0xA0,0x2E,0x00,0x00,0x00,0x00
279.303450,0x06F,0,0,8,0x8B,0x8C,0x8F,0x44,0xFF,0x01,0x10,0x80
279.499100,0x065,0,0,1,0x4B,0x00,0x00,0x00,0x00,0x00,0x00,0x00
279.499101,0x066,0,0,6,0x03,0xBF,0x18,0x32,0x54,0x2D,0x00,0x00
279.499102,0x067,0,0,8,0xC9,0x1A,0x8A,0x90,0x9F,0x33,0x6D,0x09
279.499103,0x068,0,0,4,0x5F,0xF5,0x19,0x00,0x00,0x00,0x00,0x00
279.499104,0x06B,0,0,5,0x2D,0x40,0xC0,0x2D,0x00,0x00,0x00,0x00
279.501450,0x06F,0,0,8,0x87,0xCC,0x8F,0xC4,0xFF,0x05,0xB0,0x7F
279.696900,0x065,0,0,1,0x4B,0x00,0x00,0x00,0x00,0x00,0x00,0x00
279.696901,0x066,0,0,6,0x03,0x87,0x19,0x32,0x54,0x2D,0x00,0x00
279.696902,0x067,0,0,8,0xAD,0x1A,0x8A,0x90,0x9E,0x33,0x6D,0x09
279.696903,0x068,0,0,4,0x5F,0xF5,0x19,0x00,0x00,0x00,0x00,0x00
279.696904,0x06B,0,0,5,0x3B,0x3F,0xE0,0x2C,0x00,0x00,0x00,0x00
279.700100,0x06F,0,0,8,0x89,0xCC,0x8F,0x44,0xFF,0x0D,0x90,0x7F
279.895100,0x065,0,0,1,0x4B,0x00,0x00,0x00,0x00,0x00,0x00,0x00
279.895101,0x066,0,0,6,0x03,0x4F,0x1A,0x32,0x54,0x2D,0x00,0x00
279.895102,0x067,0,0,8,0x91,0x1A,0x8A,0x90,0x9D,0x33,0x6D,0x09
279.895103,0x068,0,0,4,0x5F,0xF5,0x19,0x00,0x00,0x00,0x00,0x00
279.895104,0x06B,0,0,5,0xEB,0x3D,0xE0,0x2B,0x00,0x00,0x00,0x00
279.897450,0x06A,0,0,3,0x05,0x03,0x00,0x00,0x00,0x00,0x00,0x00
279.897600,0x06F,0,0,8,0x87,0xD4,0x4F,0x44,0xFE,0xF1,0x0F,0x80
280.093100,0x065,0,0,1,0x4B,0x00,0x00,0x00,0x00,0x00,0x00,0x00
280.093101,0x066,0,0,6,0x03,0x17,0x1B,0x32,0x54,0x2D,0x00,0x00
280.093102,0x067,0,0,8,0x77,0x1A,0x8A,0x70,0x9C,0x33,0x6D,0x09
280.093103,0x068,0,0,4,0x5F,0xF5,0x19,0x00,0x00,0x00,0x00,0x00
280.093104,0x06B,0,0,5,0x01,0x3E,0x00,0x2B,0x00,0x00,0x00,0x00
280.096150,0x06F,0,0,8,0x8B,0x14,0x70,0x44,0xFF,0xF5,0x8F,0x7F
280.290900,0x065,0,0,1,0x4B,0x00,0x00,0x00,0x00,0x00,0x00,0x00
280.290901,0x066,0,0,6,0x03,0xDF,0x1B,0x32,0x54,0x2D,0x00,0x00
280.290902,0x067,0,0,8,0x59,0x1A,0x8A,0x70,0x9B,0x33,0x6D,0x09
280.290903,0x068,0,0,4,0x5D,0xF5,0x19,0x00,0x00,0x00,0x00,0x00
280.290904,0x06B,0,0,5,0x29,0x3F,0xA0,0x2A,0x00,0x00,0x00,0x00
280.293450,0x06F,0,0,8,0x8D,0x8C,0x50,0x44,0x01,0xF6,0xEF,0x7E
280.489150,0x065,0,0,1,0x4B,0x00,0x00,0x00,0x00,0x00,0x00,0x00
280.489151,0x066,0,0,6,0x03,0xA7,0x1C,0x32,0x54,0x2D,0x00,0x00
280.489152,0x067,0,0,8,0x3D,0x1A,0x8A,0x50,0x9A,0x33,0x6D,0x09
280.489153,0x068,0,0,4,0x5D,0xF5,0x19,0x00,0x00,0x00,0x00,0x00
280.489154,0x06B,0,0,5,0x17,0x42,0x40,0x29,0x00,0x00,0x00,0x00
280.492150,0x06F,0,0,8,0x8D,0xAC,0x70,0x44,0x00,0xFE,0x4F,0x7F
280.687150,0x065,0,0,1,0x53,0x00,0x00,0x00,0x00,0x00,0x00,0x00
280.687151,0x066,0,0,6,0x03,0x6F,0x1D,0x32,0x54,0x2D,0x00,0x00
280.687152,0x067,0,0,8,0x1D,0x1A,0x8A,0x30,0x99,0x33,0x6D,0x09
280.687153,0x068,0,0,4,0x5D,0xF5,0x19,0x00,0x00,0x00,0x00,0x00
280.687154,0x06B,0,0,5,0x69,0x47,0x80,0x27,0x00,0x00,0x00,0x00
280.689450,0x06F,0,0,8,0x8D,0xD4,0x70,0x44,0xFF,0xF5,0xAF,0x7F
280.884900,0x065,0,0,1,0x53,0x00,0x00,0x00,0x00,0x00,0x00,0x00
280.884901,0x066,0,0,6,0x03,0x37,0x1E,0x32,0x54,0x2D,0x00,0x00
280.884902,0x067,0,0,8,0xFB,0x19,0x8A,0xF0,0x97,0x33,0x6D,0x09
280.884903,0x068,0,0,4,0x5B,0xF5,0x19,0x00,0x00,0x00,0x00,0x00
280.884904,0x06B,0,0,5,0x73,0x4C,0x80,0x26,0x00,0x00,0x00,0x00
280.887900,0x06A,0,0,3,0x17,0x03,0x00,0x00,0x00,0x00,0x00,0x00
280.888300,0x06F,0,0,8,0x8D,0xD4,0x30,0xC4,0xFE,0xED,0xCF,0x7F
281.083150,0x065,0,0,1,0x53,0x00,0x00,0x00,0x00,0x00,0x00,0x00
281.083151,0x066,0,0,6,0x03,0xFF,0x1E,0x32,0x54,0x2D,0x00,0x00
281.083152,0x067,0,0,8,0xD7,0x19,0x8A,0x90,0x96,0x33,0x6D,0x09
281.083153,0x068,0,0,4,0x59,0xF5,0x19,0x00,0x00,0x00,0x00,0x00
281.083154,0x06B,0,0,5,0xA3,0x51,0xA0,0x26,0x00,0x00,0x00,0x00
281.086100,0x06F,0,0,8,0x8B,0xD4,0x50,0xC4,0xFF,0xF9,0x6F,0x7F
281.281150,0x065,0,0,1,0x53,0x00,0x00,0x00,0x00,0x00,0x00,0x00
281.281151,0x066,0,0,6,0x03,0xC7,0x1F,0x32,0x54,0x2D,0x00,0x00
281.281152,0x067,0,0,8,0xB1,0x19,0x8A,0x10,0x95,0x33,0x6D,0x09
281.281153,0x068,0,0,4,0x59,0xF5,0x19,0x00,0x00,0x00,0x00,0x00
281.281154,0x06B,0,0,5,0x11,0x57,0xA0,0x26,0x00,0x00,0x00,0x00
281.283500,0x06F,0,0,8,0x89,0xD4,0x70,0x44,0xFF,0xFD,0xCF,0x7F
281.479150,0x065,0,0,1,0x53,0x00,0x00,0x00,0x00,0x00,0x00,0x00
281.479151,0x066,0,0,6,0x03,0x8F,0x20,0x32,0x54,0x2D,0x00,0x00
281.479152,0x067,0,0,8,0x89,0x19,0x8A,0x90,0x93,0x33,0x6D,0x09
281.479153,0x068,0,0,4,0x59,0xF5,0x19,0x00,0x00,0x00,0x00,0x00
281.479154,0x06B,0,0,5,0xAD,0x5C,0x40,0x26,0x00,0x00,0x00,0x00
281.480000,0x06F,0,0,8,0x8B,0xDC,0x70,0x44,0xFF,0xF9,0xCF,0x7F
281.677150,0x065,0,0,1,0x53,0x00,0x00,0x00,0x00,0x00,0x00,0x00
281.677151,0x066,0,0,6,0x03,0x57,0x21,0x32,0x54,0x2D,0x00,0x00
281.677152,0x067,0,0,8,0x5D,0x19,0x8A,0xF0,0x91,0x33,0x6D,0x09
281.677153,0x068,0,0,4,0x59,0xF5,0x19,0x00,0x00,0x00,0x00,0x00
281.677154,0x06B,0,0,5,0x4F,0x62,0x60,0x26,0x00,0x00,0x00,0x00
281.679450,0x06F,0,0,8,0x8D,0xD4,0x30,0xC4,0xFE,0xE5,0x2F,0x80
281.875150,0x065,0,0,1,0x53,0x00,0x00,0x00,0x00,0x00,0x00,0x00
281.875151,0x066,0,0,6,0x03,0x1F,0x22,0x32,0x54,0x2D,0x00,0x00
281.875152,0x067,0,0,8,0x31,0x19,0x8A,0x50,0x90,0x33,0x6D,0x09
281.875153,0x068,0,0,4,0x59,0xF5,0x19,0x00,0x00,0x00,0x00,0x00
281.875154,0x06B,0,0,5,0x65,0x67,0x60,0x26,0x00,0x00,0x00,0x00
281.878150,0x06A,0,0,3,0x2F,0x03,0x00,0x00,0x00,0x00,0x00,0x00
281.878300,0x06F,0,0,8,0x91,0xCC,0x30,0x44,0xFF,0x05,0xD0,0x7F
282.073150,0x065,0,0,1,0x53,0x00,0x00,0x00,0x00,0x00,0x00,0x00
282.073151,0x066,0,0,6,0x03,0xE7,0x22,0x32,0x54,0x2D,0x00,0x00
282.073152,0x067,0,0,8,0x01,0x19,0x8A,0x90,0x8E,0x33,0x6D,0x09
282.073153,0x068,0,0,4,0x59,0xF5,0x19,0x00,0x00,0x00,0x00,0x00
282.073154,0x06B,0,0,5,0x8D,0x6D,0x80,0x26,0x00,0x00,0x00,0x00
282.075450,0x06F,0,0,8,0x93,0xBC,0x70,0x44,0xFF,0xED,0x2F,0x80
282.271150,0x065,0,0,1,0x53,0x00,0x00,0x00,0x00,0x00,0x00,0x00
282.271151,0x066,0,0,6,0x03,0xAF,0x23,0x32,0x54,0x2D,0x00,0x00
282.271152,0x067,0,0,8,0xCF,0x18,0x8A,0xB0,0x8C,0x33,0x6D,0x09
282.271153,0x068,0,0,4,0x59,0xF5,0x19,0x00,0x00,0x00,0x00,0x00
282.271154,0x06B,0,0,5,0xA7,0x72,0x80,0x25,0x00,0x00,0x00,0x00
282.274150,0x06F,0,0,8,0x85,0xC4,0x50,0x44,0xFF,0xFD,0xCF,0x7F
282.469150,0x065,0,0,1,0x53,0x00,0x00,0x00,0x00,0x00,0x00,0x00
282.469151,0x066,0,0,6,0x03,0x77,0x24,0x32,0x54,0x2D,0x00,0x00
282.469152,0x067,0,0,8,0x9B,0x18,0x8A,0xB0,0x8A,0x33,0x6D,0x09
282.469153,0x068,0,0,4,0x57,0xF5,0x19,0x00,0x00,0x00,0x00,0x00
282.469154,0x06B,0,0,5,0xEB,0x76,0x00,0x25,0x00,0x00,0x00,0x00
282.471500,0x06F,0,0,8,0x8B,0xA4,0x70,0xC4,0xFE,0x01,0xF0,0x7F
282.667150,0x065,0,0,1,0x53,0x00,0x00,0x00,0x00,0x00,0x00,0x00
282.667151,0x066,0,0,6,0x03,0x3F,0x25,0x32,0x54,0x2D,0x00,0x00
282.667152,0x067,0,0,8,0x67,0x18,0x8A,0x90,0x88,0x33,0x6D,0x09
282.667153,0x068,0,0,4,0x53,0xF5,0x19,0x00,0x00,0x00,0x00,0x00
282.667154,0x06B,0,0,5,0x55,0x7A,0xC0,0x24,0x00,0x00,0x00,0x00
282.667350,0x06F,0,0,8,0x8B,0xF4,0x4F,0x44,0xFA,0x11,0x90,0x81
282.864700,0x06F,0,0,8,0x8F,0xD4,0x4F,0x44,0xFD,0x01,0x10,0x80
282.865350,0x065,0,0,1,0x53,0x00,0x00,0x00,0x00,0x00,0x00,0x00
282.865351,0x066,0,0,6,0x03,0x07,0x26,0x32,0x54,0x2D,0x00,0x00
282.865352,0x067,0,0,8,0x31,0x18,0x8A,0x90,0x86,0x33,0x6D,0x09
282.865353,0x068,0,0,4,0x51,0xF5,0x19,0x00,0x00,0x00,0x00,0x00
282.865354,0x06B,0,0,5,0x99,0x7B,0x00,0x24,0x00,0x00,0x00,0x00
282.868300,0x06A,0,0,3,0x4D,0x03,0x00,0x00,0x00,0x00,0x00,0x00
283.063150,0x065,0,0,1,0x53,0x00,0x00,0x00,0x00,0x00,0x00,0x00
283.063151,0x066,0,0,6,0x03,0xCF,0x26,0x32,0x54,0x2D,0x00,0x00
283.063152,0x067,0,0,8,0xFD,0x17,0x8A,0x90,0x84,0x33,0x6D,0x09
283.063153,0x068,0,0,4,0x53,0xF5,0x19,0x00,0x00,0x00,0x00,0x00
283.063154,0x06B,0,0,5,0xBF,0x7A,0xC0,0x24,0x00,0x00,0x00,0x00
283.065500,0x06F,0,0,8,0x8F,0x64,0x4F,0x44,0xFC,0x0D,0x90,0x80
283.261150,0x065,0,0,1,0x53,0x00,0x00,0x00,0x00,0x00,0x00,0x00
283.261151,0x066,0,0,6,0x03,0x97,0x27,0x32,0x54,0x2D,0x00,0x00
283.261152,0x067,0,0,8,0xC9,0x17,0x8A,0x70,0x82,0x33,0x6D,0x09
283.261153,0x068,0,0,4,0x51,0xF5,0x11,0x00,0x00,0x00,0x00,0x00
283.261154,0x06B,0,0,5,0xD7,0x78,0x60,0x24,0x00,0x00,0x00,0x00
283.264150,0x06F,0,0,8,0x8D,0x4C,0x8F,0xC4,0xFD,0x15,0x90,0x7F
283.459150,0x065,0,0,1,0x4B,0x00,0x00,0x00,0x00,0x00,0x00,0x00
283.459151,0x066,0,0,6,0x03,0x5F,0x28,0x32,0x54,0x2D,0x00,0x00
283.459152,0x067,0,0,8,0x97,0x17,0x8A,0x90,0x80,0x33,0x6D,0x09
283.459153,0x068,0,0,4,0x51,0xF5,0x11,0x00,0x00,0x00,0x00,0x00
283.459154,0x06B,0,0,5,0xAB,0x74,0x80,0x25,0x00,0x00,0x00,0x00
283.461500,0x06F,0,0,8,0x89,0x2C,0x4F,0xC4,0xFD,0xED,0x2F,0x80
283.657150,0x065,0,0,1,0x4B,0x00,0x00,0x00,0x00,0x00,0x00,0x00
283.657151,0x066,0,0,6,0x03,0x27,0x29,0x32,0x54,0x2D,0x00,0x00
283.657152,0x067,0,0,8,0x65,0x17,0x8A,0xB0,0x7E,0x33,0x6D,0x09
283.657153,0x068,0,0,4,0x51,0xF5,0x11,0x00,0x00,0x00,0x00,0x00
283.657154,0x06B,0,0,5,0x95,0x71,0x60,0x28,0x00,0x00,0x00,0x00
283.660150,0x06F,0,0,8,0x85,0x0C,0xAF,0x44,0xFD,0x21,0x30,0x80
283.854700,0x06F,0,0,8,0x85,0xFC,0x0E,0x44,0xFE,0x0D,0x10,0x80
283.855300,0x065,0,0,1,0x4B,0x00,0x00,0x00,0x00,0x00,0x00,0x00
283.855301,0x066,0,0,6,0x03,0xEF,0x29,0x32,0x54,0x2D,0x00,0x00
283.855302,0x067,0,0,8,0x37,0x17,0x8A,0xD0,0x7C,0x33,0x6D,0x09
283.855303,0x068,0,0,4,0x51,0xF5,0x11,0x00,0x00,0x00,0x00,0x00
283.855304,0x06B,0,0,5,0x8D,0x6D,0xE0,0x28,0x00,0x00,0x00,0x00
283.857650,0x06A,0,0,3,0x6B,0x03,0x00,0x00,0x00,0x00,0x00,0x00
284.052650,0x06F,0,0,8,0x8B,0xFC,0x8E,0x44,0xFF,0x01,0x90,0x7F
284.053350,0x065,0,0,1,0x4B,0x00,0x00,0x00,0x00,0x00,0x00,0x00
284.053351,0x066,0,0,6,0x03,0xB7,0x2A,0x32,0x54,0x2D,0x00,0x00
284.053352,0x067,0,0,8,0x09,0x17,0x8A,0x10,0x7B,0x33,0x6D,0x09
284.053353,0x068,0,0,4,0x51,0xF5,0x11,0x00,0x00,0x00,0x00,0x00
284.053354,0x06B,0,0,5,0x7D,0x67,0xA0,0x28,0x00,0x00,0x00,0x00
284.251200,0x065,0,0,1,0x4B,0x00,0x00,0x00,0x00,0x00,0x00,0x00
284.251201,0x066,0,0,6,0x03,0x7F,0x2B,0x32,0x54,0x2D,0x00,0x00
284.251202,0x067,0,0,8,0xDF,0x16,0x8A,0x50,0x79,0x33,0x6D,0x09
284.251203,0x068,0,0,4,0x4F,0xF5,0x11,0x00,0x00,0x00,0x00,0x00
284.251204,0x06B,0,0,5,0x5F,0x62,0x80,0x28,0x00,0x00,0x00,0x00
284.254100,0x06F,0,0,8,0x8D,0xFC,0xCE,0x44,0xFE,0x1D,0x10,0x80
284.449200,0x065,0,0,1,0x4B,0x00,0x00,0x00,0x00,0x00,0x00,0x00
284.449201,0x066,0,0,6,0x03,0x47,0x2C,0x32,0x54,0x2D,0x00,0x00
284.449202,0x067,0,0,8,0xB7,0x16,0x8A,0xB0,0x77,0x33,0x6D,0x09
284.449203,0x068,0,0,4,0x4D,0xF5,0x11,0x00,0x00,0x00,0x00,0x00
284.449204,0x06B,0,0,5,0xAF,0x5D,0x40,0x31,0x00,0x00,0x00,0x00
284.449400,0x06F,0,0,8,0x71,0xF4,0x8E,0x44,0xFD,0x1D,0xF0,0x80
284.646700,0x06F,0,0,8,0x8B,0xE4,0x0E,0xC4,0xFE,0x89,0x6F,0x80
284.647350,0x065,0,0,1,0x4B,0x00,0x00,0x00,0x00,0x00,0x00,0x00
284.647351,0x066,0,0,6,0x03,0x0F,0x2D,0x32,0x54,0x2D,0x00,0x00
284.647352,0x067,0,0,8,0x91,0x16,0x8A,0x30,0x76,0x33,0x6D,0x09
284.647353,0x068,0,0,4,0x4B,0xF5,0x11,0x00,0x00,0x00,0x00,0x00
284.647354,0x06B,0,0,5,0x01,0x5A,0x00,0x37,0x00,0x00,0x00,0x00
284.845200,0x065,0,0,1,0x4B,0x00,0x00,0x00,0x00,0x00,0x00,0x00
284.845201,0x066,0,0,6,0x03,0xD7,0x2D,0x32,0x54,0x2D,0x00,0x00
284.845202,0x067,0,0,8,0x6F,0x16,0x8A,0xD0,0x74,0x33,0x6D,0x09
284.845203,0x068,0,0,4,0x4D,0xF5,0x11,0x00,0x00,0x00,0x00,0x00
284.845204,0x06B,0,0,5,0xA9,0x52,0x00,0x2C,0x00,0x00,0x00,0x00
284.847400,0x06A,0,0,3,0x83,0x03,0x00,0x00,0x00,0x00,0x00,0x00
284.847550,0x06F,0,0,8,0x7D,0x7C,0x4F,0x44,0xFF,0xAD,0x8F,0x7F
285.042700,0x06F,0,0,8,0x8D,0xCC,0x2F,0xC4,0xFF,0x01,0x50,0x7F
285.043350,0x065,0,0,1,0x4B,0x00,0x00,0x00,0x00,0x00,0x00,0x00
285.043351,0x066,0,0,6,0x03,0x9F,0x2E,0x32,0x54,0x2D,0x00,0x00
285.043352,0x067,0,0,8,0x4D,0x16,0x8A,0x70,0x73,0x33,0x6D,0x09
285.043353,0x068,0,0,4,0x4D,0xF5,0x11,0x00,0x00,0x00,0x00,0x00
285.043354,0x06B,0,0,5,0xED,0x4F,0x40,0x2C,0x00,0x00,0x00,0x00
285.240700,0x06F,0,0,8,0x87,0xD4,0x2F,0x44,0xFE,0xED,0xEF,0x7F
285.241350,0x065,0,0,1,0x4B,0x00,0x00,0x00,0x00,0x00,0x00,0x00
285.241351,0x066,0,0,6,0x03,0x67,0x2F,0x32,0x54,0x2D,0x00,0x00
285.241352,0x067,0,0,8,0x2B,0x16,0x8A,0x30,0x72,0x33,0x6D,0x09
285.241353,0x068,0,0,4,0x4D,0xF5,0x11,0x00,0x00,0x00,0x00,0x00
285.241354,0x06B,0,0,5,0xA3,0x4F,0xC0,0x2A,0x00,0x00,0x00,0x00
285.438700,0x06F,0,0,8,0x91,0xF4,0x4F,0xC4,0xFF,0xED,0x4F,0x7F
285.440000,0x065,0,0,1,0x4B,0x00,0x00,0x00,0x00,0x00,0x00,0x00
285.440001,0x066,0,0,6,0x03,0x2F,0x30,0x32,0x54,0x2D,0x00,0x00
285.440002,0x067,0,0,8,0x07,0x16,0x8A,0xF0,0x70,0x33,0x6D,0x09
285.440003,0x068,0,0,4,0x4D,0xF5,0x11,0x00,0x00,0x00,0x00,0x00
285.440004,0x06B,0,0,5,0xA5,0x4F,0x20,0x2B,0x00,0x00,0x00,0x00
285.637200,0x065,0,0,1,0x4B,0x00,0x00,0x00,0x00,0x00,0x00,0x00
285.637201,0x066,0,0,6,0x03,0xF7,0x30,0x32,0x54,0x2D,0x00,0x00
285.637202,0x067,0,0,8,0xE5,0x15,0x8A,0x70,0x6F,0x33,0x6D,0x09
285.637203,0x068,0,0,4,0x4B,0xF5,0x11,0x00,0x00,0x00,0x00,0x00
285.637204,0x06B,0,0,5,0x0D,0x50,0xE0,0x2A,0x00,0x00,0x00,0x00
285.637400,0x06F,0,0,8,0x8D,0x74,0x50,0x44,0x00,0x0A,0xD0,0x7E
285.834700,0x06F,0,0,8,0x8B,0x9C,0xF0,0x43,0x00,0x1E,0x10,0x7F
285.835350,0x065,0,0,1,0x4B,0x00,0x00,0x00,0x00,0x00,0x00,0x00
285.835351,0x066,0,0,6,0x03,0xBF,0x31,0x32,0x54,0x2D,0x00,0x00
285.835352,0x067,0,0,8,0xC1,0x15,0x8A,0x10,0x6E,0x33,0x6D,0x09
285.835353,0x068,0,0,4,0x4B,0xF5,0x11,0x00,0x00,0x00,0x00,0x00
285.835354,0x06B,0,0,5,0x29,0x53,0xC0,0x2A,0x00,0x00,0x00,0x00
285.837750,0x06A,0,0,3,0x97,0x03,0x00,0x00,0x00,0x00,0x00,0x00
286.032700,0x06F,0,0,8,0x8D,0xC4,0x30,0xC4,0x00,0x12,0x30,0x7F
286.033350,0x065,0,0,1,0x4B,0x00,0x00,0x00,0x00,0x00,0x00,0x00
286.033351,0x066,0,0,6,0x03,0x87,0x32,0x32,0x54,0x2D,0x00,0x00
286.033352,0x067,0,0,8,0x9B,0x15,0x8A,0x90,0x6C,0x33,0x6D,0x09
286.033353,0x068,0,0,4,0x4B,0xF5,0x11,0x00,0x00,0x00,0x00,0x00
286.033354,0x06B,0,0,5,0xAB,0x57,0xE0,0x2A,0x00,0x00,0x00,0x00
286.230700,0x06F,0,0,8,0x8F,0xD4,0x70,0x44,0x00,0xFE,0x8F,0x7F
286.231350,0x065,0,0,1,0x4B,0x00,0x00,0x00,0x00,0x00,0x00,0x00
286.231351,0x066,0,0,6,0x03,0x4F,0x33,0x32,0x54,0x2D,0x00,0x00
286.231352,0x067,0,0,8,0x73,0x15,0x8A,0x10,0x6B,0x33,0x6D,0x09
286.231353,0x068,0,0,4,0x4B,0xF5,0x11,0x00,0x00,0x00,0x00,0x00
286.231354,0x06B,0,0,5,0xA3,0x5C,0xE0,0x2A,0x00,0x00,0x00,0x00
286.428700,0x06F,0,0,8,0x8B,0xD4,0x70,0x44,0xFF,0xFD,0x0F,0x80
286.429350,0x065,0,0,1,0x4B,0x00,0x00,0x00,0x00,0x00,0x00,0x00
286.429351,0x066,0,0,6,0x03,0x17,0x34,0x32,0x54,0x2D,0x00,0x00
286.429352,0x067,0,0,8,0x49,0x15,0x8A,0x50,0x69,0x33,0x6D,0x09
286.429353,0x068,0,0,4,0x4D,0xF5,0x11,0x00,0x00,0x00,0x00,0x00
286.429354,0x06B,0,0,5,0xB5,0x63,0xC0,0x2A,0x00,0x00,0x00,0x00
286.626700,0x06F,0,0,8,0x89,0xCC,0x30,0xC4,0xFE,0x09,0x30,0x80
286.627350,0x065,0,0,1,0x4B,0x00,0x00,0x00,0x00,0x00,0x00,0x00
286.627351,0x066,0,0,6,0x03,0xDF,0x34,0x32,0x54,0x2D,0x00,0x00
286.627352,0x067,0,0,8,0x1B,0x15,0x8A,0x90,0x67,0x33,0x6D,0x09
286.627353,0x068,0,0,4,0x4D,0xF5,0x11,0x00,0x00,0x00,0x00,0x00
286.627354,0x06B,0,0,5,0x5F,0x68,0xC0,0x2A,0x00,0x00,0x00,0x00
286.824700,0x06F,0,0,8,0x83,0xC4,0x10,0x44,0xFF,0xFD,0x0F,0x80
286.825350,0x065,0,0,1,0x4B,0x00,0x00,0x00,0x00,0x00,0x00,0x00
286.825351,0x066,0,0,6,0x03,0xA7,0x35,0x32,0x54,0x2D,0x00,0x00
286.825352,0x067,0,0,8,0xED,0x14,0x8A,0xB0,0x65,0x33,0x6D,0x09
286.825353,0x068,0,0,4,0x4D,0xF5,0x11,0x00,0x00,0x00,0x00,0x00
286.825354,0x06B,0,0,5,0x15,0x6E,0x40,0x29,0x00,0x00,0x00,0x00
286.828450,0x06A,0,0,3,0xB1,0x03,0x00,0x00,0x00,0x00,0x00,0x00
287.022750,0x06F,0,0,8,0x8D,0x2C,0x50,0x44,0xFD,0x05,0x10,0x81
287.023400,0x065,0,0,1,0x4B,0x00,0x00,0x00,0x00,0x00,0x00,0x00
287.023401,0x066,0,0,6,0x03,0x6F,0x36,0x32,0x54,0x2D,0x00,0x00
287.023402,0x067,0,0,8,0xBD,0x14,0x8A,0x90,0x63,0x33,0x6D,0x09
287.023403,0x068,0,0,4,0x4B,0xF5,0x11,0x00,0x00,0x00,0x00,0x00
287.023404,0x06B,0,0,5,0x1D,0x72,0x00,0x29,0x00,0x00,0x00,0x00
287.220750,0x06F,0,0,8,0x8D,0xD4,0x6F,0x44,0xFD,0xED,0x4F,0x80
287.221600,0x065,0,0,1,0x4B,0x00,0x00,0x00,0x00,0x00,0x00,0x00
287.221601,0x066,0,0,6,0x03,0x37,0x37,0x32,0x54,0x2D,0x00,0x00
287.221602,0x067,0,0,8,0x8B,0x14,0x8A,0x90,0x61,0x33,0x6D,0x09
287.221603,0x068,0,0,4,0x49,0xF5,0x11,0x00,0x00,0x00,0x00,0x00
287.221604,0x06B,0,0,5,0xF9,0x73,0xC0,0x32,0x00,0x00,0x00,0x00
287.418750,0x06F,0,0,8,0x89,0xDC,0x4F,0xC4,0xFD,0x05,0x30,0x80
287.419350,0x065,0,0,1,0x4B,0x00,0x00,0x00,0x00,0x00,0x00,0x00
287.419351,0x066,0,0,6,0x03,0xFF,0x37,0x32,0x54,0x2D,0x00,0x00
287.419352,0x067,0,0,8,0x59,0x14,0x8A,0x90,0x5F,0x33,0x6D,0x09
287.419353,0x068,0,0,4,0x49,0xF5,0x11,0x00,0x00,0x00,0x00,0x00
287.419354,0x06B,0,0,5,0x5F,0x74,0x00,0x37,0x00,0x00,0x00,0x00
287.616750,0x06F,0,0,8,0x89,0xD4,0x6F,0x44,0xFF,0x05,0xB0,0x7F
287.617350,0x065,0,0,1,0x4B,0x00,0x00,0x00,0x00,0x00,0x00,0x00
287.617351,0x066,0,0,6,0x03,0xC7,0x38,0x32,0x54,0x2D,0x00,0x00
287.617352,0x067,0,0,8,0x27,0x14,0x8A,0x90,0x5D,0x33,0x6D,0x09
287.617353,0x068,0,0,4,0x47,0xF5,0x11,0x00,0x00,0x00,0x00,0x00
287.617354,0x06B,0,0,5,0xB1,0x74,0xC0,0x38,0x00,0x00,0x00,0x00
287.814750,0x06F,0,0,8,0x8F,0xD4,0x6F,0xC5,0xFE,0x45,0x10,0x80
287.815350,0x065,0,0,1,0x4B,0x00,0x00,0x00,0x00,0x00,0x00,0x00
287.815351,0x066,0,0,6,0x03,0x8F,0x39,0x32,0x54,0x2D,0x00,0x00
287.815352,0x067,0,0,8,0xF5,0x13,0x8A,0x70,0x5B,0x33,0x6D,0x09
287.815353,0x068,0,0,4,0x47,0xF5,0x11,0x00,0x00,0x00,0x00,0x00
287.815354,0x06B,0,0,5,0x9B,0x75,0x20,0x3C,0x00,0x00,0x00,0x00
287.818550,0x06A,0,0,3,0xCF,0x03,0x00,0x00,0x00,0x00,0x00,0x00
288.012750,0x06F,0,0,8,0x93,0xD4,0xCF,0xC4,0x01,0xFE,0x6F,0x7E
288.013500,0x065,0,0,1,0x4B,0x00,0x00,0x00,0x00,0x00,0x00,0x00
288.013501,0x066,0,0,6,0x03,0x57,0x3A,0x32,0x54,0x2D,0x00,0x00
288.013502,0x067,0,0,8,0xC3,0x13,0x8A,0x70,0x59,0x33,0x6D,0x09
288.013503,0x068,0,0,4,0x47,0xF5,0x11,0x00,0x00,0x00,0x00,0x00
288.013504,0x06B,0,0,5,0x99,0x73,0x20,0x3D,0x00,0x00,0x00,0x00
288.210700,0x06F,0,0,8,0x89,0x4C,0x6F,0x44,0xFD,0xC9,0x4F,0x81
288.211400,0x065,0,0,1,0x4B,0x00,0x00,0x00,0x00,0x00,0x00,0x00
288.211401,0x066,0,0,6,0x03,0x1F,0x3B,0x32,0x54,0x2D,0x00,0x00
288.211402,0x067,0,0,8,0x93,0x13,0x8A,0x70,0x57,0x33,0x6D,0x09
288.211403,0x068,0,0,4,0x45,0xF5,0x11,0x00,0x00,0x00,0x00,0x00
288.211404,0x06B,0,0,5,0x01,0x72,0x80,0x43,0x00,0x00,0x00,0x00
288.408750,0x06F,0,0,8,0x87,0xFC,0x6E,0xC4,0xFD,0xED,0x8F,0x80
288.409600,0x065,0,0,1,0x4B,0x00,0x00,0x00,0x00,0x00,0x00,0x00
288.409601,0x066,0,0,6,0x03,0xE7,0x3B,0x32,0x54,0x2D,0x00,0x00
288.409602,0x067,0,0,8,0x63,0x13,0x8A,0x90,0x55,0x33,0x6D,0x09
288.409603,0x068,0,0,4,0x47,0xF5,0x11,0x00,0x00,0x00,0x00,0x00
288.409604,0x06B,0,0,5,0x65,0x70,0x60,0x47,0x00,0x00,0x00,0x00
288.606750,0x06F,0,0,8,0x87,0xE4,0x8E,0xC4,0xFE,0x19,0x30,0x80
288.608050,0x065,0,0,1,0x4B,0x00,0x00,0x00,0x00,0x00,0x00,0x00
288.608051,0x066,0,0,6,0x03,0xAF,0x3C,0x32,0x54,0x2D,0x00,0x00
288.608052,0x067,0,0,8,0x35,0x13,0x8A,0xB0,0x53,0x33,0x6D,0x09
288.608053,0x068,0,0,4,0x49,0xF5,0x11,0x00,0x00,0x00,0x00,0x00
288.608054,0x06B,0,0,5,0xE5,0x6E,0xA0,0x47,0x00,0x00,0x00,0x00
288.804750,0x06F,0,0,8,0x83,0xE4,0xCE,0x44,0xFE,0x21,0x10,0x80
288.805400,0x065,0,0,1,0x4B,0x00,0x00,0x00,0x00,0x00,0x00,0x00
288.805401,0x066,0,0,6,0x03,0x77,0x3D,0x32,0x54,0x2D,0x00,0x00
288.805402,0x067,0,0,8,0x05,0x13,0x8A,0x10,0x52,0x33,0x6D,0x09
288.805403,0x068,0,0,4,0x49,0xF5,0x11,0x00,0x00,0x00,0x00,0x00
288.805404,0x06B,0,0,5,0x97,0x6B,0x60,0x4A,0x00,0x00,0x00,0x00
288.808450,0x06A,0,0,3,0xEB,0x03,0x00,0x00,0x00,0x00,0x00,0x00
289.002750,0x06F,0,0,8,0x87,0xDC,0xEE,0x44,0xFF,0x29,0xD0,0x7F
289.003400,0x065,0,0,1,0x4B,0x00,0x00,0x00,0x00,0x00,0x00,0x00
289.003401,0x066,0,0,6,0x03,0x3F,0x3E,0x32,0x54,0x2D,0x00,0x00
289.003402,0x067,0,0,8,0xDF,0x12,0x8A,0x70,0x50,0x33,0x6D,0x09
289.003403,0x068,0,0,4,0x47,0xF5,0x11,0x00,0x00,0x00,0x00,0x00
289.003404,0x06B,0,0,5,0x67,0x64,0xC0,0x4A,0x00,0x00,0x00,0x00
289.200750,0x06F,0,0,8,0x89,0xDC,0x8E,0xC4,0xFE,0xFD,0xEF,0x7F
289.201550,0x065,0,0,1,0x4B,0x00,0x00,0x00,0x00,0x00,0x00,0x00
289.201551,0x066,0,0,6,0x03,0x07,0x3F,0x32,0x54,0x2D,0x00,0x00
289.201552,0x067,0,0,8,0xB9,0x12,0x8A,0xF0,0x4E,0x33,0x6D,0x09
289.201553,0x068,0,0,4,0x47,0xF5,0x11,0x00,0x00,0x00,0x00,0x00
289.201554,0x06B,0,0,5,0x2B,0x5F,0x20,0x4A,0x00,0x00,0x00,0x00
289.398750,0x06F,0,0,8,0x87,0x04,0x8F,0xC4,0xFD,0xED,0x4F,0x80
289.399400,0x065,0,0,1,0x4B,0x00,0x00,0x00,0x00,0x00,0x00,0x00
289.399401,0x066,0,0,6,0x03,0xCF,0x3F,0x32,0x54,0x2D,0x00,0x00
289.399402,0x067,0,0,8,0x95,0x12,0x8A,0x90,0x4D,0x33,0x6D,0x09
289.399403,0x068,0,0,4,0x49,0xF5,0x11,0x00,0x00,0x00,0x00,0x00
289.399404,0x06B,0,0,5,0xA7,0x58,0xE0,0x49,0x00,0x00,0x00,0x00
289.596750,0x06F,0,0,8,0x8D,0x3C,0x8F,0x44,0xFF,0x15,0x70,0x7F
289.597650,0x065,0,0,1,0x4B,0x00,0x00,0x00,0x00,0x00,0x00,0x00
289.597651,0x066,0,0,6,0x03,0x97,0x40,0x32,0x54,0x2D,0x00,0x00
289.597652,0x067,0,0,8,0x73,0x12,0x8A,0x30,0x4C,0x33,0x6D,0x09
289.597653,0x068,0,0,4,0x4B,0xF5,0x11,0x00,0x00,0x00,0x00,0x00
289.597654,0x06B,0,0,5,0x91,0x54,0x80,0x49,0x00,0x00,0x00,0x00
289.794750,0x06F,0,0,8,0x89,0x6C,0xAF,0x44,0x00,0x12,0x10,0x7F
289.795600,0x065,0,0,1,0x4B,0x00,0x00,0x00,0x00,0x00,0x00,0x00
289.795601,0x066,0,0,6,0x03,0x5F,0x41,0x32,0x54,0x2D,0x00,0x00
289.795602,0x067,0,0,8,0x55,0x12,0x8A,0xD0,0x4A,0x33,0x6D,0x09
289.795603,0x068,0,0,4,0x4B,0xF5,0x11,0x00,0x00,0x00,0x00,0x00
289.795604,0x06B,0,0,5,0x41,0x4F,0x80,0x49,0x00,0x00,0x00,0x00
289.797950,0x06A,0,0,3,0x01,0x04,0x00,0x00,0x00,0x00,0x00,0x00
289.992750,0x06F,0,0,8,0x8D,0xA4,0x8F,0xC4,0xFE,0x01,0xB0,0x7F
289.994100,0x065,0,0,1,0x53,0x00,0x00,0x00,0x00,0x00,0x00,0x00
289.994101,0x066,0,0,6,0x03,0x27,0x42,0x32,0x54,0x2D,0x00,0x00
289.994102,0x067,0,0,8,0x37,0x12,0x8A,0x90,0x49,0x33,0x6D,0x09
289.994103,0x068,0,0,4,0x4B,0xF5,0x11,0x00,0x00,0x00,0x00,0x00
289.994104,0x06B,0,0,5,0x99,0x4A,0x80,0x49,0x00,0x00,0x00,0x00
290.190750,0x06F,0,0,8,0x87,0xCC,0x2F,0x44,0xFF,0x01,0x50,0x7F
290.191550,0x065,0,0,1,0x53,0x00,0x00,0x00,0x00,0x00,0x00,0x00
290.191551,0x066,0,0,6,0x03,0xEF,0x42,0x32,0x54,0x2D,0x00,0x00
290.191552,0x067,0,0,8,0x19,0x12,0x8A,0x70,0x48,0x33,0x6D,0x09
290.191553,0x068,0,0,4,0x4D,0xF5,0x19,0x00,0x00,0x00,0x00,0x00
290.191554,0x06B,0,0,5,0x41,0x48,0xA0,0x48,0x00,0x00,0x00,0x00
290.388750,0x06F,0,0,8,0x8B,0xCC,0x4F,0x44,0xFD,0xFD,0xEF,0x7F
290.389550,0x065,0,0,1,0x53,0x00,0x00,0x00,0x00,0x00,0x00,0x00
290.389551,0x066,0,0,6,0x03,0xB7,0x43,0x32,0x54,0x2D,0x00,0x00
290.389552,0x067,0,0,8,0xFD,0x11,0x8A,0x30,0x47,0x33,0x6D,0x09
290.389553,0x068,0,0,4,0x4D,0xF5,0x19,0x00,0x00,0x00,0x00,0x00
290.389554,0x06B,0,0,5,0x47,0x47,0x40,0x47,0x00,0x00,0x00,0x00
290.586750,0x06F,0,0,8,0x8B,0xD4,0x6F,0xC4,0xFD,0xED,0xEF,0x7F
290.587750,0x065,0,0,1,0x53,0x00,0x00,0x00,0x00,0x00,0x00,0x00
290.587751,0x066,0,0,6,0x03,0x7F,0x44,0x32,0x54,0x2D,0x00,0x00
290.587752,0x067,0,0,8,0xDF,0x11,0x8A,0xF0,0x45,0x33,0x6D,0x09
290.587753,0x068,0,0,4,0x49,0xF5,0x19,0x00,0x00,0x00,0x00,0x00
290.587754,0x06B,0,0,5,0x1B,0x46,0x60,0x46,0x00,0x00,0x00,0x00
290.784750,0x06F,0,0,8,0x8D,0xD4,0x2F,0x44,0xFF,0x0D,0x30,0x7F
290.785650,0x065,0,0,1,0x53,0x00,0x00,0x00,0x00,0x00,0x00,0x00
290.785651,0x066,0,0,6,0x03,0x47,0x45,0x32,0x54,0x2D,0x00,0x00
290.785652,0x067,0,0,8,0xC3,0x11,0x8A,0xB0,0x44,0x33,0x6D,0x09
290.785653,0x068,0,0,4,0x4B,0xF5,0x19,0x00,0x00,0x00,0x00,0x00
290.785654,0x06B,0,0,5,0xC3,0x45,0x60,0x45,0x00,0x00,0x00,0x00
290.787950,0x06A,0,0,3,0x13,0x04,0x00,0x00,0x00,0x00,0x00,0x00
290.982750,0x06F,0,0,8,0x87,0xEC,0x2F,0xC4,0xFE,0x11,0x50,0x7F
290.983650,0x065,0,0,1,0x53,0x00,0x00,0x00,0x00,0x00,0x00,0x00
290.983651,0x066,0,0,6,0x03,0x0F,0x46,0x32,0x54,0x2D,0x00,0x00
290.983652,0x067,0,0,8,0xA5,0x11,0x8A,0x70,0x43,0x33,0x6D,0x09
290.983653,0x068,0,0,4,0x4D,0xF5,0x19,0x00,0x00,0x00,0x00,0x00
290.983654,0x06B,0,0,5,0x9B,0x45,0x80,0x46,0x00,0x00,0x00,0x00
291.180800,0x06F,0,0,8,0x8B,0xF4,0xEF,0xC3,0xFD,0xCD,0x6F,0x80
291.181450,0x065,0,0,1,0x53,0x00,0x00,0x00,0x00,0x00,0x00,0x00
291.181451,0x066,0,0,6,0x03,0xD7,0x46,0x32,0x54,0x2D,0x00,0x00
291.181452,0x067,0,0,8,0x87,0x11,0x8A,0x50,0x42,0x33,0x6D,0x09
291.181453,0x068,0,0,4,0x4F,0xF5,0x19,0x00,0x00,0x00,0x00,0x00
291.181454,0x06B,0,0,5,0x69,0x45,0x00,0x47,0x00,0x00,0x00,0x00
291.378800,0x06F,0,0,8,0x8D,0xF4,0x4F,0xC4,0xFC,0xF9,0xCF,0x80
291.379550,0x065,0,0,1,0x5B,0x00,0x00,0x00,0x00,0x00,0x00,0x00
291.379551,0x066,0,0,6,0x03,0x9F,0x47,0x32,0x54,0x2D,0x00,0x00
291.379552,0x067,0,0,8,0x6B,0x11,0x8A,0x10,0x41,0x33,0x6D,0x09
291.379553,0x068,0,0,4,0x4F,0xF5,0x19,0x00,0x00,0x00,0x00,0x00
291.379554,0x06B,0,0,5,0x1D,0x45,0x20,0x46,0x00,0x00,0x00,0x00
291.576800,0x06F,0,0,8,0x8B,0xE4,0x4F,0xC4,0x00,0x0A,0x50,0x7F
291.577550,0x065,0,0,1,0x5B,0x00,0x00,0x00,0x00,0x00,0x00,0x00
291.577551,0x066,0,0,6,0x03,0x67,0x48,0x32,0x54,0x2D,0x00,0x00
291.577552,0x067,0,0,8,0x4D,0x11,0x8A,0xD0,0x3F,0x33,0x6D,0x09
291.577553,0x068,0,0,4,0x4D,0xF5,0x19,0x00,0x00,0x00,0x00,0x00
291.577554,0x06B,0,0,5,0x29,0x45,0x80,0x44,0x00,0x00,0x00,0x00
291.774800,0x06F,0,0,8,0x89,0xEC,0xEF,0x43,0x01,0xD6,0x4F,0x7F
291.776450,0x065,0,0,1,0x5B,0x00,0x00,0x00,0x00,0x00,0x00,0x00
291.776451,0x066,0,0,6,0x03,0x2F,0x49,0x32,0x54,0x2D,0x00,0x00
291.776452,0x067,0,0,8,0x2F,0x11,0x8A,0xB0,0x3E,0x33,0x6D,0x09
291.776453,0x068,0,0,4,0x4D,0xF5,0x19,0x00,0x00,0x00,0x00,0x00
291.776454,0x06B,0,0,5,0xC3,0x44,0x60,0x45,0x00,0x00,0x00,0x00
291.778850,0x06A,0,0,3,0x25,0x04,0x00,0x00,0x00,0x00,0x00,0x00
291.972800,0x06F,0,0,8,0x8B,0xF4,0x2F,0xC4,0xFE,0x1D,0x30,0x80
291.973650,0x065,0,0,1,0x53,0x00,0x00,0x00,0x00,0x00,0x00,0x00
291.973651,0x066,0,0,6,0x03,0xF7,0x49,0x32,0x54,0x2D,0x00,0x00
291.973652,0x067,0,0,8,0x13,0x11,0x8A,0x70,0x3D,0x33,0x6D,0x09
291.973653,0x068,0,0,4,0x4D,0xF5,0x19,0x00,0x00,0x00,0x00,0x00
291.973654,0x06B,0,0,5,0x01,0x44,0xE0,0x45,0x00,0x00,0x00,0x00
292.170800,0x06F,0,0,8,0x8B,0x04,0xD0,0xC3,0xFD,0x05,0x10,0x81
292.171650,0x065,0,0,1,0x53,0x00,0x00,0x00,0x00,0x00,0x00,0x00
292.171651,0x066,0,0,6,0x03,0xBF,0x4A,0x32,0x54,0x2D,0x00,0x00
292.171652,0x067,0,0,8,0xF7,0x10,0x8A,0x30,0x3C,0x33,0x6D,0x09
292.171653,0x068,0,0,4,0x4D,0xF5,0x19,0x00,0x00,0x00,0x00,0x00
292.171654,0x06B,0,0,5,0x9F,0x44,0x20,0x45,0x00,0x00,0x00,0x00
292.368750,0x06F,0,0,8,0x8D,0xF4,0x6F,0xC4,0xFE,0x1D,0x10,0x80
292.369650,0x065,0,0,1,0x53,0x00,0x00,0x00,0x00,0x00,0x00,0x00
292.369651,0x066,0,0,6,0x03,0x87,0x4B,0x32,0x54,0x2D,0x00,0x00
292.369652,0x067,0,0,8,0xD7,0x10,0x8A,0xF0,0x3A,0x33,0x6D,0x09
292.369653,0x068,0,0,4,0x4F,0xF5,0x19,0x00,0x00,0x00,0x00,0x00
292.369654,0x06B,0,0,5,0xEF,0x45,0xC0,0x47,0x00,0x00,0x00,0x00
292.566800,0x06F,0,0,8,0x8B,0xEC,0xCF,0xC4,0xFF,0xE5,0x8F,0x7F
292.567550,0x065,0,0,1,0x53,0x00,0x00,0x00,0x00,0x00,0x00,0x00
292.567551,0x066,0,0,6,0x03,0x4F,0x4C,0x32,0x54,0x2D,0x00,0x00
292.567552,0x067,0,0,8,0xB9,0x10,0x8A,0xB0,0x39,0x33,0x6D,0x09
292.567553,0x068,0,0,4,0x4F,0xF5,0x19,0x00,0x00,0x00,0x00,0x00
292.567554,0x06B,0,0,5,0xE7,0x46,0xE0,0x4A,0x00,0x00,0x00,0x00
292.764800,0x06F,0,0,8,0x85,0xF4,0x0F,0x44,0xFE,0xFD,0x6F,0x80
292.765550,0x065,0,0,1,0x53,0x00,0x00,0x00,0x00,0x00,0x00,0x00
292.765551,0x066,0,0,6,0x03,0x17,0x4D,0x32,0x54,0x2D,0x00,0x00
292.765552,0x067,0,0,8,0x99,0x10,0x8A,0x70,0x38,0x33,0x6D,0x09
292.765553,0x068,0,0,4,0x4D,0xF5,0x19,0x00,0x00,0x00,0x00,0x00
292.765554,0x06B,0,0,5,0x13,0x48,0xA0,0x4A,0x00,0x00,0x00,0x00
292.768650,0x06A,0,0,3,0x37,0x04,0x00,0x00,0x00,0x00,0x00,0x00
292.962800,0x06F,0,0,8,0x8F,0xE4,0x4F,0xC4,0xFE,0xF9,0x2F,0x80
292.963800,0x065,0,0,1,0x5B,0x00,0x00,0x00,0x00,0x00,0x00,0x00
292.963801,0x066,0,0,6,0x03,0xDF,0x4D,0x32,0x54,0x2D,0x00,0x00
292.963802,0x067,0,0,8,0x7B,0x10,0x8A,0x30,0x37,0x33,0x6D,0x09
292.963803,0x068,0,0,4,0x4D,0xF5,0x19,0x00,0x00,0x00,0x00,0x00
292.963804,0x06B,0,0,5,0x83,0x48,0xA0,0x49,0x00,0x00,0x00,0x00
293.160800,0x06F,0,0,8,0x8D,0xFC,0x6F,0xC4,0x01,0xE6,0x2F,0x7F
293.162500,0x065,0,0,1,0x53,0x00,0x00,0x00,0x00,0x00,0x00,0x00
293.162501,0x066,0,0,6,0x03,0xA7,0x4E,0x32,0x54,0x2D,0x00,0x00
293.162502,0x067,0,0,8,0x5B,0x10,0x8A,0xF0,0x35,0x33,0x6D,0x09
293.162503,0x068,0,0,4,0x4D,0xF5,0x19,0x00,0x00,0x00,0x00,0x00
293.162504,0x06B,0,0,5,0xAD,0x48,0xC0,0x4A,0x00,0x00,0x00,0x00
293.358800,0x06F,0,0,8,0x89,0x04,0xF0,0xC3,0x01,0xE6,0xAF,0x7F
293.359700,0x065,0,0,1,0x53,0x00,0x00,0x00,0x00,0x00,0x00,0x00
293.359701,0x066,0,0,6,0x03,0x6F,0x4F,0x32,0x54,0x2D,0x00,0x00
293.359702,0x067,0,0,8,0x3D,0x10,0x8A,0xB0,0x34,0x33,0x6D,0x09
293.359703,0x068,0,0,4,0x4D,0xF5,0x19,0x00,0x00,0x00,0x00,0x00
293.359704,0x06B,0,0,5,0xE1,0x48,0x60,0x40,0x00,0x00,0x00,0x00
293.556800,0x06F,0,0,8,0x8F,0xEC,0xAF,0xC4,0xFE,0x05,0xB0,0x80
293.557800,0x065,0,0,1,0x53,0x00,0x00,0x00,0x00,0x00,0x00,0x00
293.557801,0x066,0,0,6,0x03,0x37,0x50,0x32,0x54,0x2D,0x00,0x00
293.557802,0x067,0,0,8,0x1B,0x10,0x8A,0x70,0x33,0x33,0x6D,0x09
293.557803,0x068,0,0,4,0x4F,0xF5,0x19,0x00,0x00,0x00,0x00,0x00
293.557804,0x06B,0,0,5,0x13,0x4A,0x20,0x3E,0x00,0x00,0x00,0x00
293.754800,0x06F,0,0,8,0x8F,0xE4,0x4F,0xC4,0x00,0xFA,0xAF,0x7F
293.755800,0x065,0,0,1,0x53,0x00,0x00,0x00,0x00,0x00,0x00,0x00
293.755801,0x066,0,0,6,0x03,0xFF,0x50,0x32,0x54,0x2D,0x00,0x00
293.755802,0x067,0,0,8,0xFB,0x0F,0x8A,0x30,0x32,0x33,0x6D,0x09
293.755803,0x068,0,0,4,0x4D,0xF5,0x19,0x00,0x00,0x00,0x00,0x00
293.755804,0x06B,0,0,5,0x97,0x4A,0x00,0x42,0x00,0x00,0x00,0x00
293.758850,0x06A,0,0,3,0x4B,0x04,0x00,0x00,0x00,0x00,0x00,0x00
293.952800,0x06F,0,0,8,0x8B,0xDC,0x2F,0x44,0xFE,0xF1,0x8F,0x80
293.953600,0x065,0,0,1,0x53,0x00,0x00,0x00,0x00,0x00,0x00,0x00
293.953601,0x066,0,0,6,0x03,0xC7,0x51,0x32,0x54,0x2D,0x00,0x00
293.953602,0x067,0,0,8,0xD9,0x0F,0x8A,0xF0,0x30,0x33,0x6D,0x09
293.953603,0x068,0,0,4,0x4F,0xF5,0x19,0x00,0x00,0x00,0x00,0x00
293.953604,0x06B,0,0,5,0xF9,0x4A,0x80,0x3D,0x00,0x00,0x00,0x00
294.150800,0x06F,0,0,8,0x89,0xDC,0x6F,0xC4,0xFE,0xF5,0xEF,0x7F
294.151800,0x065,0,0,1,0x4B,0x00,0x00,0x00,0x00,0x00,0x00,0x00
294.151801,0x066,0,0,6,0x03,0x8F,0x52,0x32,0x54,0x2D,0x00,0x00
294.151802,0x067,0,0,8,0xB9,0x0F,0x8A,0xB0,0x2F,0x33,0x6D,0x09
294.151803,0x068,0,0,4,0x4D,0xF5,0x19,0x00,0x00,0x00,0x00,0x00
294.151804,0x06B,0,0,5,0xE5,0x49,0x00,0x3D,0x00,0x00,0x00,0x00
294.348800,0x06F,0,0,8,0x8B,0xD4,0x8F,0xC4,0xFE,0x05,0xB0,0x7F
294.349800,0x065,0,0,1,0x4B,0x00,0x00,0x00,0x00,0x00,0x00,0x00
294.349801,0x066,0,0,6,0x03,0x57,0x53,0x32,0x54,0x2D,0x00,0x00
294.349802,0x067,0,0,8,0x99,0x0F,0x8A,0x70,0x2E,0x33,0x6D,0x09
294.349803,0x068,0,0,4,0x4D,0xF5,0x19,0x00,0x00,0x00,0x00,0x00
294.349804,0x06B,0,0,5,0xE1,0x4A,0x60,0x42,0x00,0x00,0x00,0x00
294.546800,0x06F,0,0,8,0x91,0xD4,0x8F,0x44,0xFD,0xC9,0x8F,0x80
294.547800,0x065,0,0,1,0x53,0x00,0x00,0x00,0x00,0x00,0x00,0x00
294.547801,0x066,0,0,6,0x03,0x1F,0x54,0x32,0x54,0x2D,0x00,0x00
294.547802,0x067,0,0,8,0x79,0x0F,0x8A,0x50,0x2D,0x33,0x6D,0x09
294.547803,0x068,0,0,4,0x4D,0xF5,0x19,0x00,0x00,0x00,0x00,0x00
294.547804,0x06B,0,0,5,0x87,0x49,0x20,0x3C,0x00,0x00,0x00,0x00
294.744800,0x06F,0,0,8,0x8D,0xCC,0xAF,0x44,0xFF,0xF5,0x8F,0x7F
294.745800,0x065,0,0,1,0x5B,0x00,0x00,0x00,0x00,0x00,0x00,0x00
294.745801,0x066,0,0,6,0x03,0xE7,0x54,0x32,0x54,0x2D,0x00,0x00
294.745802,0x067,0,0,8,0x59,0x0F,0x8A,0x10,0x2C,0x33,0x6D,0x09
294.745803,0x068,0,0,4,0x4F,0xF5,0x19,0x00,0x00,0x00,0x00,0x00
294.745804,0x06B,0,0,5,0x67,0x49,0x60,0x39,0x00,0x00,0x00,0x00
294.748250,0x06A,0,0,3,0x5D,0x04,0x00,0x00,0x00,0x00,0x00,0x00
294.942800,0x06F,0,0,8,0x8D,0xBC,0x2F,0xC4,0xFF,0xBD,0x6F,0x7F
294.943800,0x065,0,0,1,0x5B,0x00,0x00,0x00,0x00,0x00,0x00,0x00
294.943801,0x066,0,0,6,0x03,0xAF,0x55,0x32,0x54,0x2D,0x00,0x00
294.943802,0x067,0,0,8,0x39,0x0F,0x8A,0xF0,0x2A,0x33,0x6D,0x09
294.943803,0x068,0,0,4,0x4F,0xF5,0x19,0x00,0x00,0x00,0x00,0x00
294.943804,0x06B,0,0,5,0xA3,0x48,0x40,0x3D,0x00,0x00,0x00,0x00
295.140800,0x06F,0,0,8,0x93,0xBC,0x6F,0xC4,0xFD,0x2D,0x70,0x80
295.141600,0x065,0,0,1,0x5B,0x00,0x00,0x00,0x00,0x00,0x00,0x00
295.141601,0x066,0,0,6,0x03,0x77,0x56,0x32,0x54,0x2D,0x00,0x00
295.141602,0x067,0,0,8,0x1B,0x0F,0x8A,0xB0,0x29,0x33,0x6D,0x09
295.141603,0x068,0,0,4,0x4D,0xF5,0x19,0x00,0x00,0x00,0x00,0x00
295.141604,0x06B,0,0,5,0xCD,0x47,0xC0,0x2A,0x00,0x00,0x00,0x00
295.338850,0x06F,0,0,8,0x89,0xBC,0x0F,0xC4,0xFC,0xD1,0x0F,0x80
295.339800,0x065,0,0,1,0x5B,0x00,0x00,0x00,0x00,0x00,0x00,0x00
295.339801,0x066,0,0,6,0x03,0x3F,0x57,0x32,0x54,0x2D,0x00,0x00
295.339802,0x067,0,0,8,0xFB,0x0E,0x8A,0x70,0x28,0x33,0x6D,0x09
295.339803,0x068,0,0,4,0x4D,0xF5,0x19,0x00,0x00,0x00,0x00,0x00
295.339804,0x06B,0,0,5,0x9F,0x47,0xC0,0x29,0x00,0x00,0x00,0x00
295.536850,0x06F,0,0,8,0x8F,0x9C,0x2F,0x44,0x00,0x3A,0x10,0x7F
295.537850,0x065,0,0,1,0x5B,0x00,0x00,0x00,0x00,0x00,0x00,0x00
295.537851,0x066,0,0,6,0x03,0x07,0x58,0x32,0x54,0x2D,0x00,0x00
295.537852,0x067,0,0,8,0xDD,0x0E,0x8A,0x50,0x27,0x33,0x6D,0x09
295.537853,0x068,0,0,4,0x4D,0xF5,0x19,0x00,0x00,0x00,0x00,0x00
295.537854,0x06B,0,0,5,0xF5,0x46,0x00,0x37,0x00,0x00,0x00,0x00
295.734850,0x06F,0,0,8,0x8D,0x9C,0xEF,0xC3,0xFD,0x09,0x30,0x80
295.735850,0x065,0,0,1,0x5B,0x00,0x00,0x00,0x00,0x00,0x00,0x00
295.735851,0x066,0,0,6,0x03,0xCF,0x58,0x32,0x54,0x2D,0x00,0x00
295.735852,0x067,0,0,8,0xC1,0x0E,0x8A,0x30,0x26,0x33,0x6D,0x09
295.735853,0x068,0,0,4,0x51,0xF5,0x19,0x00,0x00,0x00,0x00,0x00
295.735854,0x06B,0,0,5,0x2D,0x43,0x20,0x2B,0x00,0x00,0x00,0x00
295.738250,0x06A,0,0,3,0x6F,0x04,0x00,0x00,0x00,0x00,0x00,0x00
295.932850,0x06F,0,0,8,0x8F,0x9C,0x2F,0x44,0xFE,0x0D,0x30,0x80
295.933950,0x065,0,0,1,0x5B,0x00,0x00,0x00,0x00,0x00,0x00,0x00
295.933951,0x066,0,0,6,0x03,0x97,0x59,0x32,0x54,0x2D,0x00,0x00
295.933952,0x067,0,0,8,0xA3,0x0E,0x8A,0xF0,0x24,0x33,0x6D,0x09
295.933953,0x068,0,0,4,0x4F,0xF5,0x19,0x00,0x00,0x00,0x00,0x00
295.933954,0x06B,0,0,5,0x9F,0x42,0x80,0x2A,0x00,0x00,0x00,0x00
296.130850,0x06F,0,0,8,0x8B,0x9C,0x0F,0x44,0xFE,0xFD,0xCF,0x7F
296.131850,0x065,0,0,1,0x5B,0x00,0x00,0x00,0x00,0x00,0x00,0x00
296.131851,0x066,0,0,6,0x03,0x5F,0x5A,0x32,0x54,0x2D,0x00,0x00
296.131852,0x067,0,0,8,0x87,0x0E,0x8A,0xD0,0x23,0x33,0x6D,0x09
296.131853,0x068,0,0,4,0x4F,0xF5,0x19,0x00,0x00,0x00,0x00,0x00
296.131854,0x06B,0,0,5,0x7D,0x41,0x40,0x38,0x00,0x00,0x00,0x00
296.328850,0x06F,0,0,8,0x8D,0x94,0x0F,0x44,0xFE,0x11,0xF0,0x7F
296.330650,0x065,0,0,1,0x5B,0x00,0x00,0x00,0x00,0x00,0x00,0x00
296.330651,0x066,0,0,6,0x03,0x27,0x5B,0x32,0x54,0x2D,0x00,0x00
296.330652,0x067,0,0,8,0x6D,0x0E,0x8A,0xD0,0x22,0x33,0x6D,0x09
296.330653,0x068,0,0,4,0x4D,0xF5,0x19,0x00,0x00,0x00,0x00,0x00
296.330654,0x06B,0,0,5,0xF9,0x3E,0x60,0x2C,0x00,0x00,0x00,0x00
296.526800,0x06F,0,0,8,0x8B,0x94,0x0F,0x44,0xFF,0xED,0x6F,0x7F
296.725100,0x065,0,0,1,0x5B,0x00,0x00,0x00,0x00,0x00,0x00,0x00
296.725101,0x066,0,0,6,0x03,0xEF,0x5B,0x32,0x54,0x2D,0x00,0x00
296.725102,0x067,0,0,8,0x51,0x0E,0x8A,0xB0,0x21,0x33,0x6D,0x09
296.725103,0x068,0,0,4,0x4B,0xF5,0x19,0x00,0x00,0x00,0x00,0x00
296.725104,0x06B,0,0,5,0x77,0x3E,0x20,0x2B,0x00,0x00,0x00,0x00
296.728400,0x06F,0,0,8,0x89,0x8C,0x4F,0x44,0xFE,0xFD,0xCF,0x7F
296.923100,0x065,0,0,1,0x5B,0x00,0x00,0x00,0x00,0x00,0x00,0x00
296.923101,0x066,0,0,6,0x03,0xB7,0x5C,0x32,0x54,0x2D,0x00,0x00
296.923102,0x067,0,0,8,0x37,0x0E,0x8A,0xB0,0x20,0x33,0x6D,0x09
296.923103,0x068,0,0,4,0x4B,0xF5,0x19,0x00,0x00,0x00,0x00,0x00
296.923104,0x06B,0,0,5,0x59,0x3D,0x60,0x38,0x00,0x00,0x00,0x00
296.925600,0x06A,0,0,3,0x7F,0x04,0x00,0x00,0x00,0x00,0x00,0x00
296.925950,0x06F,0,0,8,0x8B,0x7C,0x2F,0x44,0xFD,0xF9,0x8F,0x80
297.121100,0x065,0,0,1,0x5B,0x00,0x00,0x00,0x00,0x00,0x00,0x00
297.121101,0x066,0,0,6,0x03,0x7F,0x5D,0x32,0x54,0x2D,0x00,0x00
297.121102,0x067,0,0,8,0x1D,0x0E,0x8A,0xB0,0x1F,0x33,0x6D,0x09
297.121103,0x068,0,0,4,0x49,0xF5,0x19,0x00,0x00,0x00,0x00,0x00
297.121104,0x06B,0,0,5,0x5B,0x3A,0x40,0x2D,0x00,0x00,0x00,0x00
297.124500,0x06F,0,0,8,0x89,0x74,0xEF,0xC3,0xFE,0xF1,0xCF,0x7F
297.319100,0x065,0,0,1,0x5B,0x00,0x00,0x00,0x00,0x00,0x00,0x00
297.319101,0x066,0,0,6,0x03,0x47,0x5E,0x32,0x54,0x2D,0x00,0x00
297.319102,0x067,0,0,8,0x07,0x0E,0x8A,0xD0,0x1E,0x33,0x6D,0x09
297.319103,0x068,0,0,4,0x49,0xF5,0x19,0x00,0x00,0x00,0x00,0x00
297.319104,0x06B,0,0,5,0xBB,0x37,0x80,0x2B,0x00,0x00,0x00,0x00
297.321800,0x06F,0,0,8,0x85,0x64,0xEF,0xC3,0xFE,0xD5,0x8F,0x80
297.517100,0x065,0,0,1,0x53,0x00,0x00,0x00,0x00,0x00,0x00,0x00
297.517101,0x066,0,0,6,0x03,0x0F,0x5F,0x32,0x54,0x2D,0x00,0x00
297.517102,0x067,0,0,8,0xEF,0x0D,0x8A,0xF0,0x1D,0x33,0x6D,0x09
297.517103,0x068,0,0,4,0x49,0xF5,0x19,0x00,0x00,0x00,0x00,0x00
297.517104,0x06B,0,0,5,0x8F,0x36,0xA0,0x38,0x00,0x00,0x00,0x00
297.520500,0x06F,0,0,8,0x83,0x64,0x6F,0xC4,0x01,0x36,0x70,0x7F
297.715100,0x065,0,0,1,0x53,0x00,0x00,0x00,0x00,0x00,0x00,0x00
297.715101,0x066,0,0,6,0x03,0xD7,0x5F,0x32,0x54,0x2D,0x00,0x00
297.715102,0x067,0,0,8,0xDB,0x0D,0x8A,0x10,0x1D,0x33,0x6D,0x09
297.715103,0x068,0,0,4,0x47,0xF5,0x19,0x00,0x00,0x00,0x00,0x00
297.715104,0x06B,0,0,5,0xB9,0x31,0xC0,0x2A,0x00,0x00,0x00,0x00
297.717850,0x06F,0,0,8,0x83,0x5C,0xAF,0x43,0x01,0x06,0xF0,0x7F
297.913100,0x065,0,0,1,0x53,0x00,0x00,0x00,0x00,0x00,0x00,0x00
297.913101,0x066,0,0,6,0x03,0x9F,0x60,0x32,0x54,0x2D,0x00,0x00
297.913102,0x067,0,0,8,0xC5,0x0D,0x8A,0x30,0x1C,0x33,0x6D,0x09
297.913103,0x068,0,0,4,0x45,0xF5,0x19,0x00,0x00,0x00,0x00,0x00
297.913104,0x06B,0,0,5,0x85,0x2F,0xE0,0x28,0x00,0x00,0x00,0x00
297.916250,0x06A,0,0,3,0x8D,0x04,0x00,0x00,0x00,0x00,0x00,0x00
297.916650,0x06F,0,0,8,0x81,0x64,0xAF,0xC4,0x04,0x02,0x70,0x80
298.111100,0x065,0,0,1,0x5B,0x00,0x00,0x00,0x00,0x00,0x00,0x00
298.111101,0x066,0,0,6,0x03,0x67,0x61,0x32,0x54,0x2D,0x00,0x00
298.111102,0x067,0,0,8,0xB3,0x0D,0x8A,0x70,0x1B,0x33,0x6D,0x09
298.111103,0x068,0,0,4,0x45,0xF5,0x19,0x00,0x00,0x00,0x00,0x00
298.111104,0x06B,0,0,5,0xF9,0x2D,0x00,0x38,0x00,0x00,0x00,0x00
298.114500,0x06F,0,0,8,0x7F,0x94,0x4F,0xC5,0x0B,0x02,0xF0,0x80
298.309100,0x065,0,0,1,0x5B,0x00,0x00,0x00,0x00,0x00,0x00,0x00
298.309101,0x066,0,0,6,0x03,0x2F,0x62,0x32,0x54,0x2D,0x00,0x00
298.309102,0x067,0,0,8,0x9F,0x0D,0x8A,0xB0,0x1A,0x33,0x6D,0x09
298.309103,0x068,0,0,4,0x41,0xF5,0x19,0x00,0x00,0x00,0x00,0x00
298.309104,0x06B,0,0,5,0x63,0x2C,0x00,0x2B,0x00,0x00,0x00,0x00
298.311850,0x06F,0,0,8,0x7D,0xAC,0xAF,0x45,0x13,0x06,0x10,0x82
298.507100,0x065,0,0,1,0x5B,0x00,0x00,0x00,0x00,0x00,0x00,0x00
298.507101,0x066,0,0,6,0x03,0xF7,0x62,0x32,0x54,0x2D,0x00,0x00
298.507102,0x067,0,0,8,0x8B,0x0D,0x8A,0x30,0x1A,0x33,0x6D,0x09
298.507103,0x068,0,0,4,0x41,0xF5,0x19,0x00,0x00,0x00,0x00,0x00
298.507104,0x06B,0,0,5,0x63,0x29,0xE0,0x2A,0x00,0x00,0x00,0x00
298.510500,0x06F,0,0,8,0x7D,0xAC,0x0F,0x46,0x18,0xEE,0x2F,0x83
298.705100,0x065,0,0,1,0x5B,0x00,0x00,0x00,0x00,0x00,0x00,0x00
298.705101,0x066,0,0,6,0x03,0xBF,0x63,0x32,0x54,0x2D,0x00,0x00
298.705102,0x067,0,0,8,0x77,0x0D,0x8A,0xD0,0x19,0x33,0x6D,0x09
298.705103,0x068,0,0,4,0x41,0xF5,0x19,0x00,0x00,0x00,0x00,0x00
298.705104,0x06B,0,0,5,0x95,0x29,0x60,0x2C,0x00,0x00,0x00,0x00
298.707800,0x06F,0,0,8,0x7D,0xAC,0xEF,0xC5,0x1D,0xF2,0x8F,0x83
298.903350,0x065,0,0,1,0x5B,0x00,0x00,0x00,0x00,0x00,0x00,0x00
298.903351,0x066,0,0,6,0x03,0x87,0x64,0x32,0x54,0x2D,0x00,0x00
298.903352,0x067,0,0,8,0x67,0x0D,0x8A,0x70,0x19,0x33,0x6D,0x09
298.903353,0x068,0,0,4,0x43,0xF5,0x19,0x00,0x00,0x00,0x00,0x00
298.903354,0x06B,0,0,5,0x61,0x25,0x20,0x34,0x00,0x00,0x00,0x00
298.906450,0x06A,0,0,3,0x99,0x04,0x00,0x00,0x00,0x00,0x00,0x00
298.906550,0x06F,0,0,8,0x7B,0x9C,0x2F,0xC6,0x21,0xF2,0x6F,0x84
299.101150,0x065,0,0,1,0x5B,0x00,0x00,0x00,0x00,0x00,0x00,0x00
299.101151,0x066,0,0,6,0x03,0x4F,0x65,0x32,0x54,0x2D,0x00,0x00
299.101152,0x067,0,0,8,0x53,0x0D,0x8A,0x70,0x19,0x33,0x6D,0x09
299.101153,0x068,0,0,4,0x43,0xF5,0x19,0x00,0x00,0x00,0x00,0x00
299.101154,0x06B,0,0,5,0xB5,0x27,0x80,0x2D,0x00,0x00,0x00,0x00
299.103750,0x06F,0,0,8,0x79,0xA4,0x8F,0x46,0x29,0xF2,0x2F,0x85
299.299150,0x065,0,0,1,0x5B,0x00,0x00,0x00,0x00,0x00,0x00,0x00
299.299151,0x066,0,0,6,0x03,0x17,0x66,0x32,0x54,0x2D,0x00,0x00
299.299152,0x067,0,0,8,0x41,0x0D,0x8A,0x90,0x19,0x33,0x6D,0x09
299.299153,0x068,0,0,4,0x41,0xF5,0x19,0x00,0x00,0x00,0x00,0x00
299.299154,0x06B,0,0,5,0x47,0x25,0x80,0x2B,0x00,0x00,0x00,0x00
299.302450,0x06F,0,0,8,0x77,0xB4,0x2F,0x46,0x2B,0xEA,0x6F,0x85
299.497150,0x065,0,0,1,0x5B,0x00,0x00,0x00,0x00,0x00,0x00,0x00
299.497151,0x066,0,0,6,0x03,0xDF,0x66,0x32,0x54,0x2D,0x00,0x00
299.497152,0x067,0,0,8,0x2F,0x0D,0x8A,0xD0,0x19,0x33,0x6D,0x09
299.497153,0x068,0,0,4,0x3B,0xF5,0x19,0x00,0x00,0x00,0x00,0x00
299.497154,0x06B,0,0,5,0xB5,0x24,0xA0,0x2C,0x00,0x00,0x00,0x00
299.499750,0x06F,0,0,8,0x7D,0xAC,0x0F,0x46,0x2C,0xDE,0x2F,0x85
299.695350,0x065,0,0,1,0x5B,0x00,0x00,0x00,0x00,0x00,0x00,0x00
299.695351,0x066,0,0,6,0x03,0xA7,0x67,0x32,0x54,0x2D,0x00,0x00
299.695352,0x067,0,0,8,0x1F,0x0D,0x8A,0x30,0x1A,0x33,0x6D,0x09
299.695353,0x068,0,0,4,0x3B,0xF5,0x19,0x00,0x00,0x00,0x00,0x00
299.695354,0x06B,0,0,5,0x63,0x23,0x60,0x2F,0x00,0x00,0x00,0x00
299.697800,0x06F,0,0,8,0x7D,0xAC,0xEF,0xC5,0x2B,0xE6,0x4F,0x85
299.893350,0x065,0,0,1,0x5B,0x00,0x00,0x00,0x00,0x00,0x00,0x00
299.893351,0x066,0,0,6,0x03,0x6F,0x68,0x32,0x54,0x2D,0x00,0x00
299.893352,0x067,0,0,8,0x11,0x0D,0x8A,0xB0,0x1A,0x33,0x6D,0x09
299.893353,0x068,0,0,4,0x3B,0xF5,0x19,0x00,0x00,0x00,0x00,0x00
299.893354,0x06B,0,0,5,0x87,0x20,0xC0,0x36,0x00,0x00,0x00,0x00
299.896400,0x06A,0,0,3,0xA1,0x04,0x00,0x00,0x00,0x00,0x00,0x00
299.896650,0x06F,0,0,8,0x81,0xAC,0xEF,0x45,0x2B,0xDA,0x4F,0x85
300.091350,0x065,0,0,1,0x5B,0x00,0x00,0x00,0x00,0x00,0x00,0x00
300.091351,0x066,0,0,6,0x03,0x37,0x69,0x32,0x54,0x2D,0x00,0x00
300.091352,0x067,0,0,8,0xFF,0x0C,0x8A,0x70,0x1B,0x33,0x6D,0x09
300.091353,0x068,0,0,4,0x3B,0xF5,0x19,0x00,0x00,0x00,0x00,0x00
300.091354,0x06B,0,0,5,0x17,0x26,0x80,0x35,0x00,0x00,0x00,0x00
300.093800,0x06F,0,0,8,0x7D,0xB4,0xEF,0x45,0x2A,0xF2,0x4F,0x85
300.289150,0x065,0,0,1,0x53,0x00,0x00,0x00,0x00,0x00,0x00,0x00
300.289151,0x066,0,0,6,0x03,0xFF,0x69,0x32,0x54,0x2D,0x00,0x00
300.289152,0x067,0,0,8,0xF5,0x0C,0x8A,0x10,0x1C,0x33,0x6D,0x09
300.289153,0x068,0,0,4,0x39,0xF5,0x19,0x00,0x00,0x00,0x00,0x00
300.289154,0x06B,0,0,5,0x27,0x20,0xA0,0x33,0x00,0x00,0x00,0x00
300.292450,0x06F,0,0,8,0x81,0xBC,0x0F,0x46,0x29,0xD2,0x0F,0x85
300.487150,0x065,0,0,1,0x53,0x00,0x00,0x00,0x00,0x00,0x00,0x00
300.487151,0x066,0,0,6,0x03,0xC7,0x6A,0x32,0x54,0x2D,0x00,0x00
300.487152,0x067,0,0,8,0xE9,0x0C,0x8A,0xB0,0x1C,0x33,0x6D,0x09
300.487153,0x068,0,0,4,0x3B,0xF5,0x19,0x00,0x00,0x00,0x00,0x00
300.487154,0x06B,0,0,5,0x29,0x1E,0x60,0x3C,0x00,0x00,0x00,0x00
300.489800,0x06F,0,0,8,0xAD,0xB4,0x8F,0xC6,0x2B,0xF6,0x6F,0x84
300.685350,0x065,0,0,1,0x5B,0x00,0x00,0x00,0x00,0x00,0x00,0x00
300.685351,0x066,0,0,6,0x03,0x8F,0x6B,0x32,0x54,0x2D,0x00,0x00
300.685352,0x067,0,0,8,0xDD,0x0C,0x8A,0x70,0x1D,0x33,0x6D,0x09
300.685353,0x068,0,0,4,0x3B,0xF5,0x19,0x00,0x00,0x00,0x00,0x00
300.685354,0x06B,0,0,5,0x99,0x1F,0x00,0x3F,0x00,0x00,0x00,0x00
300.688450,0x06F,0,0,8,0x7B,0xD4,0xAF,0xC5,0x27,0x2E,0xD0,0x83
300.883350,0x065,0,0,1,0x5B,0x00,0x00,0x00,0x00,0x00,0x00,0x00
300.883351,0x066,0,0,6,0x03,0x57,0x6C,0x32,0x54,0x2D,0x00,0x00
300.883352,0x067,0,0,8,0xD1,0x0C,0x8A,0x50,0x1E,0x33,0x6D,0x09
300.883353,0x068,0,0,4,0x3B,0xF5,0x19,0x00,0x00,0x00,0x00,0x00
300.883354,0x06B,0,0,5,0x93,0x20,0x60,0x48,0x00,0x00,0x00,0x00
300.885750,0x06A,0,0,3,0xAB,0x04,0x00,0x00,0x00,0x00,0x00,0x00
300.886000,0x06F,0,0,8,0x75,0xD4,0xAF,0x45,0x25,0x6E,0xCF,0x82
301.081400,0x065,0,0,1,0x5B,0x00,0x00,0x00,0x00,0x00,0x00,0x00
301.081401,0x066,0,0,6,0x03,0x1F,0x6D,0x32,0x54,0x2D,0x00,0x00
301.081402,0x067,0,0,8,0xC5,0x0C,0x8A,0x50,0x1F,0x33,0x6D,0x09
301.081403,0x068,0,0,4,0x3B,0xF5,0x19,0x00,0x00,0x00,0x00,0x00
301.081404,0x06B,0,0,5,0xBB,0x20,0xA0,0x42,0x00,0x00,0x00,0x00
301.083850,0x06F,0,0,8,0xB9,0xEC,0xAF,0xC5,0x22,0xDA,0x8F,0x81
301.279400,0x065,0,0,1,0x5B,0x00,0x00,0x00,0x00,0x00,0x00,0x00
301.279401,0x066,0,0,6,0x03,0xE7,0x6D,0x32,0x54,0x2D,0x00,0x00
301.279402,0x067,0,0,8,0xBB,0x0C,0x8A,0x10,0x20,0x33,0x6D,0x09
301.279403,0x068,0,0,4,0x3D,0xF5,0x19,0x00,0x00,0x00,0x00,0x00
301.279404,0x06B,0,0,5,0xD9,0x1F,0x00,0x3E,0x00,0x00,0x00,0x00
301.282550,0x06F,0,0,8,0x63,0xD4,0x4F,0x46,0x1B,0x36,0x90,0x82
301.477400,0x065,0,0,1,0x53,0x00,0x00,0x00,0x00,0x00,0x00,0x00
301.477401,0x066,0,0,6,0x03,0xAF,0x6E,0x32,0x54,0x2D,0x00,0x00
301.477402,0x067,0,0,8,0xB3,0x0C,0x8A,0x50,0x21,0x33,0x6D,0x09
301.477403,0x068,0,0,4,0x3D,0xF5,0x19,0x00,0x00,0x00,0x00,0x00
301.477404,0x06B,0,0,5,0x0B,0x21,0xC0,0x36,0x00,0x00,0x00,0x00
301.479800,0x06F,0,0,8,0x87,0xD4,0x2F,0xC5,0x14,0xDA,0x6F,0x84
301.675400,0x065,0,0,1,0x53,0x00,0x00,0x00,0x00,0x00,0x00,0x00
301.675401,0x066,0,0,6,0x03,0x77,0x6F,0x32,0x54,0x2D,0x00,0x00
301.675402,0x067,0,0,8,0xA9,0x0C,0x8A,0x50,0x22,0x33,0x6D,0x09
301.675403,0x068,0,0,4,0x3F,0xF5,0x19,0x00,0x00,0x00,0x00,0x00
301.675404,0x06B,0,0,5,0x37,0x21,0xE0,0x3A,0x00,0x00,0x00,0x00
301.678450,0x06F,0,0,8,0x87,0xCC,0x8F,0xC4,0x14,0xDE,0xCF,0x83
301.873400,0x065,0,0,1,0x53,0x00,0x00,0x00,0x00,0x00,0x00,0x00
301.873401,0x066,0,0,6,0x03,0x3F,0x70,0x32,0x54,0x2D,0x00,0x00
301.873402,0x067,0,0,8,0x9F,0x0C,0x8A,0x70,0x23,0x33,0x6D,0x09
301.873403,0x068,0,0,4,0x43,0xF5,0x19,0x00,0x00,0x00,0x00,0x00
301.873404,0x06B,0,0,5,0xE7,0x20,0x60,0x30,0x00,0x00,0x00,0x00
301.875800,0x06A,0,0,3,0xB3,0x04,0x00,0x00,0x00,0x00,0x00,0x00
301.876000,0x06F,0,0,8,0x85,0xFC,0x2F,0xC4,0x0C,0xFA,0xCF,0x84
302.071400,0x065,0,0,1,0x5B,0x00,0x00,0x00,0x00,0x00,0x00,0x00
302.071401,0x066,0,0,6,0x03,0x07,0x71,0x32,0x54,0x2D,0x00,0x00
302.071402,0x067,0,0,8,0x97,0x0C,0x8A,0x90,0x24,0x33,0x6D,0x09
302.071403,0x068,0,0,4,0x43,0xF5,0x19,0x00,0x00,0x00,0x00,0x00
302.071404,0x06B,0,0,5,0xA3,0x20,0x40,0x2D,0x00,0x00,0x00,0x00
302.074550,0x06F,0,0,8,0x75,0xC4,0xCF,0xC4,0x14,0xC2,0x0F,0x82
302.268900,0x06F,0,0,8,0x8F,0xDC,0x6F,0x44,0x0F,0xF6,0x0F,0x82
302.269550,0x065,0,0,1,0x5B,0x00,0x00,0x00,0x00,0x00,0x00,0x00
302.269551,0x066,0,0,6,0x03,0xCF,0x71,0x32,0x54,0x2D,0x00,0x00
302.269552,0x067,0,0,8,0x8F,0x0C,0x8A,0x90,0x25,0x33,0x6D,0x09
302.269553,0x068,0,0,4,0x43,0xF5,0x19,0x00,0x00,0x00,0x00,0x00
302.269554,0x06B,0,0,5,0x1F,0x20,0x40,0x39,0x00,0x00,0x00,0x00
302.467400,0x065,0,0,1,0x5B,0x00,0x00,0x00,0x00,0x00,0x00,0x00
302.467401,0x066,0,0,6,0x03,0x97,0x72,0x32,0x54,0x2D,0x00,0x00
302.467402,0x067,0,0,8,0x87,0x0C,0x8A,0xB0,0x26,0x33,0x6D,0x09
302.467403,0x068,0,0,4,0x43,0xF5,0x19,0x00,0x00,0x00,0x00,0x00
302.467404,0x06B,0,0,5,0xDB,0x1F,0xA0,0x39,0x00,0x00,0x00,0x00
302.470450,0x06F,0,0,8,0x89,0xD4,0xAF,0xC4,0x0F,0xFA,0x8F,0x81
302.665400,0x065,0,0,1,0x5B,0x00,0x00,0x00,0x00,0x00,0x00,0x00
302.665401,0x066,0,0,6,0x03,0x5F,0x73,0x32,0x54,0x2D,0x00,0x00
302.665402,0x067,0,0,8,0x7F,0x0C,0x8A,0xD0,0x27,0x33,0x6D,0x09
302.665403,0x068,0,0,4,0x45,0xF5,0x19,0x00,0x00,0x00,0x00,0x00
302.665404,0x06B,0,0,5,0xF5,0x1E,0x40,0x3A,0x00,0x00,0x00,0x00
302.667800,0x06F,0,0,8,0x85,0xE4,0x4F,0x44,0x0C,0xFA,0x6F,0x81
302.862900,0x06F,0,0,8,0x8F,0xDC,0x4F,0xC4,0x07,0xEE,0xCF,0x80
302.863550,0x065,0,0,1,0x5B,0x00,0x00,0x00,0x00,0x00,0x00,0x00
302.863551,0x066,0,0,6,0x03,0x27,0x74,0x32,0x54,0x2D,0x00,0x00
302.863552,0x067,0,0,8,0x79,0x0C,0x8A,0xF0,0x28,0x33,0x6D,0x09
302.863553,0x068,0,0,4,0x45,0xF5,0x19,0x00,0x00,0x00,0x00,0x00
302.863554,0x06B,0,0,5,0x05,0x1E,0xE0,0x30,0x00,0x00,0x00,0x00
302.866050,0x06A,0,0,3,0xBB,0x04,0x00,0x00,0x00,0x00,0x00,0x00
303.061400,0x065,0,0,1,0x5B,0x00,0x00,0x00,0x00,0x00,0x00,0x00
303.061401,0x066,0,0,6,0x03,0xEF,0x74,0x32,0x54,0x2D,0x00,0x00
303.061402,0x067,0,0,8,0x73,0x0C,0x8A,0xF0,0x29,0x33,0x6D,0x09
303.061403,0x068,0,0,4,0x45,0xF5,0x19,0x00,0x00,0x00,0x00,0x00
303.061404,0x06B,0,0,5,0x15,0x1C,0x20,0x26,0x00,0x00,0x00,0x00
303.064550,0x06F,0,0,8,0x89,0xD4,0xAF,0x44,0x02,0x0A,0xD0,0x80
303.259400,0x065,0,0,1,0x5B,0x00,0x00,0x00,0x00,0x00,0x00,0x00
303.259401,0x066,0,0,6,0x03,0xB7,0x75,0x32,0x54,0x2D,0x00,0x00
303.259402,0x067,0,0,8,0x6D,0x0C,0x8A,0xF0,0x2A,0x33,0x6D,0x09
303.259403,0x068,0,0,4,0x45,0xF5,0x19,0x00,0x00,0x00,0x00,0x00
303.259404,0x06B,0,0,5,0x8D,0x1D,0x00,0x25,0x00,0x00,0x00,0x00
303.259600,0x06F,0,0,8,0x8F,0xDC,0x2F,0xC4,0x00,0x1E,0x90,0x80
303.456900,0x06F,0,0,8,0x8F,0xD4,0x2F,0x44,0x00,0x02,0x50,0x80
303.457550,0x065,0,0,1,0x5B,0x00,0x00,0x00,0x00,0x00,0x00,0x00
303.457551,0x066,0,0,6,0x03,0x7F,0x76,0x32,0x54,0x2D,0x00,0x00
303.457552,0x067,0,0,8,0x67,0x0C,0x8A,0x10,0x2C,0x33,0x6D,0x09
303.457553,0x068,0,0,4,0x49,0xF5,0x19,0x00,0x00,0x00,0x00,0x00
303.457554,0x06B,0,0,5,0x11,0x1C,0x20,0x30,0x00,0x00,0x00,0x00
303.655400,0x065,0,0,1,0x5B,0x00,0x00,0x00,0x00,0x00,0x00,0x00
303.655401,0x066,0,0,6,0x03,0x47,0x77,0x32,0x54,0x2D,0x00,0x00
303.655402,0x067,0,0,8,0x61,0x0C,0x8A,0x30,0x2D,0x33,0x6D,0x09
303.655403,0x068,0,0,4,0x49,0xF5,0x19,0x00,0x00,0x00,0x00,0x00
303.655404,0x06B,0,0,5,0xD3,0x1C,0x40,0x26,0x00,0x00,0x00,0x00
303.657800,0x06F,0,0,8,0x8B,0xDC,0x4F,0xC4,0x00,0xEA,0x4F,0x80
303.853400,0x065,0,0,1,0x5B,0x00,0x00,0x00,0x00,0x00,0x00,0x00
303.853401,0x066,0,0,6,0x03,0x0F,0x78,0x32,0x54,0x2D,0x00,0x00
303.853402,0x067,0,0,8,0x5B,0x0C,0x8A,0x30,0x2E,0x33,0x6D,0x09
303.853403,0x068,0,0,4,0x47,0xF5,0x19,0x00,0x00,0x00,0x00,0x00
303.853404,0x06B,0,0,5,0xF7,0x1C,0x20,0x28,0x00,0x00,0x00,0x00
303.856500,0x06A,0,0,3,0xC1,0x04,0x00,0x00,0x00,0x00,0x00,0x00
303.856700,0x06F,0,0,8,0x8D,0xD4,0x6F,0x44,0x00,0xE2,0x2F,0x80
304.050950,0x06F,0,0,8,0x89,0xDC,0x6F,0xC4,0x00,0xEA,0x4F,0x80
304.051550,0x065,0,0,1,0x5B,0x00,0x00,0x00,0x00,0x00,0x00,0x00
304.051551,0x066,0,0,6,0x03,0xD7,0x78,0x32,0x54,0x2D,0x00,0x00
304.051552,0x067,0,0,8,0x55,0x0C,0x8A,0x30,0x2F,0x33,0x6D,0x09
304.051553,0x068,0,0,4,0x47,0xF5,0x19,0x00,0x00,0x00,0x00,0x00
304.051554,0x06B,0,0,5,0xDD,0x1C,0xE0,0x35,0x00,0x00,0x00,0x00
304.249400,0x065,0,0,1,0x5B,0x00,0x00,0x00,0x00,0x00,0x00,0x00
304.249401,0x066,0,0,6,0x03,0x9F,0x79,0x32,0x54,0x2D,0x00,0x00
304.249402,0x067,0,0,8,0x4F,0x0C,0x8A,0x50,0x30,0x33,0x6D,0x09
304.249403,0x068,0,0,4,0x47,0xF5,0x19,0x00,0x00,0x00,0x00,0x00
304.249404,0x06B,0,0,5,0x2F,0x1D,0x40,0x28,0x00,0x00,0x00,0x00
304.251850,0x06F,0,0,8,0x89,0xD4,0x6F,0xC4,0x00,0x02,0x10,0x80
304.446950,0x06F,0,0,8,0x89,0xCC,0x8F,0x44,0x00,0xF6,0x4F,0x80
304.447550,0x065,0,0,1,0x5B,0x00,0x00,0x00,0x00,0x00,0x00,0x00
304.447551,0x066,0,0,6,0x03,0x67,0x7A,0x32,0x54,0x2D,0x00,0x00
304.447552,0x067,0,0,8,0x49,0x0C,0x8A,0x50,0x31,0x33,0x6D,0x09
304.447553,0x068,0,0,4,0x47,0xF5,0x19,0x00,0x00,0x00,0x00,0x00
304.447554,0x06B,0,0,5,0x85,0x1B,0xA0,0x29,0x00,0x00,0x00,0x00
304.644950,0x06F,0,0,8,0x8F,0xC4,0x8F,0xC4,0x00,0x06,0x90,0x7F
304.645550,0x065,0,0,1,0x5B,0x00,0x00,0x00,0x00,0x00,0x00,0x00
304.645551,0x066,0,0,6,0x03,0x2F,0x7B,0x32,0x54,0x2D,0x00,0x00
304.645552,0x067,0,0,8,0x41,0x0C,0x8A,0x30,0x32,0x33,0x6D,0x09
304.645553,0x068,0,0,4,0x45,0xF5,0x19,0x00,0x00,0x00,0x00,0x00
304.645554,0x06B,0,0,5,0xC9,0x1A,0xE0,0x31,0x00,0x00,0x00,0x00
304.842950,0x06F,0,0,8,0x8B,0xD4,0x0F,0xC4,0xFE,0xFD,0xAF,0x7F
304.843550,0x065,0,0,1,0x5B,0x00,0x00,0x00,0x00,0x00,0x00,0x00
304.843551,0x066,0,0,6,0x03,0xF7,0x7B,0x32,0x54,0x2D,0x00,0x00
304.843552,0x067,0,0,8,0x3B,0x0C,0x8A,0x30,0x33,0x33,0x6D,0x09
304.843553,0x068,0,0,4,0x45,0xF5,0x19,0x00,0x00,0x00,0x00,0x00
304.843554,0x06B,0,0,5,0x7B,0x1B,0x40,0x2D,0x00,0x00,0x00,0x00
304.846700,0x06A,0,0,3,0xC9,0x04,0x00,0x00,0x00,0x00,0x00,0x00
305.041400,0x065,0,0,1,0x53,0x00,0x00,0x00,0x00,0x00,0x00,0x00
305.041401,0x066,0,0,6,0x03,0xBF,0x7C,0x32,0x54,0x2D,0x00,0x00
305.041402,0x067,0,0,8,0x35,0x0C,0x8A,0x10,0x34,0x33,0x6D,0x09
305.041403,0x068,0,0,4,0x49,0xF5,0x19,0x00,0x00,0x00,0x00,0x00
305.041404,0x06B,0,0,5,0x1B,0x1A,0x00,0x2B,0x00,0x00,0x00,0x00
305.043800,0x06F,0,0,8,0x87,0xD4,0x4F,0xC4,0xFE,0xF9,0xAF,0x7F
305.238950,0x06F,0,0,8,0x8D,0xD4,0x2F,0x44,0xFE,0xF5,0xAF,0x7F
305.239600,0x065,0,0,1,0x53,0x00,0x00,0x00,0x00,0x00,0x00,0x00
305.239601,0x066,0,0,6,0x03,0x87,0x7D,0x32,0x54,0x2D,0x00,0x00
305.239602,0x067,0,0,8,0x2F,0x0C,0x8A,0x10,0x35,0x33,0x6D,0x09
305.239603,0x068,0,0,4,0x49,0xF5,0x19,0x00,0x00,0x00,0x00,0x00
305.239604,0x06B,0,0,5,0x85,0x1B,0xC0,0x2A,0x00,0x00,0x00,0x00
305.436950,0x06F,0,0,8,0x8D,0xDC,0x2F,0x44,0xFC,0xFD,0x4F,0x7F
305.437600,0x065,0,0,1,0x53,0x00,0x00,0x00,0x00,0x00,0x00,0x00
305.437601,0x066,0,0,6,0x03,0x4F,0x7E,0x32,0x54,0x2D,0x00,0x00
305.437602,0x067,0,0,8,0x29,0x0C,0x8A,0x10,0x36,0x33,0x6D,0x09
305.437603,0x068,0,0,4,0x4B,0xF5,0x19,0x00,0x00,0x00,0x00,0x00
305.437604,0x06B,0,0,5,0x27,0x1C,0xA0,0x2A,0x00,0x00,0x00,0x00
305.634950,0x06F,0,0,8,0x95,0xD4,0xAF,0xC3,0xF8,0x09,0x30,0x7F
305.636250,0x065,0,0,1,0x53,0x00,0x00,0x00,0x00,0x00,0x00,0x00
305.636251,0x066,0,0,6,0x03,0x17,0x7F,0x32,0x54,0x2D,0x00,0x00
305.636252,0x067,0,0,8,0x21,0x0C,0x8A,0x10,0x37,0x33,0x6D,0x09
305.636253,0x068,0,0,4,0x4B,0xF5,0x19,0x00,0x00,0x00,0x00,0x00
305.636254,0x06B,0,0,5,0x3B,0x1B,0xA0,0x2A,0x00,0x00,0x00,0x00
305.832950,0x06F,0,0,8,0x89,0xCC,0x6F,0xC4,0xF9,0x15,0x10,0x7F
305.833600,0x065,0,0,1,0x53,0x00,0x00,0x00,0x00,0x00,0x00,0x00
305.833601,0x066,0,0,6,0x03,0xDF,0x7F,0x32,0x54,0x2D,0x00,0x00
305.833602,0x067,0,0,8,0x1D,0x0C,0x8A,0x10,0x38,0x33,0x6D,0x09
305.833603,0x068,0,0,4,0x4B,0xF5,0x19,0x00,0x00,0x00,0x00,0x00
305.833604,0x06B,0,0,5,0x8B,0x1A,0x40,0x2A,0x00,0x00,0x00,0x00
305.836750,0x06A,0,0,3,0xCF,0x04,0x00,0x00,0x00,0x00,0x00,0x00
306.030950,0x06F,0,0,8,0x89,0xCC,0x8F,0x44,0xFC,0xF1,0x6F,0x7F
306.031600,0x065,0,0,1,0x53,0x00,0x00,0x00,0x00,0x00,0x00,0x00
306.031601,0x066,0,0,6,0x03,0xA7,0x80,0x32,0x54,0x2D,0x00,0x00
306.031602,0x067,0,0,8,0x15,0x0C,0x8A,0xF0,0x38,0x33,0x6D,0x09
306.031603,0x068,0,0,4,0x4B,0xF5,0x19,0x00,0x00,0x00,0x00,0x00
306.031604,0x06B,0,0,5,0xF3,0x19,0xA0,0x2A,0x00,0x00,0x00,0x00
306.228950,0x06F,0,0,8,0x87,0xCC,0xAF,0x44,0x00,0x0E,0xD0,0x7F
306.229750,0x065,0,0,1,0x4B,0x00,0x00,0x00,0x00,0x00,0x00,0x00
306.229751,0x066,0,0,6,0x03,0x6F,0x81,0x32,0x54,0x2D,0x00,0x00
306.229752,0x067,0,0,8,0x0F,0x0C,0x8A,0xF0,0x39,0x33,0x6D,0x09
306.229753,0x068,0,0,4,0x49,0xF5,0x19,0x00,0x00,0x00,0x00,0x00
306.229754,0x06B,0,0,5,0x33,0x1A,0xC0,0x2A,0x00,0x00,0x00,0x00
306.426950,0x06F,0,0,8,0x83,0xCC,0x2F,0x45,0x04,0x0E,0x30,0x80
306.427600,0x065,0,0,1,0x4B,0x00,0x00,0x00,0x00,0x00,0x00,0x00
306.427601,0x066,0,0,6,0x03,0x37,0x82,0x32,0x54,0x2D,0x00,0x00
306.427602,0x067,0,0,8,0x09,0x0C,0x8A,0xD0,0x3A,0x33,0x6D,0x09
306.427603,0x068,0,0,4,0x49,0xF5,0x19,0x00,0x00,0x00,0x00,0x00
306.427604,0x06B,0,0,5,0x2D,0x1A,0x60,0x28,0x00,0x00,0x00,0x00
306.624950,0x06F,0,0,8,0x8B,0xD4,0x8F,0xC4,0x07,0x0E,0xD0,0x80
306.625600,0x065,0,0,1,0x4B,0x00,0x00,0x00,0x00,0x00,0x00,0x00
306.625601,0x066,0,0,6,0x03,0xFF,0x82,0x32,0x54,0x2D,0x00,0x00
306.625602,0x067,0,0,8,0x03,0x0C,0x8A,0xD0,0x3B,0x33,0x6D,0x09
306.625603,0x068,0,0,4,0x49,0xF5,0x19,0x00,0x00,0x00,0x00,0x00
306.625604,0x06B,0,0,5,0x8B,0x19,0x80,0x28,0x00,0x00,0x00,0x00
306.822950,0x06F,0,0,8,0x87,0xC4,0xEF,0xC4,0x09,0xFE,0x2F,0x81
306.823600,0x065,0,0,1,0x53,0x00,0x00,0x00,0x00,0x00,0x00,0x00
306.823601,0x066,0,0,6,0x03,0xC7,0x83,0x32,0x54,0x2D,0x00,0x00
306.823602,0x067,0,0,8,0xF9,0x0B,0x8A,0xB0,0x3C,0x33,0x6D,0x09
306.823603,0x068,0,0,4,0x47,0xF5,0x19,0x00,0x00,0x00,0x00,0x00
306.823604,0x06B,0,0,5,0x0D,0x19,0x60,0x2B,0x00,0x00,0x00,0x00
306.826100,0x06A,0,0,3,0xD7,0x04,0x00,0x00,0x00,0x00,0x00,0x00
307.020950,0x06F,0,0,8,0x8B,0xCC,0xAF,0xC4,0x09,0xF6,0x6F,0x81
307.022300,0x065,0,0,1,0x53,0x00,0x00,0x00,0x00,0x00,0x00,0x00
307.022301,0x066,0,0,6,0x03,0x8F,0x84,0x32,0x54,0x2D,0x00,0x00
307.022302,0x067,0,0,8,0xF5,0x0B,0x8A,0x90,0x3D,0x33,0x6D,0x09
307.022303,0x068,0,0,4,0x49,0xF5,0x19,0x00,0x00,0x00,0x00,0x00
307.022304,0x06B,0,0,5,0xA5,0x17,0x20,0x2A,0x00,0x00,0x00,0x00
307.218950,0x06F,0,0,8,0x89,0xDC,0x6F,0xC4,0x09,0x06,0x50,0x81
307.219600,0x065,0,0,1,0x53,0x00,0x00,0x00,0x00,0x00,0x00,0x00
307.219601,0x066,0,0,6,0x03,0x57,0x85,0x32,0x54,0x2D,0x00,0x00
307.219602,0x067,0,0,8,0xEF,0x0B,0x8A,0x70,0x3E,0x33,0x6D,0x09
307.219603,0x068,0,0,4,0x49,0xF5,0x19,0x00,0x00,0x00,0x00,0x00
307.219604,0x06B,0,0,5,0x0B,0x18,0x40,0x2A,0x00,0x00,0x00,0x00
307.416950,0x06F,0,0,8,0x87,0xD4,0xAF,0xC4,0x09,0xE6,0x2F,0x81
307.417750,0x065,0,0,1,0x53,0x00,0x00,0x00,0x00,0x00,0x00,0x00
307.417751,0x066,0,0,6,0x03,0x1F,0x86,0x32,0x54,0x2D,0x00,0x00
307.417752,0x067,0,0,8,0xE9,0x0B,0x8A,0x30,0x3F,0x33,0x6D,0x09
307.417753,0x068,0,0,4,0x49,0xF5,0x19,0x00,0x00,0x00,0x00,0x00
307.417754,0x06B,0,0,5,0x61,0x17,0x40,0x30,0x00,0x00,0x00,0x00
307.614950,0x06F,0,0,8,0x89,0xDC,0x6F,0x44,0x09,0xEA,0xEF,0x80
307.615600,0x065,0,0,1,0x4B,0x00,0x00,0x00,0x00,0x00,0x00,0x00
307.615601,0x066,0,0,6,0x03,0xE7,0x86,0x32,0x54,0x2D,0x00,0x00
307.615602,0x067,0,0,8,0xE3,0x0B,0x8A,0xF0,0x3F,0x33,0x6D,0x09
307.615603,0x068,0,0,4,0x47,0xF5,0x19,0x00,0x00,0x00,0x00,0x00
307.615604,0x06B,0,0,5,0x09,0x15,0xE0,0x34,0x00,0x00,0x00,0x00
307.812950,0x06F,0,0,8,0x8B,0xDC,0x8F,0x44,0x06,0xEE,0xCF,0x80
307.813850,0x065,0,0,1,0x4B,0x00,0x00,0x00,0x00,0x00,0x00,0x00
307.813851,0x066,0,0,6,0x03,0xAF,0x87,0x32,0x54,0x2D,0x00,0x00
307.813852,0x067,0,0,8,0xDF,0x0B,0x8A,0xD0,0x40,0x33,0x6D,0x09
307.813853,0x068,0,0,4,0x43,0xF5,0x19,0x00,0x00,0x00,0x00,0x00
307.813854,0x06B,0,0,5,0x0B,0x16,0xE0,0x2B,0x00,0x00,0x00,0x00
307.816250,0x06A,0,0,3,0xDD,0x04,0x00,0x00,0x00,0x00,0x00,0x00
308.011000,0x06F,0,0,8,0x8F,0xD4,0x4F,0x44,0x04,0xE6,0x8F,0x80
308.011850,0x065,0,0,1,0x4B,0x00,0x00,0x00,0x00,0x00,0x00,0x00
308.011851,0x066,0,0,6,0x03,0x77,0x88,0x32,0x54,0x2D,0x00,0x00
308.011852,0x067,0,0,8,0xD7,0x0B,0x8A,0x90,0x41,0x33,0x6D,0x09
308.011853,0x068,0,0,4,0x3F,0xF5,0x19,0x00,0x00,0x00,0x00,0x00
308.011854,0x06B,0,0,5,0x5D,0x15,0x80,0x2C,0x00,0x00,0x00,0x00
308.209000,0x06F,0,0,8,0x8B,0xC4,0x6F,0xC4,0x01,0xF2,0x6F,0x80
308.209650,0x065,0,0,1,0x4B,0x00,0x00,0x00,0x00,0x00,0x00,0x00
308.209651,0x066,0,0,6,0x03,0x3F,0x89,0x32,0x54,0x2D,0x00,0x00
308.209652,0x067,0,0,8,0xCD,0x0B,0x8A,0x50,0x42,0x33,0x6D,0x09
308.209653,0x068,0,0,4,0x39,0xF5,0x19,0x00,0x00,0x00,0x00,0x00
308.209654,0x06B,0,0,5,0x03,0x16,0x60,0x2E,0x00,0x00,0x00,0x00
308.407000,0x06F,0,0,8,0x89,0xD4,0x2F,0x44,0xFF,0xD9,0xAF,0x7F
308.407600,0x065,0,0,1,0x4B,0x00,0x00,0x00,0x00,0x00,0x00,0x00
308.407601,0x066,0,0,6,0x03,0x07,0x8A,0x32,0x54,0x2D,0x00,0x00
308.407602,0x067,0,0,8,0xBF,0x0B,0x8A,0xD0,0x42,0x33,0x6D,0x09
308.407603,0x068,0,0,4,0x2F,0xF5,0x19,0x00,0x00,0x00,0x00,0x00
308.407604,0x06B,0,0,5,0xBF,0x13,0xC0,0x3B,0x00,0x00,0x00,0x00
308.605000,0x06F,0,0,8,0x8F,0xDC,0xAF,0xC3,0xF9,0xF1,0xCF,0x7F
308.605750,0x065,0,0,1,0x4B,0x00,0x00,0x00,0x00,0x00,0x00,0x00
308.605751,0x066,0,0,6,0x03,0xCF,0x8A,0x32,0x54,0x2D,0x00,0x00
308.605752,0x067,0,0,8,0xB9,0x0B,0x8A,0x70,0x43,0x33,0x6D,0x09
308.605753,0x068,0,0,4,0x2D,0xF5,0x19,0x00,0x00,0x00,0x00,0x00
308.605754,0x06B,0,0,5,0xA1,0x16,0x60,0x3B,0x00,0x00,0x00,0x00
308.803000,0x06F,0,0,8,0x91,0xDC,0xAF,0x43,0xF9,0x15,0xB0,0x7E
308.804400,0x065,0,0,1,0x4B,0x00,0x00,0x00,0x00,0x00,0x00,0x00
308.804401,0x066,0,0,6,0x03,0x97,0x8B,0x32,0x54,0x2D,0x00,0x00
308.804402,0x067,0,0,8,0xB3,0x0B,0x8A,0x10,0x44,0x33,0x6D,0x09
308.804403,0x068,0,0,4,0x2D,0xF5,0x19,0x00,0x00,0x00,0x00,0x00
308.804404,0x06B,0,0,5,0x41,0x16,0x40,0x3B,0x00,0x00,0x00,0x00
308.806900,0x06A,0,0,3,0xE1,0x04,0x00,0x00,0x00,0x00,0x00,0x00
309.001000,0x06F,0,0,8,0x81,0xDC,0x8F,0x43,0xFC,0x15,0x50,0x7E
309.001850,0x065,0,0,1,0x43,0x00,0x00,0x00,0x00,0x00,0x00,0x00
309.001851,0x066,0,0,6,0x03,0x5F,0x8C,0x32,0x54,0x2D,0x00,0x00
309.001852,0x067,0,0,8,0xAD,0x0B,0x8A,0xB0,0x44,0x33,0x6D,0x09
309.001853,0x068,0,0,4,0x2B,0xF5,0x19,0x00,0x00,0x00,0x00,0x00
309.001854,0x06B,0,0,5,0x6F,0x15,0xA0,0x3D,0x00,0x00,0x00,0x00
309.198950,0x06F,0,0,8,0x87,0xCC,0x8F,0xC4,0xFB,0x11,0x70,0x80
309.199850,0x065,0,0,1,0x3B,0x00,0x00,0x00,0x00,0x00,0x00,0x00
309.199851,0x066,0,0,6,0x03,0x27,0x8D,0x32,0x54,0x2D,0x00,0x00
309.199852,0x067,0,0,8,0xA7,0x0B,0x8A,0x50,0x45,0x33,0x6D,0x09
309.199853,0x068,0,0,4,0x29,0xF5,0x19,0x00,0x00,0x00,0x00,0x00
309.199854,0x06B,0,0,5,0xAB,0x14,0xC0,0x41,0x00,0x00,0x00,0x00
309.396950,0x06F,0,0,8,0x89,0xD4,0x6F,0xC4,0x00,0xEE,0x4F,0x80
309.397650,0x065,0,0,1,0x33,0x00,0x00,0x00,0x00,0x00,0x00,0x00
309.397651,0x066,0,0,6,0x03,0xEF,0x8D,0x32,0x54,0x2D,0x00,0x00
309.397652,0x067,0,0,8,0x9F,0x0B,0x8A,0xF0,0x45,0x33,0x6D,0x09
309.397653,0x068,0,0,4,0x27,0xF5,0x19,0x00,0x00,0x00,0x00,0x00
309.397654,0x06B,0,0,5,0xFF,0x14,0x00,0x47,0x00,0x00,0x00,0x00
309.595000,0x06F,0,0,8,0x91,0xDC,0x4F,0xC4,0xFE,0xF1,0x2F,0x80
309.595650,0x065,0,0,1,0x3B,0x00,0x00,0x00,0x00,0x00,0x00,0x00
309.595651,0x066,0,0,6,0x03,0xB7,0x8E,0x32,0x54,0x2D,0x00,0x00
309.595652,0x067,0,0,8,0x9F,0x0B,0x8A,0x70,0x46,0x33,0x6D,0x09
309.595653,0x068,0,0,4,0x29,0xF5,0x19,0x00,0x00,0x00,0x00,0x00
309.595654,0x06B,0,0,5,0xE9,0x12,0x60,0x45,0x00,0x00,0x00,0x00
309.793000,0x06F,0,0,8,0x8D,0xD4,0x8F,0xC4,0xFF,0x09,0x10,0x80
309.793750,0x065,0,0,1,0x2B,0x00,0x00,0x00,0x00,0x00,0x00,0x00
309.793751,0x066,0,0,6,0x03,0x7F,0x8F,0x32,0x54,0x2D,0x00,0x00
309.793752,0x067,0,0,8,0x99,0x0B,0x8A,0x10,0x47,0x33,0x6D,0x09
309.793753,0x068,0,0,4,0x27,0xF5,0x19,0x00,0x00,0x00,0x00,0x00
309.793754,0x06B,0,0,5,0x69,0x12,0x60,0x47,0x00,0x00,0x00,0x00
309.796850,0x06A,0,0,3,0xE7,0x04,0x00,0x00,0x00,0x00,0x00,0x00
309.991000,0x06F,0,0,8,0x8B,0xFC,0x6F,0x44,0x00,0xEA,0x0F,0x80
309.991800,0x065,0,0,1,0x2B,0x00,0x00,0x00,0x00,0x00,0x00,0x00
309.991801,0x066,0,0,6,0x03,0x47,0x90,0x32,0x54,0x2D,0x00,0x00
309.991802,0x067,0,0,8,0x95,0x0B,0x8A,0xB0,0x47,0x33,0x6D,0x09
309.991803,0x068,0,0,4,0x25,0xF5,0x19,0x00,0x00,0x00,0x00,0x00
309.991804,0x06B,0,0,5,0x17,0x12,0xC0,0x48,0x00,0x00,0x00,0x00
310.189000,0x06F,0,0,8,0x99,0x84,0xEF,0x44,0xFD,0xD9,0x0F,0x80
310.190500,0x065,0,0,1,0x2B,0x00,0x00,0x00,0x00,0x00,0x00,0x00
310.190501,0x066,0,0,6,0x03,0x0F,0x91,0x32,0x54,0x2D,0x00,0x00
310.190502,0x067,0,0,8,0x8D,0x0B,0x8A,0x30,0x48,0x33,0x6D,0x0D
310.190503,0x068,0,0,4,0x25,0xF5,0x19,0x00,0x00,0x00,0x00,0x00
310.190504,0x06B,0,0,5,0x5F,0x12,0xC0,0x4A,0x00,0x00,0x00,0x00
310.387000,0x06F,0,0,8,0x87,0xDC,0xCF,0x43,0xFE,0x01,0x10,0x81
310.387900,0x065,0,0,1,0x2B,0x00,0x00,0x00,0x00,0x00,0x00,0x00
310.387901,0x066,0,0,6,0x03,0xD7,0x91,0x32,0x54,0x2D,0x00,0x00
310.387902,0x067,0,0,8,0x85,0x0B,0x8A,0xB0,0x48,0x33,0x6D,0x0D
310.387903,0x068,0,0,4,0x23,0xF5,0x19,0x00,0x00,0x00,0x00,0x00
310.387904,0x06B,0,0,5,0x21,0x13,0x60,0x4B,0x00,0x00,0x00,0x00
310.585000,0x06F,0,0,8,0x8B,0xCC,0x4F,0x44,0xFF,0x0D,0x70,0x7F
310.585900,0x065,0,0,1,0x00,0x00,0x00,0x00,0x00,0x00,0x00,0x00
310.585901,0x066,0,0,6,0x03,0x9F,0x92,0x32,0x54,0x2D,0x00,0x00
310.783000,0x06F,0,0,8,0x8D,0xDC,0x0F,0x44,0xFE,0x09,0xF0,0x7F
310.783650,0x065,0,0,1,0x00,0x00,0x00,0x00,0x00,0x00,0x00,0x00
310.783651,0x066,0,0,6,0x03,0x67,0x93,0x32,0x54,0x2D,0x00,0x00
310.785850,0x06A,0,0,3,0xE9,0x04,0x00,0x00,0x00,0x00,0x00,0x00
310.981000,0x06F,0,0,8,0x87,0xD4,0x2F,0x44,0xFE,0x01,0xF0,0x7F
310.981800,0x065,0,0,1,0x00,0x00,0x00,0x00,0x00,0x00,0x00,0x00
310.981801,0x066,0,0,6,0x03,0x2F,0x94,0x32,0x54,0x2D,0x00,0x00
311.179000,0x06F,0,0,8,0x8D,0xD4,0x6F,0xC4,0xFD,0xF1,0xCF,0x7F
311.180450,0x065,0,0,1,0x00,0x00,0x00,0x00,0x00,0x00,0x00,0x00
311.180451,0x066,0,0,6,0x03,0xF7,0x94,0x32,0x54,0x2D,0x00,0x00
311.377000,0x06F,0,0,8,0x8D,0xC4,0x0F,0x44,0xFD,0x09,0x70,0x80
311.378000,0x065,0,0,1,0x00,0x00,0x00,0x00,0x00,0x00,0x00,0x00
311.378001,0x066,0,0,6,0x03,0xBF,0x95,0x32,0x54,0x2D,0x00,0x00
311.575000,0x06F,0,0,8,0x89,0xCC,0x4F,0xC4,0x00,0x02,0x90,0x7E
311.575800,0x065,0,0,1,0x00,0x00,0x00,0x00,0x00,0x00,0x00,0x00
311.575801,0x066,0,0,6,0x03,0x87,0x96,0x32,0x54,0x2D,0x00,0x00
311.773000,0x06F,0,0,8,0x93,0xE4,0x8F,0xC4,0xFD,0xFD,0x2F,0x80
311.773900,0x065,0,0,1,0x00,0x00,0x00,0x00,0x00,0x00,0x00,0x00
311.773901,0x066,0,0,6,0x03,0x4F,0x97,0x32,0x54,0x2D,0x00,0x00
311.776500,0x06A,0,0,3,0xE9,0x04,0x00,0x00,0x00,0x00,0x00,0x00
311.971000,0x06F,0,0,8,0x89,0xCC,0x0F,0xC4,0xFF,0x01,0x90,0x7F
311.971650,0x065,0,0,1,0x00,0x00,0x00,0x00,0x00,0x00,0x00,0x00
311.971651,0x066,0,0,6,0x03,0x17,0x98,0x32,0x54,0x2D,0x00,0x00
312.169000,0x06F,0,0,8,0x8F,0xC4,0x4F,0x44,0xFF,0x01,0x30,0x80
312.169800,0x065,0,0,1,0x00,0x00,0x00,0x00,0x00,0x00,0x00,0x00
312.169801,0x066,0,0,6,0x03,0xDF,0x98,0x32,0x54,0x2D,0x00,0x00
312.367050,0x06F,0,0,8,0x8D,0xBC,0x4F,0x44,0xFF,0x09,0x30,0x80
312.367800,0x065,0,0,1,0x00,0x00,0x00,0x00,0x00,0x00,0x00,0x00
312.367801,0x066,0,0,6,0x03,0xA7,0x99,0x32,0x54,0x2D,0x00,0x00
312.565050,0x06F,0,0,8,0x8B,0xBC,0x6F,0xC4,0xFF,0x01,0xD0,0x7F
312.566700,0x065,0,0,1,0x2B,0x00,0x00,0x00,0x00,0x00,0x00,0x00
312.566701,0x066,0,0,6,0x03,0x6F,0x9A,0x32,0x54,0x2D,0x00,0x00
312.566702,0x067,0,0,8,0x47,0x0B,0x8A,0xF0,0x4D,0x33,0x6D,0x15
312.566703,0x068,0,0,4,0x1D,0xF5,0x19,0x00,0x00,0x00,0x00,0x00
312.566704,0x06B,0,0,5,0xF7,0x0E,0xC0,0x7A,0x00,0x00,0x00,0x00
312.763050,0x06F,0,0,8,0x8B,0xA4,0x4F,0xC4,0xFE,0xFD,0xEF,0x7F
312.763900,0x065,0,0,1,0x2B,0x00,0x00,0x00,0x00,0x00,0x00,0x00
312.763901,0x066,0,0,6,0x03,0x37,0x9B,0x32,0x54,0x2D,0x00,0x00
312.763902,0x067,0,0,8,0x47,0x0B,0x8A,0x30,0x4E,0x33,0x6D,0x15
312.763903,0x068,0,0,4,0x21,0xF5,0x19,0x00,0x00,0x00,0x00,0x00
312.763904,0x06B,0,0,5,0x51,0x0E,0x80,0x67,0x00,0x00,0x00,0x00
312.766900,0x06A,0,0,3,0xF3,0x04,0x00,0x00,0x00,0x00,0x00,0x00
312.961050,0x06F,0,0,8,0x8B,0x8C,0x2F,0xC4,0xFE,0xF5,0x0F,0x80
312.961900,0x065,0,0,1,0x00,0x00,0x00,0x00,0x00,0x00,0x00,0x00
312.961901,0x066,0,0,6,0x03,0xFF,0x9B,0x32,0x54,0x2D,0x00,0x00
313.159050,0x06F,0,0,8,0x8B,0xB4,0x2F,0x44,0xFF,0x05,0xF0,0x7F
313.160050,0x065,0,0,1,0x00,0x00,0x00,0x00,0x00,0x00,0x00,0x00
313.160051,0x066,0,0,6,0x03,0xC7,0x9C,0x32,0x54,0x2D,0x00,0x00
313.357050,0x06F,0,0,8,0x89,0xB4,0x4F,0xC4,0xFF,0xF5,0xEF,0x7F
313.357800,0x065,0,0,1,0x00,0x00,0x00,0x00,0x00,0x00,0x00,0x00
313.357801,0x066,0,0,6,0x03,0x8F,0x9D,0x32,0x54,0x2D,0x00,0x00
313.555000,0x06F,0,0,8,0x8B,0xB4,0x2F,0xC4,0xFE,0xF5,0xEF,0x7F
313.556700,0x065,0,0,1,0x00,0x00,0x00,0x00,0x00,0x00,0x00,0x00
313.556701,0x066,0,0,6,0x03,0x57,0x9E,0x32,0x54,0x2D,0x00,0x00
313.753050,0x06F,0,0,8,0x8B,0xC4,0x0F,0x44,0xFF,0xF9,0xCF,0x7F
313.754050,0x065,0,0,1,0x00,0x00,0x00,0x00,0x00,0x00,0x00,0x00
313.754051,0x066,0,0,6,0x03,0x1F,0x9F,0x32,0x54,0x2D,0x00,0x00
313.756050,0x06A,0,0,3,0xF3,0x04,0x00,0x00,0x00,0x00,0x00,0x00
313.951050,0x06F,0,0,8,0x8B,0xC4,0x2F,0x44,0xFF,0xFD,0xEF,0x7F
313.952050,0x065,0,0,1,0x00,0x00,0x00,0x00,0x00,0x00,0x00,0x00
313.952051,0x066,0,0,6,0x03,0xE7,0x9F,0x32,0x54,0x2D,0x00,0x00
314.149050,0x06F,0,0,8,0x8B,0xC4,0x2F,0x44,0xFF,0xFD,0xEF,0x7F
314.149900,0x065,0,0,1,0x00,0x00,0x00,0x00,0x00,0x00,0x00,0x00
314.149901,0x066,0,0,6,0x03,0xAF,0xA0,0x32,0x54,0x2D,0x00,0x00
314.347050,0x06F,0,0,8,0x8B,0xC4,0x4F,0x44,0xFF,0xFD,0xEF,0x7F
314.348050,0x065,0,0,1,0x00,0x00,0x00,0x00,0x00,0x00,0x00,0x00
314.348051,0x066,0,0,6,0x03,0x77,0xA1,0x32,0x54,0x2D,0x00,0x00
314.545050,0x06F,0,0,8,0x8B,0xBC,0x2F,0x44,0xFF,0xFD,0xEF,0x7F
314.546050,0x065,0,0,1,0x00,0x00,0x00,0x00,0x00,0x00,0x00,0x00
314.546051,0x066,0,0,6,0x03,0x3F,0xA2,0x32,0x54,0x2D,0x00,0x00
314.743050,0x06F,0,0,8,0x8B,0xC4,0x4F,0x44,0xFF,0xFD,0xEF,0x7F
314.744050,0x065,0,0,1,0x00,0x00,0x00,0x00,0x00,0x00,0x00,0x00
314.744051,0x066,0,0,6,0x03,0x07,0xA3,0x32,0x54,0x2D,0x00,0x00
314.746050,0x06A,0,0,3,0xF3,0x04,0x00,0x00,0x00,0x00,0x00,0x00
314.941050,0x06F,0,0,8,0x8B,0xD4,0x2F,0x44,0xFF,0xFD,0xCF,0x7F
314.942050,0x065,0,0,1,0x00,0x00,0x00,0x00,0x00,0x00,0x00,0x00
314.942051,0x066,0,0,6,0x03,0xCF,0xA3,0x32,0x54,0x2D,0x00,0x00
315.139050,0x06F,0,0,8,0x8B,0xCC,0x4F,0xC4,0xFE,0xFD,0xEF,0x7F
315.140100,0x065,0,0,1,0x00,0x00,0x00,0x00,0x00,0x00,0x00,0x00
315.140101,0x066,0,0,6,0x03,0x97,0xA4,0x32,0x54,0x2D,0x00,0x00
315.337050,0x06F,0,0,8,0x8D,0xEC,0x4F,0x44,0xFF,0xFD,0xEF,0x7F
315.337900,0x065,0,0,1,0x00,0x00,0x00,0x00,0x00,0x00,0x00,0x00
315.337901,0x066,0,0,6,0x03,0x5F,0xA5,0x32,0x54,0x2D,0x00,0x00
315.535050,0x06F,0,0,8,0x8B,0xD4,0x2F,0x44,0xFF,0xFD,0xCF,0x7F
315.536050,0x065,0,0,1,0x00,0x00,0x00,0x00,0x00,0x00,0x00,0x00
315.536051,0x066,0,0,6,0x03,0x27,0xA6,0x32,0x54,0x2D,0x00,0x00
315.733050,0x06F,0,0,8,0x8D,0xE4,0x4F,0x44,0xFF,0xFD,0xCF,0x7F
315.734050,0x065,0,0,1,0x00,0x00,0x00,0x00,0x00,0x00,0x00,0x00
315.734051,0x066,0,0,6,0x03,0xEF,0xA6,0x32,0x54,0x2D,0x00,0x00
315.736050,0x06A,0,0,3,0xF3,0x04,0x00,0x00,0x00,0x00,0x00,0x00
315.931050,0x06F,0,0,8,0x8B,0xDC,0x2F,0x44,0xFF,0xFD,0xEF,0x7F
315.932050,0x065,0,0,1,0x00,0x00,0x00,0x00,0x00,0x00,0x00,0x00
315.932051,0x066,0,0,6,0x03,0xB7,0xA7,0x32,0x54,0x2D,0x00,0x00
316.129050,0x06F,0,0,8,0x8B,0xE4,0x2F,0xC4,0xFE,0xFD,0xEF,0x7F
316.130050,0x065,0,0,1,0x00,0x00,0x00,0x00,0x00,0x00,0x00,0x00
316.130051,0x066,0,0,6,0x03,0x7F,0xA8,0x32,0x54,0x2D,0x00,0x00
316.327050,0x06F,0,0,8,0x8B,0xDC,0x2F,0x44,0xFF,0xFD,0xEF,0x7F
316.328050,0x065,0,0,1,0x00,0x00,0x00,0x00,0x00,0x00,0x00,0x00
316.328051,0x066,0,0,6,0x03,0x47,0xA9,0x32,0x54,0x2D,0x00,0x00
316.525100,0x06F,0,0,8,0x8B,0xDC,0x2F,0x44,0xFF,0xFD,0xEF,0x7F
316.526200,0x065,0,0,1,0x00,0x00,0x00,0x00,0x00,0x00,0x00,0x00
316.526201,0x066,0,0,6,0x03,0x0F,0xAA,0x32,0x54,0x2D,0x00,0x00
316.723100,0x06F,0,0,8,0x8B,0xDC,0x2F,0xC4,0xFE,0xFD,0xEF,0x7F
316.921350,0x065,0,0,1,0x00,0x00,0x00,0x00,0x00,0x00,0x00,0x00
316.921351,0x066,0,0,6,0x03,0xD7,0xAA,0x32,0x54,0x2D,0x00,0x00
316.923300,0x06A,0,0,3,0xF3,0x04,0x00,0x00,0x00,0x00,0x00,0x00
316.923700,0x06F,0,0,8,0x8B,0xDC,0x2F,0xC4,0xFE,0xFD,0xEF,0x7F
317.119550,0x065,0,0,1,0x00,0x00,0x00,0x00,0x00,0x00,0x00,0x00
317.119551,0x066,0,0,6,0x03,0x9F,0xAB,0x32,0x54,0x2D,0x00,0x00
317.121550,0x06F,0,0,8,0x8B,0xDC,0x2F,0x44,0xFF,0xF9,0xEF,0x7F
317.317350,0x065,0,0,1,0x00,0x00,0x00,0x00,0x00,0x00,0x00,0x00
317.317351,0x066,0,0,6,0x03,0x67,0xAC,0x32,0x54,0x2D,0x00,0x00
317.319550,0x06F,0,0,8,0x8B,0xDC,0x2F,0x44,0xFF,0xFD,0xEF,0x7F
317.515350,0x065,0,0,1,0x00,0x00,0x00,0x00,0x00,0x00,0x00,0x00
317.515351,0x066,0,0,6,0x03,0x2F,0xAD,0x32,0x54,0x2D,0x00,0x00
317.517550,0x06F,0,0,8,0x8B,0xDC,0x2F,0x44,0xFF,0xFD,0xEF,0x7F
317.713350,0x065,0,0,1,0x00,0x00,0x00,0x00,0x00,0x00,0x00,0x00
317.713351,0x066,0,0,6,0x03,0xF7,0xAD,0x32,0x54,0x2D,0x00,0x00
317.716200,0x06F,0,0,8,0x8B,0xDC,0x4F,0x44,0xFF,0xFD,0xEF,0x7F
317.911350,0x065,0,0,1,0x00,0x00,0x00,0x00,0x00,0x00,0x00,0x00
317.911351,0x066,0,0,6,0x03,0xBF,0xAE,0x32,0x54,0x2D,0x00,0x00
317.913350,0x06A,0,0,3,0xF3,0x04,0x00,0x00,0x00,0x00,0x00,0x00
317.913700,0x06F,0,0,8,0x8B,0xDC,0x2F,0x44,0xFF,0xFD,0xEF,0x7F
318.109350,0x065,0,0,1,0x00,0x00,0x00,0x00,0x00,0x00,0x00,0x00
318.109351,0x066,0,0,6,0x03,0x87,0xAF,0x32,0x54,0x2D,0x00,0x00
318.111550,0x06F,0,0,8,0x8B,0xDC,0x2F,0x44,0xFF,0xFD,0xEF,0x7F
318.307600,0x065,0,0,1,0x00,0x00,0x00,0x00,0x00,0x00,0x00,0x00
318.307601,0x066,0,0,6,0x03,0x4F,0xB0,0x32,0x54,0x2D,0x00,0x00
318.309550,0x06F,0,0,8,0x8B,0xDC,0x2F,0x44,0xFF,0xFD,0xEF,0x7F
318.505350,0x065,0,0,1,0x00,0x00,0x00,0x00,0x00,0x00,0x00,0x00
318.505351,0x066,0,0,6,0x03,0x17,0xB1,0x32,0x54,0x2D,0x00,0x00
318.507550,0x06F,0,0,8,0x8B,0xDC,0x2F,0x44,0xFF,0xF9,0xEF,0x7F
318.703350,0x065,0,0,1,0x00,0x00,0x00,0x00,0x00,0x00,0x00,0x00
318.703351,0x066,0,0,6,0x03,0xDF,0xB1,0x32,0x54,0x2D,0x00,0x00
318.705550,0x06F,0,0,8,0x8D,0xDC,0x2F,0x44,0xFF,0xFD,0xEF,0x7F
318.901350,0x065,0,0,1,0x00,0x00,0x00,0x00,0x00,0x00,0x00,0x00
318.901351,0x066,0,0,6,0x03,0xA7,0xB2,0x32,0x54,0x2D,0x00,0x00
318.903350,0x06A,0,0,3,0xF3,0x04,0x00,0x00,0x00,0x00,0x00,0x00
318.903700,0x06F,0,0,8,0x8B,0xDC,0x2F,0x44,0xFF,0xFD,0xEF,0x7F
319.099600,0x065,0,0,1,0x00,0x00,0x00,0x00,0x00,0x00,0x00,0x00
319.099601,0x066,0,0,6,0x03,0x6F,0xB3,0x32,0x54,0x2D,0x00,0x00
319.102250,0x06F,0,0,8,0x8B,0xDC,0x2F,0xC4,0xFE,0xFD,0xEF,0x7F
319.297350,0x065,0,0,1,0x00,0x00,0x00,0x00,0x00,0x00,0x00,0x00
319.297351,0x066,0,0,6,0x03,0x37,0xB4,0x32,0x54,0x2D,0x00,0x00
319.299600,0x06F,0,0,8,0x8B,0xDC,0x2F,0x44,0xFF,0xFD,0xEF,0x7F
319.495600,0x065,0,0,1,0x00,0x00,0x00,0x00,0x00,0x00,0x00,0x00
319.495601,0x066,0,0,6,0x03,0xFF,0xB4,0x32,0x54,0x2D,0x00,0x00
319.497600,0x06F,0,0,8,0x8B,0xDC,0x2F,0x44,0xFF,0xFD,0xEF,0x7F
319.693600,0x065,0,0,1,0x00,0x00,0x00,0x00,0x00,0x00,0x00,0x00
319.693601,0x066,0,0,6,0x03,0xC7,0xB5,0x32,0x54,0x2D,0x00,0x00
319.695600,0x06F,0,0,8,0x8B,0xDC,0x2F,0xC4,0xFE,0xFD,0xEF,0x7F
319.891400,0x065,0,0,1,0x00,0x00,0x00,0x00,0x00,0x00,0x00,0x00
319.891401,0x066,0,0,6,0x03,0x8F,0xB6,0x32,0x54,0x2D,0x00,0x00
319.893350,0x06A,0,0,3,0xF3,0x04,0x00,0x00,0x00,0x00,0x00,0x00
319.893750,0x06F,0,0,8,0x8B,0xDC,0x2F,0x44,0xFF,0xFD,0xEF,0x7F
320.089400,0x065,0,0,1,0x00,0x00,0x00,0x00,0x00,0x00,0x00,0x00
320.089401,0x066,0,0,6,0x03,0x57,0xB7,0x32,0x54,0x2D,0x00,0x00
320.091600,0x06F,0,0,8,0x8B,0xDC,0x4F,0x44,0xFF,0xFD,0xEF,0x7F
320.287600,0x065,0,0,1,0x00,0x00,0x00,0x00,0x00,0x00,0x00,0x00
320.287601,0x066,0,0,6,0x03,0x1F,0xB8,0x32,0x54,0x2D,0x00,0x00
320.289600,0x06F,0,0,8,0x8B,0xDC,0x2F,0x44,0xFF,0xFD,0xEF,0x7F
320.485600,0x065,0,0,1,0x00,0x00,0x00,0x00,0x00,0x00,0x00,0x00
320.485601,0x066,0,0,6,0x03,0xE7,0xB8,0x32,0x54,0x2D,0x00,0x00
320.488250,0x06F,0,0,8,0x8B,0xDC,0x4F,0x44,0xFF,0xFD,0xEF,0x7F
320.683600,0x065,0,0,1,0x00,0x00,0x00,0x00,0x00,0x00,0x00,0x00
320.683601,0x066,0,0,6,0x03,0xAF,0xB9,0x32,0x54,0x2D,0x00,0x00
320.685600,0x06F,0,0,8,0x8B,0xDC,0x2F,0x44,0xFF,0xFD,0xEF,0x7F
320.881600,0x065,0,0,1,0x00,0x00,0x00,0x00,0x00,0x00,0x00,0x00
320.881601,0x066,0,0,6,0x03,0x77,0xBA,0x32,0x54,0x2D,0x00,0x00
320.883500,0x06A,0,0,3,0xF3,0x04,0x00,0x00,0x00,0x00,0x00,0x00
320.883750,0x06F,0,0,8,0x8B,0xDC,0x4F,0x44,0xFF,0xFD,0xEF,0x7F
321.079400,0x065,0,0,1,0x00,0x00,0x00,0x00,0x00,0x00,0x00,0x00
321.079401,0x066,0,0,6,0x03,0x3F,0xBB,0x32,0x54,0x2D,0x00,0x00
321.082250,0x06F,0,0,8,0x8D,0xDC,0x2F,0x44,0xFF,0xFD,0xEF,0x7F
321.277600,0x065,0,0,1,0x00,0x00,0x00,0x00,0x00,0x00,0x00,0x00
321.277601,0x066,0,0,6,0x03,0x07,0xBC,0x32,0x54,0x2D,0x00,0x00
321.279600,0x06F,0,0,8,0x8B,0xE4,0x4F,0x44,0xFF,0xFD,0xEF,0x7F
321.475600,0x065,0,0,1,0x00,0x00,0x00,0x00,0x00,0x00,0x00,0x00
321.475601,0x066,0,0,6,0x03,0xCF,0xBC,0x32,0x54,0x2D,0x00,0x00
321.477600,0x06F,0,0,8,0x8B,0xDC,0x2F,0x44,0xFF,0xFD,0xEF,0x7F
321.673600,0x065,0,0,1,0x00,0x00,0x00,0x00,0x00,0x00,0x00,0x00
321.673601,0x066,0,0,6,0x03,0x97,0xBD,0x32,0x54,0x2D,0x00,0x00
321.673850,0x06F,0,0,8,0x8B,0xDC,0x2F,0x44,0xFF,0xFD,0xEF,0x7F
321.871600,0x065,0,0,1,0x00,0x00,0x00,0x00,0x00,0x00,0x00,0x00
321.871601,0x066,0,0,6,0x03,0x5F,0xBE,0x32,0x54,0x2D,0x00,0x00
321.874200,0x06A,0,0,3,0xF3,0x04,0x00,0x00,0x00,0x00,0x00,0x00
321.874400,0x06F,0,0,8,0x8B,0xDC,0x2F,0x44,0xFF,0xF9,0xCF,0x7F
322.069600,0x065,0,0,1,0x00,0x00,0x00,0x00,0x00,0x00,0x00,0x00
322.069601,0x066,0,0,6,0x03,0x27,0xBF,0x32,0x54,0x2D,0x00,0x00
322.071600,0x06F,0,0,8,0x8B,0xDC,0x2F,0x44,0xFF,0xFD,0xEF,0x7F
322.267650,0x065,0,0,1,0x00,0x00,0x00,0x00,0x00,0x00,0x00,0x00
322.267651,0x066,0,0,6,0x03,0xEF,0xBF,0x32,0x54,0x2D,0x00,0x00
322.269600,0x06F,0,0,8,0x8B,0xDC,0x4F,0x44,0xFF,0xFD,0xEF,0x7F
322.465600,0x065,0,0,1,0x2B,0x00,0x00,0x00,0x00,0x00,0x00,0x00
322.465601,0x066,0,0,6,0x03,0xB7,0xC0,0x32,0x54,0x2D,0x00,0x00
322.465602,0x067,0,0,8,0x19,0x0B,0x8A,0xD0,0x5D,0x33,0x6D,0x69
322.465603,0x068,0,0,4,0x07,0xF5,0x41,0x00,0x00,0x00,0x00,0x00
322.465604,0x06B,0,0,5,0xBF,0x04,0x80,0xD0,0x00,0x00,0x00,0x00
322.468650,0x06F,0,0,8,0x8B,0xDC,0x2F,0x44,0xFF,0xFD,0xEF,0x7F
322.663650,0x065,0,0,1,0x2B,0x00,0x00,0x00,0x00,0x00,0x00,0x00
322.663651,0x066,0,0,6,0x03,0x7F,0xC1,0x32,0x54,0x2D,0x00,0x00
322.663652,0x067,0,0,8,0x59,0x0B,0x8A,0x50,0x5E,0x33,0x6D,0x5D
322.663653,0x068,0,0,4,0x09,0xF5,0x41,0x00,0x00,0x00,0x00,0x00
322.663654,0x06B,0,0,5,0x2B,0x04,0x40,0xDC,0x00,0x00,0x00,0x00
322.665950,0x06F,0,0,8,0x8B,0xDC,0x2F,0x44,0xFF,0xFD,0xEF,0x7F
322.861650,0x065,0,0,1,0x2B,0x00,0x00,0x00,0x00,0x00,0x00,0x00
322.861651,0x066,0,0,6,0x03,0x47,0xC2,0x32,0x54,0x2D,0x00,0x00
322.861652,0x067,0,0,8,0x7B,0x0B,0x8A,0xD0,0x5E,0x33,0x6D,0x59
322.861653,0x068,0,0,4,0x0B,0xF5,0x41,0x00,0x00,0x00,0x00,0x00
322.861654,0x06B,0,0,5,0x41,0x03,0x80,0xC6,0x00,0x00,0x00,0x00
322.862500,0x06F,0,0,8,0x8B,0xDC,0x2F,0x44,0xFF,0xFD,0xEF,0x7F
322.864800,0x06A,0,0,3,0x07,0x05,0x00,0x00,0x00,0x00,0x00,0x00
323.059150,0x06F,0,0,8,0x8B,0xDC,0x4F,0x44,0xFF,0xFD,0xEF,0x7F
323.059800,0x065,0,0,1,0x2B,0x00,0x00,0x00,0x00,0x00,0x00,0x00
323.059801,0x066,0,0,6,0x03,0x0F,0xC3,0x32,0x54,0x2D,0x00,0x00
323.059802,0x067,0,0,8,0x9F,0x0B,0x8A,0xB0,0x60,0x33,0x6D,0x55
323.059803,0x068,0,0,4,0x09,0xF5,0x41,0x00,0x00,0x00,0x00,0x00
323.059804,0x06B,0,0,5,0x65,0x04,0x80,0xB8,0x00,0x00,0x00,0x00
323.257650,0x065,0,0,1,0x00,0x00,0x00,0x00,0x00,0x00,0x00,0x00
323.257651,0x066,0,0,6,0x03,0xD7,0xC3,0x32,0x54,0x2D,0x00,0x00
323.259650,0x06F,0,0,8,0x8B,0xDC,0x2F,0xC4,0xFE,0xFD,0xEF,0x7F
323.455650,0x065,0,0,1,0x00,0x00,0x00,0x00,0x00,0x00,0x00,0x00
323.455651,0x066,0,0,6,0x03,0x9F,0xC4,0x32,0x54,0x2D,0x00,0x00
323.457650,0x06F,0,0,8,0x8B,0xDC,0x2F,0x44,0xFF,0xF9,0xEF,0x7F
323.653650,0x065,0,0,1,0x00,0x00,0x00,0x00,0x00,0x00,0x00,0x00
323.653651,0x066,0,0,6,0x03,0x67,0xC5,0x32,0x54,0x2D,0x00,0x00
323.655650,0x06F,0,0,8,0x8B,0xDC,0x4F,0x44,0xFF,0xFD,0xEF,0x7F
323.851600,0x065,0,0,1,0x00,0x00,0x00,0x00,0x00,0x00,0x00,0x00
323.851601,0x066,0,0,6,0x03,0x2F,0xC6,0x32,0x54,0x2D,0x00,0x00
323.854200,0x06A,0,0,3,0x07,0x05,0x00,0x00,0x00,0x00,0x00,0x00
323.854450,0x06F,0,0,8,0x8D,0xDC,0x2F,0x44,0xFF,0xFD,0xEF,0x7F
324.049150,0x06F,0,0,8,0x8B,0xDC,0x4F,0x44,0xFF,0xFD,0xEF,0x7F
324.049800,0x065,0,0,1,0x00,0x00,0x00,0x00,0x00,0x00,0x00,0x00
324.049801,0x066,0,0,6,0x03,0xF7,0xC6,0x32,0x54,0x2D,0x00,0x00
324.247150,0x06F,0,0,8,0x8D,0xDC,0x2F,0x44,0xFF,0xFD,0xEF,0x7F
324.247800,0x065,0,0,1,0x00,0x00,0x00,0x00,0x00,0x00,0x00,0x00
324.247801,0x066,0,0,6,0x03,0xBF,0xC7,0x32,0x54,0x2D,0x00,0x00
324.445650,0x065,0,0,1,0x00,0x00,0x00,0x00,0x00,0x00,0x00,0x00
324.445651,0x066,0,0,6,0x03,0x87,0xC8,0x32,0x54,0x2D,0x00,0x00
324.448300,0x06F,0,0,8,0x8B,0xDC,0x4F,0x44,0xFF,0xF9,0xEF,0x7F
324.643650,0x065,0,0,1,0x00,0x00,0x00,0x00,0x00,0x00,0x00,0x00
324.643651,0x066,0,0,6,0x03,0x4F,0xC9,0x32,0x54,0x2D,0x00,0x00
324.643850,0x06F,0,0,8,0x8B,0xDC,0x2F,0x44,0xFF,0xFD,0xEF,0x7F
324.841150,0x06F,0,0,8,0x8B,0xDC,0x2F,0x44,0xFF,0xFD,0xEF,0x7F
324.841800,0x065,0,0,1,0x00,0x00,0x00,0x00,0x00,0x00,0x00,0x00
324.841801,0x066,0,0,6,0x03,0x17,0xCA,0x32,0x54,0x2D,0x00,0x00
324.843800,0x06A,0,0,3,0x07,0x05,0x00,0x00,0x00,0x00,0x00,0x00
325.039650,0x065,0,0,1,0x00,0x00,0x00,0x00,0x00,0x00,0x00,0x00
325.039651,0x066,0,0,6,0x03,0xDF,0xCA,0x32,0x54,0x2D,0x00,0x00
325.041650,0x06F,0,0,8,0x8B,0xDC,0x2F,0x44,0xFF,0xFD,0xEF,0x7F
325.237200,0x06F,0,0,8,0x8B,0xDC,0x4F,0x44,0xFF,0xFD,0xEF,0x7F
325.237800,0x065,0,0,1,0x00,0x00,0x00,0x00,0x00,0x00,0x00,0x00
325.237801,0x066,0,0,6,0x03,0xA7,0xCB,0x32,0x54,0x2D,0x00,0x00
325.435200,0x06F,0,0,8,0x8B,0xDC,0x2F,0x44,0xFF,0xF9,0xEF,0x7F
325.435800,0x065,0,0,1,0x00,0x00,0x00,0x00,0x00,0x00,0x00,0x00
325.435801,0x066,0,0,6,0x03,0x6F,0xCC,0x32,0x54,0x2D,0x00,0x00
325.633200,0x06F,0,0,8,0x81,0xEC,0x4F,0x44,0xEC,0x0D,0x70,0x7D
325.633800,0x065,0,0,1,0x00,0x00,0x00,0x00,0x00,0x00,0x00,0x00
325.633801,0x066,0,0,6,0x03,0x37,0xCD,0x32,0x54,0x2D,0x00,0x00
325.831200,0x06F,0,0,8,0x8D,0xD4,0x2F,0xC5,0xD3,0x15,0x50,0x7A
325.831800,0x065,0,0,1,0x00,0x00,0x00,0x00,0x00,0x00,0x00,0x00
325.831801,0x066,0,0,6,0x03,0xFF,0xCD,0x32,0x54,0x2D,0x00,0x00
325.834450,0x06A,0,0,3,0x07,0x05,0x00,0x00,0x00,0x00,0x00,0x00
326.029150,0x06F,0,0,8,0x87,0xEC,0x6F,0x44,0xC8,0x0D,0xD0,0x79
326.029800,0x065,0,0,1,0x00,0x00,0x00,0x00,0x00,0x00,0x00,0x00
326.029801,0x066,0,0,6,0x03,0xC7,0xCE,0x32,0x54,0x2D,0x00,0x00
326.227150,0x06F,0,0,8,0x89,0xE4,0x2F,0x45,0xA8,0x19,0xB0,0x76
326.227800,0x065,0,0,1,0x00,0x00,0x00,0x00,0x00,0x00,0x00,0x00
326.227801,0x066,0,0,6,0x03,0x8F,0xCF,0x32,0x54,0x2D,0x00,0x00
326.425200,0x06F,0,0,8,0x85,0xFC,0xAF,0x44,0x8E,0x29,0x90,0x73
326.425850,0x065,0,0,1,0x2B,0x00,0x00,0x00,0x00,0x00,0x00,0x00
326.425851,0x066,0,0,6,0x03,0x57,0xD0,0x32,0x54,0x2D,0x00,0x00
326.425852,0x067,0,0,8,0xB3,0x0B,0x8A,0x70,0x60,0x33,0x6D,0x61
326.425853,0x068,0,0,4,0xF9,0xF4,0x59,0x00,0x00,0x00,0x00,0x00
326.425854,0x06B,0,0,5,0x1F,0x02,0x80,0xDE,0x00,0x00,0x00,0x00
326.623200,0x06F,0,0,8,0x9F,0xEC,0x6F,0xC3,0xA8,0x29,0x50,0x76
326.623850,0x065,0,0,1,0x33,0x00,0x00,0x00,0x00,0x00,0x00,0x00
326.623851,0x066,0,0,6,0x03,0x1F,0xD1,0x32,0x54,0x2D,0x00,0x00
326.623852,0x067,0,0,8,0xE5,0x0B,0x8A,0xD0,0x61,0x33,0x6D,0x59
326.623853,0x068,0,0,4,0x01,0xF5,0x51,0x00,0x00,0x00,0x00,0x00
326.623854,0x06B,0,0,5,0xEF,0x02,0x20,0xD1,0x00,0x00,0x00,0x00
326.821200,0x06F,0,0,8,0x8F,0xF4,0x0F,0x43,0xBF,0x1D,0x50,0x79
326.821850,0x065,0,0,1,0x33,0x00,0x00,0x00,0x00,0x00,0x00,0x00
326.821851,0x066,0,0,6,0x03,0xE7,0xD1,0x32,0x54,0x2D,0x00,0x00
326.821852,0x067,0,0,8,0x01,0x0C,0x8A,0x90,0x5F,0x33,0x6D,0x51
326.821853,0x068,0,0,4,0xE7,0xF4,0x51,0x00,0x00,0x00,0x00,0x00
326.821854,0x06B,0,0,5,0x31,0x01,0xC0,0x7C,0x00,0x00,0x00,0x00
326.824900,0x06A,0,0,3,0x0B,0x05,0x00,0x00,0x00,0x00,0x00,0x00
327.019200,0x06F,0,0,8,0x8B,0xEC,0x8F,0xC3,0xC8,0x15,0xD0,0x79
327.019850,0x065,0,0,1,0x33,0x00,0x00,0x00,0x00,0x00,0x00,0x00
327.019851,0x066,0,0,6,0x03,0xAF,0xD2,0x32,0x54,0x2D,0x00,0x00
327.019852,0x067,0,0,8,0x0B,0x0C,0x8A,0xB0,0x5F,0x33,0x6D,0x4D
327.019853,0x068,0,0,4,0xC9,0xF4,0x49,0x00,0x00,0x00,0x00,0x00
327.019854,0x06B,0,0,5,0x5B,0x00,0xE0,0x47,0x00,0x00,0x00,0x00
327.217200,0x06F,0,0,8,0x8B,0xCC,0x0F,0xC5,0xBE,0x15,0x70,0x79
327.217850,0x065,0,0,1,0x33,0x00,0x00,0x00,0x00,0x00,0x00,0x00
327.217851,0x066,0,0,6,0x03,0x77,0xD3,0x32,0x54,0x2D,0x00,0x00
327.217852,0x067,0,0,8,0x1B,0x0C,0x8A,0xF0,0x5F,0x33,0x6D,0x49
327.217853,0x068,0,0,4,0xC3,0xF4,0x49,0x00,0x00,0x00,0x00,0x00
327.217854,0x06B,0,0,5,0xBD,0x01,0xA0,0x49,0x00,0x00,0x00,0x00
327.415200,0x06F,0,0,8,0x9B,0xD4,0x0F,0x43,0xC9,0x19,0xB0,0x7A
327.416100,0x065,0,0,1,0x3B,0x00,0x00,0x00,0x00,0x00,0x00,0x00
327.416101,0x066,0,0,6,0x03,0x3F,0xD4,0x32,0x54,0x2D,0x00,0x00
327.416102,0x067,0,0,8,0x23,0x0C,0x8A,0x50,0x5E,0x33,0x6D,0x41
327.416103,0x068,0,0,4,0xC9,0xF4,0x41,0x00,0x00,0x00,0x00,0x00
327.416104,0x06B,0,0,5,0xC3,0x00,0x20,0x48,0x00,0x00,0x00,0x00
327.613200,0x06F,0,0,8,0x9F,0xBC,0x2F,0xC4,0x27,0xF2,0x2F,0x84
327.613850,0x065,0,0,1,0x3B,0x00,0x00,0x00,0x00,0x00,0x00,0x00
327.613851,0x066,0,0,6,0x03,0x07,0xD5,0x32,0x54,0x2D,0x00,0x00
327.613852,0x067,0,0,8,0x25,0x0C,0x8A,0x30,0x5C,0x33,0x6D,0x3D
327.613853,0x068,0,0,4,0xDD,0xF4,0x41,0x00,0x00,0x00,0x00,0x00
327.613854,0x06B,0,0,5,0x25,0x02,0xA0,0x39,0x00,0x00,0x00,0x00
327.811200,0x06F,0,0,8,0x97,0xBC,0x6F,0x44,0x28,0xFE,0x2F,0x85
327.811850,0x065,0,0,1,0x3B,0x00,0x00,0x00,0x00,0x00,0x00,0x00
327.811851,0x066,0,0,6,0x03,0xCF,0xD5,0x32,0x54,0x2D,0x00,0x00
327.811852,0x067,0,0,8,0x25,0x0C,0x8A,0x70,0x5A,0x33,0x6D,0x39
327.811853,0x068,0,0,4,0xD5,0xF4,0x41,0x00,0x00,0x00,0x00,0x00
327.811854,0x06B,0,0,5,0xED,0x01,0x60,0x36,0x00,0x00,0x00,0x00
327.814900,0x06A,0,0,3,0x0B,0x05,0x00,0x00,0x00,0x00,0x00,0x00
328.009200,0x06F,0,0,8,0x79,0xD4,0xAF,0xC4,0x08,0xFE,0xCF,0x80
328.010000,0x065,0,0,1,0x3B,0x00,0x00,0x00,0x00,0x00,0x00,0x00
328.010001,0x066,0,0,6,0x03,0x97,0xD6,0x32,0x54,0x2D,0x00,0x00
328.010002,0x067,0,0,8,0x1D,0x0C,0x8A,0x90,0x58,0x33,0x6D,0x31
328.010003,0x068,0,0,4,0xD1,0xF4,0x39,0x00,0x00,0x00,0x00,0x00
328.010004,0x06B,0,0,5,0x93,0x01,0x00,0x42,0x00,0x00,0x00,0x00
328.207200,0x06F,0,0,8,0x8D,0xC4,0x0F,0xC5,0xF1,0xFD,0x8F,0x7E
328.208000,0x065,0,0,1,0x3B,0x00,0x00,0x00,0x00,0x00,0x00,0x00
328.208001,0x066,0,0,6,0x03,0x5F,0xD7,0x32,0x54,0x2D,0x00,0x00
328.208002,0x067,0,0,8,0x17,0x0C,0x8A,0x90,0x56,0x33,0x6D,0x31
328.208003,0x068,0,0,4,0xCD,0xF4,0x39,0x00,0x00,0x00,0x00,0x00
328.208004,0x06B,0,0,5,0x65,0x01,0xA0,0x41,0x00,0x00,0x00,0x00
328.405200,0x06F,0,0,8,0x85,0xCC,0x6F,0xC4,0xE5,0x09,0x50,0x7D
328.405850,0x065,0,0,1,0x3B,0x00,0x00,0x00,0x00,0x00,0x00,0x00
328.405851,0x066,0,0,6,0x03,0x27,0xD8,0x32,0x54,0x2D,0x00,0x00
328.405852,0x067,0,0,8,0x0F,0x0C,0x8A,0x30,0x55,0x33,0x6D,0x2D
328.405853,0x068,0,0,4,0xC9,0xF4,0x39,0x00,0x00,0x00,0x00,0x00
328.405854,0x06B,0,0,5,0x9F,0x02,0x80,0x42,0x00,0x00,0x00,0x00
328.603200,0x06F,0,0,8,0x95,0xD4,0x2F,0xC3,0xE9,0x01,0x50,0x7D
328.604750,0x065,0,0,1,0x33,0x00,0x00,0x00,0x00,0x00,0x00,0x00
328.604751,0x066,0,0,6,0x03,0xEF,0xD8,0x32,0x54,0x2D,0x00,0x00
328.604752,0x067,0,0,8,0x0F,0x0C,0x8A,0x10,0x54,0x33,0x6D,0x2D
328.604753,0x068,0,0,4,0xC7,0xF4,0x39,0x00,0x00,0x00,0x00,0x00
328.604754,0x06B,0,0,5,0x03,0x02,0xE0,0x42,0x00,0x00,0x00,0x00
328.801200,0x06F,0,0,8,0x91,0xCC,0x0F,0xC4,0x0F,0xFA,0xCF,0x81
328.801850,0x065,0,0,1,0x33,0x00,0x00,0x00,0x00,0x00,0x00,0x00
328.801851,0x066,0,0,6,0x03,0xB7,0xD9,0x32,0x54,0x2D,0x00,0x00
328.801852,0x067,0,0,8,0x0F,0x0C,0x8A,0x10,0x53,0x33,0x6D,0x2D
328.801853,0x068,0,0,4,0xC1,0xF4,0x39,0x00,0x00,0x00,0x00,0x00
328.801854,0x06B,0,0,5,0x7D,0x01,0xE0,0x40,0x00,0x00,0x00,0x00
328.804850,0x06A,0,0,3,0x0B,0x05,0x00,0x00,0x00,0x00,0x00,0x00
328.999200,0x06F,0,0,8,0x87,0xC4,0x4F,0xC4,0x0A,0xFE,0x2F,0x81
328.999850,0x065,0,0,1,0x33,0x00,0x00,0x00,0x00,0x00,0x00,0x00
328.999851,0x066,0,0,6,0x03,0x7F,0xDA,0x32,0x54,0x2D,0x00,0x00
328.999852,0x067,0,0,8,0x13,0x0C,0x8A,0xD0,0x51,0x33,0x6D,0x29
328.999853,0x068,0,0,4,0xC7,0xF4,0x39,0x00,0x00,0x00,0x00,0x00
328.999854,0x06B,0,0,5,0x77,0x01,0x00,0x45,0x00,0x00,0x00,0x00
329.197250,0x06F,0,0,8,0x87,0xC4,0x6F,0x44,0xF5,0xF9,0xCF,0x7E
329.198000,0x065,0,0,1,0x33,0x00,0x00,0x00,0x00,0x00,0x00,0x00
329.198001,0x066,0,0,6,0x03,0x47,0xDB,0x32,0x54,0x2D,0x00,0x00
329.198002,0x067,0,0,8,0x1B,0x0C,0x8A,0xD0,0x50,0x33,0x6D,0x29
329.198003,0x068,0,0,4,0xCD,0xF4,0x39,0x00,0x00,0x00,0x00,0x00
329.198004,0x06B,0,0,5,0x0F,0x02,0xA0,0x4C,0x00,0x00,0x00,0x00
329.395250,0x06F,0,0,8,0x8F,0xCC,0xEF,0x43,0xFA,0xFD,0x4F,0x7F
329.396000,0x065,0,0,1,0x33,0x00,0x00,0x00,0x00,0x00,0x00,0x00
329.396001,0x066,0,0,6,0x03,0x0F,0xDC,0x32,0x54,0x2D,0x00,0x00
329.396002,0x067,0,0,8,0x1F,0x0C,0x8A,0xD0,0x4F,0x33,0x6D,0x29
329.396003,0x068,0,0,4,0xCD,0xF4,0x39,0x00,0x00,0x00,0x00,0x00
329.396004,0x06B,0,0,5,0x05,0x01,0x00,0x41,0x00,0x00,0x00,0x00
329.593250,0x06F,0,0,8,0x91,0xCC,0xEF,0x43,0x00,0x02,0x50,0x80
329.594000,0x065,0,0,1,0x33,0x00,0x00,0x00,0x00,0x00,0x00,0x00
329.594001,0x066,0,0,6,0x03,0xD7,0xDC,0x32,0x54,0x2D,0x00,0x00
329.594002,0x067,0,0,8,0x21,0x0C,0x8A,0x10,0x4F,0x33,0x6D,0x29
329.594003,0x068,0,0,4,0xD1,0xF4,0x39,0x00,0x00,0x00,0x00,0x00
329.594004,0x06B,0,0,5,0x9D,0x02,0x00,0x47,0x00,0x00,0x00,0x00
329.791250,0x06F,0,0,8,0x8B,0xCC,0x0F,0xC4,0x02,0xFE,0x2F,0x80
329.792100,0x065,0,0,1,0x33,0x00,0x00,0x00,0x00,0x00,0x00,0x00
329.792101,0x066,0,0,6,0x03,0x9F,0xDD,0x32,0x54,0x2D,0x00,0x00
329.792102,0x067,0,0,8,0x23,0x0C,0x8A,0x10,0x4E,0x33,0x6D,0x25
329.792103,0x068,0,0,4,0xD5,0xF4,0x39,0x00,0x00,0x00,0x00,0x00
329.792104,0x06B,0,0,5,0xCB,0x01,0xC0,0x42,0x00,0x00,0x00,0x00
329.794350,0x06A,0,0,3,0x0D,0x05,0x00,0x00,0x00,0x00,0x00,0x00
329.989250,0x06F,0,0,8,0x8B,0xCC,0x2F,0x44,0x01,0xFE,0xEF,0x7F
329.990750,0x065,0,0,1,0x33,0x00,0x00,0x00,0x00,0x00,0x00,0x00
329.990751,0x066,0,0,6,0x03,0x67,0xDE,0x32,0x54,0x2D,0x00,0x00
329.990752,0x067,0,0,8,0x25,0x0C,0x8A,0xD0,0x4D,0x33,0x6D,0x25
329.990753,0x068,0,0,4,0xCB,0xF4,0x39,0x00,0x00,0x00,0x00,0x00
329.990754,0x06B,0,0,5,0x93,0x03,0xE0,0x47,0x00,0x00,0x00,0x00
330.187250,0x06F,0,0,8,0x8D,0xC4,0x0F,0x44,0xFF,0xF9,0xEF,0x7F
330.187850,0x065,0,0,1,0x33,0x00,0x00,0x00,0x00,0x00,0x00,0x00
330.187851,0x066,0,0,6,0x03,0x2F,0xDF,0x32,0x54,0x2D,0x00,0x00
330.187852,0x067,0,0,8,0x29,0x0C,0x8A,0x30,0x4D,0x33,0x6D,0x25
330.187853,0x068,0,0,4,0xCF,0xF4,0x39,0x00,0x00,0x00,0x00,0x00
330.187854,0x06B,0,0,5,0x77,0x03,0xE0,0x4A,0x00,0x00,0x00,0x00
330.385200,0x06F,0,0,8,0x9F,0xC4,0x0F,0x44,0xF9,0x55,0x70,0x82
330.386000,0x065,0,0,1,0x33,0x00,0x00,0x00,0x00,0x00,0x00,0x00
330.386001,0x066,0,0,6,0x03,0xF7,0xDF,0x32,0x54,0x2D,0x00,0x00
330.386002,0x067,0,0,8,0x2D,0x0C,0x8A,0xB0,0x4C,0x33,0x6D,0x25
330.386003,0x068,0,0,4,0xCD,0xF4,0x31,0x00,0x00,0x00,0x00,0x00
330.386004,0x06B,0,0,5,0x03,0x03,0xE0,0x51,0x00,0x00,0x00,0x00
330.583250,0x06F,0,0,8,0x9F,0x14,0x90,0x43,0x05,0x1A,0x71,0x88
330.584000,0x065,0,0,1,0x33,0x00,0x00,0x00,0x00,0x00,0x00,0x00
330.584001,0x066,0,0,6,0x03,0xBF,0xE0,0x32,0x54,0x2D,0x00,0x00
330.584002,0x067,0,0,8,0x33,0x0C,0x8A,0x50,0x4C,0x33,0x6D,0x25
330.584003,0x068,0,0,4,0xCF,0xF4,0x31,0x00,0x00,0x00,0x00,0x00
330.584004,0x06B,0,0,5,0x05,0x05,0x80,0x5A,0x00,0x00,0x00,0x00
330.781250,0x06F,0,0,8,0x83,0x34,0x6F,0x41,0x29,0x76,0xC5,0x8F
330.782250,0x065,0,0,1,0x2B,0x00,0x00,0x00,0x00,0x00,0x00,0x00
330.782251,0x066,0,0,6,0x03,0x87,0xE1,0x32,0x54,0x2D,0x00,0x00
330.782252,0x067,0,0,8,0x37,0x0C,0x8A,0xB0,0x4B,0x33,0x6D,0x25
330.782253,0x068,0,0,4,0xD3,0xF4,0x31,0x00,0x00,0x00,0x00,0x00
330.782254,0x06B,0,0,5,0x6F,0x03,0xC0,0x60,0x00,0x00,0x00,0x00
330.784500,0x06A,0,0,3,0x0D,0x05,0x00,0x00,0x00,0x00,0x00,0x00
330.979250,0x06F,0,0,8,0x7F,0x04,0x4F,0x42,0xF5,0x00,0x40,0x88
330.980100,0x065,0,0,1,0x2B,0x00,0x00,0x00,0x00,0x00,0x00,0x00
330.980101,0x066,0,0,6,0x03,0x4F,0xE2,0x32,0x54,0x2D,0x00,0x00
330.980102,0x067,0,0,8,0x37,0x0C,0x8A,0x10,0x4B,0x33,0x6D,0x25
330.980103,0x068,0,0,4,0xD9,0xF4,0x31,0x00,0x00,0x00,0x00,0x00
330.980104,0x06B,0,0,5,0xA9,0x06,0x20,0x47,0x00,0x00,0x00,0x00
331.177250,0x06F,0,0,8,0x69,0xE4,0xAF,0xB7,0x66,0x3D,0x0E,0x8E
331.178100,0x065,0,0,1,0x33,0x00,0x00,0x00,0x00,0x00,0x00,0x00
331.178101,0x066,0,0,6,0x03,0x17,0xE3,0x32,0x54,0x2D,0x00,0x00
331.178102,0x067,0,0,8,0x39,0x0C,0x8A,0xB0,0x4A,0x33,0x6D,0x21
331.178103,0x068,0,0,4,0xDF,0xF4,0x31,0x00,0x00,0x00,0x00,0x00
331.178104,0x06B,0,0,5,0xE9,0x03,0xA0,0x42,0x00,0x00,0x00,0x00
331.375250,0x06F,0,0,8,0x5B,0xEC,0x0F,0xBA,0x6F,0xDD,0xC7,0x89
331.376150,0x065,0,0,1,0x3B,0x00,0x00,0x00,0x00,0x00,0x00,0x00
331.376151,0x066,0,0,6,0x03,0xDF,0xE3,0x32,0x54,0x2D,0x00,0x00
331.376152,0x067,0,0,8,0x37,0x0C,0x8A,0x30,0x4A,0x33,0x6D,0x21
331.376153,0x068,0,0,4,0xE1,0xF4,0x31,0x00,0x00,0x00,0x00,0x00
331.376154,0x06B,0,0,5,0x6B,0x03,0x60,0x56,0x00,0x00,0x00,0x00
331.573250,0x06F,0,0,8,0x41,0xCC,0xEF,0xB9,0x0D,0x92,0xB2,0x9D
331.574050,0x065,0,0,1,0x33,0x00,0x00,0x00,0x00,0x00,0x00,0x00
331.574051,0x066,0,0,6,0x03,0xA7,0xE4,0x32,0x54,0x2D,0x00,0x00
331.574052,0x067,0,0,8,0x3D,0x0C,0x8A,0x70,0x4A,0x33,0x6D,0x21
331.574053,0x068,0,0,4,0xE1,0xF4,0x31,0x00,0x00,0x00,0x00,0x00
331.574054,0x06B,0,0,5,0x03,0x02,0x00,0x63,0x00,0x00,0x00,0x00
331.771250,0x06F,0,0,8,0x43,0x84,0x0F,0xB7,0xD4,0xD5,0x90,0x91
331.772700,0x065,0,0,1,0x33,0x00,0x00,0x00,0x00,0x00,0x00,0x00
331.772701,0x066,0,0,6,0x03,0x6F,0xE5,0x32,0x54,0x2D,0x00,0x00
331.772702,0x067,0,0,8,0x41,0x0C,0x8A,0xD0,0x4A,0x33,0x6D,0x21
331.772703,0x068,0,0,4,0xDD,0xF4,0x31,0x00,0x00,0x00,0x00,0x00
331.772704,0x06B,0,0,5,0x5F,0x01,0xC0,0x55,0x00,0x00,0x00,0x00
331.775000,0x06A,0,0,3,0x0F,0x05,0x00,0x00,0x00,0x00,0x00,0x00
331.969250,0x06F,0,0,8,0x61,0xA4,0xAF,0xB8,0xDF,0x31,0x70,0x94
331.970250,0x065,0,0,1,0x33,0x00,0x00,0x00,0x00,0x00,0x00,0x00
331.970251,0x066,0,0,6,0x03,0x37,0xE6,0x32,0x54,0x2D,0x00,0x00
331.970252,0x067,0,0,8,0x47,0x0C,0x8A,0x30,0x4B,0x33,0x6D,0x21
331.970253,0x068,0,0,4,0xD9,0xF4,0x31,0x00,0x00,0x00,0x00,0x00
331.970254,0x06B,0,0,5,0x0D,0x01,0x40,0x36,0x00,0x00,0x00,0x00
332.167250,0x06F,0,0,8,0x15,0x3C,0x6F,0x38,0xC8,0x29,0x6F,0x81
332.168100,0x065,0,0,1,0x33,0x00,0x00,0x00,0x00,0x00,0x00,0x00
332.168101,0x066,0,0,6,0x03,0xFF,0xE6,0x32,0x54,0x2D,0x00,0x00
332.168102,0x067,0,0,8,0x4D,0x0C,0x8A,0x70,0x4B,0x33,0x6D,0x21
332.168103,0x068,0,0,4,0xD7,0xF4,0x31,0x00,0x00,0x00,0x00,0x00
332.168104,0x06B,0,0,5,0xB7,0x00,0x00,0x38,0x00,0x00,0x00,0x00
332.365250,0x06F,0,0,8,0x21,0x14,0x30,0x37,0xA0,0x91,0xF0,0x58
332.366100,0x065,0,0,1,0x33,0x00,0x00,0x00,0x00,0x00,0x00,0x00
332.366101,0x066,0,0,6,0x03,0xC7,0xE7,0x32,0x54,0x2D,0x00,0x00
332.366102,0x067,0,0,8,0x4D,0x0C,0x8A,0x30,0x4C,0x33,0x6D,0x21
332.366103,0x068,0,0,4,0xCD,0xF4,0x31,0x00,0x00,0x00,0x00,0x00
332.366104,0x06B,0,0,5,0x8B,0x03,0x00,0x4E,0x00,0x00,0x00,0x00
332.563250,0x06F,0,0,8,0x37,0xBC,0x0F,0x38,0xE8,0x35,0x10,0x75
332.564250,0x065,0,0,1,0x33,0x00,0x00,0x00,0x00,0x00,0x00,0x00
332.564251,0x066,0,0,6,0x03,0x8F,0xE8,0x32,0x54,0x2D,0x00,0x00
332.564252,0x067,0,0,8,0x4F,0x0C,0x8A,0x30,0x4C,0x33,0x6D,0x21
332.564253,0x068,0,0,4,0xCB,0xF4,0x31,0x00,0x00,0x00,0x00,0x00
332.564254,0x06B,0,0,5,0x8D,0x02,0x00,0x43,0x00,0x00,0x00,0x00
332.761250,0x06F,0,0,8,0x51,0x24,0xB0,0x38,0x12,0xEE,0x4F,0x71
332.762050,0x065,0,0,1,0x00,0x00,0x00,0x00,0x00,0x00,0x00,0x00
332.762051,0x066,0,0,6,0x03,0x57,0xE9,0x32,0x54,0x2D,0x00,0x00
332.764700,0x06A,0,0,3,0x0F,0x05,0x00,0x00,0x00,0x00,0x00,0x00
332.959250,0x06F,0,0,8,0x57,0x4C,0xD0,0x36,0x33,0xA6,0x50,0x92
332.960050,0x065,0,0,1,0x00,0x00,0x00,0x00,0x00,0x00,0x00,0x00
332.960051,0x066,0,0,6,0x03,0x1F,0xEA,0x32,0x54,0x2D,0x00,0x00
333.157250,0x06F,0,0,8,0x47,0x0C,0x2F,0xB8,0x13,0xF6,0x10,0xA5
333.158250,0x065,0,0,1,0x00,0x00,0x00,0x00,0x00,0x00,0x00,0x00
333.158251,0x066,0,0,6,0x03,0xE7,0xEA,0x32,0x54,0x2D,0x00,0x00
333.355300,0x06F,0,0,8,0x6D,0xCC,0xEF,0x38,0x05,0x0E,0xB1,0x90
333.356250,0x065,0,0,1,0x00,0x00,0x00,0x00,0x00,0x00,0x00,0x00
333.356251,0x066,0,0,6,0x03,0xAF,0xEB,0x32,0x54,0x2D,0x00,0x00
333.553300,0x06F,0,0,8,0x43,0x24,0xAF,0xB7,0x37,0x3A,0x70,0x80
333.554800,0x065,0,0,1,0x00,0x00,0x00,0x00,0x00,0x00,0x00,0x00
333.554801,0x066,0,0,6,0x03,0x77,0xEC,0x32,0x54,0x2D,0x00,0x00
333.751300,0x06F,0,0,8,0x41,0x54,0x0F,0xB7,0xEB,0x49,0xEF,0x7F
333.752300,0x065,0,0,1,0x00,0x00,0x00,0x00,0x00,0x00,0x00,0x00
333.752301,0x066,0,0,6,0x03,0x3F,0xED,0x32,0x54,0x2D,0x00,0x00
333.754200,0x06A,0,0,3,0x0F,0x05,0x00,0x00,0x00,0x00,0x00,0x00
333.949300,0x06F,0,0,8,0x45,0x64,0x2F,0xBA,0xDD,0x5D,0xF1,0x7A
333.950300,0x065,0,0,1,0x00,0x00,0x00,0x00,0x00,0x00,0x00,0x00
333.950301,0x066,0,0,6,0x03,0x07,0xEE,0x32,0x54,0x2D,0x00,0x00
334.147300,0x06F,0,0,8,0x5F,0x64,0x0F,0xB7,0xD9,0x7D,0xEE,0x76
334.148050,0x065,0,0,1,0x00,0x00,0x00,0x00,0x00,0x00,0x00,0x00
334.148051,0x066,0,0,6,0x03,0xCF,0xEE,0x32,0x54,0x2D,0x00,0x00
334.345300,0x06F,0,0,8,0x4F,0xAC,0xCF,0x35,0xE5,0x39,0x70,0x86
334.346300,0x065,0,0,1,0x00,0x00,0x00,0x00,0x00,0x00,0x00,0x00
334.346301,0x066,0,0,6,0x03,0x97,0xEF,0x32,0x54,0x2D,0x00,0x00
334.543250,0x06F,0,0,8,0x63,0x9C,0xEF,0xB6,0x09,0x56,0x2F,0x73
334.544300,0x065,0,0,1,0x00,0x00,0x00,0x00,0x00,0x00,0x00,0x00
334.544301,0x066,0,0,6,0x03,0x5F,0xF0,0x32,0x54,0x2D,0x00,0x00
334.741250,0x06F,0,0,8,0x57,0xB4,0x6F,0xB8,0x07,0x4E,0x10,0x86
334.742300,0x065,0,0,1,0x00,0x00,0x00,0x00,0x00,0x00,0x00,0x00
334.742301,0x066,0,0,6,0x03,0x27,0xF1,0x32,0x54,0x2D,0x00,0x00
334.744200,0x06A,0,0,3,0x0F,0x05,0x00,0x00,0x00,0x00,0x00,0x00
334.939300,0x06F,0,0,8,0x5D,0x8C,0x2F,0x39,0xF4,0x6D,0x12,0x7F
334.940300,0x065,0,0,1,0x00,0x00,0x00,0x00,0x00,0x00,0x00,0x00
334.940301,0x066,0,0,6,0x03,0xEF,0xF1,0x32,0x54,0x2D,0x00,0x00
335.137300,0x06F,0,0,8,0x61,0x8C,0x8F,0x37,0xFF,0x6D,0x6D,0x80
335.138300,0x065,0,0,1,0x00,0x00,0x00,0x00,0x00,0x00,0x00,0x00
335.138301,0x066,0,0,6,0x03,0xB7,0xF2,0x32,0x54,0x2D,0x00,0x00
335.335300,0x06F,0,0,8,0x77,0xEC,0xAF,0x35,0xFD,0x11,0x8E,0x77
335.336100,0x065,0,0,1,0x00,0x00,0x00,0x00,0x00,0x00,0x00,0x00
335.336101,0x066,0,0,6,0x03,0x7F,0xF3,0x32,0x54,0x2D,0x00,0x00
335.533300,0x06F,0,0,8,0x4F,0x84,0x6F,0x39,0x2D,0x62,0xD1,0x85
335.534300,0x065,0,0,1,0x00,0x00,0x00,0x00,0x00,0x00,0x00,0x00
335.534301,0x066,0,0,6,0x03,0x47,0xF4,0x32,0x54,0x2D,0x00,0x00
335.731300,0x06F,0,0,8,0x57,0xAC,0xEF,0x36,0x20,0x6A,0x8D,0x7A
335.732300,0x065,0,0,1,0x00,0x00,0x00,0x00,0x00,0x00,0x00,0x00
335.732301,0x066,0,0,6,0x03,0x0F,0xF5,0x32,0x54,0x2D,0x00,0x00
335.734200,0x06A,0,0,3,0x0F,0x05,0x00,0x00,0x00,0x00,0x00,0x00
335.929300,0x06F,0,0,8,0x2F,0x64,0xCF,0x38,0xDE,0xAD,0x4F,0x88
335.930300,0x065,0,0,1,0x00,0x00,0x00,0x00,0x00,0x00,0x00,0x00
335.930301,0x066,0,0,6,0x03,0xD7,0xF5,0x32,0x54,0x2D,0x00,0x00
336.127300,0x06F,0,0,8,0x4D,0x14,0x10,0xB7,0xAE,0xD9,0xB0,0x61
336.128300,0x065,0,0,1,0x00,0x00,0x00,0x00,0x00,0x00,0x00,0x00
336.128301,0x066,0,0,6,0x03,0x9F,0xF6,0x32,0x54,0x2D,0x00,0x00
