timestamps,CAN_DataFrame.CAN_DataFrame.BusChannel,CAN_DataFrame.CAN_DataFrame.ID,CAN_DataFrame.CAN_DataFrame.IDE,CAN_DataFrame.CAN_DataFrame.DLC,CAN_DataFrame.CAN_DataFrame.DataLength,CAN_DataFrame.CAN_DataFrame.DataBytes,CAN_DataFrame.CAN_DataFrame.Dir
2.88935,9.0,111,0.0,8,8.0,[165  20 112  67  20 202  79 108],0.0
3.08785,9.0,101,0.0,1,1.0,[0 0 0 0 0 0 0 0],0.0
3.089,9.0,111,0.0,8,8.0,[149 252  15 195   0 142  79 126],0.0
3.2956,9.0,101,0.0,1,1.0,[0 0 0 0 0 0 0 0],0.0
3.29685,9.0,111,0.0,8,8.0,[147 228 239  66 254 253 239 127],0.0
3.49585,9.0,101,0.0,1,1.0,[0 0 0 0 0 0 0 0],0.0
3.49685,9.0,111,0.0,8,8.0,[147 228  15  67 255 253 239 127],0.0
3.68395,9.0,101,0.0,1,1.0,[0 0 0 0 0 0 0 0],0.0
3.6849499999999997,9.0,111,0.0,8,8.0,[147 228  15  67 255 253 239 127],0.0
3.8798,9.0,111,0.0,8,8.0,[149 228 239  66 255 253 239 127],0.0
3.8804499999999997,9.0,101,0.0,1,1.0,[0 0 0 0 0 0 0 0],0.0
4.07785,9.0,101,0.0,1,1.0,[0 0 0 0 0 0 0 0],0.0
4.0788,9.0,111,0.0,8,8.0,[149 228 239 194 254 253 239 127],0.0
4.27585,9.0,101,0.0,1,1.0,[0 0 0 0 0 0 0 0],0.0
4.2768,9.0,111,0.0,8,8.0,[147 228  15  67 255 253 239 127],0.0
4.47385,9.0,101,0.0,1,1.0,[0 0 0 0 0 0 0 0],0.0
4.4748,9.0,111,0.0,8,8.0,[147 228 239 194 254 253 239 127],0.0
4.67185,9.0,101,0.0,1,1.0,[0 0 0 0 0 0 0 0],0.0
4.6728,9.0,111,0.0,8,8.0,[147 228  15 195 254 249 207 127],0.0
4.86985,9.0,101,0.0,1,1.0,[0 0 0 0 0 0 0 0],0.0
4.87095,9.0,111,0.0,8,8.0,[147 228  15 195 255 253 239 127],0.0
5.0674,9.0,111,0.0,8,8.0,[147 228 239  66 254 249 207 127],0.0
5.068,9.0,101,0.0,1,1.0,[0 0 0 0 0 0 0 0],0.0
5.2654,9.0,111,0.0,8,8.0,[149 220  15  67 255 253  15 128],0.0
5.266,9.0,101,0.0,1,1.0,[0 0 0 0 0 0 0 0],0.0
5.46385,9.0,101,0.0,1,1.0,[0 0 0 0 0 0 0 0],0.0
5.464799999999999,9.0,111,0.0,8,8.0,[149 228 239 194 254 249 175 127],0.0
5.661849999999999,9.0,101,0.0,1,1.0,[0 0 0 0 0 0 0 0],0.0
5.662,9.0,111,0.0,8,8.0,[147 228  15 195 255 253  15 128],0.0
5.85985,9.0,101,0.0,1,1.0,[0 0 0 0 0 0 0 0],0.0
5.86095,9.0,111,0.0,8,8.0,[147 236 239  66   0 254 239 127],0.0
6.057849999999999,9.0,101,0.0,1,1.0,[0 0 0 0 0 0 0 0],0.0
6.05885,9.0,111,0.0,8,8.0,[149 228 239  66 254 253 207 127],0.0
6.25535,9.0,111,0.0,8,8.0,[149 228  47 195 254 253  15 128],0.0
6.25605,9.0,101,0.0,1,1.0,[0 0 0 0 0 0 0 0],0.0
6.453399999999999,9.0,111,0.0,8,8.0,[149 228 239  66 255 253 239 127],0.0
6.45405,9.0,101,0.0,1,1.0,[0 0 0 0 0 0 0 0],0.0
6.6518999999999995,9.0,101,0.0,1,1.0,[0 0 0 0 0 0 0 0],0.0
6.65285,9.0,111,0.0,8,8.0,[151 228  47 195   1 246 207 127],0.0
6.849399999999999,9.0,111,0.0,8,8.0,[149 228 207 194 250 253 207 127],0.0
6.8500499999999995,9.0,101,0.0,1,1.0,[0 0 0 0 0 0 0 0],0.0
7.0474,9.0,111,0.0,8,8.0,[147 228  15 195   0 254  15 128],0.0
7.04805,9.0,101,0.0,1,1.0,[0 0 0 0 0 0 0 0],0.0
7.2459,9.0,101,0.0,1,1.0,[0 0 0 0 0 0 0 0],0.0
7.246049999999999,9.0,111,0.0,8,8.0,[159  12 176 192  33 254 175 130],0.0
7.4434,9.0,111,0.0,8,8.0,[153  20 144  65  98 246  15 135],0.0
7.44405,9.0,101,0.0,1,1.0,[0 0 0 0 0 0 0 0],0.0
7.6414,9.0,111,0.0,8,8.0,[153  52  48  66 141 250 111 138],0.0
7.642049999999999,9.0,101,0.0,1,1.0,[0 0 0 0 0 0 0 0],0.0
7.8393999999999995,9.0,111,0.0,8,8.0,[159  36 240 195 156 254  79 139],0.0
7.84005,9.0,101,0.0,1,1.0,[0 0 0 0 0 0 0 0],0.0
8.0374,9.0,111,0.0,8,8.0,[143  60 112 194 126 254 207 136],0.0
8.03805,9.0,101,0.0,1,1.0,[0 0 0 0 0 0 0 0],0.0
8.2354,9.0,111,0.0,8,8.0,[111  60  80  95 116 254  15 137],0.0
8.236049999999999,9.0,101,0.0,1,1.0,[0 0 0 0 0 0 0 0],0.0
8.433399999999999,9.0,111,0.0,8,8.0,[137 244 143  68 254  81 208 127],0.0
8.43405,9.0,101,0.0,1,1.0,[0 0 0 0 0 0 0 0],0.0
8.6314,9.0,111,0.0,8,8.0,[141 252 239 195 254  21 208 127],0.0
8.63205,9.0,101,0.0,1,1.0,[0 0 0 0 0 0 0 0],0.0
8.8294,9.0,111,0.0,8,8.0,[141 244 239  67 255   1 240 127],0.0
8.83005,9.0,101,0.0,1,1.0,[0 0 0 0 0 0 0 0],0.0
9.0274,9.0,111,0.0,8,8.0,[143 244 239  67 255 253 239 127],0.0
9.0281,9.0,101,0.0,1,1.0,[0 0 0 0 0 0 0 0],0.0
9.22545,9.0,111,0.0,8,8.0,[141 244  15  68 255 253 239 127],0.0
9.226049999999999,9.0,101,0.0,1,1.0,[0 0 0 0 0 0 0 0],0.0
9.423449999999999,9.0,111,0.0,8,8.0,[141 244 239  67 255 249 239 127],0.0
9.42405,9.0,101,0.0,1,1.0,[0 0 0 0 0 0 0 0],0.0
9.62145,9.0,111,0.0,8,8.0,[141 252  15 196 254 253 239 127],0.0
9.6223,9.0,101,0.0,1,1.0,[0 0 0 0 0 0 0 0],0.0
9.81945,9.0,111,0.0,8,8.0,[143 244 239  67 255 253 239 127],0.0
9.82005,9.0,101,0.0,1,1.0,[0 0 0 0 0 0 0 0],0.0
10.01745,9.0,111,0.0,8,8.0,[141 252  15  68 255   1 240 127],0.0
10.018049999999999,9.0,101,0.0,1,1.0,[0 0 0 0 0 0 0 0],0.0
10.215399999999999,9.0,111,0.0,8,8.0,[141 244  15  68 255 253 239 127],0.0
10.21605,9.0,101,0.0,1,1.0,[0 0 0 0 0 0 0 0],0.0
10.4134,9.0,111,0.0,8,8.0,[141 244  15  68 255 253 239 127],0.0
10.4142,9.0,101,0.0,1,1.0,[0 0 0 0 0 0 0 0],0.0
10.61145,9.0,111,0.0,8,8.0,[141 252  15  68 255 253 239 127],0.0
10.6121,9.0,101,0.0,1,1.0,[0 0 0 0 0 0 0 0],0.0
10.80945,9.0,111,0.0,8,8.0,[141 244  15  68 255 253 239 127],0.0
10.8103,9.0,101,0.0,1,1.0,[0 0 0 0 0 0 0 0],0.0
11.007449999999999,9.0,111,0.0,8,8.0,[141 244  15  68 255 253 239 127],0.0
11.008099999999999,9.0,101,0.0,1,1.0,[0 0 0 0 0 0 0 0],0.0
11.205449999999999,9.0,111,0.0,8,8.0,[141 252  15  68 255 253 239 127],0.0
11.2061,9.0,101,0.0,1,1.0,[0 0 0 0 0 0 0 0],0.0
11.40345,9.0,111,0.0,8,8.0,[145 252 111 195 255 197  15 128],0.0
11.40425,9.0,101,0.0,1,1.0,[0 0 0 0 0 0 0 0],0.0
11.60145,9.0,111,0.0,8,8.0,[143 244 239  67 255 237 239 127],0.0
11.60225,9.0,101,0.0,1,1.0,[0 0 0 0 0 0 0 0],0.0
11.79945,9.0,111,0.0,8,8.0,[141 244  15  68 255 253 239 127],0.0
11.8003,9.0,101,0.0,1,1.0,[0 0 0 0 0 0 0 0],0.0
11.997449999999999,9.0,111,0.0,8,8.0,[141 244 239  67 255 253 239 127],0.0
11.998299999999999,9.0,101,0.0,1,1.0,[0 0 0 0 0 0 0 0],0.0
12.19545,9.0,111,0.0,8,8.0,[141 252  15  68 255   1 240 127],0.0
12.196299999999999,9.0,101,0.0,1,1.0,[0 0 0 0 0 0 0 0],0.0
12.39345,9.0,111,0.0,8,8.0,[141 244  15  68 255 249 239 127],0.0
12.3941,9.0,101,0.0,1,1.0,[0 0 0 0 0 0 0 0],0.0
12.59145,9.0,111,0.0,8,8.0,[141 244 239 195 254 253 239 127],0.0
12.59225,9.0,101,0.0,1,1.0,[0 0 0 0 0 0 0 0],0.0
12.789449999999999,9.0,111,0.0,8,8.0,[141 252  15  68 255 253 239 127],0.0
12.790249999999999,9.0,101,0.0,1,1.0,[0 0 0 0 0 0 0 0],0.0
12.987449999999999,9.0,111,0.0,8,8.0,[141 244  15  68 255 249 239 127],0.0
12.98845,9.0,101,0.0,1,1.0,[0 0 0 0 0 0 0 0],0.0
13.18545,9.0,111,0.0,8,8.0,[141 244  15  68 255   1 240 127],0.0
13.18635,9.0,101,0.0,1,1.0,[0 0 0 0 0 0 0 0],0.0
13.3835,9.0,111,0.0,8,8.0,[141 252  15  68 255 249 239 127],0.0
13.38435,9.0,101,0.0,1,1.0,[0 0 0 0 0 0 0 0],0.0
13.5815,9.0,111,0.0,8,8.0,[141 244  15  68 255 253 239 127],0.0
13.58235,9.0,101,0.0,1,1.0,[0 0 0 0 0 0 0 0],0.0
13.779499999999999,9.0,111,0.0,8,8.0,[141 244  15  68 255 253 239 127],0.0
13.780249999999999,9.0,101,0.0,1,1.0,[0 0 0 0 0 0 0 0],0.0
13.9775,9.0,111,0.0,8,8.0,[141 244  15  68 255 253 239 127],0.0
13.97825,9.0,101,0.0,1,1.0,[0 0 0 0 0 0 0 0],0.0
14.1755,9.0,111,0.0,8,8.0,[141 244 239  67 255 253 239 127],0.0
14.176499999999999,9.0,101,0.0,1,1.0,[0 0 0 0 0 0 0 0],0.0
14.37345,9.0,111,0.0,8,8.0,[141 244 239  67 255 253 239 127],0.0
14.3745,9.0,101,0.0,1,1.0,[0 0 0 0 0 0 0 0],0.0
14.571449999999999,9.0,111,0.0,8,8.0,[143 252  15  68 255 249 239 127],0.0
14.57235,9.0,101,0.0,1,1.0,[0 0 0 0 0 0 0 0],0.0
14.769499999999999,9.0,111,0.0,8,8.0,[141 244  15  68 255 253 239 127],0.0
14.7705,9.0,101,0.0,1,1.0,[0 0 0 0 0 0 0 0],0.0
14.9675,9.0,111,0.0,8,8.0,[141 244  15  68 255   1 240 127],0.0
14.96825,9.0,101,0.0,1,1.0,[0 0 0 0 0 0 0 0],0.0
15.1655,9.0,111,0.0,8,8.0,[141 244  15  68 255 249 207 127],0.0
15.16625,9.0,101,0.0,1,1.0,[0 0 0 0 0 0 0 0],0.0
15.3635,9.0,111,0.0,8,8.0,[141 252 239  67 255 253 239 127],0.0
15.3645,9.0,101,0.0,1,1.0,[0 0 0 0 0 0 0 0],0.0
15.561499999999999,9.0,111,0.0,8,8.0,[141 244  15  68 255 253 239 127],0.0
15.5625,9.0,101,0.0,1,1.0,[0 0 0 0 0 0 0 0],0.0
15.7595,9.0,111,0.0,8,8.0,[141 244  15 196 254 253 239 127],0.0
15.760399999999999,9.0,101,0.0,1,1.0,[0 0 0 0 0 0 0 0],0.0
15.9575,9.0,111,0.0,8,8.0,[141 244  15  68 255 253 239 127],0.0
15.958499999999999,9.0,101,0.0,1,1.0,[0 0 0 0 0 0 0 0],0.0
16.1555,9.0,111,0.0,8,8.0,[141 244  15  68 255 253 239 127],0.0
16.156499999999998,9.0,101,0.0,1,1.0,[0 0 0 0 0 0 0 0],0.0
16.3535,9.0,111,0.0,8,8.0,[141 244  15  68 255 249 239 127],0.0
16.354499999999998,9.0,101,0.0,1,1.0,[0 0 0 0 0 0 0 0],0.0
16.5515,9.0,111,0.0,8,8.0,[141 244  15  68 255 253 239 127],0.0
16.5525,9.0,101,0.0,1,1.0,[0 0 0 0 0 0 0 0],0.0
16.749499999999998,9.0,111,0.0,8,8.0,[141 244  15  68 255 253 239 127],0.0
16.7505,9.0,101,0.0,1,1.0,[0 0 0 0 0 0 0 0],0.0
16.947499999999998,9.0,111,0.0,8,8.0,[141 244  15  68 255 253 239 127],0.0
16.9485,9.0,101,0.0,1,1.0,[0 0 0 0 0 0 0 0],0.0
17.1455,9.0,111,0.0,8,8.0,[141 244  15  68 255 253 239 127],0.0
17.1465,9.0,101,0.0,1,1.0,[0 0 0 0 0 0 0 0],0.0
17.3435,9.0,111,0.0,8,8.0,[141 244  15  68 255 253 239 127],0.0
17.3445,9.0,101,0.0,1,1.0,[0 0 0 0 0 0 0 0],0.0
17.54155,9.0,111,0.0,8,8.0,[141 244  15  68 255 253 239 127],0.0
17.5425,9.0,101,0.0,1,1.0,[0 0 0 0 0 0 0 0],0.0
17.739549999999998,9.0,111,0.0,8,8.0,[141 244  15  68 255 253 239 127],0.0
17.74055,9.0,101,0.0,1,1.0,[0 0 0 0 0 0 0 0],0.0
17.937549999999998,9.0,111,0.0,8,8.0,[141 244  15  68 255 253 239 127],0.0
17.9392,9.0,101,0.0,1,1.0,[0 0 0 0 0 0 0 0],0.0
18.13555,9.0,111,0.0,8,8.0,[141 244  15  68 255 253 239 127],0.0
18.13655,9.0,101,0.0,1,1.0,[0 0 0 0 0 0 0 0],0.0
18.33355,9.0,111,0.0,8,8.0,[141 244  15  68 255 253 239 127],0.0
18.33455,9.0,101,0.0,1,1.0,[0 0 0 0 0 0 0 0],0.0
18.531499999999998,9.0,111,0.0,8,8.0,[141 244  15  68 255 253 239 127],0.0
18.53255,9.0,101,0.0,1,1.0,[0 0 0 0 0 0 0 0],0.0
18.729499999999998,9.0,111,0.0,8,8.0,[141 244  15  68 255 253 239 127],0.0
18.927799999999998,9.0,101,0.0,1,1.0,[0 0 0 0 0 0 0 0],0.0
18.9291,9.0,111,0.0,8,8.0,[141 244  15  68 255 253 239 127],0.0
19.125799999999998,9.0,101,0.0,1,1.0,[0 0 0 0 0 0 0 0],0.0
19.127,9.0,111,0.0,8,8.0,[141 244  15 196 254 253 239 127],0.0
19.3238,9.0,101,0.0,1,1.0,[0 0 0 0 0 0 0 0],0.0
19.325,9.0,111,0.0,8,8.0,[141 244  15  68 255 253 239 127],0.0
19.52205,9.0,101,0.0,1,1.0,[0 0 0 0 0 0 0 0],0.0
19.523,9.0,111,0.0,8,8.0,[141 244  15  68 255 253 239 127],0.0
19.7198,9.0,101,0.0,1,1.0,[0 0 0 0 0 0 0 0],0.0
19.721,9.0,111,0.0,8,8.0,[141 244  15  68 255 253 239 127],0.0
19.9178,9.0,101,0.0,1,1.0,[0 0 0 0 0 0 0 0],0.0
19.91915,9.0,111,0.0,8,8.0,[141 244  15  68 255 253 239 127],0.0
20.1158,9.0,101,0.0,1,1.0,[0 0 0 0 0 0 0 0],0.0
20.116999999999997,9.0,111,0.0,8,8.0,[141 244  15  68 255 253 239 127],0.0
20.3138,9.0,101,0.0,1,1.0,[0 0 0 0 0 0 0 0],0.0
20.314999999999998,9.0,111,0.0,8,8.0,[141 244  15  68 255 253 239 127],0.0
20.511799999999997,9.0,101,0.0,1,1.0,[0 0 0 0 0 0 0 0],0.0
20.512999999999998,9.0,111,0.0,8,8.0,[141 244  15  68 255 253 239 127],0.0
20.709999999999997,9.0,101,0.0,1,1.0,[0 0 0 0 0 0 0 0],0.0
20.711,9.0,111,0.0,8,8.0,[141 244  15 196 254 253 239 127],0.0
20.907799999999998,9.0,101,0.0,1,1.0,[0 0 0 0 0 0 0 0],0.0
20.90915,9.0,111,0.0,8,8.0,[141 244  15 196 254 253 239 127],0.0
21.10605,9.0,101,0.0,1,1.0,[0 0 0 0 0 0 0 0],0.0
21.107049999999997,9.0,111,0.0,8,8.0,[141 244  15  68 255 253 239 127],0.0
21.30405,9.0,101,0.0,1,1.0,[0 0 0 0 0 0 0 0],0.0
21.305,9.0,111,0.0,8,8.0,[141 244  15  68 255 253 239 127],0.0
21.501849999999997,9.0,101,0.0,1,1.0,[0 0 0 0 0 0 0 0],0.0
21.503,9.0,111,0.0,8,8.0,[141 244  15  68 255 253 239 127],0.0
21.699849999999998,9.0,101,0.0,1,1.0,[0 0 0 0 0 0 0 0],0.0
21.701,9.0,111,0.0,8,8.0,[141 252  15  68 255 253 239 127],0.0
21.898049999999998,9.0,101,0.0,1,1.0,[0 0 0 0 0 0 0 0],0.0
21.89915,9.0,111,0.0,8,8.0,[141 244  15  68 255 253 239 127],0.0
22.096049999999998,9.0,101,0.0,1,1.0,[0 0 0 0 0 0 0 0],0.0
22.096999999999998,9.0,111,0.0,8,8.0,[141 244  15  68 255 253 239 127],0.0
22.29405,9.0,101,0.0,1,1.0,[0 0 0 0 0 0 0 0],0.0
22.294999999999998,9.0,111,0.0,8,8.0,[141 236  15 196 254 253 239 127],0.0
22.49205,9.0,101,0.0,1,1.0,[0 0 0 0 0 0 0 0],0.0
22.49305,9.0,111,0.0,8,8.0,[141 244  15  68 255 253 239 127],0.0
22.68985,9.0,101,0.0,1,1.0,[0 0 0 0 0 0 0 0],0.0
22.69105,9.0,111,0.0,8,8.0,[141 236  15 196 254 253 239 127],0.0
22.88785,9.0,101,0.0,1,1.0,[0 0 0 0 0 0 0 0],0.0
22.889149999999997,9.0,111,0.0,8,8.0,[141 228  15 196 254 253 239 127],0.0
23.08605,9.0,101,0.0,1,1.0,[0 0 0 0 0 0 0 0],0.0
23.087049999999998,9.0,111,0.0,8,8.0,[141 228  15  68 255 253 239 127],0.0
23.28405,9.0,101,0.0,1,1.0,[0 0 0 0 0 0 0 0],0.0
23.28505,9.0,111,0.0,8,8.0,[141 220  15  68 255 253 239 127],0.0
23.4821,9.0,101,0.0,1,1.0,[0 0 0 0 0 0 0 0],0.0
23.48305,9.0,111,0.0,8,8.0,[141 212  15 196 254 253 239 127],0.0
23.6801,9.0,101,0.0,1,1.0,[0 0 0 0 0 0 0 0],0.0
23.68105,9.0,111,0.0,8,8.0,[141 204  15  68 255   1 240 127],0.0
23.8781,9.0,101,0.0,1,1.0,[0 0 0 0 0 0 0 0],0.0
23.879199999999997,9.0,111,0.0,8,8.0,[141 212  15  68 255   1 240 127],0.0
24.0761,9.0,101,0.0,1,1.0,[0 0 0 0 0 0 0 0],0.0
24.07705,9.0,111,0.0,8,8.0,[143 220  47  68 255 253 239 127],0.0
24.2741,9.0,101,0.0,1,1.0,[0 0 0 0 0 0 0 0],0.0
24.27505,9.0,111,0.0,8,8.0,[139 228  15 196 254 249 207 127],0.0
24.472099999999998,9.0,101,0.0,1,1.0,[0 0 0 0 0 0 0 0],0.0
24.47305,9.0,111,0.0,8,8.0,[141 236  15  68 255 249 207 127],0.0
24.6696,9.0,111,0.0,8,8.0,[141 236  15  68 255   1 240 127],0.0
24.67025,9.0,101,0.0,1,1.0,[0 0 0 0 0 0 0 0],0.0
24.8681,9.0,101,0.0,1,1.0,[0 0 0 0 0 0 0 0],0.0
24.8692,9.0,111,0.0,8,8.0,[139 236  15  68 255   1 240 127],0.0
25.0661,9.0,101,0.0,1,1.0,[0 0 0 0 0 0 0 0],0.0
25.06705,9.0,111,0.0,8,8.0,[139 236 239  67 255 253 239 127],0.0
25.2641,9.0,101,0.0,1,1.0,[0 0 0 0 0 0 0 0],0.0
25.2651,9.0,111,0.0,8,8.0,[141 236 239 195 254 253 239 127],0.0
25.4621,9.0,101,0.0,1,1.0,[0 0 0 0 0 0 0 0],0.0
25.46305,9.0,111,0.0,8,8.0,[139 228  15  68 255 249 207 127],0.0
25.659599999999998,9.0,111,0.0,8,8.0,[141   4  16  68 255 245 175 127],0.0
25.660249999999998,9.0,101,0.0,1,1.0,[0 0 0 0 0 0 0 0],0.0
25.857599999999998,9.0,111,0.0,8,8.0,[143  12  16 196 254 249  15 128],0.0
25.858249999999998,9.0,101,0.0,1,1.0,[0 0 0 0 0 0 0 0],0.0
26.056099999999997,9.0,101,0.0,1,1.0,[0 0 0 0 0 0 0 0],0.0
26.05705,9.0,111,0.0,8,8.0,[139 244  15  68 255   5 208 127],0.0
26.254099999999998,9.0,101,0.0,1,1.0,[0 0 0 0 0 0 0 0],0.0
26.255049999999997,9.0,111,0.0,8,8.0,[141 244  47 196 254 249 239 127],0.0
26.451649999999997,9.0,111,0.0,8,8.0,[143 244  15 196 254 245 239 127],0.0
26.45225,9.0,101,0.0,1,1.0,[0 0 0 0 0 0 0 0],0.0
26.6501,9.0,101,0.0,1,1.0,[0 0 0 0 0 0 0 0],0.0
26.6511,9.0,111,0.0,8,8.0,[145 252  15 196 253   9  16 128],0.0
26.847649999999998,9.0,111,0.0,8,8.0,[131 220 239 195 254 245  15 128],0.0
26.84825,9.0,101,0.0,1,1.0,[0 0 0 0 0 0 0 0],0.0
27.0456,9.0,111,0.0,8,8.0,[143 228  47 196   0 250 143 127],0.0
27.046249999999997,9.0,101,0.0,1,1.0,[0 0 0 0 0 0 0 0],0.0
27.243599999999997,9.0,111,0.0,8,8.0,[143 228 239  67 253 253  15 128],0.0
27.244249999999997,9.0,101,0.0,1,1.0,[0 0 0 0 0 0 0 0],0.0
27.442149999999998,9.0,101,0.0,1,1.0,[0 0 0 0 0 0 0 0],0.0
27.442249999999998,9.0,111,0.0,8,8.0,[145 252  15 196 254 253 239 127],0.0
27.63965,9.0,111,0.0,8,8.0,[137 212 239 195 254   1  80 128],0.0
27.6403,9.0,101,0.0,1,1.0,[0 0 0 0 0 0 0 0],0.0
27.83765,9.0,111,0.0,8,8.0,[143 236  47 196 255   1  16 127],0.0
27.8383,9.0,101,0.0,1,1.0,[0 0 0 0 0 0 0 0],0.0
28.03565,9.0,111,0.0,8,8.0,[141 220  79 196 254 249  15 128],0.0
28.036299999999997,9.0,101,0.0,1,1.0,[0 0 0 0 0 0 0 0],0.0
28.233649999999997,9.0,111,0.0,8,8.0,[141 244 239  67 254 253 207 127],0.0
28.234299999999998,9.0,101,0.0,1,1.0,[0 0 0 0 0 0 0 0],0.0
28.431649999999998,9.0,111,0.0,8,8.0,[143 244  15 196 254  13 208 127],0.0
28.432299999999998,9.0,101,0.0,1,1.0,[0 0 0 0 0 0 0 0],0.0
28.629649999999998,9.0,111,0.0,8,8.0,[139 236  47  68 255   5 208 127],0.0
28.63045,9.0,101,0.0,1,1.0,[0 0 0 0 0 0 0 0],0.0
28.82765,9.0,111,0.0,8,8.0,[139 244  15  68 254 245 239 127],0.0
28.8283,9.0,101,0.0,1,1.0,[0 0 0 0 0 0 0 0],0.0
29.02565,9.0,111,0.0,8,8.0,[143 244  15 196 254 249 239 127],0.0
29.0263,9.0,101,0.0,1,1.0,[0 0 0 0 0 0 0 0],0.0
29.22365,9.0,111,0.0,8,8.0,[141 244  15 196 254 249 239 127],0.0
29.2243,9.0,101,0.0,1,1.0,[0 0 0 0 0 0 0 0],0.0
29.42165,9.0,111,0.0,8,8.0,[143 244  15  68 254   1 240 127],0.0
29.4223,9.0,101,0.0,1,1.0,[0 0 0 0 0 0 0 0],0.0
29.61965,9.0,111,0.0,8,8.0,[141 244  15 196 254 253 207 127],0.0
29.6203,9.0,101,0.0,1,1.0,[0 0 0 0 0 0 0 0],0.0
29.817649999999997,9.0,111,0.0,8,8.0,[147   4  48 196 255 241  79 127],0.0
29.81845,9.0,101,0.0,1,1.0,[0 0 0 0 0 0 0 0],0.0
30.015649999999997,9.0,111,0.0,8,8.0,[145 228 207  67 254 253 207 127],0.0
30.016299999999998,9.0,101,0.0,1,1.0,[0 0 0 0 0 0 0 0],0.0
30.2137,9.0,111,0.0,8,8.0,[145   4  48  68   0  38 144 127],0.0
30.21455,9.0,101,0.0,1,1.0,[0 0 0 0 0 0 0 0],0.0
30.4117,9.0,111,0.0,8,8.0,[145  12  48  68 254   1 240 127],0.0
30.41255,9.0,101,0.0,1,1.0,[0 0 0 0 0 0 0 0],0.0
30.6097,9.0,111,0.0,8,8.0,[131 244 143 195 252   1 144 128],0.0
30.6103,9.0,101,0.0,1,1.0,[0 0 0 0 0 0 0 0],0.0
30.807699999999997,9.0,111,0.0,8,8.0,[147  12 240  67 254   5 208 127],0.0
30.808449999999997,9.0,101,0.0,1,1.0,[0 0 0 0 0 0 0 0],0.0
31.005699999999997,9.0,111,0.0,8,8.0,[141 236  15 196 255 253 207 127],0.0
31.006449999999997,9.0,101,0.0,1,1.0,[0 0 0 0 0 0 0 0],0.0
31.20365,9.0,111,0.0,8,8.0,[143 252  15 196 254 245 143 127],0.0
31.204449999999998,9.0,101,0.0,1,1.0,[0 0 0 0 0 0 0 0],0.0
31.40165,9.0,111,0.0,8,8.0,[143   4  48  68 255   1 208 127],0.0
31.402549999999998,9.0,101,0.0,1,1.0,[0 0 0 0 0 0 0 0],0.0
31.5997,9.0,111,0.0,8,8.0,[139 252 239  67 255 249 175 127],0.0
31.60055,9.0,101,0.0,1,1.0,[0 0 0 0 0 0 0 0],0.0
31.7977,9.0,111,0.0,8,8.0,[141 252  15 196 255   5 176 127],0.0
31.79835,9.0,101,0.0,1,1.0,[0 0 0 0 0 0 0 0],0.0
31.9957,9.0,111,0.0,8,8.0,[141   4  16 196 254   1 176 127],0.0
31.99645,9.0,101,0.0,1,1.0,[0 0 0 0 0 0 0 0],0.0
32.1937,9.0,111,0.0,8,8.0,[141   4  16  68 255   1 176 127],0.0
32.1945,9.0,101,0.0,1,1.0,[0 0 0 0 0 0 0 0],0.0
32.3917,9.0,111,0.0,8,8.0,[139 252  47  68 255 245 207 127],0.0
32.3925,9.0,101,0.0,1,1.0,[0 0 0 0 0 0 0 0],0.0
32.5897,9.0,111,0.0,8,8.0,[139 236 239 195 253 241  15 128],0.0
32.5906,9.0,101,0.0,1,1.0,[0 0 0 0 0 0 0 0],0.0
32.7877,9.0,111,0.0,8,8.0,[147   4  48  68 254  25  16 128],0.0
32.78855,9.0,101,0.0,1,1.0,[0 0 0 0 0 0 0 0],0.0
32.9857,9.0,111,0.0,8,8.0,[133 244  15  68 254  13 176 127],0.0
32.98655,9.0,101,0.0,1,1.0,[0 0 0 0 0 0 0 0],0.0
33.1837,9.0,111,0.0,8,8.0,[143 252  15  68 254 241 239 127],0.0
33.1845,9.0,101,0.0,1,1.0,[0 0 0 0 0 0 0 0],0.0
33.381699999999995,9.0,111,0.0,8,8.0,[145 252  79 196 254  13 144 127],0.0
33.3825,9.0,101,0.0,1,1.0,[0 0 0 0 0 0 0 0],0.0
33.579699999999995,9.0,111,0.0,8,8.0,[139 252 239 195 253   9 208 127],0.0
33.5805,9.0,101,0.0,1,1.0,[0 0 0 0 0 0 0 0],0.0
33.777699999999996,9.0,111,0.0,8,8.0,[141 252  47 196 253 245 239 127],0.0
33.7787,9.0,101,0.0,1,1.0,[0 0 0 0 0 0 0 0],0.0
33.975699999999996,9.0,111,0.0,8,8.0,[141 252  47 196 253   5 208 127],0.0
33.9766,9.0,101,0.0,1,1.0,[0 0 0 0 0 0 0 0],0.0
34.1737,9.0,111,0.0,8,8.0,[141 252  47 196 253 245 207 127],0.0
34.1746,9.0,101,0.0,1,1.0,[0 0 0 0 0 0 0 0],0.0
34.37175,9.0,111,0.0,8,8.0,[141 252  47  68 253 253 207 127],0.0
34.372499999999995,9.0,101,0.0,1,1.0,[0 0 0 0 0 0 0 0],0.0
34.56975,9.0,111,0.0,8,8.0,[143 252  15  68 253   5 208 127],0.0
34.570499999999996,9.0,101,0.0,1,1.0,[0 0 0 0 0 0 0 0],0.0
34.76775,9.0,111,0.0,8,8.0,[141 252  47  68 253   1 176 127],0.0
34.76875,9.0,101,0.0,1,1.0,[0 0 0 0 0 0 0 0],0.0
34.96575,9.0,111,0.0,8,8.0,[139 252  47  68 253   1 208 127],0.0
34.96675,9.0,101,0.0,1,1.0,[0 0 0 0 0 0 0 0],0.0
35.16375,9.0,111,0.0,8,8.0,[139 252  79  68 253 253 175 127],0.0
35.1646,9.0,101,0.0,1,1.0,[0 0 0 0 0 0 0 0],0.0
35.3619,9.0,111,0.0,8,8.0,[141 252  79  68 253   1 176 127],0.0
35.3625,9.0,101,0.0,1,1.0,[0 0 0 0 0 0 0 0],0.0
35.5597,9.0,111,0.0,8,8.0,[139 252  47  68 253   9 176 127],0.0
35.56075,9.0,101,0.0,1,1.0,[0 0 0 0 0 0 0 0],0.0
35.75775,9.0,111,0.0,8,8.0,[141 252  79  68 252   5 176 127],0.0
35.7585,9.0,101,0.0,1,1.0,[0 0 0 0 0 0 0 0],0.0
35.95575,9.0,111,0.0,8,8.0,[139 252  79 196 251   9 144 127],0.0
35.95675,9.0,101,0.0,1,1.0,[0 0 0 0 0 0 0 0],0.0
36.153749999999995,9.0,111,0.0,8,8.0,[141 252  15 196 251   5 144 127],0.0
36.15475,9.0,101,0.0,1,1.0,[0 0 0 0 0 0 0 0],0.0
36.351749999999996,9.0,111,0.0,8,8.0,[139 252  47 196 251   1 144 127],0.0
36.35275,9.0,101,0.0,1,1.0,[0 0 0 0 0 0 0 0],0.0
36.549749999999996,9.0,111,0.0,8,8.0,[139 252  79  68 252   5 144 127],0.0
36.55075,9.0,101,0.0,1,1.0,[0 0 0 0 0 0 0 0],0.0
36.747749999999996,9.0,111,0.0,8,8.0,[139 252  79 196 252 253 175 127],0.0
36.74875,9.0,101,0.0,1,1.0,[0 0 0 0 0 0 0 0],0.0
36.94575,9.0,111,0.0,8,8.0,[141 252  79  68 254 249 175 127],0.0
36.946549999999995,9.0,101,0.0,1,1.0,[0 0 0 0 0 0 0 0],0.0
37.14375,9.0,111,0.0,8,8.0,[139 244  79 196 254 237 239 127],0.0
37.144749999999995,9.0,101,0.0,1,1.0,[0 0 0 0 0 0 0 0],0.0
37.34175,9.0,111,0.0,8,8.0,[141 244  79  68 254   1 208 127],0.0
37.342749999999995,9.0,101,0.0,1,1.0,[0 0 0 0 0 0 0 0],0.0
37.53975,9.0,111,0.0,8,8.0,[139 252  79 196 254 253 207 127],0.0
37.540749999999996,9.0,101,0.0,1,1.0,[0 0 0 0 0 0 0 0],0.0
37.73775,9.0,111,0.0,8,8.0,[141 244  79  68 254   1 240 127],0.0
37.738749999999996,9.0,101,0.0,1,1.0,[0 0 0 0 0 0 0 0],0.0
37.93575,9.0,111,0.0,8,8.0,[139 244  79  68 254 249 207 127],0.0
37.93745,9.0,101,0.0,1,1.0,[0 0 0 0 0 0 0 0],0.0
38.13375,9.0,111,0.0,8,8.0,[141 244  79  68 254   5 240 127],0.0
38.1349,9.0,101,0.0,1,1.0,[0 0 0 0 0 0 0 0],0.0
38.33175,9.0,111,0.0,8,8.0,[141 244  47  68 254 249 239 127],0.0
38.33275,9.0,101,0.0,1,1.0,[0 0 0 0 0 0 0 0],0.0
38.52975,9.0,111,0.0,8,8.0,[139 244  79  68 254   1 240 127],0.0
38.728049999999996,9.0,101,0.0,1,1.0,[0 0 0 0 0 0 0 0],0.0
38.7292,9.0,111,0.0,8,8.0,[139 236  47  68 254   1 240 127],0.0
38.92605,9.0,101,0.0,1,1.0,[0 0 0 0 0 0 0 0],0.0
38.92735,9.0,111,0.0,8,8.0,[139 244 111  68 254 245 239 127],0.0
39.123999999999995,9.0,101,0.0,1,1.0,[0 0 0 0 0 0 0 0],0.0
39.1252,9.0,111,0.0,8,8.0,[139   4 112  68 254 245 207 127],0.0
39.32205,9.0,101,0.0,1,1.0,[0 0 0 0 0 0 0 0],0.0
39.32325,9.0,111,0.0,8,8.0,[139 252  79  68 254 249 239 127],0.0
39.52025,9.0,101,0.0,1,1.0,[0 0 0 0 0 0 0 0],0.0
39.521249999999995,9.0,111,0.0,8,8.0,[141 252  79  68 254 245 239 127],0.0
39.71805,9.0,101,0.0,1,1.0,[0 0 0 0 0 0 0 0],0.0
39.719249999999995,9.0,111,0.0,8,8.0,[141 252  79  68 254 253 207 127],0.0
39.91605,9.0,101,0.0,1,1.0,[0 0 0 0 0 0 0 0],0.0
39.917449999999995,9.0,111,0.0,8,8.0,[139 252  79  68 254 253 207 127],0.0
40.11405,9.0,101,0.0,1,1.0,[0 0 0 0 0 0 0 0],0.0
40.115249999999996,9.0,111,0.0,8,8.0,[139 252  79 196 254 245 239 127],0.0
40.31205,9.0,101,0.0,1,1.0,[0 0 0 0 0 0 0 0],0.0
40.31325,9.0,111,0.0,8,8.0,[141 252 111  68 254 253 207 127],0.0
40.51005,9.0,101,0.0,1,1.0,[0 0 0 0 0 0 0 0],0.0
40.51125,9.0,111,0.0,8,8.0,[141 252  79  68 254 249 239 127],0.0
40.7083,9.0,101,0.0,1,1.0,[0 0 0 0 0 0 0 0],0.0
40.70925,9.0,111,0.0,8,8.0,[139 252  79  68 254 253 207 127],0.0
40.90605,9.0,101,0.0,1,1.0,[0 0 0 0 0 0 0 0],0.0
40.90745,9.0,111,0.0,8,8.0,[139 252  47  68 254 249 207 127],0.0
41.10405,9.0,101,0.0,1,1.0,[0 0 0 0 0 0 0 0],0.0
41.10525,9.0,111,0.0,8,8.0,[141 252  79 196 253 249 207 127],0.0
41.302299999999995,9.0,101,0.0,1,1.0,[0 0 0 0 0 0 0 0],0.0
41.30325,9.0,111,0.0,8,8.0,[141 252  79 196 253 249 207 127],0.0
41.50025,9.0,101,0.0,1,1.0,[0 0 0 0 0 0 0 0],0.0
41.50125,9.0,111,0.0,8,8.0,[139 252  47  68 254 249 239 127],0.0
41.698049999999995,9.0,101,0.0,1,1.0,[0 0 0 0 0 0 0 0],0.0
41.69925,9.0,111,0.0,8,8.0,[139 252  47 196 253 249 207 127],0.0
41.8963,9.0,101,0.0,1,1.0,[0 0 0 0 0 0 0 0],0.0
41.89745,9.0,111,0.0,8,8.0,[139 252  47  68 254 245 207 127],0.0
42.0943,9.0,101,0.0,1,1.0,[0 0 0 0 0 0 0 0],0.0
42.095299999999995,9.0,111,0.0,8,8.0,[141 252  79 196 253 249 239 127],0.0
42.2921,9.0,101,0.0,1,1.0,[0 0 0 0 0 0 0 0],0.0
42.29325,9.0,111,0.0,8,8.0,[139 252  79 196 253   1 208 127],0.0
42.4903,9.0,101,0.0,1,1.0,[0 0 0 0 0 0 0 0],0.0
42.49125,9.0,111,0.0,8,8.0,[141   4  48 196 253   1 208 127],0.0
42.6883,9.0,101,0.0,1,1.0,[0 0 0 0 0 0 0 0],0.0
42.68935,9.0,111,0.0,8,8.0,[141 252  47 196 253 249 207 127],0.0
42.88585,9.0,111,0.0,8,8.0,[141 244  15  68 253   5 208 127],0.0
42.886449999999996,9.0,101,0.0,1,1.0,[0 0 0 0 0 0 0 0],0.0
43.0843,9.0,101,0.0,1,1.0,[0 0 0 0 0 0 0 0],0.0
43.08535,9.0,111,0.0,8,8.0,[141 244  47  68 253   1 208 127],0.0
43.2823,9.0,101,0.0,1,1.0,[0 0 0 0 0 0 0 0],0.0
43.28335,9.0,111,0.0,8,8.0,[141 244  47  68 253 253 207 127],0.0
43.4801,9.0,101,0.0,1,1.0,[0 0 0 0 0 0 0 0],0.0
43.48135,9.0,111,0.0,8,8.0,[139 244  47 196 253 249 207 127],0.0
43.6783,9.0,101,0.0,1,1.0,[0 0 0 0 0 0 0 0],0.0
43.67935,9.0,111,0.0,8,8.0,[141 236  47  68 254   5 208 127],0.0
43.8763,9.0,101,0.0,1,1.0,[0 0 0 0 0 0 0 0],0.0
43.8775,9.0,111,0.0,8,8.0,[141 236  79 196 253   5 208 127],0.0
44.0738,9.0,111,0.0,8,8.0,[139 228 111  68 254 249 207 127],0.0
44.0745,9.0,101,0.0,1,1.0,[0 0 0 0 0 0 0 0],0.0
44.272349999999996,9.0,101,0.0,1,1.0,[0 0 0 0 0 0 0 0],0.0
44.273399999999995,9.0,111,0.0,8,8.0,[141 228  79  68 254 253 207 127],0.0
44.470349999999996,9.0,101,0.0,1,1.0,[0 0 0 0 0 0 0 0],0.0
44.47135,9.0,111,0.0,8,8.0,[139 228  79  68 254 249 175 127],0.0
44.66835,9.0,101,0.0,1,1.0,[0 0 0 0 0 0 0 0],0.0
44.668499999999995,9.0,111,0.0,8,8.0,[139 228  79  68 254 249 207 127],0.0
44.86635,9.0,101,0.0,1,1.0,[0 0 0 0 0 0 0 0],0.0
44.8675,9.0,111,0.0,8,8.0,[139 228  15  68 254 253 207 127],0.0
45.06435,9.0,101,0.0,1,1.0,[0 0 0 0 0 0 0 0],0.0
45.065349999999995,9.0,111,0.0,8,8.0,[139 228 111 196 254 241 239 127],0.0
45.261849999999995,9.0,111,0.0,8,8.0,[139 220  47 196 254 253 239 127],0.0
45.262499999999996,9.0,101,0.0,1,1.0,[0 0 0 0 0 0 0 0],0.0
45.459849999999996,9.0,111,0.0,8,8.0,[137 220  79 196 254 253 207 127],0.0
45.460499999999996,9.0,101,0.0,1,1.0,[0 0 0 0 0 0 0 0],0.0
45.65835,9.0,101,0.0,1,1.0,[0 0 0 0 0 0 0 0],0.0
45.6594,9.0,111,0.0,8,8.0,[139 220 111 196 254   1 240 127],0.0
45.85585,9.0,111,0.0,8,8.0,[141 228  79  68 255 249  15 128],0.0
45.8565,9.0,101,0.0,1,1.0,[0 0 0 0 0 0 0 0],0.0
46.05435,9.0,101,0.0,1,1.0,[0 0 0 0 0 0 0 0],0.0
46.0554,9.0,111,0.0,8,8.0,[139 236  79 196 255 241 175 127],0.0
46.25235,9.0,101,0.0,1,1.0,[0 0 0 0 0 0 0 0],0.0
46.2525,9.0,111,0.0,8,8.0,[137 244 143  68   0   6 208 127],0.0
46.44985,9.0,111,0.0,8,8.0,[141 252  79 196   0 250  15 128],0.0
46.4505,9.0,101,0.0,1,1.0,[0 0 0 0 0 0 0 0],0.0
46.64785,9.0,111,0.0,8,8.0,[139 252  47 196   0 250 239 127],0.0
46.6485,9.0,101,0.0,1,1.0,[0 0 0 0 0 0 0 0],0.0
46.84635,9.0,101,0.0,1,1.0,[0 0 0 0 0 0 0 0],0.0
46.84755,9.0,111,0.0,8,8.0,[139   4 240 195   0 250 239 127],0.0
47.0439,9.0,111,0.0,8,8.0,[139   4 240 195   0 246 239 127],0.0
47.04455,9.0,101,0.0,1,1.0,[0 0 0 0 0 0 0 0],0.0
47.2419,9.0,111,0.0,8,8.0,[139   4  16 196 255 253 207 127],0.0
47.2425,9.0,101,0.0,1,1.0,[0 0 0 0 0 0 0 0],0.0
47.440349999999995,9.0,101,0.0,1,1.0,[0 0 0 0 0 0 0 0],0.0
47.4415,9.0,111,0.0,8,8.0,[143   4 240 195 255 245 239 127],0.0
47.637899999999995,9.0,111,0.0,8,8.0,[141   4  16  68 255 253 207 127],0.0
47.6385,9.0,101,0.0,1,1.0,[0 0 0 0 0 0 0 0],0.0
47.835899999999995,9.0,111,0.0,8,8.0,[139   4  80 196 254 245 239 127],0.0
47.8365,9.0,101,0.0,1,1.0,[0 0 0 0 0 0 0 0],0.0
48.03385,9.0,111,0.0,8,8.0,[141   4  48  68 254 229  15 128],0.0
48.0345,9.0,101,0.0,1,1.0,[0 0 0 0 0 0 0 0],0.0
48.23235,9.0,101,0.0,1,1.0,[0 0 0 0 0 0 0 0],0.0
48.2335,9.0,111,0.0,8,8.0,[139   4  80 196 252 249 175 127],0.0
48.429899999999996,9.0,111,0.0,8,8.0,[139   4  48 196 251 249 143 127],0.0
48.43055,9.0,101,0.0,1,1.0,[0 0 0 0 0 0 0 0],0.0
48.62835,9.0,101,0.0,1,1.0,[0 0 0 0 0 0 0 0],0.0
48.6295,9.0,111,0.0,8,8.0,[139 252  79  68 250 241 111 127],0.0
48.8259,9.0,111,0.0,8,8.0,[141   4  48 196 249 249  79 127],0.0
48.82655,9.0,101,0.0,1,1.0,[0 0 0 0 0 0 0 0],0.0
49.0239,9.0,111,0.0,8,8.0,[141 252  79 196 249 233  79 127],0.0
49.02455,9.0,101,0.0,1,1.0,[0 0 0 0 0 0 0 0],0.0
49.2219,9.0,111,0.0,8,8.0,[141 252  47 196 249 249 111 127],0.0
49.22255,9.0,101,0.0,1,1.0,[0 0 0 0 0 0 0 0],0.0
49.4199,9.0,111,0.0,8,8.0,[139 252  47 196 249 253 111 127],0.0
49.42055,9.0,101,0.0,1,1.0,[0 0 0 0 0 0 0 0],0.0
49.6179,9.0,111,0.0,8,8.0,[139 252  47  68 250 253 111 127],0.0
49.61855,9.0,101,0.0,1,1.0,[0 0 0 0 0 0 0 0],0.0
49.8159,9.0,111,0.0,8,8.0,[143 252  47  68 250 253  47 127],0.0
49.81655,9.0,101,0.0,1,1.0,[0 0 0 0 0 0 0 0],0.0
50.0139,9.0,111,0.0,8,8.0,[139 252  47 196 249 253  47 127],0.0
50.01455,9.0,101,0.0,1,1.0,[0 0 0 0 0 0 0 0],0.0
50.2119,9.0,111,0.0,8,8.0,[139 252  15  68 249 249  47 127],0.0
50.21255,9.0,101,0.0,1,1.0,[0 0 0 0 0 0 0 0],0.0
50.4099,9.0,111,0.0,8,8.0,[143 244 239 195 248 253  47 127],0.0
50.41055,9.0,101,0.0,1,1.0,[0 0 0 0 0 0 0 0],0.0
50.6079,9.0,111,0.0,8,8.0,[139   4  16  68 248 253  15 127],0.0
50.6087,9.0,101,0.0,1,1.0,[0 0 0 0 0 0 0 0],0.0
50.8059,9.0,111,0.0,8,8.0,[141 252  79  68 248   5  16 127],0.0
50.806549999999994,9.0,101,0.0,1,1.0,[0 0 0 0 0 0 0 0],0.0
51.003899999999994,9.0,111,0.0,8,8.0,[141 244  47  68 248   9 208 126],0.0
51.004549999999995,9.0,101,0.0,1,1.0,[0 0 0 0 0 0 0 0],0.0
51.20195,9.0,111,0.0,8,8.0,[139 244  79  68 249  17 112 126],0.0
51.2026,9.0,101,0.0,1,1.0,[0 0 0 0 0 0 0 0],0.0
51.39995,9.0,111,0.0,8,8.0,[135 244 111  68 248 249 143 126],0.0
51.400549999999996,9.0,101,0.0,1,1.0,[0 0 0 0 0 0 0 0],0.0
51.59795,9.0,111,0.0,8,8.0,[137  12  48 196 248 205 111 126],0.0
51.598549999999996,9.0,101,0.0,1,1.0,[0 0 0 0 0 0 0 0],0.0
51.79595,9.0,111,0.0,8,8.0,[149  12  16  68 247 241 143 126],0.0
51.796699999999994,9.0,101,0.0,1,1.0,[0 0 0 0 0 0 0 0],0.0
51.99395,9.0,111,0.0,8,8.0,[135  20  48  68 248  21 144 126],0.0
51.99455,9.0,101,0.0,1,1.0,[0 0 0 0 0 0 0 0],0.0
52.19195,9.0,111,0.0,8,8.0,[141  12  16  68 248   5  80 127],0.0
52.1928,9.0,101,0.0,1,1.0,[0 0 0 0 0 0 0 0],0.0
52.3899,9.0,111,0.0,8,8.0,[141  20  80  68 248   9 240 126],0.0
52.3908,9.0,101,0.0,1,1.0,[0 0 0 0 0 0 0 0],0.0
52.58795,9.0,111,0.0,8,8.0,[139  60  48  68 249 249  15 127],0.0
52.5886,9.0,101,0.0,1,1.0,[0 0 0 0 0 0 0 0],0.0
52.78595,9.0,111,0.0,8,8.0,[137  36  16  68 250 249  79 127],0.0
52.7866,9.0,101,0.0,1,1.0,[0 0 0 0 0 0 0 0],0.0
52.98395,9.0,111,0.0,8,8.0,[143   4  80 196 250 253  79 127],0.0
52.9847,9.0,101,0.0,1,1.0,[0 0 0 0 0 0 0 0],0.0
53.18195,9.0,111,0.0,8,8.0,[141  12  48 196 250   1  48 127],0.0
53.18275,9.0,101,0.0,1,1.0,[0 0 0 0 0 0 0 0],0.0
53.37995,9.0,111,0.0,8,8.0,[141  36  48 196 250 245  47 127],0.0
53.380849999999995,9.0,101,0.0,1,1.0,[0 0 0 0 0 0 0 0],0.0
53.577949999999994,9.0,111,0.0,8,8.0,[141  12  16  68 251   1 112 127],0.0
53.578849999999996,9.0,101,0.0,1,1.0,[0 0 0 0 0 0 0 0],0.0
53.775949999999995,9.0,111,0.0,8,8.0,[141 252  47  68 251   5 112 127],0.0
53.776799999999994,9.0,101,0.0,1,1.0,[0 0 0 0 0 0 0 0],0.0
53.973949999999995,9.0,111,0.0,8,8.0,[141 252  79 196 249   5 112 127],0.0
53.97475,9.0,101,0.0,1,1.0,[0 0 0 0 0 0 0 0],0.0
54.172,9.0,111,0.0,8,8.0,[141   4  48  68 248 245 143 127],0.0
54.17275,9.0,101,0.0,1,1.0,[0 0 0 0 0 0 0 0],0.0
54.37075,9.0,101,0.0,1,1.0,[0 0 0 0 0 0 0 0],0.0
54.372,9.0,111,0.0,8,8.0,[141 244  47 196 246  29  80 127],0.0
54.567949999999996,9.0,111,0.0,8,8.0,[139 236 143  68 248  17  80 127],0.0
54.56895,9.0,101,0.0,1,1.0,[0 0 0 0 0 0 0 0],0.0
54.76595,9.0,111,0.0,8,8.0,[141 244  79 196 247 225  47 127],0.0
54.766749999999995,9.0,101,0.0,1,1.0,[0 0 0 0 0 0 0 0],0.0
54.96395,9.0,111,0.0,8,8.0,[133 212 239 195 246 225  79 127],0.0
54.96485,9.0,101,0.0,1,1.0,[0 0 0 0 0 0 0 0],0.0
55.16195,9.0,111,0.0,8,8.0,[143 220  15  68 244 209 143 127],0.0
55.162749999999996,9.0,101,0.0,1,1.0,[0 0 0 0 0 0 0 0],0.0
55.36,9.0,111,0.0,8,8.0,[147 236  15 196 242 249  79 127],0.0
55.360749999999996,9.0,101,0.0,1,1.0,[0 0 0 0 0 0 0 0],0.0
55.558,9.0,111,0.0,8,8.0,[141 220  47 196 243   5 240 126],0.0
55.559,9.0,101,0.0,1,1.0,[0 0 0 0 0 0 0 0],0.0
55.756,9.0,111,0.0,8,8.0,[141 220  15  68 241   9 240 126],0.0
55.757,9.0,101,0.0,1,1.0,[0 0 0 0 0 0 0 0],0.0
55.954,9.0,111,0.0,8,8.0,[139 228  15  68 241   9 176 126],0.0
55.95485,9.0,101,0.0,1,1.0,[0 0 0 0 0 0 0 0],0.0
56.151999999999994,9.0,111,0.0,8,8.0,[143 228  47 196 238 253 175 126],0.0
56.15285,9.0,101,0.0,1,1.0,[0 0 0 0 0 0 0 0],0.0
56.349999999999994,9.0,111,0.0,8,8.0,[137 212  47  68 236   9 112 126],0.0
56.351,9.0,101,0.0,1,1.0,[0 0 0 0 0 0 0 0],0.0
56.54795,9.0,111,0.0,8,8.0,[135 228 175 196 235 201 111 125],0.0
56.54875,9.0,101,0.0,1,1.0,[0 0 0 0 0 0 0 0],0.0
56.745999999999995,9.0,111,0.0,8,8.0,[137 212  47  68 233 205  47 126],0.0
56.747,9.0,101,0.0,1,1.0,[0 0 0 0 0 0 0 0],0.0
56.943999999999996,9.0,111,0.0,8,8.0,[139 204  47 196 231 233 111 125],0.0
56.945,9.0,101,0.0,1,1.0,[0 0 0 0 0 0 0 0],0.0
57.141999999999996,9.0,111,0.0,8,8.0,[143 220 175  68 228 221 143 125],0.0
57.143,9.0,101,0.0,1,1.0,[0 0 0 0 0 0 0 0],0.0
57.339999999999996,9.0,111,0.0,8,8.0,[145 228 239 195 230   5  48 125],0.0
57.340999999999994,9.0,101,0.0,1,1.0,[0 0 0 0 0 0 0 0],0.0
57.538,9.0,111,0.0,8,8.0,[137 204  79 196 227   9 208 124],0.0
57.538999999999994,9.0,101,0.0,1,1.0,[0 0 0 0 0 0 0 0],0.0
57.736,9.0,111,0.0,8,8.0,[143 212 111  68 227   9 144 124],0.0
57.736799999999995,9.0,101,0.0,1,1.0,[0 0 0 0 0 0 0 0],0.0
57.934,9.0,111,0.0,8,8.0,[139 220 111 196 226 253 111 124],0.0
57.935649999999995,9.0,101,0.0,1,1.0,[0 0 0 0 0 0 0 0],0.0
58.132,9.0,111,0.0,8,8.0,[137 228 111 196 226   9 144 124],0.0
58.132999999999996,9.0,101,0.0,1,1.0,[0 0 0 0 0 0 0 0],0.0
58.33,9.0,111,0.0,8,8.0,[137 244 143 196 226 245 143 124],0.0
58.330999999999996,9.0,101,0.0,1,1.0,[0 0 0 0 0 0 0 0],0.0
58.528,9.0,111,0.0,8,8.0,[139 244  79 196 227 249 207 124],0.0
58.528999999999996,9.0,101,0.0,1,1.0,[0 0 0 0 0 0 0 0],0.0
58.726,9.0,111,0.0,8,8.0,[141 252 143  68 228   5 240 124],0.0
58.727,9.0,101,0.0,1,1.0,[0 0 0 0 0 0 0 0],0.0
58.924,9.0,111,0.0,8,8.0,[139   4 112  68 229  13 240 124],0.0
58.925,9.0,101,0.0,1,1.0,[0 0 0 0 0 0 0 0],0.0
59.122,9.0,111,0.0,8,8.0,[137 252 143  68 231   1  48 125],0.0
59.123,9.0,101,0.0,1,1.0,[0 0 0 0 0 0 0 0],0.0
59.32,9.0,111,0.0,8,8.0,[137  12 144  68 233 245  79 125],0.0
59.321,9.0,101,0.0,1,1.0,[0 0 0 0 0 0 0 0],0.0
59.518,9.0,111,0.0,8,8.0,[137  20 112 196 235 253 207 125],0.0
59.519,9.0,101,0.0,1,1.0,[0 0 0 0 0 0 0 0],0.0
59.716049999999996,9.0,111,0.0,8,8.0,[139  20 112 196 238 245  15 126],0.0
59.9143,9.0,101,0.0,1,1.0,[0 0 0 0 0 0 0 0],0.0
59.91585,9.0,111,0.0,8,8.0,[139  52 112 196 242   1 112 126],0.0
60.1123,9.0,101,0.0,1,1.0,[0 0 0 0 0 0 0 0],0.0
60.113699999999994,9.0,111,0.0,8,8.0,[139  60  80  68 245   1 208 126],0.0
60.3103,9.0,101,0.0,1,1.0,[0 0 0 0 0 0 0 0],0.0
60.311749999999996,9.0,111,0.0,8,8.0,[139  52  80 196 249 253  79 127],0.0
60.5083,9.0,101,0.0,1,1.0,[0 0 0 0 0 0 0 0],0.0
60.50975,9.0,111,0.0,8,8.0,[141  60  48 196 251 253 143 127],0.0
60.7063,9.0,101,0.0,1,1.0,[0 0 0 0 0 0 0 0],0.0
60.70775,9.0,111,0.0,8,8.0,[141  44  16  68 253 249 207 127],0.0
60.9043,9.0,101,0.0,1,1.0,[0 0 0 0 0 0 0 0],0.0
60.905849999999994,9.0,111,0.0,8,8.0,[141 252  15 196 253 249 239 127],0.0
61.1023,9.0,101,0.0,1,1.0,[0 0 0 0 0 0 0 0],0.0
61.1038,9.0,111,0.0,8,8.0,[141   4 240 195 254 253 175 127],0.0
61.3003,9.0,101,0.0,1,1.0,[0 0 0 0 0 0 0 0],0.0
61.3018,9.0,111,0.0,8,8.0,[141  12  16 196 254 249 239 127],0.0
61.498549999999994,9.0,101,0.0,1,1.0,[0 0 0 0 0 0 0 0],0.0
61.4998,9.0,111,0.0,8,8.0,[143  12  16 196 254 253 239 127],0.0
61.696299999999994,9.0,101,0.0,1,1.0,[0 0 0 0 0 0 0 0],0.0
61.697799999999994,9.0,111,0.0,8,8.0,[141  12 240 195 254 253 239 127],0.0
61.894299999999994,9.0,101,0.0,1,1.0,[0 0 0 0 0 0 0 0],0.0
61.89595,9.0,111,0.0,8,8.0,[141  20 240 195 254 253 207 127],0.0
62.092299999999994,9.0,101,0.0,1,1.0,[0 0 0 0 0 0 0 0],0.0
62.093849999999996,9.0,111,0.0,8,8.0,[143  20 240 195 254 249 207 127],0.0
62.290549999999996,9.0,101,0.0,1,1.0,[0 0 0 0 0 0 0 0],0.0
62.29185,9.0,111,0.0,8,8.0,[143  20 240 195 254 253 207 127],0.0
62.488299999999995,9.0,101,0.0,1,1.0,[0 0 0 0 0 0 0 0],0.0
62.48985,9.0,111,0.0,8,8.0,[143  28 240 195 253 249 175 127],0.0
62.68655,9.0,101,0.0,1,1.0,[0 0 0 0 0 0 0 0],0.0
62.687749999999994,9.0,111,0.0,8,8.0,[143  44 208 195 253 249 143 127],0.0
62.884299999999996,9.0,101,0.0,1,1.0,[0 0 0 0 0 0 0 0],0.0
62.8859,9.0,111,0.0,8,8.0,[143  52 208  67 252 249 111 127],0.0
63.08235,9.0,101,0.0,1,1.0,[0 0 0 0 0 0 0 0],0.0
63.083749999999995,9.0,111,0.0,8,8.0,[143  60 208 195 251 253 111 127],0.0
63.28055,9.0,101,0.0,1,1.0,[0 0 0 0 0 0 0 0],0.0
63.281749999999995,9.0,111,0.0,8,8.0,[143  68 208  67 251   1  48 127],0.0
63.47855,9.0,101,0.0,1,1.0,[0 0 0 0 0 0 0 0],0.0
63.479749999999996,9.0,111,0.0,8,8.0,[143  76 208  67 250 249  79 127],0.0
63.67635,9.0,101,0.0,1,1.0,[0 0 0 0 0 0 0 0],0.0
63.677749999999996,9.0,111,0.0,8,8.0,[145  84 208 195 249 253  47 127],0.0
63.87455,9.0,101,0.0,1,1.0,[0 0 0 0 0 0 0 0],0.0
63.875899999999994,9.0,111,0.0,8,8.0,[143  84 176 195 248 253  15 127],0.0
64.07254999999999,9.0,101,0.0,1,1.0,[0 0 0 0 0 0 0 0],0.0
64.07375,9.0,111,0.0,8,8.0,[143  76 240 195 248   1  48 127],0.0
64.27029999999999,9.0,101,0.0,1,1.0,[0 0 0 0 0 0 0 0],0.0
64.27175,9.0,111,0.0,8,8.0,[145  76 240  67 249 253  47 127],0.0
64.46855,9.0,101,0.0,1,1.0,[0 0 0 0 0 0 0 0],0.0
64.46979999999999,9.0,111,0.0,8,8.0,[139  76 240  67 250 249 111 127],0.0
64.66655,9.0,101,0.0,1,1.0,[0 0 0 0 0 0 0 0],0.0
64.6678,9.0,111,0.0,8,8.0,[141  68 240  67 252 249 143 127],0.0
64.86404999999999,9.0,111,0.0,8,8.0,[139  68  48  68 254   5 240 127],0.0
64.8647,9.0,101,0.0,1,1.0,[0 0 0 0 0 0 0 0],0.0
65.06255,9.0,101,0.0,1,1.0,[0 0 0 0 0 0 0 0],0.0
65.0638,9.0,111,0.0,8,8.0,[141  76  48  68 255   1 240 127],0.0
65.2606,9.0,101,0.0,1,1.0,[0 0 0 0 0 0 0 0],0.0
65.2618,9.0,111,0.0,8,8.0,[139  76 240  67   0 254 239 127],0.0
65.4586,9.0,101,0.0,1,1.0,[0 0 0 0 0 0 0 0],0.0
65.4598,9.0,111,0.0,8,8.0,[141  68  16 196 255 245  15 128],0.0
65.6566,9.0,101,0.0,1,1.0,[0 0 0 0 0 0 0 0],0.0
65.6578,9.0,111,0.0,8,8.0,[141  68  16  68   0 246 239 127],0.0
65.85459999999999,9.0,101,0.0,1,1.0,[0 0 0 0 0 0 0 0],0.0
65.856,9.0,111,0.0,8,8.0,[141  60 240 195 255 245  47 128],0.0
66.0521,9.0,111,0.0,8,8.0,[141  36  16  68   0 254  47 128],0.0
66.05275,9.0,101,0.0,1,1.0,[0 0 0 0 0 0 0 0],0.0
66.25059999999999,9.0,101,0.0,1,1.0,[0 0 0 0 0 0 0 0],0.0
66.25189999999999,9.0,111,0.0,8,8.0,[143 252 239  67   0 250  79 128],0.0
66.4486,9.0,101,0.0,1,1.0,[0 0 0 0 0 0 0 0],0.0
66.4499,9.0,111,0.0,8,8.0,[139 252 239  67   0   6  48 128],0.0
66.64609999999999,9.0,111,0.0,8,8.0,[143 252  15 196   1 238  47 128],0.0
66.64675,9.0,101,0.0,1,1.0,[0 0 0 0 0 0 0 0],0.0
66.84455,9.0,101,0.0,1,1.0,[0 0 0 0 0 0 0 0],0.0
66.846,9.0,111,0.0,8,8.0,[143 252 239 195   1   6  80 128],0.0
67.0426,9.0,101,0.0,1,1.0,[0 0 0 0 0 0 0 0],0.0
67.0439,9.0,111,0.0,8,8.0,[139 252  47  68   2  26  48 128],0.0
67.2401,9.0,111,0.0,8,8.0,[143 252  15  68   3 250  79 128],0.0
67.24074999999999,9.0,101,0.0,1,1.0,[0 0 0 0 0 0 0 0],0.0
67.43809999999999,9.0,111,0.0,8,8.0,[139 252  47 196   3  18  80 128],0.0
67.43875,9.0,101,0.0,1,1.0,[0 0 0 0 0 0 0 0],0.0
67.6366,9.0,101,0.0,1,1.0,[0 0 0 0 0 0 0 0],0.0
67.6379,9.0,111,0.0,8,8.0,[135 252  79  68   3 222 111 128],0.0
67.83409999999999,9.0,111,0.0,8,8.0,[147 252  79  68   3 234 175 128],0.0
67.83475,9.0,101,0.0,1,1.0,[0 0 0 0 0 0 0 0],0.0
68.03215,9.0,111,0.0,8,8.0,[141 252  79  68   3 250 143 128],0.0
68.0328,9.0,101,0.0,1,1.0,[0 0 0 0 0 0 0 0],0.0
68.23015,9.0,111,0.0,8,8.0,[139 252 111  68   4 230 207 127],0.0
68.23075,9.0,101,0.0,1,1.0,[0 0 0 0 0 0 0 0],0.0
68.42815,9.0,111,0.0,8,8.0,[149  12 240 195   2  14  80 128],0.0
68.42875,9.0,101,0.0,1,1.0,[0 0 0 0 0 0 0 0],0.0
68.62615,9.0,111,0.0,8,8.0,[139   4 240 195   2 254 111 128],0.0
68.62675,9.0,101,0.0,1,1.0,[0 0 0 0 0 0 0 0],0.0
68.82415,9.0,111,0.0,8,8.0,[143 252 207 195   1 242  79 128],0.0
68.82475,9.0,101,0.0,1,1.0,[0 0 0 0 0 0 0 0],0.0
69.02215,9.0,111,0.0,8,8.0,[143 252  15 196   1   2  16 128],0.0
69.02275,9.0,101,0.0,1,1.0,[0 0 0 0 0 0 0 0],0.0
69.2201,9.0,111,0.0,8,8.0,[141   4 240 195   0 250  15 128],0.0
69.22075,9.0,101,0.0,1,1.0,[0 0 0 0 0 0 0 0],0.0
69.41815,9.0,111,0.0,8,8.0,[141 252 239 195   0 254  47 128],0.0
69.41879999999999,9.0,101,0.0,1,1.0,[0 0 0 0 0 0 0 0],0.0
69.61614999999999,9.0,111,0.0,8,8.0,[143 252  15 196   0   2  80 128],0.0
69.6168,9.0,101,0.0,1,1.0,[0 0 0 0 0 0 0 0],0.0
69.81415,9.0,111,0.0,8,8.0,[141 252  15  68   1 250  47 128],0.0
69.81479999999999,9.0,101,0.0,1,1.0,[0 0 0 0 0 0 0 0],0.0
70.01214999999999,9.0,111,0.0,8,8.0,[141 252 239  67   1  10  80 128],0.0
70.0128,9.0,101,0.0,1,1.0,[0 0 0 0 0 0 0 0],0.0
70.21015,9.0,111,0.0,8,8.0,[141 236 207 195   1 246  79 128],0.0
70.21079999999999,9.0,101,0.0,1,1.0,[0 0 0 0 0 0 0 0],0.0
70.40814999999999,9.0,111,0.0,8,8.0,[139 244  47  68   1   2 144 128],0.0
70.4088,9.0,101,0.0,1,1.0,[0 0 0 0 0 0 0 0],0.0
70.60615,9.0,111,0.0,8,8.0,[143 236 207  67   2 242  47 128],0.0
70.60705,9.0,101,0.0,1,1.0,[0 0 0 0 0 0 0 0],0.0
70.80414999999999,9.0,111,0.0,8,8.0,[143 244 239 195   1 250  79 128],0.0
70.8048,9.0,101,0.0,1,1.0,[0 0 0 0 0 0 0 0],0.0
71.00215,9.0,111,0.0,8,8.0,[143 244 239 195   1  10  16 128],0.0
71.0028,9.0,101,0.0,1,1.0,[0 0 0 0 0 0 0 0],0.0
71.20015,9.0,111,0.0,8,8.0,[143 236  47  68   1   2  48 128],0.0
71.20094999999999,9.0,101,0.0,1,1.0,[0 0 0 0 0 0 0 0],0.0
71.39815,9.0,111,0.0,8,8.0,[143 244  15 196   1 250 239 127],0.0
71.39895,9.0,101,0.0,1,1.0,[0 0 0 0 0 0 0 0],0.0
71.59615,9.0,111,0.0,8,8.0,[141 244 207  67   2 254  15 128],0.0
71.5968,9.0,101,0.0,1,1.0,[0 0 0 0 0 0 0 0],0.0
71.79415,9.0,111,0.0,8,8.0,[143 236  15  68   2  10  16 128],0.0
71.79505,9.0,101,0.0,1,1.0,[0 0 0 0 0 0 0 0],0.0
71.99215,9.0,111,0.0,8,8.0,[145 244  47  68   2 246  79 128],0.0
71.9928,9.0,101,0.0,1,1.0,[0 0 0 0 0 0 0 0],0.0
72.19019999999999,9.0,111,0.0,8,8.0,[143 244 239 195   1 246 111 128],0.0
72.19085,9.0,101,0.0,1,1.0,[0 0 0 0 0 0 0 0],0.0
72.3882,9.0,111,0.0,8,8.0,[141 244 239  67   2 250  79 128],0.0
72.38895,9.0,101,0.0,1,1.0,[0 0 0 0 0 0 0 0],0.0
72.58619999999999,9.0,111,0.0,8,8.0,[141 244 239  67   2 250  79 128],0.0
72.58695,9.0,101,0.0,1,1.0,[0 0 0 0 0 0 0 0],0.0
72.7842,9.0,111,0.0,8,8.0,[141 244  15  68   2   6  80 128],0.0
72.78505,9.0,101,0.0,1,1.0,[0 0 0 0 0 0 0 0],0.0
72.98219999999999,9.0,111,0.0,8,8.0,[143 244  15  68   2 246  79 128],0.0
72.98304999999999,9.0,101,0.0,1,1.0,[0 0 0 0 0 0 0 0],0.0
73.1802,9.0,111,0.0,8,8.0,[143 244  15  68   2 254  79 128],0.0
73.18105,9.0,101,0.0,1,1.0,[0 0 0 0 0 0 0 0],0.0
73.37814999999999,9.0,111,0.0,8,8.0,[141 244 239 195   1 246  79 128],0.0
73.3788,9.0,101,0.0,1,1.0,[0 0 0 0 0 0 0 0],0.0
73.5762,9.0,111,0.0,8,8.0,[141 244 239 195   1 254  79 128],0.0
73.57695,9.0,101,0.0,1,1.0,[0 0 0 0 0 0 0 0],0.0
73.7742,9.0,111,0.0,8,8.0,[141 244  15 196   1   6  48 128],0.0
73.77494999999999,9.0,101,0.0,1,1.0,[0 0 0 0 0 0 0 0],0.0
73.9722,9.0,111,0.0,8,8.0,[141 244  47 196   1 250  47 128],0.0
73.97319999999999,9.0,101,0.0,1,1.0,[0 0 0 0 0 0 0 0],0.0
74.17105,9.0,101,0.0,1,1.0,[0 0 0 0 0 0 0 0],0.0
74.1724,9.0,111,0.0,8,8.0,[139 236  79  68   1  26  80 128],0.0
74.3682,9.0,111,0.0,8,8.0,[139 244  15 196   1  14  48 128],0.0
74.3691,9.0,101,0.0,1,1.0,[0 0 0 0 0 0 0 0],0.0
74.5662,9.0,111,0.0,8,8.0,[141 236  47 196   1 246 111 128],0.0
74.56685,9.0,101,0.0,1,1.0,[0 0 0 0 0 0 0 0],0.0
74.7642,9.0,111,0.0,8,8.0,[143 244  47 196   2  10 240 127],0.0
74.765,9.0,101,0.0,1,1.0,[0 0 0 0 0 0 0 0],0.0
74.9622,9.0,111,0.0,8,8.0,[143 236  47 196   1   2  48 128],0.0
74.963,9.0,101,0.0,1,1.0,[0 0 0 0 0 0 0 0],0.0
75.1602,9.0,111,0.0,8,8.0,[141 236  47  68   2 254  15 128],0.0
75.1612,9.0,101,0.0,1,1.0,[0 0 0 0 0 0 0 0],0.0
75.3582,9.0,111,0.0,8,8.0,[139 236 239 195   1   6  16 128],0.0
75.35905,9.0,101,0.0,1,1.0,[0 0 0 0 0 0 0 0],0.0
75.55619999999999,9.0,111,0.0,8,8.0,[143 236 239 195   2 246 239 127],0.0
75.55704999999999,9.0,101,0.0,1,1.0,[0 0 0 0 0 0 0 0],0.0
75.7542,9.0,111,0.0,8,8.0,[145 236  15  68   2   2  16 128],0.0
75.7552,9.0,101,0.0,1,1.0,[0 0 0 0 0 0 0 0],0.0
75.95219999999999,9.0,111,0.0,8,8.0,[141 236 239 195   1 246  79 128],0.0
75.953,9.0,101,0.0,1,1.0,[0 0 0 0 0 0 0 0],0.0
76.1502,9.0,111,0.0,8,8.0,[141 252  15 196   1 250 111 128],0.0
76.151,9.0,101,0.0,1,1.0,[0 0 0 0 0 0 0 0],0.0
76.34825,9.0,111,0.0,8,8.0,[143 244  15  68   2 254  79 128],0.0
76.3492,9.0,101,0.0,1,1.0,[0 0 0 0 0 0 0 0],0.0
76.54625,9.0,111,0.0,8,8.0,[141 236  15  68   2 254  79 128],0.0
76.54724999999999,9.0,101,0.0,1,1.0,[0 0 0 0 0 0 0 0],0.0
76.74425,9.0,111,0.0,8,8.0,[141 244  47 196   2  10  48 128],0.0
76.7451,9.0,101,0.0,1,1.0,[0 0 0 0 0 0 0 0],0.0
76.94225,9.0,111,0.0,8,8.0,[141 244 239 195   2   2  48 128],0.0
76.94324999999999,9.0,101,0.0,1,1.0,[0 0 0 0 0 0 0 0],0.0
77.14025,9.0,111,0.0,8,8.0,[141 244  15  68   2   6 112 128],0.0
77.14125,9.0,101,0.0,1,1.0,[0 0 0 0 0 0 0 0],0.0
77.33825,9.0,111,0.0,8,8.0,[141 244  15  68   2   6  48 128],0.0
77.33924999999999,9.0,101,0.0,1,1.0,[0 0 0 0 0 0 0 0],0.0
77.5362,9.0,111,0.0,8,8.0,[137 244  15  68   2 254  15 128],0.0
77.53725,9.0,101,0.0,1,1.0,[0 0 0 0 0 0 0 0],0.0
77.73425,9.0,111,0.0,8,8.0,[143 244 239 195   2   2  16 128],0.0
77.73525,9.0,101,0.0,1,1.0,[0 0 0 0 0 0 0 0],0.0
77.93225,9.0,111,0.0,8,8.0,[139 244  47  68   2  10  48 128],0.0
77.9331,9.0,101,0.0,1,1.0,[0 0 0 0 0 0 0 0],0.0
78.13024999999999,9.0,111,0.0,8,8.0,[141 244 239  67   2 206  15 128],0.0
78.13125,9.0,101,0.0,1,1.0,[0 0 0 0 0 0 0 0],0.0
78.32825,9.0,111,0.0,8,8.0,[143 252  79 196   1  14 144 128],0.0
78.32925,9.0,101,0.0,1,1.0,[0 0 0 0 0 0 0 0],0.0
78.52624999999999,9.0,111,0.0,8,8.0,[133 244  15  68   1 218 143 128],0.0
78.52725,9.0,101,0.0,1,1.0,[0 0 0 0 0 0 0 0],0.0
78.72425,9.0,111,0.0,8,8.0,[145 244 239  67   2 254  79 128],0.0
78.72525,9.0,101,0.0,1,1.0,[0 0 0 0 0 0 0 0],0.0
78.92224999999999,9.0,111,0.0,8,8.0,[141 252  15  68   2   6  16 128],0.0
78.9239,9.0,101,0.0,1,1.0,[0 0 0 0 0 0 0 0],0.0
79.12025,9.0,111,0.0,8,8.0,[139 244  15 196   2 238  79 128],0.0
79.12125,9.0,101,0.0,1,1.0,[0 0 0 0 0 0 0 0],0.0
79.31824999999999,9.0,111,0.0,8,8.0,[141 244 239  67   3   2  48 128],0.0
79.31925,9.0,101,0.0,1,1.0,[0 0 0 0 0 0 0 0],0.0
79.51625,9.0,111,0.0,8,8.0,[143 244  15 196   2 250  79 128],0.0
79.7145,9.0,101,0.0,1,1.0,[0 0 0 0 0 0 0 0],0.0
79.71615,9.0,111,0.0,8,8.0,[141 244  15 196   2 254 111 128],0.0
79.91255,9.0,101,0.0,1,1.0,[0 0 0 0 0 0 0 0],0.0
79.91425,9.0,111,0.0,8,8.0,[141 244  15 196   2 242  79 128],0.0
80.11055,9.0,101,0.0,1,1.0,[0 0 0 0 0 0 0 0],0.0
80.1121,9.0,111,0.0,8,8.0,[141 244 239 195   2 254  79 128],0.0
80.30855,9.0,101,0.0,1,1.0,[0 0 0 0 0 0 0 0],0.0
80.31009999999999,9.0,111,0.0,8,8.0,[141 244  15 196   2 246  79 128],0.0
80.50675,9.0,101,0.0,1,1.0,[0 0 0 0 0 0 0 0],0.0
80.5081,9.0,111,0.0,8,8.0,[141 244  15  68   2 250  79 128],0.0
80.70455,9.0,101,0.0,1,1.0,[0 0 0 0 0 0 0 0],0.0
80.70615,9.0,111,0.0,8,8.0,[143 244  15  68   2 250  79 128],0.0
80.90275,9.0,101,0.0,1,1.0,[0 0 0 0 0 0 0 0],0.0
80.90424999999999,9.0,111,0.0,8,8.0,[141 244  15 196   2   2  48 128],0.0
81.1005,9.0,101,0.0,1,1.0,[0 0 0 0 0 0 0 0],0.0
81.10215,9.0,111,0.0,8,8.0,[143 244  47 196   2 246  79 128],0.0
81.29854999999999,9.0,101,0.0,1,1.0,[0 0 0 0 0 0 0 0],0.0
81.30015,9.0,111,0.0,8,8.0,[141 244  15 196   2   6  80 128],0.0
81.49655,9.0,101,0.0,1,1.0,[0 0 0 0 0 0 0 0],0.0
81.49815,9.0,111,0.0,8,8.0,[141 244  15  68   2 254  79 128],0.0
81.69475,9.0,101,0.0,1,1.0,[0 0 0 0 0 0 0 0],0.0
81.69615,9.0,111,0.0,8,8.0,[143 244  15 196   2   6  48 128],0.0
81.89255,9.0,101,0.0,1,1.0,[0 0 0 0 0 0 0 0],0.0
81.8943,9.0,111,0.0,8,8.0,[141 244 207 195   2 254  47 128],0.0
82.0908,9.0,101,0.0,1,1.0,[0 0 0 0 0 0 0 0],0.0
82.09214999999999,9.0,111,0.0,8,8.0,[139 244  47  68   2  14  48 128],0.0
82.2888,9.0,101,0.0,1,1.0,[0 0 0 0 0 0 0 0],0.0
82.29015,9.0,111,0.0,8,8.0,[141 244 239  67   2   2  48 128],0.0
82.48655,9.0,101,0.0,1,1.0,[0 0 0 0 0 0 0 0],0.0
82.48814999999999,9.0,111,0.0,8,8.0,[145 236  47  68   2  10  48 128],0.0
82.68455,9.0,101,0.0,1,1.0,[0 0 0 0 0 0 0 0],0.0
82.68615,9.0,111,0.0,8,8.0,[143 244 239  67   1 254  15 128],0.0
82.8828,9.0,101,0.0,1,1.0,[0 0 0 0 0 0 0 0],0.0
82.8843,9.0,111,0.0,8,8.0,[143 244 239  67   1 246  47 128],0.0
83.0808,9.0,101,0.0,1,1.0,[0 0 0 0 0 0 0 0],0.0
83.08215,9.0,111,0.0,8,8.0,[143 244  15 196   0 250 239 127],0.0
83.27879999999999,9.0,101,0.0,1,1.0,[0 0 0 0 0 0 0 0],0.0
83.28014999999999,9.0,111,0.0,8,8.0,[141 244  15 196   0 238  15 128],0.0
83.4768,9.0,101,0.0,1,1.0,[0 0 0 0 0 0 0 0],0.0
83.4782,9.0,111,0.0,8,8.0,[145 244  79 196   1 254  47 128],0.0
83.67455,9.0,101,0.0,1,1.0,[0 0 0 0 0 0 0 0],0.0
83.6762,9.0,111,0.0,8,8.0,[143 244  15  68   2 242  47 128],0.0
83.8728,9.0,101,0.0,1,1.0,[0 0 0 0 0 0 0 0],0.0
83.87429999999999,9.0,111,0.0,8,8.0,[139 252  15  68   2 246  47 128],0.0
84.07079999999999,9.0,101,0.0,1,1.0,[0 0 0 0 0 0 0 0],0.0
84.07215,9.0,111,0.0,8,8.0,[145 244 207  67   2 250  47 128],0.0
84.2688,9.0,101,0.0,1,1.0,[0 0 0 0 0 0 0 0],0.0
84.27015,9.0,111,0.0,8,8.0,[141 244  15  68   2  10  48 128],0.0
84.46679999999999,9.0,101,0.0,1,1.0,[0 0 0 0 0 0 0 0],0.0
84.46815,9.0,111,0.0,8,8.0,[143 244 239 195   2 242 239 127],0.0
84.6648,9.0,101,0.0,1,1.0,[0 0 0 0 0 0 0 0],0.0
84.66615,9.0,111,0.0,8,8.0,[143 252  15 196   1   2  80 128],0.0
84.8628,9.0,101,0.0,1,1.0,[0 0 0 0 0 0 0 0],0.0
84.86425,9.0,111,0.0,8,8.0,[143 244 207  67   1 254 111 128],0.0
85.0608,9.0,101,0.0,1,1.0,[0 0 0 0 0 0 0 0],0.0
85.0621,9.0,111,0.0,8,8.0,[143 220 207  67   1   2 112 128],0.0
85.2588,9.0,101,0.0,1,1.0,[0 0 0 0 0 0 0 0],0.0
85.2601,9.0,111,0.0,8,8.0,[141 220 239 195   1 246  47 128],0.0
85.45635,9.0,111,0.0,8,8.0,[145 220 239 195   1   6  16 128],0.0
85.45694999999999,9.0,101,0.0,1,1.0,[0 0 0 0 0 0 0 0],0.0
85.65435,9.0,111,0.0,8,8.0,[141 204 239 195   1   6  16 128],0.0
85.65495,9.0,101,0.0,1,1.0,[0 0 0 0 0 0 0 0],0.0
85.8528,9.0,101,0.0,1,1.0,[0 0 0 0 0 0 0 0],0.0
85.85425,9.0,111,0.0,8,8.0,[147 172  47  68   1 246  47 128],0.0
86.0508,9.0,101,0.0,1,1.0,[0 0 0 0 0 0 0 0],0.0
86.0521,9.0,111,0.0,8,8.0,[135 180 239 195   1 242  79 128],0.0
86.2488,9.0,101,0.0,1,1.0,[0 0 0 0 0 0 0 0],0.0
86.25009999999999,9.0,111,0.0,8,8.0,[137 164 175 195   0 238 143 128],0.0
86.4468,9.0,101,0.0,1,1.0,[0 0 0 0 0 0 0 0],0.0
86.4481,9.0,111,0.0,8,8.0,[141 164 239 195   0 246  79 128],0.0
86.64435,9.0,111,0.0,8,8.0,[147 164  47  68   1 254  47 128],0.0
86.645,9.0,101,0.0,1,1.0,[0 0 0 0 0 0 0 0],0.0
86.84235,9.0,111,0.0,8,8.0,[139 148 239 195   0 250  47 128],0.0
86.84299999999999,9.0,101,0.0,1,1.0,[0 0 0 0 0 0 0 0],0.0
87.04084999999999,9.0,101,0.0,1,1.0,[0 0 0 0 0 0 0 0],0.0
87.04209999999999,9.0,111,0.0,8,8.0,[137 148 207  67   0 254  15 128],0.0
87.23835,9.0,111,0.0,8,8.0,[143 148 239 195   0 242  15 128],0.0
87.23899999999999,9.0,101,0.0,1,1.0,[0 0 0 0 0 0 0 0],0.0
87.43634999999999,9.0,111,0.0,8,8.0,[143 148 207  67   0 250  47 128],0.0
87.437,9.0,101,0.0,1,1.0,[0 0 0 0 0 0 0 0],0.0
87.63485,9.0,101,0.0,1,1.0,[0 0 0 0 0 0 0 0],0.0
87.6362,9.0,111,0.0,8,8.0,[141 140 239  67   0 250  15 128],0.0
87.83234999999999,9.0,111,0.0,8,8.0,[143 140 207  67   0   2  16 128],0.0
87.833,9.0,101,0.0,1,1.0,[0 0 0 0 0 0 0 0],0.0
88.03035,9.0,111,0.0,8,8.0,[145 132 239 195 255 253 239 127],0.0
88.03099999999999,9.0,101,0.0,1,1.0,[0 0 0 0 0 0 0 0],0.0
88.22834999999999,9.0,111,0.0,8,8.0,[141 140 207  67 255 245  15 128],0.0
88.229,9.0,101,0.0,1,1.0,[0 0 0 0 0 0 0 0],0.0
88.42635,9.0,111,0.0,8,8.0,[145 228 239 195 255 249 207 127],0.0
88.42699999999999,9.0,101,0.0,1,1.0,[0 0 0 0 0 0 0 0],0.0
88.62434999999999,9.0,111,0.0,8,8.0,[141 236 207 195   0 254 175 127],0.0
88.625,9.0,101,0.0,1,1.0,[0 0 0 0 0 0 0 0],0.0
88.82235,9.0,111,0.0,8,8.0,[143 252 207  67 255 249  15 128],0.0
88.823,9.0,101,0.0,1,1.0,[0 0 0 0 0 0 0 0],0.0
89.0204,9.0,111,0.0,8,8.0,[143 244 239  67 255 249  15 128],0.0
89.02105,9.0,101,0.0,1,1.0,[0 0 0 0 0 0 0 0],0.0
89.2184,9.0,111,0.0,8,8.0,[141 252 207 195 255 253 239 127],0.0
89.219,9.0,101,0.0,1,1.0,[0 0 0 0 0 0 0 0],0.0
89.4164,9.0,111,0.0,8,8.0,[143 252 207 195 255 253 239 127],0.0
89.417,9.0,101,0.0,1,1.0,[0 0 0 0 0 0 0 0],0.0
89.61439999999999,9.0,111,0.0,8,8.0,[143  20 208  67   0 250 239 127],0.0
89.615,9.0,101,0.0,1,1.0,[0 0 0 0 0 0 0 0],0.0
89.8124,9.0,111,0.0,8,8.0,[143  44 208  67   0 246 207 127],0.0
89.813,9.0,101,0.0,1,1.0,[0 0 0 0 0 0 0 0],0.0
90.01039999999999,9.0,111,0.0,8,8.0,[145  76 208 195   0 246 207 127],0.0
90.011,9.0,101,0.0,1,1.0,[0 0 0 0 0 0 0 0],0.0
90.20835,9.0,111,0.0,8,8.0,[143 100 240  67   1 254 175 127],0.0
90.20899999999999,9.0,101,0.0,1,1.0,[0 0 0 0 0 0 0 0],0.0
90.40639999999999,9.0,111,0.0,8,8.0,[141 116 176 195   1 250  15 128],0.0
90.40705,9.0,101,0.0,1,1.0,[0 0 0 0 0 0 0 0],0.0
90.6044,9.0,111,0.0,8,8.0,[145 116 176 195   1 250  47 128],0.0
90.60504999999999,9.0,101,0.0,1,1.0,[0 0 0 0 0 0 0 0],0.0
90.80239999999999,9.0,111,0.0,8,8.0,[143 108 240  67   2 254  47 128],0.0
90.80315,9.0,101,0.0,1,1.0,[0 0 0 0 0 0 0 0],0.0
91.0004,9.0,111,0.0,8,8.0,[143 100  16 196   2 250  79 128],0.0
91.00104999999999,9.0,101,0.0,1,1.0,[0 0 0 0 0 0 0 0],0.0
91.19839999999999,9.0,111,0.0,8,8.0,[143 100 240 195   3   2 112 128],0.0
91.1993,9.0,101,0.0,1,1.0,[0 0 0 0 0 0 0 0],0.0
91.3964,9.0,111,0.0,8,8.0,[143  92 240 195   3 254 111 128],0.0
91.3973,9.0,101,0.0,1,1.0,[0 0 0 0 0 0 0 0],0.0
91.5944,9.0,111,0.0,8,8.0,[143 100 240  67   5   2 112 128],0.0
91.59505,9.0,101,0.0,1,1.0,[0 0 0 0 0 0 0 0],0.0
91.7924,9.0,111,0.0,8,8.0,[143 100 176 195   3 250  79 128],0.0
91.79305,9.0,101,0.0,1,1.0,[0 0 0 0 0 0 0 0],0.0
91.9904,9.0,111,0.0,8,8.0,[147 100 208  67   2   2  48 128],0.0
91.99119999999999,9.0,101,0.0,1,1.0,[0 0 0 0 0 0 0 0],0.0
92.1884,9.0,111,0.0,8,8.0,[145 100  16  68   2 242  15 128],0.0
92.1892,9.0,101,0.0,1,1.0,[0 0 0 0 0 0 0 0],0.0
92.3864,9.0,111,0.0,8,8.0,[139  92  80  68   4  18 176 128],0.0
92.38725,9.0,101,0.0,1,1.0,[0 0 0 0 0 0 0 0],0.0
92.5844,9.0,111,0.0,8,8.0,[141  92  80  68   6 250 175 128],0.0
92.58529999999999,9.0,101,0.0,1,1.0,[0 0 0 0 0 0 0 0],0.0
92.7824,9.0,111,0.0,8,8.0,[141  92  80 196   6  14 176 128],0.0
92.78304999999999,9.0,101,0.0,1,1.0,[0 0 0 0 0 0 0 0],0.0
92.98039999999999,9.0,111,0.0,8,8.0,[139  92  48  68   7  26 176 128],0.0
92.9812,9.0,101,0.0,1,1.0,[0 0 0 0 0 0 0 0],0.0
93.17845,9.0,111,0.0,8,8.0,[139  92 144 196   7  18 176 128],0.0
93.1792,9.0,101,0.0,1,1.0,[0 0 0 0 0 0 0 0],0.0
93.37644999999999,9.0,111,0.0,8,8.0,[135  76 208  68   8   2 240 128],0.0
93.37745,9.0,101,0.0,1,1.0,[0 0 0 0 0 0 0 0],0.0
93.57445,9.0,111,0.0,8,8.0,[139  44  16 196   7   6  48 129],0.0
93.5753,9.0,101,0.0,1,1.0,[0 0 0 0 0 0 0 0],0.0
93.77244999999999,9.0,111,0.0,8,8.0,[143  36 240 195   3 226 175 128],0.0
93.77329999999999,9.0,101,0.0,1,1.0,[0 0 0 0 0 0 0 0],0.0
93.97045,9.0,111,0.0,8,8.0,[139  36 240 195   1  46  16 128],0.0
93.9713,9.0,101,0.0,1,1.0,[0 0 0 0 0 0 0 0],0.0
94.16844999999999,9.0,111,0.0,8,8.0,[149  20 208  67 255 221 207 127],0.0
94.16919999999999,9.0,101,0.0,1,1.0,[0 0 0 0 0 0 0 0],0.0
94.3664,9.0,111,0.0,8,8.0,[153  36 208  67 252   5 112 128],0.0
94.3672,9.0,101,0.0,1,1.0,[0 0 0 0 0 0 0 0],0.0
94.56445,9.0,111,0.0,8,8.0,[143  12 176  67 252 197 239 127],0.0
94.56545,9.0,101,0.0,1,1.0,[0 0 0 0 0 0 0 0],0.0
94.76245,9.0,111,0.0,8,8.0,[151  28 208 195 250 241  79 127],0.0
94.76344999999999,9.0,101,0.0,1,1.0,[0 0 0 0 0 0 0 0],0.0
94.96045,9.0,111,0.0,8,8.0,[157  28 208 195 249   5 208 127],0.0
94.9613,9.0,101,0.0,1,1.0,[0 0 0 0 0 0 0 0],0.0
95.15845,9.0,111,0.0,8,8.0,[137  36  80  67 248 245 175 128],0.0
95.1593,9.0,101,0.0,1,1.0,[0 0 0 0 0 0 0 0],0.0
95.35645,9.0,111,0.0,8,8.0,[141  28 144 195 249   1 208 127],0.0
95.35725,9.0,101,0.0,1,1.0,[0 0 0 0 0 0 0 0],0.0
95.55445,9.0,111,0.0,8,8.0,[137  20  48 195 252  21 208 126],0.0
95.55525,9.0,101,0.0,1,1.0,[0 0 0 0 0 0 0 0],0.0
95.75245,9.0,111,0.0,8,8.0,[147 252 239 195 251 241 207 127],0.0
95.75345,9.0,101,0.0,1,1.0,[0 0 0 0 0 0 0 0],0.0
95.95044999999999,9.0,111,0.0,8,8.0,[143  36 208 195 252  17  80 127],0.0
95.95145,9.0,101,0.0,1,1.0,[0 0 0 0 0 0 0 0],0.0
96.14845,9.0,111,0.0,8,8.0,[143  44 208  67 253 197 143 127],0.0
96.1493,9.0,101,0.0,1,1.0,[0 0 0 0 0 0 0 0],0.0
96.34644999999999,9.0,111,0.0,8,8.0,[145  44 112 195 253 249 111 127],0.0
96.34745,9.0,101,0.0,1,1.0,[0 0 0 0 0 0 0 0],0.0
96.54445,9.0,111,0.0,8,8.0,[145  44 176  67 253   1 112 127],0.0
96.54545,9.0,101,0.0,1,1.0,[0 0 0 0 0 0 0 0],0.0
96.74244999999999,9.0,111,0.0,8,8.0,[143  36  16  68 254   1  48 128],0.0
96.74324999999999,9.0,101,0.0,1,1.0,[0 0 0 0 0 0 0 0],0.0
96.94045,9.0,111,0.0,8,8.0,[145   4  80 196   0   6  48 128],0.0
96.94144999999999,9.0,101,0.0,1,1.0,[0 0 0 0 0 0 0 0],0.0
97.13844999999999,9.0,111,0.0,8,8.0,[143   4 240 195   0  14  48 128],0.0
97.13945,9.0,101,0.0,1,1.0,[0 0 0 0 0 0 0 0],0.0
97.3365,9.0,111,0.0,8,8.0,[139   4  16  68   0 246 175 128],0.0
97.33744999999999,9.0,101,0.0,1,1.0,[0 0 0 0 0 0 0 0],0.0
97.5345,9.0,111,0.0,8,8.0,[137   4 112  68   2 246  47 128],0.0
97.5355,9.0,101,0.0,1,1.0,[0 0 0 0 0 0 0 0],0.0
97.7325,9.0,111,0.0,8,8.0,[135  20  48 196   4  18 240 127],0.0
97.73349999999999,9.0,101,0.0,1,1.0,[0 0 0 0 0 0 0 0],0.0
97.9305,9.0,111,0.0,8,8.0,[145  12 112 196   3  38  16 129],0.0
97.9315,9.0,101,0.0,1,1.0,[0 0 0 0 0 0 0 0],0.0
98.1285,9.0,111,0.0,8,8.0,[137  20  48  68   5   6 176 128],0.0
98.1295,9.0,101,0.0,1,1.0,[0 0 0 0 0 0 0 0],0.0
98.3265,9.0,111,0.0,8,8.0,[135  28  48 197   5  18 144 128],0.0
98.3275,9.0,101,0.0,1,1.0,[0 0 0 0 0 0 0 0],0.0
98.52449999999999,9.0,111,0.0,8,8.0,[137  20 240  68   8   2 112 128],0.0
98.5255,9.0,101,0.0,1,1.0,[0 0 0 0 0 0 0 0],0.0
98.7225,9.0,111,0.0,8,8.0,[139 252  79  68   6 234 239 128],0.0
98.7235,9.0,101,0.0,1,1.0,[0 0 0 0 0 0 0 0],0.0
98.92049999999999,9.0,111,0.0,8,8.0,[147 236 239  67   3 250  15 129],0.0
98.92219999999999,9.0,101,0.0,1,1.0,[0 0 0 0 0 0 0 0],0.0
99.1185,9.0,111,0.0,8,8.0,[139 236  47 196   3  14  16 128],0.0
99.31675,9.0,101,0.0,1,1.0,[0 0 0 0 0 0 0 0],0.0
99.31845,9.0,111,0.0,8,8.0,[143 220 175  68   4  18 240 127],0.0
99.51474999999999,9.0,101,0.0,1,1.0,[0 0 0 0 0 0 0 0],0.0
99.51644999999999,9.0,111,0.0,8,8.0,[137 220  15  69   4  10 208 128],0.0
99.71275,9.0,101,0.0,1,1.0,[0 0 0 0 0 0 0 0],0.0
99.71445,9.0,111,0.0,8,8.0,[135 212 175  68   5 246  15 129],0.0
99.91075,9.0,101,0.0,1,1.0,[0 0 0 0 0 0 0 0],0.0
99.91255,9.0,111,0.0,8,8.0,[149 188 239 196   6  18 176 128],0.0
100.10875,9.0,101,0.0,1,1.0,[0 0 0 0 0 0 0 0],0.0
100.11035,9.0,111,0.0,8,8.0,[137 164 207 196   6 230  79 129],0.0
100.30675,9.0,101,0.0,1,1.0,[0 0 0 0 0 0 0 0],0.0
100.30839999999999,9.0,111,0.0,8,8.0,[129 180 175 196   9 214  47 129],0.0
100.505,9.0,101,0.0,1,1.0,[0 0 0 0 0 0 0 0],0.0
100.5064,9.0,111,0.0,8,8.0,[129 228  15 197  10 254 111 129],0.0
100.70275,9.0,101,0.0,1,1.0,[0 0 0 0 0 0 0 0],0.0
100.70439999999999,9.0,111,0.0,8,8.0,[131 236 207 196   8 230  79 128],0.0
100.90079999999999,9.0,101,0.0,1,1.0,[0 0 0 0 0 0 0 0],0.0
100.90249999999999,9.0,111,0.0,8,8.0,[147 236 175 196   6   6 144 128],0.0
101.09899999999999,9.0,101,0.0,1,1.0,[0 0 0 0 0 0 0 0],0.0
101.10034999999999,9.0,111,0.0,8,8.0,[143 220 175 196   7   2 112 128],0.0
101.29679999999999,9.0,101,0.0,1,1.0,[0 0 0 0 0 0 0 0],0.0
101.29835,9.0,111,0.0,8,8.0,[133 252  47  69   9 246 143 128],0.0
101.4948,9.0,101,0.0,1,1.0,[0 0 0 0 0 0 0 0],0.0
101.49634999999999,9.0,111,0.0,8,8.0,[143  28 112 196   7 234  15 129],0.0
101.693,9.0,101,0.0,1,1.0,[0 0 0 0 0 0 0 0],0.0
101.6944,9.0,111,0.0,8,8.0,[139  20 176 196   7  10 240 128],0.0
101.8908,9.0,101,0.0,1,1.0,[0 0 0 0 0 0 0 0],0.0
101.8925,9.0,111,0.0,8,8.0,[137  20 240  68   9 242 239 128],0.0
102.08879999999999,9.0,101,0.0,1,1.0,[0 0 0 0 0 0 0 0],0.0
102.0904,9.0,111,0.0,8,8.0,[135  12 240 196   8 246 239 128],0.0
102.28699999999999,9.0,101,0.0,1,1.0,[0 0 0 0 0 0 0 0],0.0
102.2884,9.0,111,0.0,8,8.0,[133   4 208  68   8 246 111 129],0.0
102.485,9.0,101,0.0,1,1.0,[0 0 0 0 0 0 0 0],0.0
102.48639999999999,9.0,111,0.0,8,8.0,[137 236 239 196   8  14  16 129],0.0
102.6828,9.0,101,0.0,1,1.0,[0 0 0 0 0 0 0 0],0.0
102.6844,9.0,111,0.0,8,8.0,[133 228 239 196   9 250 239 128],0.0
102.881,9.0,101,0.0,1,1.0,[0 0 0 0 0 0 0 0],0.0
102.88255,9.0,111,0.0,8,8.0,[137 228 207  68  10 238 239 128],0.0
103.07905,9.0,101,0.0,1,1.0,[0 0 0 0 0 0 0 0],0.0
103.0804,9.0,111,0.0,8,8.0,[139 212 207 196   9 254  79 129],0.0
103.2768,9.0,101,0.0,1,1.0,[0 0 0 0 0 0 0 0],0.0
103.27839999999999,9.0,111,0.0,8,8.0,[135 188 239 196  10 238  15 129],0.0
103.47505,9.0,101,0.0,1,1.0,[0 0 0 0 0 0 0 0],0.0
103.4764,9.0,111,0.0,8,8.0,[137 188  47  68  10 182 207 129],0.0
103.67304999999999,9.0,101,0.0,1,1.0,[0 0 0 0 0 0 0 0],0.0
103.67439999999999,9.0,111,0.0,8,8.0,[133 164  79  69   8  70 208 129],0.0
103.87055,9.0,111,0.0,8,8.0,[133 148 143  69  11  74 208 128],0.0
103.8712,9.0,101,0.0,1,1.0,[0 0 0 0 0 0 0 0],0.0
104.06904999999999,9.0,101,0.0,1,1.0,[0 0 0 0 0 0 0 0],0.0
104.07039999999999,9.0,111,0.0,8,8.0,[135 164  15  69  11  18 176 128],0.0
104.26705,9.0,101,0.0,1,1.0,[0 0 0 0 0 0 0 0],0.0
104.2684,9.0,111,0.0,8,8.0,[135 188 239 196   8 250 111 129],0.0
104.4648,9.0,101,0.0,1,1.0,[0 0 0 0 0 0 0 0],0.0
104.4664,9.0,111,0.0,8,8.0,[149 220 175  68  10  10 208 128],0.0
104.663,9.0,101,0.0,1,1.0,[0 0 0 0 0 0 0 0],0.0
104.66445,9.0,111,0.0,8,8.0,[131 244 143 196   9 198 175 128],0.0
104.86104999999999,9.0,101,0.0,1,1.0,[0 0 0 0 0 0 0 0],0.0
104.86255,9.0,111,0.0,8,8.0,[151 212 143  68   9  14 112 129],0.0
105.05855,9.0,111,0.0,8,8.0,[121 236  47  68   9  22 240 128],0.0
105.05919999999999,9.0,101,0.0,1,1.0,[0 0 0 0 0 0 0 0],0.0
105.25704999999999,9.0,101,0.0,1,1.0,[0 0 0 0 0 0 0 0],0.0
105.2584,9.0,111,0.0,8,8.0,[143 228 239 196   8 226 111 129],0.0
105.45505,9.0,101,0.0,1,1.0,[0 0 0 0 0 0 0 0],0.0
105.4564,9.0,111,0.0,8,8.0,[135 252  47  69  11 246 175 128],0.0
105.65305,9.0,101,0.0,1,1.0,[0 0 0 0 0 0 0 0],0.0
105.6532,9.0,111,0.0,8,8.0,[135   4  80 197  11 254 207 128],0.0
105.85105,9.0,101,0.0,1,1.0,[0 0 0 0 0 0 0 0],0.0
105.85255,9.0,111,0.0,8,8.0,[135  12  80  69  12 250 111 129],0.0
106.04905,9.0,101,0.0,1,1.0,[0 0 0 0 0 0 0 0],0.0
106.05045,9.0,111,0.0,8,8.0,[131  20  16  69  12 234 143 129],0.0
106.2466,9.0,111,0.0,8,8.0,[135  20  48 197  11 242 143 129],0.0
106.24719999999999,9.0,101,0.0,1,1.0,[0 0 0 0 0 0 0 0],0.0
106.4446,9.0,111,0.0,8,8.0,[129  36 240  68  12   6 112 129],0.0
106.4452,9.0,101,0.0,1,1.0,[0 0 0 0 0 0 0 0],0.0
106.64304999999999,9.0,101,0.0,1,1.0,[0 0 0 0 0 0 0 0],0.0
106.64444999999999,9.0,111,0.0,8,8.0,[147  20  80  69  12   6 112 129],0.0
106.8406,9.0,111,0.0,8,8.0,[133  28  48  69  14 246 111 128],0.0
106.8412,9.0,101,0.0,1,1.0,[0 0 0 0 0 0 0 0],0.0
107.03904999999999,9.0,101,0.0,1,1.0,[0 0 0 0 0 0 0 0],0.0
107.04044999999999,9.0,111,0.0,8,8.0,[139  28  80  69  13   2 144 129],0.0
107.2366,9.0,111,0.0,8,8.0,[129  28 112  69  13  18 176 129],0.0
107.23724999999999,9.0,101,0.0,1,1.0,[0 0 0 0 0 0 0 0],0.0
107.43459999999999,9.0,111,0.0,8,8.0,[129  52  48 197  12  30 112 129],0.0
107.43525,9.0,101,0.0,1,1.0,[0 0 0 0 0 0 0 0],0.0
107.6326,9.0,111,0.0,8,8.0,[129  68 208 196  10 250  47 130],0.0
107.63324999999999,9.0,101,0.0,1,1.0,[0 0 0 0 0 0 0 0],0.0
107.83109999999999,9.0,101,0.0,1,1.0,[0 0 0 0 0 0 0 0],0.0
107.8326,9.0,111,0.0,8,8.0,[135  68  16 197   7 222 111 129],0.0
108.0286,9.0,111,0.0,8,8.0,[123  84  16  68  11 254 207 127],0.0
108.02924999999999,9.0,101,0.0,1,1.0,[0 0 0 0 0 0 0 0],0.0
108.22659999999999,9.0,111,0.0,8,8.0,[135  60 240 196   6   6 240 129],0.0
108.22725,9.0,101,0.0,1,1.0,[0 0 0 0 0 0 0 0],0.0
108.4246,9.0,111,0.0,8,8.0,[151  60  16  68  11 174  79 127],0.0
108.42524999999999,9.0,101,0.0,1,1.0,[0 0 0 0 0 0 0 0],0.0
108.62259999999999,9.0,111,0.0,8,8.0,[133  68 176  68   5 246  15 129],0.0
108.62325,9.0,101,0.0,1,1.0,[0 0 0 0 0 0 0 0],0.0
108.8206,9.0,111,0.0,8,8.0,[135  68 208 196   6   6 240 128],0.0
108.82124999999999,9.0,101,0.0,1,1.0,[0 0 0 0 0 0 0 0],0.0
109.01859999999999,9.0,111,0.0,8,8.0,[133  60 144 196   6  10 208 128],0.0
109.01939999999999,9.0,101,0.0,1,1.0,[0 0 0 0 0 0 0 0],0.0
109.2166,9.0,111,0.0,8,8.0,[135  76 176 196   7 238 239 128],0.0
109.21724999999999,9.0,101,0.0,1,1.0,[0 0 0 0 0 0 0 0],0.0
109.4146,9.0,111,0.0,8,8.0,[137  92 208 196   7 250 207 128],0.0
109.41525,9.0,101,0.0,1,1.0,[0 0 0 0 0 0 0 0],0.0
109.6126,9.0,111,0.0,8,8.0,[135 108 176  68   6  18 112 129],0.0
109.61325,9.0,101,0.0,1,1.0,[0 0 0 0 0 0 0 0],0.0
109.8106,9.0,111,0.0,8,8.0,[139 132  16  69   8   2 144 128],0.0
109.81125,9.0,101,0.0,1,1.0,[0 0 0 0 0 0 0 0],0.0
110.00864999999999,9.0,111,0.0,8,8.0,[139 180  16 197   8  30  16 128],0.0
110.0093,9.0,101,0.0,1,1.0,[0 0 0 0 0 0 0 0],0.0
110.20665,9.0,111,0.0,8,8.0,[147 220 208 197   6 206 175 127],0.0
110.20739999999999,9.0,101,0.0,1,1.0,[0 0 0 0 0 0 0 0],0.0
110.40464999999999,9.0,111,0.0,8,8.0,[157 196 144 196   4 234  47 128],0.0
110.40525,9.0,101,0.0,1,1.0,[0 0 0 0 0 0 0 0],0.0
110.60265,9.0,111,0.0,8,8.0,[127 196  48 196   3   6 240 128],0.0
110.60324999999999,9.0,101,0.0,1,1.0,[0 0 0 0 0 0 0 0],0.0
110.80064999999999,9.0,111,0.0,8,8.0,[131  36 144 196   1 246 143 129],0.0
110.80149999999999,9.0,101,0.0,1,1.0,[0 0 0 0 0 0 0 0],0.0
110.99865,9.0,111,0.0,8,8.0,[133 236 207  67 254 237 175 129],0.0
110.99924999999999,9.0,101,0.0,1,1.0,[0 0 0 0 0 0 0 0],0.0
111.19659999999999,9.0,111,0.0,8,8.0,[135 204 143  67   1  18 144 127],0.0
111.19725,9.0,101,0.0,1,1.0,[0 0 0 0 0 0 0 0],0.0
111.39465,9.0,111,0.0,8,8.0,[147 164 239 195 254  29 240 128],0.0
111.3954,9.0,101,0.0,1,1.0,[0 0 0 0 0 0 0 0],0.0
111.59264999999999,9.0,111,0.0,8,8.0,[135 100  47  68   1   2 176 127],0.0
111.59339999999999,9.0,101,0.0,1,1.0,[0 0 0 0 0 0 0 0],0.0
111.79065,9.0,111,0.0,8,8.0,[141  44 111  68 255   5  16 129],0.0
111.7915,9.0,101,0.0,1,1.0,[0 0 0 0 0 0 0 0],0.0
111.98864999999999,9.0,111,0.0,8,8.0,[137  12  15 196   0 238  15 128],0.0
111.98949999999999,9.0,101,0.0,1,1.0,[0 0 0 0 0 0 0 0],0.0
112.18665,9.0,111,0.0,8,8.0,[139  20  47  68   0 230  79 128],0.0
112.1873,9.0,101,0.0,1,1.0,[0 0 0 0 0 0 0 0],0.0
112.38465,9.0,111,0.0,8,8.0,[135  36  79  68 255 229 175 128],0.0
112.3853,9.0,101,0.0,1,1.0,[0 0 0 0 0 0 0 0],0.0
112.58265,9.0,111,0.0,8,8.0,[129  44 239  67 255  13 112 128],0.0
112.58345,9.0,101,0.0,1,1.0,[0 0 0 0 0 0 0 0],0.0
112.78065,9.0,111,0.0,8,8.0,[115  28 207 196   1  66  80 127],0.0
112.78144999999999,9.0,101,0.0,1,1.0,[0 0 0 0 0 0 0 0],0.0
112.97865,9.0,111,0.0,8,8.0,[143  20  47 196 254   5 240 128],0.0
112.9795,9.0,101,0.0,1,1.0,[0 0 0 0 0 0 0 0],0.0
113.17665,9.0,111,0.0,8,8.0,[133  52 175  67   1 214 239 127],0.0
113.1775,9.0,101,0.0,1,1.0,[0 0 0 0 0 0 0 0],0.0
113.37464999999999,9.0,111,0.0,8,8.0,[147  44  79 196   0 254 175 127],0.0
113.37549999999999,9.0,101,0.0,1,1.0,[0 0 0 0 0 0 0 0],0.0
113.57265,9.0,111,0.0,8,8.0,[143  36  79 196   0  34 208 127],0.0
113.57345,9.0,101,0.0,1,1.0,[0 0 0 0 0 0 0 0],0.0
113.77064999999999,9.0,111,0.0,8,8.0,[143  36 143 196   0 246 175 127],0.0
113.77145,9.0,101,0.0,1,1.0,[0 0 0 0 0 0 0 0],0.0
113.96865,9.0,111,0.0,8,8.0,[145  52 207  67   0  38 208 127],0.0
113.96945,9.0,101,0.0,1,1.0,[0 0 0 0 0 0 0 0],0.0
114.16669999999999,9.0,111,0.0,8,8.0,[143  92  79 195 255 145 143 128],0.0
114.16765,9.0,101,0.0,1,1.0,[0 0 0 0 0 0 0 0],0.0
114.3647,9.0,111,0.0,8,8.0,[133 164 207  67   0  18 112 128],0.0
114.36555,9.0,101,0.0,1,1.0,[0 0 0 0 0 0 0 0],0.0
114.56269999999999,9.0,111,0.0,8,8.0,[143 164 239  67   0 206  79 128],0.0
114.56354999999999,9.0,101,0.0,1,1.0,[0 0 0 0 0 0 0 0],0.0
114.7607,9.0,111,0.0,8,8.0,[137 196  79 196   1 254 175 127],0.0
114.76169999999999,9.0,101,0.0,1,1.0,[0 0 0 0 0 0 0 0],0.0
114.9587,9.0,111,0.0,8,8.0,[139 188  47 196   0 246  15 128],0.0
114.95944999999999,9.0,101,0.0,1,1.0,[0 0 0 0 0 0 0 0],0.0
115.1567,9.0,111,0.0,8,8.0,[141 204  79 196   0   2  48 128],0.0
115.15745,9.0,101,0.0,1,1.0,[0 0 0 0 0 0 0 0],0.0
115.3547,9.0,111,0.0,8,8.0,[139 212  15  68   1 254  15 128],0.0
115.3557,9.0,101,0.0,1,1.0,[0 0 0 0 0 0 0 0],0.0
115.5527,9.0,111,0.0,8,8.0,[143 220  47  68   1   2  48 128],0.0
115.55369999999999,9.0,101,0.0,1,1.0,[0 0 0 0 0 0 0 0],0.0
115.7507,9.0,111,0.0,8,8.0,[143 212 239 195   0 246  47 128],0.0
115.75155,9.0,101,0.0,1,1.0,[0 0 0 0 0 0 0 0],0.0
115.94869999999999,9.0,111,0.0,8,8.0,[139 204  15  68   1 250  15 128],0.0
115.94969999999999,9.0,101,0.0,1,1.0,[0 0 0 0 0 0 0 0],0.0
116.1467,9.0,111,0.0,8,8.0,[139 196  47  68   1 250  47 128],0.0
116.1475,9.0,101,0.0,1,1.0,[0 0 0 0 0 0 0 0],0.0
116.34469999999999,9.0,111,0.0,8,8.0,[141 180  15  68   0 254  15 128],0.0
116.3457,9.0,101,0.0,1,1.0,[0 0 0 0 0 0 0 0],0.0
116.5427,9.0,111,0.0,8,8.0,[143 188 239 195   0  22 240 127],0.0
116.5437,9.0,101,0.0,1,1.0,[0 0 0 0 0 0 0 0],0.0
116.74069999999999,9.0,111,0.0,8,8.0,[139 188 143 195   0 250  15 128],0.0
116.7417,9.0,101,0.0,1,1.0,[0 0 0 0 0 0 0 0],0.0
116.9387,9.0,111,0.0,8,8.0,[137 204 111  67   0   2  16 128],0.0
116.9396,9.0,101,0.0,1,1.0,[0 0 0 0 0 0 0 0],0.0
117.13669999999999,9.0,111,0.0,8,8.0,[141 188 207 195 255   5  48 128],0.0
117.13775,9.0,101,0.0,1,1.0,[0 0 0 0 0 0 0 0],0.0
117.3347,9.0,111,0.0,8,8.0,[139 188 239  67 254   5 240 127],0.0
117.33569999999999,9.0,101,0.0,1,1.0,[0 0 0 0 0 0 0 0],0.0
117.53269999999999,9.0,111,0.0,8,8.0,[137 196 239  67 253 225  47 127],0.0
117.5337,9.0,101,0.0,1,1.0,[0 0 0 0 0 0 0 0],0.0
117.7307,9.0,111,0.0,8,8.0,[139 188 207 194 249   5  16 128],0.0
117.73169999999999,9.0,101,0.0,1,1.0,[0 0 0 0 0 0 0 0],0.0
117.92869999999999,9.0,111,0.0,8,8.0,[151 196 111 195 247  21  48 127],0.0
117.9297,9.0,101,0.0,1,1.0,[0 0 0 0 0 0 0 0],0.0
118.1267,9.0,111,0.0,8,8.0,[147 180  47  67 245 249 111 127],0.0
118.12769999999999,9.0,101,0.0,1,1.0,[0 0 0 0 0 0 0 0],0.0
118.32475,9.0,111,0.0,8,8.0,[145 180  79 195 245   5 112 126],0.0
118.3257,9.0,101,0.0,1,1.0,[0 0 0 0 0 0 0 0],0.0
118.52274999999999,9.0,111,0.0,8,8.0,[155 180 239 194 242 249 111 126],0.0
118.52374999999999,9.0,101,0.0,1,1.0,[0 0 0 0 0 0 0 0],0.0
118.72075,9.0,111,0.0,8,8.0,[157 172  47 195 237  41  48 126],0.0
118.72175,9.0,101,0.0,1,1.0,[0 0 0 0 0 0 0 0],0.0
118.91874999999999,9.0,111,0.0,8,8.0,[153 156 175 195 236   1  80 125],0.0
118.9204,9.0,101,0.0,1,1.0,[0 0 0 0 0 0 0 0],0.0
119.11675,9.0,111,0.0,8,8.0,[155 164 111 195 234  21 176 125],0.0
119.315,9.0,101,0.0,1,1.0,[0 0 0 0 0 0 0 0],0.0
119.3166,9.0,111,0.0,8,8.0,[145 164 111 195 233   9  80 125],0.0
119.51299999999999,9.0,101,0.0,1,1.0,[0 0 0 0 0 0 0 0],0.0
119.5146,9.0,111,0.0,8,8.0,[149 156 143  67 234  29 176 125],0.0
119.711,9.0,101,0.0,1,1.0,[0 0 0 0 0 0 0 0],0.0
119.7126,9.0,111,0.0,8,8.0,[139 132 143 195 236   5 176 125],0.0
119.90925,9.0,101,0.0,1,1.0,[0 0 0 0 0 0 0 0],0.0
119.9108,9.0,111,0.0,8,8.0,[143  84  47  68 240 249 175 126],0.0
120.107,9.0,101,0.0,1,1.0,[0 0 0 0 0 0 0 0],0.0
120.1086,9.0,111,0.0,8,8.0,[141  76  15 197 248 241 207 127],0.0
120.30499999999999,9.0,101,0.0,1,1.0,[0 0 0 0 0 0 0 0],0.0
120.30659999999999,9.0,111,0.0,8,8.0,[135 100  15  68 254   5  48 128],0.0
120.503,9.0,101,0.0,1,1.0,[0 0 0 0 0 0 0 0],0.0
120.5046,9.0,111,0.0,8,8.0,[123  92 239  67   2 238  79 127],0.0
120.70124999999999,9.0,101,0.0,1,1.0,[0 0 0 0 0 0 0 0],0.0
120.70259999999999,9.0,111,0.0,8,8.0,[131 132 111  67   1 226 143 128],0.0
120.899,9.0,101,0.0,1,1.0,[0 0 0 0 0 0 0 0],0.0
120.90079999999999,9.0,111,0.0,8,8.0,[129 164  15  68   2 254 175 127],0.0
121.09724999999999,9.0,101,0.0,1,1.0,[0 0 0 0 0 0 0 0],0.0
121.09859999999999,9.0,111,0.0,8,8.0,[149 172  47  68   2   6  80 128],0.0
121.29499999999999,9.0,101,0.0,1,1.0,[0 0 0 0 0 0 0 0],0.0
121.2966,9.0,111,0.0,8,8.0,[137 140 143  68   1  30 176 128],0.0
121.493,9.0,101,0.0,1,1.0,[0 0 0 0 0 0 0 0],0.0
121.49465,9.0,111,0.0,8,8.0,[135 180 111 196 255 229  47 128],0.0
121.69099999999999,9.0,101,0.0,1,1.0,[0 0 0 0 0 0 0 0],0.0
121.69265,9.0,111,0.0,8,8.0,[137 132  47 196   2 222  47 128],0.0
121.88924999999999,9.0,101,0.0,1,1.0,[0 0 0 0 0 0 0 0],0.0
121.89075,9.0,111,0.0,8,8.0,[139 132  15 196   0  18 240 127],0.0
122.08704999999999,9.0,101,0.0,1,1.0,[0 0 0 0 0 0 0 0],0.0
122.0886,9.0,111,0.0,8,8.0,[137 156  79 196   0  10  16 128],0.0
122.28524999999999,9.0,101,0.0,1,1.0,[0 0 0 0 0 0 0 0],0.0
122.28659999999999,9.0,111,0.0,8,8.0,[139 196  79  68   1 246 239 127],0.0
122.48325,9.0,101,0.0,1,1.0,[0 0 0 0 0 0 0 0],0.0
122.485,9.0,111,0.0,8,8.0,[141 212  47  68   1 246  47 128],0.0
122.68105,9.0,101,0.0,1,1.0,[0 0 0 0 0 0 0 0],0.0
122.6826,9.0,111,0.0,8,8.0,[141 204  79 196   1   2  16 128],0.0
122.87925,9.0,101,0.0,1,1.0,[0 0 0 0 0 0 0 0],0.0
122.88074999999999,9.0,111,0.0,8,8.0,[139 204  47 196   2 254  15 128],0.0
123.07724999999999,9.0,101,0.0,1,1.0,[0 0 0 0 0 0 0 0],0.0
123.07865,9.0,111,0.0,8,8.0,[139 204 111 196   4   6  80 128],0.0
123.27525,9.0,101,0.0,1,1.0,[0 0 0 0 0 0 0 0],0.0
123.27664999999999,9.0,111,0.0,8,8.0,[137 212 111  68   5 250 143 128],0.0
123.47325,9.0,101,0.0,1,1.0,[0 0 0 0 0 0 0 0],0.0
123.47465,9.0,111,0.0,8,8.0,[137 220 143 196   6 242 207 128],0.0
123.67125,9.0,101,0.0,1,1.0,[0 0 0 0 0 0 0 0],0.0
123.67264999999999,9.0,111,0.0,8,8.0,[141 220  15  68   9 250  47 129],0.0
123.86905,9.0,101,0.0,1,1.0,[0 0 0 0 0 0 0 0],0.0
123.87079999999999,9.0,111,0.0,8,8.0,[137 212 111  68  12   6 112 129],0.0
124.06725,9.0,101,0.0,1,1.0,[0 0 0 0 0 0 0 0],0.0
124.06864999999999,9.0,111,0.0,8,8.0,[137 220 175 196  15 254 111 129],0.0
124.26525,9.0,101,0.0,1,1.0,[0 0 0 0 0 0 0 0],0.0
124.26665,9.0,111,0.0,8,8.0,[139  20 144 196  18 242 143 129],0.0
124.4628,9.0,111,0.0,8,8.0,[137  36 240  68  24   6  48 130],0.0
124.46345,9.0,101,0.0,1,1.0,[0 0 0 0 0 0 0 0],0.0
124.6613,9.0,101,0.0,1,1.0,[0 0 0 0 0 0 0 0],0.0
124.66265,9.0,111,0.0,8,8.0,[133  60  16 197  28 246 239 130],0.0
124.85929999999999,9.0,101,0.0,1,1.0,[0 0 0 0 0 0 0 0],0.0
124.8608,9.0,111,0.0,8,8.0,[131  52  48  69  33 226 143 131],0.0
125.0573,9.0,101,0.0,1,1.0,[0 0 0 0 0 0 0 0],0.0
125.05865,9.0,111,0.0,8,8.0,[129  36 112 197  37 234  47 132],0.0
125.25529999999999,9.0,101,0.0,1,1.0,[0 0 0 0 0 0 0 0],0.0
125.25665,9.0,111,0.0,8,8.0,[135  44 112 197  43  14  16 133],0.0
125.4533,9.0,101,0.0,1,1.0,[0 0 0 0 0 0 0 0],0.0
125.45465,9.0,111,0.0,8,8.0,[125  12 176 197  45 250 175 133],0.0
125.65079999999999,9.0,111,0.0,8,8.0,[133  12 112 197  47 250  79 134],0.0
125.65145,9.0,101,0.0,1,1.0,[0 0 0 0 0 0 0 0],0.0
125.8488,9.0,111,0.0,8,8.0,[123   4 208  69  47 222  79 134],0.0
125.84944999999999,9.0,101,0.0,1,1.0,[0 0 0 0 0 0 0 0],0.0
126.04729999999999,9.0,101,0.0,1,1.0,[0 0 0 0 0 0 0 0],0.0
126.0487,9.0,111,0.0,8,8.0,[135   4 240  69  48 222 207 133],0.0
126.2453,9.0,101,0.0,1,1.0,[0 0 0 0 0 0 0 0],0.0
126.24664999999999,9.0,111,0.0,8,8.0,[137  36 144 197  48 242 207 133],0.0
126.44279999999999,9.0,111,0.0,8,8.0,[127  52 144 197  47   6  80 133],0.0
126.44345,9.0,101,0.0,1,1.0,[0 0 0 0 0 0 0 0],0.0
126.6413,9.0,101,0.0,1,1.0,[0 0 0 0 0 0 0 0],0.0
126.64264999999999,9.0,111,0.0,8,8.0,[125  68  48 197  44 242  79 133],0.0
126.83885,9.0,111,0.0,8,8.0,[123  84 112  69  42 218  79 133],0.0
126.8395,9.0,101,0.0,1,1.0,[0 0 0 0 0 0 0 0],0.0
127.03685,9.0,111,0.0,8,8.0,[133  28 208  69  40 254 207 132],0.0
127.0375,9.0,101,0.0,1,1.0,[0 0 0 0 0 0 0 0],0.0
127.23485,9.0,111,0.0,8,8.0,[127  52 144 197  35   6  16 133],0.0
127.23545,9.0,101,0.0,1,1.0,[0 0 0 0 0 0 0 0],0.0
127.43284999999999,9.0,111,0.0,8,8.0,[129  36  80  69  34 246 143 132],0.0
127.43345,9.0,101,0.0,1,1.0,[0 0 0 0 0 0 0 0],0.0
127.63085,9.0,111,0.0,8,8.0,[131  44  48 197  29 250 111 132],0.0
127.63145,9.0,101,0.0,1,1.0,[0 0 0 0 0 0 0 0],0.0
127.82929999999999,9.0,101,0.0,1,1.0,[0 0 0 0 0 0 0 0],0.0
127.82945,9.0,111,0.0,8,8.0,[137  44  80  69  23 254 239 130],0.0
128.02679999999998,9.0,111,0.0,8,8.0,[133  44 176 196  18   2 112 130],0.0
128.02745,9.0,101,0.0,1,1.0,[0 0 0 0 0 0 0 0],0.0
128.22485,9.0,111,0.0,8,8.0,[137  44 208  68  14 226 175 129],0.0
128.22549999999998,9.0,101,0.0,1,1.0,[0 0 0 0 0 0 0 0],0.0
128.42284999999998,9.0,111,0.0,8,8.0,[141  36 112 196   9 238  79 129],0.0
128.4235,9.0,101,0.0,1,1.0,[0 0 0 0 0 0 0 0],0.0
128.62085,9.0,111,0.0,8,8.0,[139  44  80 196   6 238 143 128],0.0
128.6215,9.0,101,0.0,1,1.0,[0 0 0 0 0 0 0 0],0.0
128.81885,9.0,111,0.0,8,8.0,[139  36 144  68   3 246 111 128],0.0
128.8195,9.0,101,0.0,1,1.0,[0 0 0 0 0 0 0 0],0.0
129.01685,9.0,111,0.0,8,8.0,[139  36  16  68   1 254  79 128],0.0
129.01749999999998,9.0,101,0.0,1,1.0,[0 0 0 0 0 0 0 0],0.0
129.21484999999998,9.0,111,0.0,8,8.0,[141  28  80 196   0  18  16 128],0.0
129.2155,9.0,101,0.0,1,1.0,[0 0 0 0 0 0 0 0],0.0
129.41285,9.0,111,0.0,8,8.0,[137  28 112 196 255 253  15 128],0.0
129.4135,9.0,101,0.0,1,1.0,[0 0 0 0 0 0 0 0],0.0
129.61085,9.0,111,0.0,8,8.0,[145  36  16 196 254 233 207 127],0.0
129.6115,9.0,101,0.0,1,1.0,[0 0 0 0 0 0 0 0],0.0
129.80885,9.0,111,0.0,8,8.0,[143  28 240  67 253   9 176 127],0.0
129.80965,9.0,101,0.0,1,1.0,[0 0 0 0 0 0 0 0],0.0
130.00685,9.0,111,0.0,8,8.0,[143  28  16  68 252 253 175 127],0.0
130.0075,9.0,101,0.0,1,1.0,[0 0 0 0 0 0 0 0],0.0
130.20485,9.0,111,0.0,8,8.0,[141  28  16  68 252 249 143 127],0.0
130.2057,9.0,101,0.0,1,1.0,[0 0 0 0 0 0 0 0],0.0
130.40285,9.0,111,0.0,8,8.0,[141  20  80 196 250 245  47 127],0.0
130.4035,9.0,101,0.0,1,1.0,[0 0 0 0 0 0 0 0],0.0
130.60084999999998,9.0,111,0.0,8,8.0,[143  28 176 195 249 253  15 127],0.0
130.6015,9.0,101,0.0,1,1.0,[0 0 0 0 0 0 0 0],0.0
130.79885,9.0,111,0.0,8,8.0,[141  12  48 196 248 253 111 127],0.0
130.7995,9.0,101,0.0,1,1.0,[0 0 0 0 0 0 0 0],0.0
130.99689999999998,9.0,111,0.0,8,8.0,[141   4 240  67 249 249 143 127],0.0
130.99765,9.0,101,0.0,1,1.0,[0 0 0 0 0 0 0 0],0.0
131.1949,9.0,111,0.0,8,8.0,[145 244  47 196 250 253  47 127],0.0
131.19555,9.0,101,0.0,1,1.0,[0 0 0 0 0 0 0 0],0.0
131.3929,9.0,111,0.0,8,8.0,[137 236 143  68 253   5 144 127],0.0
131.39374999999998,9.0,101,0.0,1,1.0,[0 0 0 0 0 0 0 0],0.0
131.5909,9.0,111,0.0,8,8.0,[137 220 207  68   0  22  80 128],0.0
131.59175,9.0,101,0.0,1,1.0,[0 0 0 0 0 0 0 0],0.0
131.78889999999998,9.0,111,0.0,8,8.0,[135 212 239  68   5 250 207 128],0.0
131.7895,9.0,101,0.0,1,1.0,[0 0 0 0 0 0 0 0],0.0
131.9869,9.0,111,0.0,8,8.0,[135 220  15  69   6   2 208 128],0.0
131.98765,9.0,101,0.0,1,1.0,[0 0 0 0 0 0 0 0],0.0
132.1849,9.0,111,0.0,8,8.0,[133 220  15 197   7  10 176 128],0.0
132.18564999999998,9.0,101,0.0,1,1.0,[0 0 0 0 0 0 0 0],0.0
132.3829,9.0,111,0.0,8,8.0,[133 212  47 197   7 250 239 128],0.0
132.38389999999998,9.0,101,0.0,1,1.0,[0 0 0 0 0 0 0 0],0.0
132.58089999999999,9.0,111,0.0,8,8.0,[133 220  15  69   7  10 240 128],0.0
132.58175,9.0,101,0.0,1,1.0,[0 0 0 0 0 0 0 0],0.0
132.7789,9.0,111,0.0,8,8.0,[139 220 111 196   6 246 175 128],0.0
132.77975,9.0,101,0.0,1,1.0,[0 0 0 0 0 0 0 0],0.0
132.9769,9.0,111,0.0,8,8.0,[137 228 111  68   2   2  48 128],0.0
132.97755,9.0,101,0.0,1,1.0,[0 0 0 0 0 0 0 0],0.0
133.1749,9.0,111,0.0,8,8.0,[143 228 239  67 255 225  15 128],0.0
133.1757,9.0,101,0.0,1,1.0,[0 0 0 0 0 0 0 0],0.0
133.3729,9.0,111,0.0,8,8.0,[141 220  15  68 252 245 207 127],0.0
133.37369999999999,9.0,101,0.0,1,1.0,[0 0 0 0 0 0 0 0],0.0
133.5709,9.0,111,0.0,8,8.0,[137 228  15  68 250 245 143 127],0.0
133.5719,9.0,101,0.0,1,1.0,[0 0 0 0 0 0 0 0],0.0
133.7689,9.0,111,0.0,8,8.0,[147 228  79 195 248 229  47 127],0.0
133.7698,9.0,101,0.0,1,1.0,[0 0 0 0 0 0 0 0],0.0
133.96689999999998,9.0,111,0.0,8,8.0,[149 220  47  67 246 249  15 127],0.0
133.96775,9.0,101,0.0,1,1.0,[0 0 0 0 0 0 0 0],0.0
134.1649,9.0,111,0.0,8,8.0,[149 220  79  67 244 245 175 126],0.0
134.16575,9.0,101,0.0,1,1.0,[0 0 0 0 0 0 0 0],0.0
134.3629,9.0,111,0.0,8,8.0,[145 212  15  67 241   1 112 126],0.0
134.3637,9.0,101,0.0,1,1.0,[0 0 0 0 0 0 0 0],0.0
134.5609,9.0,111,0.0,8,8.0,[147 212  15 195 241  21  80 126],0.0
134.5617,9.0,101,0.0,1,1.0,[0 0 0 0 0 0 0 0],0.0
134.75889999999998,9.0,111,0.0,8,8.0,[145 212  15  67 241  25  80 126],0.0
134.7599,9.0,101,0.0,1,1.0,[0 0 0 0 0 0 0 0],0.0
134.9569,9.0,111,0.0,8,8.0,[145 220 143 195 241   1 112 126],0.0
134.9579,9.0,101,0.0,1,1.0,[0 0 0 0 0 0 0 0],0.0
135.15494999999999,9.0,111,0.0,8,8.0,[143 212 175  67 242  17 144 126],0.0
135.1558,9.0,101,0.0,1,1.0,[0 0 0 0 0 0 0 0],0.0
135.35295,9.0,111,0.0,8,8.0,[139 212  47 196 244   9 208 126],0.0
135.35395,9.0,101,0.0,1,1.0,[0 0 0 0 0 0 0 0],0.0
135.55095,9.0,111,0.0,8,8.0,[139 220 239  67 250   9  80 127],0.0
135.55169999999998,9.0,101,0.0,1,1.0,[0 0 0 0 0 0 0 0],0.0
135.74895,9.0,111,0.0,8,8.0,[137 220 175 196 254 249 207 127],0.0
135.74975,9.0,101,0.0,1,1.0,[0 0 0 0 0 0 0 0],0.0
135.94695,9.0,111,0.0,8,8.0,[139 212 207 196   1  22  48 128],0.0
135.94795,9.0,101,0.0,1,1.0,[0 0 0 0 0 0 0 0],0.0
136.14495,9.0,111,0.0,8,8.0,[135 220  15  69   5  18 144 128],0.0
136.14595,9.0,101,0.0,1,1.0,[0 0 0 0 0 0 0 0],0.0
136.34295,9.0,111,0.0,8,8.0,[129 220  79 197   8  14  16 129],0.0
136.3438,9.0,101,0.0,1,1.0,[0 0 0 0 0 0 0 0],0.0
136.54094999999998,9.0,111,0.0,8,8.0,[125 228 175 197  11   2  48 129],0.0
136.54194999999999,9.0,101,0.0,1,1.0,[0 0 0 0 0 0 0 0],0.0
136.73895,9.0,111,0.0,8,8.0,[133 228 143  69  12 238  47 129],0.0
136.73995,9.0,101,0.0,1,1.0,[0 0 0 0 0 0 0 0],0.0
136.93695,9.0,111,0.0,8,8.0,[133 228 143  69  11 238  47 129],0.0
136.93795,9.0,101,0.0,1,1.0,[0 0 0 0 0 0 0 0],0.0
137.13495,9.0,111,0.0,8,8.0,[129 228 111  69  10 254  79 129],0.0
137.13594999999998,9.0,101,0.0,1,1.0,[0 0 0 0 0 0 0 0],0.0
137.33294999999998,9.0,111,0.0,8,8.0,[133 244 239 196   6 210  47 129],0.0
137.33395,9.0,101,0.0,1,1.0,[0 0 0 0 0 0 0 0],0.0
137.53095,9.0,111,0.0,8,8.0,[141 244 111 196   3 234 143 128],0.0
137.53195,9.0,101,0.0,1,1.0,[0 0 0 0 0 0 0 0],0.0
137.72895,9.0,111,0.0,8,8.0,[141 244  79  68   0 242  47 128],0.0
137.72995,9.0,101,0.0,1,1.0,[0 0 0 0 0 0 0 0],0.0
137.92695,9.0,111,0.0,8,8.0,[145 236 207  67 253 233 207 127],0.0
137.92794999999998,9.0,101,0.0,1,1.0,[0 0 0 0 0 0 0 0],0.0
138.12494999999998,9.0,111,0.0,8,8.0,[141 236 175  67 250 233  79 127],0.0
138.12609999999998,9.0,101,0.0,1,1.0,[0 0 0 0 0 0 0 0],0.0
138.32295,9.0,111,0.0,8,8.0,[147 228 175 195 246 237  15 127],0.0
138.32395,9.0,101,0.0,1,1.0,[0 0 0 0 0 0 0 0],0.0
138.52095,9.0,111,0.0,8,8.0,[143 228 207  67 247 245  15 127],0.0
138.52195,9.0,101,0.0,1,1.0,[0 0 0 0 0 0 0 0],0.0
138.71895,9.0,111,0.0,8,8.0,[143 228 143  67 247   5  16 127],0.0
138.71994999999998,9.0,101,0.0,1,1.0,[0 0 0 0 0 0 0 0],0.0
138.91694999999999,9.0,111,0.0,8,8.0,[145 228 175  67 248   9  16 127],0.0
139.11554999999998,9.0,101,0.0,1,1.0,[0 0 0 0 0 0 0 0],0.0
139.11714999999998,9.0,111,0.0,8,8.0,[143 236 207  67 249   5  48 127],0.0
139.31324999999998,9.0,101,0.0,1,1.0,[0 0 0 0 0 0 0 0],0.0
139.3148,9.0,111,0.0,8,8.0,[143 228  15  68 249 249  79 127],0.0
139.51125,9.0,101,0.0,1,1.0,[0 0 0 0 0 0 0 0],0.0
139.51285,9.0,111,0.0,8,8.0,[139 236  79 196 251 249 143 127],0.0
139.70925,9.0,101,0.0,1,1.0,[0 0 0 0 0 0 0 0],0.0
139.71085,9.0,111,0.0,8,8.0,[139 228  15  68 253 253 239 127],0.0
139.90725,9.0,101,0.0,1,1.0,[0 0 0 0 0 0 0 0],0.0
139.90895,9.0,111,0.0,8,8.0,[139 228 239 196   0  10  48 128],0.0
140.10545,9.0,101,0.0,1,1.0,[0 0 0 0 0 0 0 0],0.0
140.10684999999998,9.0,111,0.0,8,8.0,[133 236  15  69   3   2  48 128],0.0
140.30325,9.0,101,0.0,1,1.0,[0 0 0 0 0 0 0 0],0.0
140.30485,9.0,111,0.0,8,8.0,[133 236  47  69   5 250 143 128],0.0
140.50125,9.0,101,0.0,1,1.0,[0 0 0 0 0 0 0 0],0.0
140.50285,9.0,111,0.0,8,8.0,[133 228  79  69   7   2  16 129],0.0
140.69944999999998,9.0,101,0.0,1,1.0,[0 0 0 0 0 0 0 0],0.0
140.70085,9.0,111,0.0,8,8.0,[133 236  79  69   9  18 208 128],0.0
140.89724999999999,9.0,101,0.0,1,1.0,[0 0 0 0 0 0 0 0],0.0
140.899,9.0,111,0.0,8,8.0,[135 252 207  68   8 254 207 128],0.0
141.09525,9.0,101,0.0,1,1.0,[0 0 0 0 0 0 0 0],0.0
141.09685,9.0,111,0.0,8,8.0,[139 244 143 196   4 242 175 128],0.0
141.2935,9.0,101,0.0,1,1.0,[0 0 0 0 0 0 0 0],0.0
141.29485,9.0,111,0.0,8,8.0,[139 244 111  68   1 254  47 128],0.0
141.4915,9.0,101,0.0,1,1.0,[0 0 0 0 0 0 0 0],0.0
141.49285,9.0,111,0.0,8,8.0,[141 244  79 196 254 253 175 127],0.0
141.68925,9.0,101,0.0,1,1.0,[0 0 0 0 0 0 0 0],0.0
141.69084999999998,9.0,111,0.0,8,8.0,[139 236 239 195 252  13 112 127],0.0
141.8875,9.0,101,0.0,1,1.0,[0 0 0 0 0 0 0 0],0.0
141.88899999999998,9.0,111,0.0,8,8.0,[143   4  48  68 253  13 112 127],0.0
142.08525,9.0,101,0.0,1,1.0,[0 0 0 0 0 0 0 0],0.0
142.08685,9.0,111,0.0,8,8.0,[139  28 144 196 254 253  79 127],0.0
142.28324999999998,9.0,101,0.0,1,1.0,[0 0 0 0 0 0 0 0],0.0
142.28485,9.0,111,0.0,8,8.0,[139  68  48  68 254 249 111 127],0.0
142.48149999999998,9.0,101,0.0,1,1.0,[0 0 0 0 0 0 0 0],0.0
142.48295,9.0,111,0.0,8,8.0,[139  68  48 196 252 241 239 127],0.0
142.6795,9.0,101,0.0,1,1.0,[0 0 0 0 0 0 0 0],0.0
142.68095,9.0,111,0.0,8,8.0,[143  76  48 196 253   1 208 127],0.0
142.8775,9.0,101,0.0,1,1.0,[0 0 0 0 0 0 0 0],0.0
142.8792,9.0,111,0.0,8,8.0,[139 100 112  68 254   5 144 127],0.0
143.07555,9.0,101,0.0,1,1.0,[0 0 0 0 0 0 0 0],0.0
143.077,9.0,111,0.0,8,8.0,[137 124  80  68 254  13 144 127],0.0
143.27349999999998,9.0,101,0.0,1,1.0,[0 0 0 0 0 0 0 0],0.0
143.27495,9.0,111,0.0,8,8.0,[141 140 112  68 254  17 144 127],0.0
143.47129999999999,9.0,101,0.0,1,1.0,[0 0 0 0 0 0 0 0],0.0
143.47295,9.0,111,0.0,8,8.0,[143 148  80 196 254  13 176 127],0.0
143.6695,9.0,101,0.0,1,1.0,[0 0 0 0 0 0 0 0],0.0
143.67095,9.0,111,0.0,8,8.0,[143 164 112  68 255   9 144 127],0.0
143.8675,9.0,101,0.0,1,1.0,[0 0 0 0 0 0 0 0],0.0
143.86915,9.0,111,0.0,8,8.0,[141 188  80 196 255  13 176 127],0.0
144.06504999999999,9.0,111,0.0,8,8.0,[141 204 112 196 255   5 176 127],0.0
144.06565,9.0,101,0.0,1,1.0,[0 0 0 0 0 0 0 0],0.0
144.2635,9.0,101,0.0,1,1.0,[0 0 0 0 0 0 0 0],0.0
144.265,9.0,111,0.0,8,8.0,[141 204 144 196 255   1 208 127],0.0
144.4615,9.0,101,0.0,1,1.0,[0 0 0 0 0 0 0 0],0.0
144.463,9.0,111,0.0,8,8.0,[139 196  80 196 255 241 207 127],0.0
144.6593,9.0,101,0.0,1,1.0,[0 0 0 0 0 0 0 0],0.0
144.661,9.0,111,0.0,8,8.0,[139 188  80  68 255 233  47 128],0.0
144.8575,9.0,101,0.0,1,1.0,[0 0 0 0 0 0 0 0],0.0
144.8592,9.0,111,0.0,8,8.0,[147 180  48 196 255 237 207 127],0.0
145.0555,9.0,101,0.0,1,1.0,[0 0 0 0 0 0 0 0],0.0
145.05634999999998,9.0,111,0.0,8,8.0,[147 172  80  68 255 253 239 127],0.0
145.25305,9.0,111,0.0,8,8.0,[139 164  48 196 254   9 208 127],0.0
145.25369999999998,9.0,101,0.0,1,1.0,[0 0 0 0 0 0 0 0],0.0
145.45155,9.0,101,0.0,1,1.0,[0 0 0 0 0 0 0 0],0.0
145.453,9.0,111,0.0,8,8.0,[139 156 112  68 254  13  48 128],0.0
145.64955,9.0,101,0.0,1,1.0,[0 0 0 0 0 0 0 0],0.0
145.65099999999998,9.0,111,0.0,8,8.0,[137 164  80 196 254 253 175 127],0.0
145.84705,9.0,111,0.0,8,8.0,[141 140 112  68 253 213 239 127],0.0
145.8477,9.0,101,0.0,1,1.0,[0 0 0 0 0 0 0 0],0.0
146.04555,9.0,101,0.0,1,1.0,[0 0 0 0 0 0 0 0],0.0
146.047,9.0,111,0.0,8,8.0,[143 140  48  68 254   1 176 127],0.0
146.24304999999998,9.0,111,0.0,8,8.0,[141 132 112 196 253 225 175 127],0.0
146.2437,9.0,101,0.0,1,1.0,[0 0 0 0 0 0 0 0],0.0
146.44105,9.0,111,0.0,8,8.0,[145 132  16  68 253   1  48 128],0.0
146.4417,9.0,101,0.0,1,1.0,[0 0 0 0 0 0 0 0],0.0
146.63905,9.0,111,0.0,8,8.0,[137 132 240 195 253  17 176 127],0.0
146.6397,9.0,101,0.0,1,1.0,[0 0 0 0 0 0 0 0],0.0
146.83755,9.0,101,0.0,1,1.0,[0 0 0 0 0 0 0 0],0.0
146.8392,9.0,111,0.0,8,8.0,[143 116  80  68 254  13 176 127],0.0
147.03504999999998,9.0,111,0.0,8,8.0,[137  28  16  68 253 225  15 128],0.0
147.0357,9.0,101,0.0,1,1.0,[0 0 0 0 0 0 0 0],0.0
147.23354999999998,9.0,101,0.0,1,1.0,[0 0 0 0 0 0 0 0],0.0
147.23499999999999,9.0,111,0.0,8,8.0,[143 212  15 196 252 253 207 127],0.0
147.43105,9.0,111,0.0,8,8.0,[141 212 111  68 254  17 176 127],0.0
147.4317,9.0,101,0.0,1,1.0,[0 0 0 0 0 0 0 0],0.0
147.62905,9.0,111,0.0,8,8.0,[139 212 111  68 254   9  16 128],0.0
147.62969999999999,9.0,101,0.0,1,1.0,[0 0 0 0 0 0 0 0],0.0
147.8271,9.0,111,0.0,8,8.0,[135 196  15 196 253   1 240 127],0.0
147.82774999999998,9.0,101,0.0,1,1.0,[0 0 0 0 0 0 0 0],0.0
148.02509999999998,9.0,111,0.0,8,8.0,[141 116  47 196 252 245 207 127],0.0
148.02575,9.0,101,0.0,1,1.0,[0 0 0 0 0 0 0 0],0.0
148.2231,9.0,111,0.0,8,8.0,[139  84 143  67 253 241 239 127],0.0
148.22369999999998,9.0,101,0.0,1,1.0,[0 0 0 0 0 0 0 0],0.0
148.4211,9.0,111,0.0,8,8.0,[135  84 175  67 254   9 208 127],0.0
148.4217,9.0,101,0.0,1,1.0,[0 0 0 0 0 0 0 0],0.0
148.6191,9.0,111,0.0,8,8.0,[137  52 143 195 254 169 207 127],0.0
148.6197,9.0,101,0.0,1,1.0,[0 0 0 0 0 0 0 0],0.0
148.81709999999998,9.0,111,0.0,8,8.0,[133  68 175  67 250 229  79 129],0.0
148.8177,9.0,101,0.0,1,1.0,[0 0 0 0 0 0 0 0],0.0
149.0151,9.0,111,0.0,8,8.0,[143  44 239 196 255  93 240 126],0.0
149.01569999999998,9.0,101,0.0,1,1.0,[0 0 0 0 0 0 0 0],0.0
149.2131,9.0,111,0.0,8,8.0,[133  44 239 195 252 197  47 128],0.0
149.21384999999998,9.0,101,0.0,1,1.0,[0 0 0 0 0 0 0 0],0.0
149.4111,9.0,111,0.0,8,8.0,[135  52 239  67 254 173 207 127],0.0
149.41174999999998,9.0,101,0.0,1,1.0,[0 0 0 0 0 0 0 0],0.0
149.60909999999998,9.0,111,0.0,8,8.0,[157  36 207 196 252 237  47 128],0.0
149.60975,9.0,101,0.0,1,1.0,[0 0 0 0 0 0 0 0],0.0
149.8071,9.0,111,0.0,8,8.0,[143  20 175  68 255 169  79 127],0.0
149.80795,9.0,101,0.0,1,1.0,[0 0 0 0 0 0 0 0],0.0
150.0051,9.0,111,0.0,8,8.0,[141  28 143 196 254 113  80 127],0.0
150.00575,9.0,101,0.0,1,1.0,[0 0 0 0 0 0 0 0],0.0
150.2031,9.0,111,0.0,8,8.0,[129  12  47  68 254  41 240 127],0.0
150.20374999999999,9.0,101,0.0,1,1.0,[0 0 0 0 0 0 0 0],0.0
150.40109999999999,9.0,111,0.0,8,8.0,[135  36 175  68 254   9 144 127],0.0
150.40189999999998,9.0,101,0.0,1,1.0,[0 0 0 0 0 0 0 0],0.0
150.5991,9.0,111,0.0,8,8.0,[139  28  15 196 253   1  16 128],0.0
150.59975,9.0,101,0.0,1,1.0,[0 0 0 0 0 0 0 0],0.0
150.7971,9.0,111,0.0,8,8.0,[131  28  15 196 253 245 239 127],0.0
150.79795,9.0,101,0.0,1,1.0,[0 0 0 0 0 0 0 0],0.0
150.99509999999998,9.0,111,0.0,8,8.0,[139  28 143 196 253  17 240 127],0.0
150.99595,9.0,101,0.0,1,1.0,[0 0 0 0 0 0 0 0],0.0
151.1931,9.0,111,0.0,8,8.0,[133  36 175  68 254  17 240 127],0.0
151.19375,9.0,101,0.0,1,1.0,[0 0 0 0 0 0 0 0],0.0
151.3911,9.0,111,0.0,8,8.0,[137  28 143 196 254 249 239 127],0.0
151.39175,9.0,101,0.0,1,1.0,[0 0 0 0 0 0 0 0],0.0
151.58984999999998,9.0,101,0.0,1,1.0,[0 0 0 0 0 0 0 0],0.0
151.59135,9.0,111,0.0,8,8.0,[137  28 143  68 255   9 176 127],0.0
151.78709999999998,9.0,111,0.0,8,8.0,[135  28 111  68 255 225 207 127],0.0
151.78789999999998,9.0,101,0.0,1,1.0,[0 0 0 0 0 0 0 0],0.0
151.98515,9.0,111,0.0,8,8.0,[133  28 143  68 254 237 239 127],0.0
151.986,9.0,101,0.0,1,1.0,[0 0 0 0 0 0 0 0],0.0
151.986001,9.0,102,0.0,6,6.0,[ 1 24 39 48 84 45  0  0],0.0
152.18314999999998,9.0,111,0.0,8,8.0,[137  20 111  68 254 245 239 127],0.0
152.184,9.0,101,0.0,1,1.0,[0 0 0 0 0 0 0 0],0.0
152.184001,9.0,102,0.0,6,6.0,[  1 223  39  48  84  45   0   0],0.0
152.38115,9.0,111,0.0,8,8.0,[131  20  79  68 255 245 143 127],0.0
152.382,9.0,101,0.0,1,1.0,[0 0 0 0 0 0 0 0],0.0
152.382001,9.0,102,0.0,6,6.0,[  1 168  40  48  84  45   0   0],0.0
152.57915,9.0,111,0.0,8,8.0,[137  36  79 196 254   9 176 127],0.0
152.57995,9.0,101,0.0,1,1.0,[0 0 0 0 0 0 0 0],0.0
152.579951,9.0,102,0.0,6,6.0,[  1 112  41  48  84  45   0   0],0.0
152.77715,9.0,111,0.0,8,8.0,[135  60 143 196 254   1  16 128],0.0
152.7779,9.0,101,0.0,1,1.0,[0 0 0 0 0 0 0 0],0.0
152.77790099999999,9.0,102,0.0,6,6.0,[ 1 55 42 48 84 45  0  0],0.0
152.97514999999999,9.0,111,0.0,8,8.0,[139  84 111  68 255  13 112 127],0.0
152.9759,9.0,101,0.0,1,1.0,[0 0 0 0 0 0 0 0],0.0
152.975901,9.0,102,0.0,6,6.0,[ 1  0 43 48 84 45  0  0],0.0
153.17315,9.0,111,0.0,8,8.0,[139 204 111  68   1  10 208 126],0.0
153.17415,9.0,101,0.0,1,1.0,[0 0 0 0 0 0 0 0],0.0
153.174151,9.0,102,0.0,6,6.0,[  1 199  43  48  84  45   0   0],0.0
153.37115,9.0,111,0.0,8,8.0,[137 204 111 196 254  13 208 127],0.0
153.37269999999998,9.0,101,0.0,1,1.0,[0 0 0 0 0 0 0 0],0.0
153.372701,9.0,102,0.0,6,6.0,[  1 144  44  48  84  45   0   0],0.0
153.56914999999998,9.0,111,0.0,8,8.0,[137 212  47 196 254   5  16 128],0.0
153.57,9.0,101,0.0,1,1.0,[0 0 0 0 0 0 0 0],0.0
153.570001,9.0,102,0.0,6,6.0,[ 1 88 45 48 84 45  0  0],0.0
153.76715,9.0,111,0.0,8,8.0,[137 212 111 196 254 253 207 127],0.0
153.7679,9.0,101,0.0,1,1.0,[0 0 0 0 0 0 0 0],0.0
153.767901,9.0,102,0.0,6,6.0,[ 1 31 46 48 84 45  0  0],0.0
153.96515,9.0,111,0.0,8,8.0,[137 204  47  68 255   1 208 127],0.0
153.9659,9.0,101,0.0,1,1.0,[0 0 0 0 0 0 0 0],0.0
153.965901,9.0,102,0.0,6,6.0,[  1 232  46  48  84  45   0   0],0.0
154.16315,9.0,111,0.0,8,8.0,[141 204 175 196 254 245 239 127],0.0
154.16395,9.0,101,0.0,1,1.0,[0 0 0 0 0 0 0 0],0.0
154.163951,9.0,102,0.0,6,6.0,[  1 175  47  48  84  45   0   0],0.0
154.36114999999998,9.0,111,0.0,8,8.0,[137 212 175 196 254   9  16 128],0.0
154.36214999999999,9.0,101,0.0,1,1.0,[0 0 0 0 0 0 0 0],0.0
154.36215099999998,9.0,102,0.0,6,6.0,[  1 120  48  48  84  45   0   0],0.0
154.55915,9.0,111,0.0,8,8.0,[135 228 111  68 255   5 144 127],0.0
154.56005,9.0,101,0.0,1,1.0,[0 0 0 0 0 0 0 0],0.0
154.560051,9.0,102,0.0,6,6.0,[ 1 64 49 48 84 45  0  0],0.0
154.75715,9.0,111,0.0,8,8.0,[141 228 111 196 254 249 239 127],0.0
154.75805,9.0,101,0.0,1,1.0,[0 0 0 0 0 0 0 0],0.0
154.758051,9.0,102,0.0,6,6.0,[ 1  7 50 48 84 45  0  0],0.0
154.95515,9.0,111,0.0,8,8.0,[139 236 143 196 254   9 208 127],0.0
154.9562,9.0,101,0.0,1,1.0,[0 0 0 0 0 0 0 0],0.0
154.956201,9.0,102,0.0,6,6.0,[  1 208  50  48  84  45   0   0],0.0
155.15314999999998,9.0,111,0.0,8,8.0,[137   4 208  68 255   1 112 127],0.0
155.15394999999998,9.0,101,0.0,1,1.0,[0 0 0 0 0 0 0 0],0.0
155.153951,9.0,102,0.0,6,6.0,[  1 151  51  48  84  45   0   0],0.0
155.35115,9.0,111,0.0,8,8.0,[139  12 176 196 255 241 111 127],0.0
155.35215,9.0,101,0.0,1,1.0,[0 0 0 0 0 0 0 0],0.0
155.352151,9.0,102,0.0,6,6.0,[ 1 96 52 48 84 45  0  0],0.0
155.54915,9.0,111,0.0,8,8.0,[137  28  80  68 254 245 207 127],0.0
155.55085,9.0,101,0.0,1,1.0,[0 0 0 0 0 0 0 0],0.0
155.550851,9.0,102,0.0,6,6.0,[ 1 40 53 48 84 45  0  0],0.0
155.74715,9.0,111,0.0,8,8.0,[135  20 112 196 253 233  47 128],0.0
155.74814999999998,9.0,101,0.0,1,1.0,[0 0 0 0 0 0 0 0],0.0
155.748151,9.0,102,0.0,6,6.0,[  1 239  53  48  84  45   0   0],0.0
155.94514999999998,9.0,111,0.0,8,8.0,[139  60 112 196 254   1 208 127],0.0
155.94604999999999,9.0,101,0.0,1,1.0,[0 0 0 0 0 0 0 0],0.0
155.94605099999998,9.0,102,0.0,6,6.0,[  1 184  54  48  84  45   0   0],0.0
156.14315,9.0,111,0.0,8,8.0,[141  76  80 196 253  21 208 127],0.0
156.14415,9.0,101,0.0,1,1.0,[0 0 0 0 0 0 0 0],0.0
156.144151,9.0,102,0.0,6,6.0,[  1 127  55  48  84  45   0   0],0.0
156.3412,9.0,111,0.0,8,8.0,[141  92  80 196 254   1 112 127],0.0
156.34195,9.0,101,0.0,1,1.0,[0 0 0 0 0 0 0 0],0.0
156.341951,9.0,102,0.0,6,6.0,[ 1 72 56 48 84 45  0  0],0.0
156.5392,9.0,111,0.0,8,8.0,[141  92 176 196 254 237 143 127],0.0
156.5402,9.0,101,0.0,1,1.0,[0 0 0 0 0 0 0 0],0.0
156.540201,9.0,102,0.0,6,6.0,[ 1 16 57 48 84 45  0  0],0.0
156.7372,9.0,111,0.0,8,8.0,[139 116  80  68 255 233  79 127],0.0
156.7382,9.0,101,0.0,1,1.0,[0 0 0 0 0 0 0 0],0.0
156.738201,9.0,102,0.0,6,6.0,[  1 215  57  48  84  45   0   0],0.0
156.93519999999998,9.0,111,0.0,8,8.0,[139 132  48  68 254 237 207 127],0.0
156.93619999999999,9.0,101,0.0,1,1.0,[0 0 0 0 0 0 0 0],0.0
156.93620099999998,9.0,102,0.0,6,6.0,[  1 160  58  48  84  45   0   0],0.0
157.1332,9.0,111,0.0,8,8.0,[137 132  80  68 254  13  48 128],0.0
157.13405,9.0,101,0.0,1,1.0,[0 0 0 0 0 0 0 0],0.0
157.134051,9.0,102,0.0,6,6.0,[  1 103  59  48  84  45   0   0],0.0
157.3312,9.0,111,0.0,8,8.0,[141 156  80 196   0  14  48 127],0.0
157.3322,9.0,101,0.0,1,1.0,[0 0 0 0 0 0 0 0],0.0
157.332201,9.0,102,0.0,6,6.0,[ 1 48 60 48 84 45  0  0],0.0
157.52915,9.0,111,0.0,8,8.0,[141 172 240 196 255  25  48 127],0.0
157.53019999999998,9.0,101,0.0,1,1.0,[0 0 0 0 0 0 0 0],0.0
157.530201,9.0,102,0.0,6,6.0,[  1 248  60  48  84  45   0   0],0.0
157.72719999999998,9.0,111,0.0,8,8.0,[139 196 112 196 254   5  16 128],0.0
157.72885,9.0,101,0.0,1,1.0,[0 0 0 0 0 0 0 0],0.0
157.728851,9.0,102,0.0,6,6.0,[  1 191  61  48  84  45   0   0],0.0
157.9252,9.0,111,0.0,8,8.0,[141 212  48 196 255   1 208 127],0.0
157.9262,9.0,101,0.0,1,1.0,[0 0 0 0 0 0 0 0],0.0
157.926201,9.0,102,0.0,6,6.0,[  1 136  62  48  84  45   0   0],0.0
158.1232,9.0,111,0.0,8,8.0,[139 212 144  68 255 237 239 127],0.0
158.1242,9.0,101,0.0,1,1.0,[0 0 0 0 0 0 0 0],0.0
158.124201,9.0,102,0.0,6,6.0,[ 1 79 63 48 84 45  0  0],0.0
158.3212,9.0,111,0.0,8,8.0,[139 204 144  68 255 249 207 127],0.0
158.32235,9.0,101,0.0,1,1.0,[0 0 0 0 0 0 0 0],0.0
158.322351,9.0,102,0.0,6,6.0,[ 1 24 64 48 84 45  0  0],0.0
158.51919999999998,9.0,111,0.0,8,8.0,[141 196 176  68 255 201 239 127],0.0
158.71744999999999,9.0,101,0.0,1,1.0,[0 0 0 0 0 0 0 0],0.0
158.71745099999998,9.0,102,0.0,6,6.0,[  1 224  64  48  84  45   0   0],0.0
158.7191,9.0,111,0.0,8,8.0,[143 188 144  68 254   5 112 128],0.0
158.91545,9.0,101,0.0,1,1.0,[0 0 0 0 0 0 0 0],0.0
158.915451,9.0,102,0.0,6,6.0,[  1 167  65  48  84  45   0   0],0.0
158.91735,9.0,111,0.0,8,8.0,[139 172 208 196 255   9  48 127],0.0
159.11345,9.0,101,0.0,1,1.0,[0 0 0 0 0 0 0 0],0.0
159.113451,9.0,102,0.0,6,6.0,[  1 112  66  48  84  45   0   0],0.0
159.11509999999998,9.0,111,0.0,8,8.0,[131 172  48 196 251 249  79 129],0.0
159.31144999999998,9.0,101,0.0,1,1.0,[0 0 0 0 0 0 0 0],0.0
159.311451,9.0,102,0.0,6,6.0,[ 1 55 67 48 84 45  0  0],0.0
159.31395,9.0,111,0.0,8,8.0,[145 156 208  68   0   2 176 126],0.0
159.50945,9.0,101,0.0,1,1.0,[0 0 0 0 0 0 0 0],0.0
159.50945099999998,9.0,102,0.0,6,6.0,[ 1  0 68 48 84 45  0  0],0.0
159.5113,9.0,111,0.0,8,8.0,[155 148  48  69   1  42 240 126],0.0
159.70749999999998,9.0,101,0.0,1,1.0,[0 0 0 0 0 0 0 0],0.0
159.70750099999998,9.0,102,0.0,6,6.0,[  1 200  68  48  84  45   0   0],0.0
159.70929999999998,9.0,111,0.0,8,8.0,[133 156 176  68 251 217 207 128],0.0
159.9055,9.0,101,0.0,1,1.0,[0 0 0 0 0 0 0 0],0.0
159.905501,9.0,102,0.0,6,6.0,[  1 143  69  48  84  45   0   0],0.0
159.9074,9.0,111,0.0,8,8.0,[139 132  80 196 253 237 239 127],0.0
160.1037,9.0,101,0.0,1,1.0,[0 0 0 0 0 0 0 0],0.0
160.103701,9.0,102,0.0,6,6.0,[ 1 88 70 48 84 45  0  0],0.0
160.1053,9.0,111,0.0,8,8.0,[137   4  16 196 252  57 208 128],0.0
160.3015,9.0,101,0.0,1,1.0,[0 0 0 0 0 0 0 0],0.0
160.301501,9.0,102,0.0,6,6.0,[ 1 31 71 48 84 45  0  0],0.0
160.30329999999998,9.0,111,0.0,8,8.0,[151 212 143 196 251 217  47 128],0.0
160.49949999999998,9.0,101,0.0,1,1.0,[0 0 0 0 0 0 0 0],0.0
160.49950099999998,9.0,102,0.0,6,6.0,[  1 232  71  48  84  45   0   0],0.0
160.5013,9.0,111,0.0,8,8.0,[133 204 239 195 252 237  47 128],0.0
160.6977,9.0,101,0.0,1,1.0,[0 0 0 0 0 0 0 0],0.0
160.697701,9.0,102,0.0,6,6.0,[  1 176  72  48  84  45   0   0],0.0
160.69995,9.0,111,0.0,8,8.0,[141 188 207 195 253 249  47 128],0.0
160.8957,9.0,101,0.0,1,1.0,[0 0 0 0 0 0 0 0],0.0
160.895701,9.0,102,0.0,6,6.0,[  1 119  73  48  84  45   0   0],0.0
160.89745,9.0,111,0.0,8,8.0,[133 172 175 195 252 197  15 128],0.0
161.0935,9.0,101,0.0,1,1.0,[0 0 0 0 0 0 0 0],0.0
161.093501,9.0,102,0.0,6,6.0,[ 1 64 74 48 84 45  0  0],0.0
161.09529999999998,9.0,111,0.0,8,8.0,[139 108  47  68 253 249  15 128],0.0
161.2917,9.0,101,0.0,1,1.0,[0 0 0 0 0 0 0 0],0.0
161.291701,9.0,102,0.0,6,6.0,[ 1  7 75 48 84 45  0  0],0.0
161.2933,9.0,111,0.0,8,8.0,[135  60  47  68 253 237  15 128],0.0
161.4895,9.0,101,0.0,1,1.0,[0 0 0 0 0 0 0 0],0.0
161.489501,9.0,102,0.0,6,6.0,[  1 208  75  48  84  45   0   0],0.0
161.49214999999998,9.0,111,0.0,8,8.0,[133  28  47 196 252   1  48 128],0.0
161.6875,9.0,101,0.0,1,1.0,[0 0 0 0 0 0 0 0],0.0
161.687501,9.0,102,0.0,6,6.0,[  1 152  76  48  84  45   0   0],0.0
161.6893,9.0,111,0.0,8,8.0,[137  36  15  68 254 249 111 127],0.0
161.88569999999999,9.0,101,0.0,1,1.0,[0 0 0 0 0 0 0 0],0.0
161.88570099999998,9.0,102,0.0,6,6.0,[ 1 95 77 48 84 45  0  0],0.0
161.88745,9.0,111,0.0,8,8.0,[131  36 143 196 251  57  48 128],0.0
162.0837,9.0,101,0.0,1,1.0,[0 0 0 0 0 0 0 0],0.0
162.083701,9.0,102,0.0,6,6.0,[ 1 40 78 48 84 45  0  0],0.0
162.08535,9.0,111,0.0,8,8.0,[137  20 239  67 254 245 239 127],0.0
162.28175,9.0,101,0.0,1,1.0,[0 0 0 0 0 0 0 0],0.0
162.28175099999999,9.0,102,0.0,6,6.0,[  1 239  78  48  84  45   0   0],0.0
162.28334999999998,9.0,111,0.0,8,8.0,[139  28  15  68 253 209  15 128],0.0
162.47975,9.0,101,0.0,1,1.0,[0 0 0 0 0 0 0 0],0.0
162.479751,9.0,102,0.0,6,6.0,[  1 184  79  48  84  45   0   0],0.0
162.4813,9.0,111,0.0,8,8.0,[139  36 239  67 253 225  47 128],0.0
162.67775,9.0,101,0.0,1,1.0,[0 0 0 0 0 0 0 0],0.0
162.677751,9.0,102,0.0,6,6.0,[  1 128  80  48  84  45   0   0],0.0
162.67929999999998,9.0,111,0.0,8,8.0,[135  36 111 196 254 233 111 127],0.0
162.8755,9.0,101,0.0,1,1.0,[0 0 0 0 0 0 0 0],0.0
162.87550099999999,9.0,102,0.0,6,6.0,[ 1 71 81 48 84 45  0  0],0.0
162.8781,9.0,111,0.0,8,8.0,[139  20 207 196 254  29 144 127],0.0
163.07375,9.0,101,0.0,1,1.0,[0 0 0 0 0 0 0 0],0.0
163.073751,9.0,102,0.0,6,6.0,[ 1 16 82 48 84 45  0  0],0.0
163.0753,9.0,111,0.0,8,8.0,[137  28 207 195 253 229 143 128],0.0
163.27175,9.0,101,0.0,1,1.0,[0 0 0 0 0 0 0 0],0.0
163.271751,9.0,102,0.0,6,6.0,[  1 215  82  48  84  45   0   0],0.0
163.2733,9.0,111,0.0,8,8.0,[135  28 143 196 254   9  16 128],0.0
163.46925,9.0,111,0.0,8,8.0,[133  36 143  68 254 229 207 127],0.0
163.4699,9.0,101,0.0,1,1.0,[0 0 0 0 0 0 0 0],0.0
163.469901,9.0,102,0.0,6,6.0,[  1 160  83  48  84  45   0   0],0.0
163.66774999999998,9.0,101,0.0,1,1.0,[0 0 0 0 0 0 0 0],0.0
163.66775099999998,9.0,102,0.0,6,6.0,[  1 104  84  48  84  45   0   0],0.0
163.67,9.0,111,0.0,8,8.0,[115  28 239 195 254 241 207 127],0.0
163.86575,9.0,101,0.0,1,1.0,[0 0 0 0 0 0 0 0],0.0
163.865751,9.0,102,0.0,6,6.0,[ 1 47 85 48 84 45  0  0],0.0
163.86745,9.0,111,0.0,8,8.0,[133  44 111  68 255  17 240 127],0.0
164.06375,9.0,101,0.0,1,1.0,[0 0 0 0 0 0 0 0],0.0
164.063751,9.0,102,0.0,6,6.0,[  1 248  85  48  84  45   0   0],0.0
164.06535,9.0,111,0.0,8,8.0,[143  28 111  68   0 194  79 127],0.0
164.26175,9.0,101,0.0,1,1.0,[0 0 0 0 0 0 0 0],0.0
164.261751,9.0,102,0.0,6,6.0,[  1 191  86  48  84  45   0   0],0.0
164.26335,9.0,111,0.0,8,8.0,[135  44  47 196 254 237  47 128],0.0
164.45974999999999,9.0,101,0.0,1,1.0,[0 0 0 0 0 0 0 0],0.0
164.45975099999998,9.0,102,0.0,6,6.0,[  1 136  87  48  84  45   0   0],0.0
164.46134999999998,9.0,111,0.0,8,8.0,[133  44 143  68 253 241 143 128],0.0
164.6573,9.0,111,0.0,8,8.0,[133  52 143 196 254  33 240 127],0.0
164.65795,9.0,101,0.0,1,1.0,[0 0 0 0 0 0 0 0],0.0
164.657951,9.0,102,0.0,6,6.0,[ 1 80 88 48 84 45  0  0],0.0
164.8553,9.0,111,0.0,8,8.0,[141  28 239 196   0 234 111 127],0.0
164.85594999999998,9.0,101,0.0,1,1.0,[0 0 0 0 0 0 0 0],0.0
164.855951,9.0,102,0.0,6,6.0,[ 1 23 89 48 84 45  0  0],0.0
165.05374999999998,9.0,101,0.0,1,1.0,[0 0 0 0 0 0 0 0],0.0
165.053751,9.0,102,0.0,6,6.0,[  1 224  89  48  84  45   0   0],0.0
165.05599999999998,9.0,111,0.0,8,8.0,[133  52 207  68 255  13 240 127],0.0
165.25175,9.0,101,0.0,1,1.0,[0 0 0 0 0 0 0 0],0.0
165.25175099999998,9.0,102,0.0,6,6.0,[  1 167  90  48  84  45   0   0],0.0
165.25195,9.0,111,0.0,8,8.0,[133  44 239  68 255  21 208 127],0.0
165.44975,9.0,101,0.0,1,1.0,[0 0 0 0 0 0 0 0],0.0
165.449751,9.0,102,0.0,6,6.0,[  1 112  91  48  84  45   0   0],0.0
165.45135,9.0,111,0.0,8,8.0,[137  44 175 196 255   1 144 127],0.0
165.64775,9.0,101,0.0,1,1.0,[0 0 0 0 0 0 0 0],0.0
165.647751,9.0,102,0.0,6,6.0,[ 1 56 92 48 84 45  0  0],0.0
165.64935,9.0,111,0.0,8,8.0,[133  44 207 196 254 237 207 127],0.0
165.84529999999998,9.0,111,0.0,8,8.0,[139  52 175 196 255 245 175 127],0.0
165.8466,9.0,101,0.0,1,1.0,[0 0 0 0 0 0 0 0],0.0
165.846601,9.0,102,0.0,6,6.0,[  1 255  92  48  84  45   0   0],0.0
166.0433,9.0,111,0.0,8,8.0,[133  52 143 196 254 253 239 127],0.0
166.04395,9.0,101,0.0,1,1.0,[0 0 0 0 0 0 0 0],0.0
166.043951,9.0,102,0.0,6,6.0,[  1 200  93  48  84  45   0   0],0.0
166.24179999999998,9.0,101,0.0,1,1.0,[0 0 0 0 0 0 0 0],0.0
166.24180099999998,9.0,102,0.0,6,6.0,[  1 143  94  48  84  45   0   0],0.0
166.24339999999998,9.0,111,0.0,8,8.0,[137  92 175  68 254 249 239 127],0.0
166.4393,9.0,111,0.0,8,8.0,[135 140 143  68 255 245 111 127],0.0
166.43994999999998,9.0,101,0.0,1,1.0,[0 0 0 0 0 0 0 0],0.0
166.43995099999998,9.0,102,0.0,6,6.0,[ 1 83 95 48 84 45  0  0],0.0
166.63729999999998,9.0,111,0.0,8,8.0,[137 204 111 196 255 249 143 127],0.0
166.63795,9.0,101,0.0,1,1.0,[0 0 0 0 0 0 0 0],0.0
166.637951,9.0,102,0.0,6,6.0,[ 1 31 96 48 84 45  0  0],0.0
166.8358,9.0,101,0.0,1,1.0,[0 0 0 0 0 0 0 0],0.0
166.835801,9.0,102,0.0,6,6.0,[  1 231  96  48  84  45   0   0],0.0
166.83599999999998,9.0,111,0.0,8,8.0,[139 204 175 196 255 237 143 127],0.0
167.0333,9.0,111,0.0,8,8.0,[137 212  79  68 255 253 239 127],0.0
167.03395,9.0,101,0.0,1,1.0,[0 0 0 0 0 0 0 0],0.0
167.033951,9.0,102,0.0,6,6.0,[  1 175  97  48  84  45   0   0],0.0
167.2313,9.0,111,0.0,8,8.0,[137 204 175  68 255 237 207 127],0.0
167.23194999999998,9.0,101,0.0,1,1.0,[0 0 0 0 0 0 0 0],0.0
167.23195099999998,9.0,102,0.0,6,6.0,[  1 119  98  48  84  45   0   0],0.0
167.42929999999998,9.0,111,0.0,8,8.0,[137 212  79 196   0   2 208 127],0.0
167.42995,9.0,101,0.0,1,1.0,[0 0 0 0 0 0 0 0],0.0
167.429951,9.0,102,0.0,6,6.0,[ 1 63 99 48 84 45  0  0],0.0
167.6273,9.0,111,0.0,8,8.0,[137 212 175  68 255 253 239 127],0.0
167.62795,9.0,101,0.0,1,1.0,[0 0 0 0 0 0 0 0],0.0
167.627951,9.0,102,0.0,6,6.0,[  1   7 100  48  84  45   0   0],0.0
167.8253,9.0,111,0.0,8,8.0,[137 228  79 196 255 245 239 127],0.0
167.82595,9.0,101,0.0,1,1.0,[0 0 0 0 0 0 0 0],0.0
167.825951,9.0,102,0.0,6,6.0,[  1 207 100  48  84  45   0   0],0.0
168.0233,9.0,111,0.0,8,8.0,[137 228 143 196 254   1  16 128],0.0
168.02464999999998,9.0,101,0.0,1,1.0,[0 0 0 0 0 0 0 0],0.0
168.024651,9.0,102,0.0,6,6.0,[  1 151 101  48  84  45   0   0],0.0
168.22129999999999,9.0,111,0.0,8,8.0,[135 236 111  68 255 245 207 127],0.0
168.22195,9.0,101,0.0,1,1.0,[0 0 0 0 0 0 0 0],0.0
168.221951,9.0,102,0.0,6,6.0,[  1  95 102  48  84  45   0   0],0.0
168.4193,9.0,111,0.0,8,8.0,[137 244  79 196 255 249 207 127],0.0
168.41995,9.0,101,0.0,1,1.0,[0 0 0 0 0 0 0 0],0.0
168.419951,9.0,102,0.0,6,6.0,[  1  39 103  48  84  45   0   0],0.0
168.6173,9.0,111,0.0,8,8.0,[139 252 111  68 255   5 208 127],0.0
168.61794999999998,9.0,101,0.0,1,1.0,[0 0 0 0 0 0 0 0],0.0
168.617951,9.0,102,0.0,6,6.0,[  1 239 103  48  84  45   0   0],0.0
168.81535,9.0,111,0.0,8,8.0,[137   4  80 196 255   1 208 127],0.0
168.816,9.0,101,0.0,1,1.0,[0 0 0 0 0 0 0 0],0.0
168.816001,9.0,102,0.0,6,6.0,[  1 183 104  48  84  45   0   0],0.0
169.01335,9.0,111,0.0,8,8.0,[137   4 112  68 255   5  48 128],0.0
169.01399999999998,9.0,101,0.0,1,1.0,[0 0 0 0 0 0 0 0],0.0
169.01400099999998,9.0,102,0.0,6,6.0,[  1 127 105  48  84  45   0   0],0.0
169.21134999999998,9.0,111,0.0,8,8.0,[137 252 111  68 255 253 239 127],0.0
169.2122,9.0,101,0.0,1,1.0,[0 0 0 0 0 0 0 0],0.0
169.212201,9.0,102,0.0,6,6.0,[  1  71 106  48  84  45   0   0],0.0
169.40935,9.0,111,0.0,8,8.0,[141 252  79  68 255 253 207 127],0.0
169.40994999999998,9.0,101,0.0,1,1.0,[0 0 0 0 0 0 0 0],0.0
169.40995099999998,9.0,102,0.0,6,6.0,[  1  15 107  48  84  45   0   0],0.0
169.60735,9.0,111,0.0,8,8.0,[137   4  80  68 255   5  48 128],0.0
169.60795,9.0,101,0.0,1,1.0,[0 0 0 0 0 0 0 0],0.0
169.60795099999999,9.0,102,0.0,6,6.0,[  1 215 107  48  84  45   0   0],0.0
169.80535,9.0,111,0.0,8,8.0,[139  12 144  68 255   1 208 127],0.0
169.8061,9.0,101,0.0,1,1.0,[0 0 0 0 0 0 0 0],0.0
169.80610099999998,9.0,102,0.0,6,6.0,[  1 159 108  48  84  45   0   0],0.0
170.00334999999998,9.0,111,0.0,8,8.0,[139   4 144  68 255 249  47 128],0.0
170.0041,9.0,101,0.0,1,1.0,[0 0 0 0 0 0 0 0],0.0
170.004101,9.0,102,0.0,6,6.0,[  1 103 109  48  84  45   0   0],0.0
170.20135,9.0,111,0.0,8,8.0,[141  12 176  68 255   9  16 128],0.0
170.20265,9.0,101,0.0,1,1.0,[0 0 0 0 0 0 0 0],0.0
170.202651,9.0,102,0.0,6,6.0,[  1  47 110  48  84  45   0   0],0.0
170.39935,9.0,111,0.0,8,8.0,[141   4 176  68   0 250 175 127],0.0
170.40019999999998,9.0,101,0.0,1,1.0,[0 0 0 0 0 0 0 0],0.0
170.40020099999998,9.0,102,0.0,6,6.0,[  1 247 110  48  84  45   0   0],0.0
170.59735,9.0,111,0.0,8,8.0,[141  12 176 196 255 249 239 127],0.0
170.59799999999998,9.0,101,0.0,1,1.0,[0 0 0 0 0 0 0 0],0.0
170.59800099999998,9.0,102,0.0,6,6.0,[  1 191 111  48  84  45   0   0],0.0
170.79534999999998,9.0,111,0.0,8,8.0,[139  12 112 196 255   5 208 127],0.0
170.796,9.0,101,0.0,1,1.0,[0 0 0 0 0 0 0 0],0.0
170.796001,9.0,102,0.0,6,6.0,[  1 135 112  48  84  45   0   0],0.0
170.99335,9.0,111,0.0,8,8.0,[135   4 208 196 255  13  80 128],0.0
170.99415,9.0,101,0.0,1,1.0,[0 0 0 0 0 0 0 0],0.0
170.994151,9.0,102,0.0,6,6.0,[  1  79 113  48  84  45   0   0],0.0
171.19135,9.0,111,0.0,8,8.0,[133 252 175  68   1 250 111 128],0.0
171.19215,9.0,101,0.0,1,1.0,[0 0 0 0 0 0 0 0],0.0
171.192151,9.0,102,0.0,6,6.0,[  1  23 114  48  84  45   0   0],0.0
171.38934999999998,9.0,111,0.0,8,8.0,[143 228  79  68   0 254 175 128],0.0
171.39024999999998,9.0,101,0.0,1,1.0,[0 0 0 0 0 0 0 0],0.0
171.390251,9.0,102,0.0,6,6.0,[  1 223 114  48  84  45   0   0],0.0
171.58735,9.0,111,0.0,8,8.0,[137 228 111 196 255  13 208 127],0.0
171.58825,9.0,101,0.0,1,1.0,[0 0 0 0 0 0 0 0],0.0
171.58825099999999,9.0,102,0.0,6,6.0,[  1 167 115  48  84  45   0   0],0.0
171.78535,9.0,111,0.0,8,8.0,[139 212  79 196 253 229 207 127],0.0
171.78619999999998,9.0,101,0.0,1,1.0,[0 0 0 0 0 0 0 0],0.0
171.786201,9.0,102,0.0,6,6.0,[  1 111 116  48  84  45   0   0],0.0
171.98335,9.0,111,0.0,8,8.0,[137 220  47 196 252   1 176 127],0.0
171.98399999999998,9.0,101,0.0,1,1.0,[0 0 0 0 0 0 0 0],0.0
171.984001,9.0,102,0.0,6,6.0,[  1  55 117  48  84  45   0   0],0.0
172.18134999999998,9.0,111,0.0,8,8.0,[137 212 143  68 252 253 175 127],0.0
172.18214999999998,9.0,101,0.0,1,1.0,[0 0 0 0 0 0 0 0],0.0
172.182151,9.0,102,0.0,6,6.0,[  1 255 117  48  84  45   0   0],0.0
172.37935,9.0,111,0.0,8,8.0,[135 204 143  68 253 241 239 127],0.0
172.3808,9.0,101,0.0,1,1.0,[0 0 0 0 0 0 0 0],0.0
172.380801,9.0,102,0.0,6,6.0,[  1 199 118  48  84  45   0   0],0.0
172.57735,9.0,111,0.0,8,8.0,[137 196 111 196 253   1 208 127],0.0
172.57835,9.0,101,0.0,1,1.0,[0 0 0 0 0 0 0 0],0.0
172.578351,9.0,102,0.0,6,6.0,[  1 143 119  48  84  45   0   0],0.0
172.77535,9.0,111,0.0,8,8.0,[137 196 143  68 254 249 239 127],0.0
172.77625,9.0,101,0.0,1,1.0,[0 0 0 0 0 0 0 0],0.0
172.776251,9.0,102,0.0,6,6.0,[  1  87 120  48  84  45   0   0],0.0
172.97334999999998,9.0,111,0.0,8,8.0,[139 188  79 196 253 241  15 128],0.0
172.97424999999998,9.0,101,0.0,1,1.0,[0 0 0 0 0 0 0 0],0.0
172.97425099999998,9.0,102,0.0,6,6.0,[  1  31 121  48  84  45   0   0],0.0
173.1714,9.0,111,0.0,8,8.0,[139 180  79  68 254 245 239 127],0.0
173.17204999999998,9.0,101,0.0,1,1.0,[0 0 0 0 0 0 0 0],0.0
173.17205099999998,9.0,102,0.0,6,6.0,[  1 231 121  48  84  45   0   0],0.0
173.36939999999998,9.0,111,0.0,8,8.0,[137 164  79  68 254 237 207 127],0.0
173.37015,9.0,101,0.0,1,1.0,[0 0 0 0 0 0 0 0],0.0
173.370151,9.0,102,0.0,6,6.0,[  1 175 122  48  84  45   0   0],0.0
173.5674,9.0,111,0.0,8,8.0,[135 148  47  68 254   1 112 128],0.0
173.56815,9.0,101,0.0,1,1.0,[0 0 0 0 0 0 0 0],0.0
173.568151,9.0,102,0.0,6,6.0,[  1 119 123  48  84  45   0   0],0.0
173.7654,9.0,111,0.0,8,8.0,[137 124 143 196 254 249 239 127],0.0
173.7664,9.0,101,0.0,1,1.0,[0 0 0 0 0 0 0 0],0.0
173.766401,9.0,102,0.0,6,6.0,[  1  63 124  48  84  45   0   0],0.0
173.96339999999998,9.0,111,0.0,8,8.0,[135 124  79 196 254 225 207 127],0.0
173.96425,9.0,101,0.0,1,1.0,[0 0 0 0 0 0 0 0],0.0
173.964251,9.0,102,0.0,6,6.0,[  1   7 125  48  84  45   0   0],0.0
174.1614,9.0,111,0.0,8,8.0,[141 116 111 196 254 249 239 127],0.0
174.16225,9.0,101,0.0,1,1.0,[0 0 0 0 0 0 0 0],0.0
174.162251,9.0,102,0.0,6,6.0,[  1 207 125  48  84  45   0   0],0.0
174.3594,9.0,111,0.0,8,8.0,[135 132  79 196 255   5 176 127],0.0
174.3604,9.0,101,0.0,1,1.0,[0 0 0 0 0 0 0 0],0.0
174.360401,9.0,102,0.0,6,6.0,[  1 151 126  48  84  45   0   0],0.0
174.5574,9.0,111,0.0,8,8.0,[135 140  79 196 255   1 176 127],0.0
174.55884999999998,9.0,101,0.0,1,1.0,[0 0 0 0 0 0 0 0],0.0
174.558851,9.0,102,0.0,6,6.0,[  1  95 127  48  84  45   0   0],0.0
174.75539999999998,9.0,111,0.0,8,8.0,[139 156 111  68 255 249 239 127],0.0
174.75639999999999,9.0,101,0.0,1,1.0,[0 0 0 0 0 0 0 0],0.0
174.75640099999998,9.0,102,0.0,6,6.0,[  1  39 128  48  84  45   0   0],0.0
174.9534,9.0,111,0.0,8,8.0,[137 156 111  68 255 245 239 127],0.0
174.9544,9.0,101,0.0,1,1.0,[0 0 0 0 0 0 0 0],0.0
174.954401,9.0,102,0.0,6,6.0,[  1 239 128  48  84  45   0   0],0.0
175.1514,9.0,111,0.0,8,8.0,[139 156  79  68 255 245 175 127],0.0
175.1524,9.0,101,0.0,1,1.0,[0 0 0 0 0 0 0 0],0.0
175.152401,9.0,102,0.0,6,6.0,[  1 183 129  48  84  45   0   0],0.0
175.3494,9.0,111,0.0,8,8.0,[141 156 111 196 255 249 207 127],0.0
175.3503,9.0,101,0.0,1,1.0,[0 0 0 0 0 0 0 0],0.0
175.350301,9.0,102,0.0,6,6.0,[  1 127 130  48  84  45   0   0],0.0
175.54739999999998,9.0,111,0.0,8,8.0,[137 156 111  68 255 253 239 127],0.0
175.5484,9.0,101,0.0,1,1.0,[0 0 0 0 0 0 0 0],0.0
175.54840099999998,9.0,102,0.0,6,6.0,[  1  71 131  48  84  45   0   0],0.0
175.7454,9.0,111,0.0,8,8.0,[139 164  79 196 255 245 239 127],0.0
175.7464,9.0,101,0.0,1,1.0,[0 0 0 0 0 0 0 0],0.0
175.746401,9.0,102,0.0,6,6.0,[  1  15 132  48  84  45   0   0],0.0
175.9434,9.0,111,0.0,8,8.0,[139 164  79  68 255   5  16 128],0.0
175.94445,9.0,101,0.0,1,1.0,[0 0 0 0 0 0 0 0],0.0
175.944451,9.0,102,0.0,6,6.0,[  1 215 132  48  84  45   0   0],0.0
176.1414,9.0,111,0.0,8,8.0,[139 180 111 196 255 253 207 127],0.0
176.14245,9.0,101,0.0,1,1.0,[0 0 0 0 0 0 0 0],0.0
176.142451,9.0,102,0.0,6,6.0,[  1 159 133  48  84  45   0   0],0.0
176.33939999999998,9.0,111,0.0,8,8.0,[139 196  79  68 255 245 207 127],0.0
176.3404,9.0,101,0.0,1,1.0,[0 0 0 0 0 0 0 0],0.0
176.34040099999999,9.0,102,0.0,6,6.0,[  1 103 134  48  84  45   0   0],0.0
176.5374,9.0,111,0.0,8,8.0,[139 196  47  68 255   1 208 127],0.0
176.5384,9.0,101,0.0,1,1.0,[0 0 0 0 0 0 0 0],0.0
176.538401,9.0,102,0.0,6,6.0,[  1  47 135  48  84  45   0   0],0.0
176.7354,9.0,111,0.0,8,8.0,[139 196  79  68 255 249 239 127],0.0
176.7371,9.0,101,0.0,1,1.0,[0 0 0 0 0 0 0 0],0.0
176.737101,9.0,102,0.0,6,6.0,[  1 247 135  48  84  45   0   0],0.0
176.9334,9.0,111,0.0,8,8.0,[139 196  79  68 255 253 239 127],0.0
176.93439999999998,9.0,101,0.0,1,1.0,[0 0 0 0 0 0 0 0],0.0
176.93440099999998,9.0,102,0.0,6,6.0,[  1 191 136  48  84  45   0   0],0.0
177.13139999999999,9.0,111,0.0,8,8.0,[139 196  79  68 255 253 239 127],0.0
177.1324,9.0,101,0.0,1,1.0,[0 0 0 0 0 0 0 0],0.0
177.132401,9.0,102,0.0,6,6.0,[  1 135 137  48  84  45   0   0],0.0
177.32944999999998,9.0,111,0.0,8,8.0,[139 196  79  68 255 253 239 127],0.0
177.33044999999998,9.0,101,0.0,1,1.0,[0 0 0 0 0 0 0 0],0.0
177.33045099999998,9.0,102,0.0,6,6.0,[  1  79 138  48  84  45   0   0],0.0
177.52745,9.0,111,0.0,8,8.0,[139 196 111  68 255 249 239 127],0.0
177.52845,9.0,101,0.0,1,1.0,[0 0 0 0 0 0 0 0],0.0
177.528451,9.0,102,0.0,6,6.0,[  1  23 139  48  84  45   0   0],0.0
177.72545,9.0,111,0.0,8,8.0,[139 196  79  68 255 253 239 127],0.0
177.72655,9.0,101,0.0,1,1.0,[0 0 0 0 0 0 0 0],0.0
177.726551,9.0,102,0.0,6,6.0,[  1 223 139  48  84  45   0   0],0.0
177.92345,9.0,111,0.0,8,8.0,[139 188  79  68 255 253 239 127],0.0
177.92444999999998,9.0,101,0.0,1,1.0,[0 0 0 0 0 0 0 0],0.0
177.924451,9.0,102,0.0,6,6.0,[  1 167 140  48  84  45   0   0],0.0
178.12144999999998,9.0,111,0.0,8,8.0,[139 188  79  68 255 253 239 127],0.0
178.31969999999998,9.0,101,0.0,1,1.0,[0 0 0 0 0 0 0 0],0.0
178.31970099999998,9.0,102,0.0,6,6.0,[  1 111 141  48  84  45   0   0],0.0
178.3221,9.0,111,0.0,8,8.0,[139 188  79  68 255 253 239 127],0.0
178.5177,9.0,101,0.0,1,1.0,[0 0 0 0 0 0 0 0],0.0
178.517701,9.0,102,0.0,6,6.0,[  1  55 142  48  84  45   0   0],0.0
178.51944999999998,9.0,111,0.0,8,8.0,[139 196  79  68 255 253 239 127],0.0
178.7157,9.0,101,0.0,1,1.0,[0 0 0 0 0 0 0 0],0.0
178.715701,9.0,102,0.0,6,6.0,[  1 255 142  48  84  45   0   0],0.0
178.71744999999999,9.0,111,0.0,8,8.0,[139 196  79  68 255 249 239 127],0.0
178.9137,9.0,101,0.0,1,1.0,[0 0 0 0 0 0 0 0],0.0
178.913701,9.0,102,0.0,6,6.0,[  1 199 143  48  84  45   0   0],0.0
178.91555,9.0,111,0.0,8,8.0,[141 212  79  68 255 249 207 127],0.0
179.11194999999998,9.0,101,0.0,1,1.0,[0 0 0 0 0 0 0 0],0.0
179.111951,9.0,102,0.0,6,6.0,[  1 143 144  48  84  45   0   0],0.0
179.11345,9.0,111,0.0,8,8.0,[139 236  79  68 255 249 207 127],0.0
179.3097,9.0,101,0.0,1,1.0,[0 0 0 0 0 0 0 0],0.0
179.309701,9.0,102,0.0,6,6.0,[  1  87 145  48  84  45   0   0],0.0
179.31144999999998,9.0,111,0.0,8,8.0,[141 220  79 196 254 253 239 127],0.0
179.5077,9.0,101,0.0,1,1.0,[0 0 0 0 0 0 0 0],0.0
179.507701,9.0,102,0.0,6,6.0,[  1  31 146  48  84  45   0   0],0.0
179.50945,9.0,111,0.0,8,8.0,[139 228  79  68 255 253 239 127],0.0
179.70595,9.0,101,0.0,1,1.0,[0 0 0 0 0 0 0 0],0.0
179.705951,9.0,102,0.0,6,6.0,[  1 231 146  48  84  45   0   0],0.0
179.70839999999998,9.0,111,0.0,8,8.0,[139 228  79  68 255 253 239 127],0.0
179.9037,9.0,101,0.0,1,1.0,[0 0 0 0 0 0 0 0],0.0
179.90370099999998,9.0,102,0.0,6,6.0,[  1 175 147  48  84  45   0   0],0.0
179.9056,9.0,111,0.0,8,8.0,[139 228  79  68 255 253 239 127],0.0
180.10195,9.0,101,0.0,1,1.0,[48  0  0  0  0  0  0  0],0.0
180.10195099999999,9.0,102,0.0,6,6.0,[  1 119 148  48  84  45   0   0],0.0
180.10354999999998,9.0,111,0.0,8,8.0,[139 228  79  68 255 253 239 127],0.0
180.29995,9.0,101,0.0,1,1.0,[51  0  0  0  0  0  0  0],0.0
180.299951,9.0,102,0.0,6,6.0,[  1  63 149  48  84  45   0   0],0.0
180.299952,9.0,103,0.0,8,8.0,[ 87  27 138  80  52  53 109 253],0.0
180.299953,9.0,104,0.0,4,4.0,[211 245 161   1   0   0   0   0],0.0
180.29995399999999,9.0,107,0.0,5,5.0,[171   3  32 102   0   0   0   0],0.0
180.30249999999998,9.0,111,0.0,8,8.0,[139 228  79  68 255 253 239 127],0.0
180.49769999999998,9.0,101,0.0,1,1.0,[51  0  0  0  0  0  0  0],0.0
180.49770099999998,9.0,102,0.0,6,6.0,[  1   7 150  48  84  45   0   0],0.0
180.497702,9.0,103,0.0,8,8.0,[ 85  27 138 208  53  53 109 253],0.0
180.497703,9.0,104,0.0,4,4.0,[221 245 193   1   0   0   0   0],0.0
180.497704,9.0,107,0.0,5,5.0,[149   2 192  89   0   0   0   0],0.0
180.4999,9.0,111,0.0,8,8.0,[139 220  79  68 255 249 239 127],0.0
180.69594999999998,9.0,101,0.0,1,1.0,[51  0  0  0  0  0  0  0],0.0
180.69595099999998,9.0,102,0.0,6,6.0,[  1 207 150  48  84  45   0   0],0.0
180.695952,9.0,103,0.0,8,8.0,[ 85  27 138  48  54  53 109 217],0.0
180.695953,9.0,104,0.0,4,4.0,[217 245 153   1   0   0   0   0],0.0
180.695954,9.0,107,0.0,5,5.0,[187   0   0  96   0   0   0   0],0.0
180.69854999999998,9.0,111,0.0,8,8.0,[139 228  79  68 255 253 239 127],0.0
180.89395,9.0,101,0.0,1,1.0,[51  0  0  0  0  0  0  0],0.0
180.893951,9.0,102,0.0,6,6.0,[  1 151 151  48  84  45   0   0],0.0
180.89395199999998,9.0,103,0.0,8,8.0,[ 85  27 138  80  54  53 109 193],0.0
180.89395299999998,9.0,104,0.0,4,4.0,[223 245 121   1   0   0   0   0],0.0
180.89395399999998,9.0,107,0.0,5,5.0,[73  0 32 65  0  0  0  0],0.0
180.896,9.0,111,0.0,8,8.0,[139 228 111  68 255 253 239 127],0.0
181.09175,9.0,101,0.0,1,1.0,[51  0  0  0  0  0  0  0],0.0
181.091751,9.0,102,0.0,6,6.0,[  1  95 152  48  84  45   0   0],0.0
181.09175199999999,9.0,103,0.0,8,8.0,[ 85  27 138 176  54  53 109 177],0.0
181.09175299999998,9.0,104,0.0,4,4.0,[213 245  89   1   0   0   0   0],0.0
181.09175399999998,9.0,107,0.0,5,5.0,[105   1 224  89   0   0   0   0],0.0
181.09455,9.0,111,0.0,8,8.0,[139 228  15  68 255   5 240 127],0.0
181.28975,9.0,101,0.0,1,1.0,[51  0  0  0  0  0  0  0],0.0
181.289751,9.0,102,0.0,6,6.0,[  1  39 153  48  84  45   0   0],0.0
181.289752,9.0,103,0.0,8,8.0,[ 87  27 138  80  54  53 109 165],0.0
181.289753,9.0,104,0.0,4,4.0,[213 245  73   1   0   0   0   0],0.0
181.289754,9.0,107,0.0,5,5.0,[191   0  96  86   0   0   0   0],0.0
181.29184999999998,9.0,111,0.0,8,8.0,[139 220 143  68 255 237 239 127],0.0
181.48794999999998,9.0,101,0.0,1,1.0,[51  0  0  0  0  0  0  0],0.0
181.48795099999998,9.0,102,0.0,6,6.0,[  1 239 153  48  84  45   0   0],0.0
181.48795199999998,9.0,103,0.0,8,8.0,[ 87  27 138 144  54  53 109 153],0.0
181.487953,9.0,104,0.0,4,4.0,[211 245  57   1   0   0   0   0],0.0
181.487954,9.0,107,0.0,5,5.0,[ 17   1 224  73   0   0   0   0],0.0
181.49054999999998,9.0,111,0.0,8,8.0,[141 228  15  68 255   9 240 127],0.0
181.68595,9.0,101,0.0,1,1.0,[51  0  0  0  0  0  0  0],0.0
181.685951,9.0,102,0.0,6,6.0,[  1 183 154  48  84  45   0   0],0.0
181.685952,9.0,103,0.0,8,8.0,[ 87  27 138 112  54  53 109 145],0.0
181.68595299999998,9.0,104,0.0,4,4.0,[213 245  41   1   0   0   0   0],0.0
181.68595399999998,9.0,107,0.0,5,5.0,[165   1 192  69   0   0   0   0],0.0
181.68785,9.0,111,0.0,8,8.0,[139 228 111  68 255 237 239 127],0.0
181.88395,9.0,101,0.0,1,1.0,[51  0  0  0  0  0  0  0],0.0
181.883951,9.0,102,0.0,6,6.0,[  1 127 155  48  84  45   0   0],0.0
181.883952,9.0,103,0.0,8,8.0,[ 87  27 138 208  54  53 109 137],0.0
181.883953,9.0,104,0.0,4,4.0,[219 245  25   1   0   0   0   0],0.0
181.883954,9.0,107,0.0,5,5.0,[ 39   1 128  68   0   0   0   0],0.0
181.886,9.0,111,0.0,8,8.0,[139 228 111  68 255   1 240 127],0.0
182.08194999999998,9.0,101,0.0,1,1.0,[51  0  0  0  0  0  0  0],0.0
182.081951,9.0,102,0.0,6,6.0,[  3  71 156  48  84  45   0   0],0.0
182.081952,9.0,103,0.0,8,8.0,[155  27 138  16  56  53 109 109],0.0
182.081953,9.0,104,0.0,4,4.0,[117 245 233   0   0   0   0   0],0.0
182.081954,9.0,107,0.0,5,5.0,[51  2 96 61  0  0  0  0],0.0
182.08454999999998,9.0,111,0.0,8,8.0,[139 228  79  68 255 253 239 127],0.0
182.27974999999998,9.0,101,0.0,1,1.0,[51  0  0  0  0  0  0  0],0.0
182.279751,9.0,102,0.0,6,6.0,[  3  15 157  48  84  45   0   0],0.0
182.279752,9.0,103,0.0,8,8.0,[181  27 138 144  56  53 109  93],0.0
182.279753,9.0,104,0.0,4,4.0,[ 95 245 209   0   0   0   0   0],0.0
182.279754,9.0,107,0.0,5,5.0,[ 13   2 128  69   0   0   0   0],0.0
182.28189999999998,9.0,111,0.0,8,8.0,[139 220  79 196 254   1 240 127],0.0
182.47775,9.0,101,0.0,1,1.0,[59  0  0  0  0  0  0  0],0.0
182.47775099999998,9.0,102,0.0,6,6.0,[  3 215 157  48  84  45   0   0],0.0
182.47775199999998,9.0,103,0.0,8,8.0,[191  27 138 176  56  53 109  81],0.0
182.47775299999998,9.0,104,0.0,4,4.0,[ 97 245 193   0   0   0   0   0],0.0
182.477754,9.0,107,0.0,5,5.0,[79  0 96 41  0  0  0  0],0.0
182.48055,9.0,111,0.0,8,8.0,[139 228  79  68 255 253 239 127],0.0
182.67595,9.0,101,0.0,1,1.0,[59  0  0  0  0  0  0  0],0.0
182.675951,9.0,102,0.0,6,6.0,[  3 159 158  48  84  45   0   0],0.0
182.675952,9.0,103,0.0,8,8.0,[195  27 138 240  56  53 109  73],0.0
182.675953,9.0,104,0.0,4,4.0,[105 245 177   0   0   0   0   0],0.0
182.675954,9.0,107,0.0,5,5.0,[211   0 224  40   0   0   0   0],0.0
182.678,9.0,111,0.0,8,8.0,[139 228  79  68 255 253 239 127],0.0
182.87349999999998,9.0,111,0.0,8,8.0,[139 228  79  68 255 253 239 127],0.0
182.87415,9.0,101,0.0,1,1.0,[59  0  0  0  0  0  0  0],0.0
182.87415099999998,9.0,102,0.0,6,6.0,[  3 103 159  48  84  45   0   0],0.0
182.87415199999998,9.0,103,0.0,8,8.0,[199  27 138  16  57  53 109  65],0.0
182.87415299999998,9.0,104,0.0,4,4.0,[115 245 161   0   0   0   0   0],0.0
182.874154,9.0,107,0.0,5,5.0,[179   0  96  48   0   0   0   0],0.0
183.072,9.0,101,0.0,1,1.0,[59  0  0  0  0  0  0  0],0.0
183.072001,9.0,102,0.0,6,6.0,[  3  47 160  48  84  45   0   0],0.0
183.072002,9.0,103,0.0,8,8.0,[199  27 138 112  57  53 109  61],0.0
183.072003,9.0,104,0.0,4,4.0,[127 245 153   0   0   0   0   0],0.0
183.072004,9.0,107,0.0,5,5.0,[ 63   1 160  45   0   0   0   0],0.0
183.07395,9.0,111,0.0,8,8.0,[139 220  79  68 255 253 239 127],0.0
183.26999999999998,9.0,101,0.0,1,1.0,[59  0  0  0  0  0  0  0],0.0
183.27000099999998,9.0,102,0.0,6,6.0,[  3 247 160  48  84  45   0   0],0.0
183.270002,9.0,103,0.0,8,8.0,[197  27 138 176  57  53 109  57],0.0
183.270003,9.0,104,0.0,4,4.0,[139 245 145   0   0   0   0   0],0.0
183.270004,9.0,107,0.0,5,5.0,[159   0  32  45   0   0   0   0],0.0
183.27265,9.0,111,0.0,8,8.0,[139 228  79  68 255 253 239 127],0.0
183.468,9.0,101,0.0,1,1.0,[59  0  0  0  0  0  0  0],0.0
183.468001,9.0,102,0.0,6,6.0,[  3 191 161  48  84  45   0   0],0.0
183.46800199999998,9.0,103,0.0,8,8.0,[197  27 138 240  57  53 109  53],0.0
183.46800299999998,9.0,104,0.0,4,4.0,[155 245 137   0   0   0   0   0],0.0
183.46800399999998,9.0,107,0.0,5,5.0,[ 61   0 128  42   0   0   0   0],0.0
183.47,9.0,111,0.0,8,8.0,[139 228  79  68 255 253 239 127],0.0
183.666,9.0,101,0.0,1,1.0,[59  0  0  0  0  0  0  0],0.0
183.666001,9.0,102,0.0,6,6.0,[  3 135 162  48  84  45   0   0],0.0
183.666002,9.0,103,0.0,8,8.0,[197  27 138  48  58  53 109  49],0.0
183.666003,9.0,104,0.0,4,4.0,[169 245 137   0   0   0   0   0],0.0
183.666004,9.0,107,0.0,5,5.0,[65  0  0 42  0  0  0  0],0.0
183.66864999999999,9.0,111,0.0,8,8.0,[139 228  79  68 255 253 239 127],0.0
183.864,9.0,101,0.0,1,1.0,[59  0  0  0  0  0  0  0],0.0
183.864001,9.0,102,0.0,6,6.0,[  3  79 163  48  84  45   0   0],0.0
183.864002,9.0,103,0.0,8,8.0,[195  27 138 176  58  53 109  49],0.0
183.864003,9.0,104,0.0,4,4.0,[181 245 129   0   0   0   0   0],0.0
183.864004,9.0,107,0.0,5,5.0,[167   0 160  46   0   0   0   0],0.0
183.8662,9.0,111,0.0,8,8.0,[139 228  79  68 255 253 239 127],0.0
184.0615,9.0,111,0.0,8,8.0,[139 220  79  68 255 249 239 127],0.0
184.06215,9.0,101,0.0,1,1.0,[59  0  0  0  0  0  0  0],0.0
184.062151,9.0,102,0.0,6,6.0,[  3  23 164  48  84  45   0   0],0.0
184.062152,9.0,103,0.0,8,8.0,[195  27 138 240  58  53 109  45],0.0
184.062153,9.0,104,0.0,4,4.0,[193 245 121   0   0   0   0   0],0.0
184.062154,9.0,107,0.0,5,5.0,[249   0 224  45   0   0   0   0],0.0
184.2595,9.0,111,0.0,8,8.0,[139 228  79  68 255 253 239 127],0.0
184.26014999999998,9.0,101,0.0,1,1.0,[59  0  0  0  0  0  0  0],0.0
184.26015099999998,9.0,102,0.0,6,6.0,[  3 223 164  48  84  45   0   0],0.0
184.260152,9.0,103,0.0,8,8.0,[195  27 138  16  59  53 109  45],0.0
184.260153,9.0,104,0.0,4,4.0,[203 245 121   0   0   0   0   0],0.0
184.260154,9.0,107,0.0,5,5.0,[ 21   2 160  47   0   0   0   0],0.0
184.458,9.0,101,0.0,1,1.0,[59  0  0  0  0  0  0  0],0.0
184.458001,9.0,102,0.0,6,6.0,[  3 167 165  48  84  45   0   0],0.0
184.458002,9.0,103,0.0,8,8.0,[193  27 138  48  59  53 109  41],0.0
184.458003,9.0,104,0.0,4,4.0,[213 245 113   0   0   0   0   0],0.0
184.458004,9.0,107,0.0,5,5.0,[221   0  96  55   0   0   0   0],0.0
184.45999999999998,9.0,111,0.0,8,8.0,[139 228  79  68 255 249 239 127],0.0
184.65599999999998,9.0,101,0.0,1,1.0,[59  0  0  0  0  0  0  0],0.0
184.656001,9.0,102,0.0,6,6.0,[  3 111 166  48  84  45   0   0],0.0
184.656002,9.0,103,0.0,8,8.0,[197  27 138 112  59  53 109  41],0.0
184.656003,9.0,104,0.0,4,4.0,[225 245 113   0   0   0   0   0],0.0
184.656004,9.0,107,0.0,5,5.0,[157   2 224  54   0   0   0   0],0.0
184.65865,9.0,111,0.0,8,8.0,[139 228  79 196 254 253 239 127],0.0
184.85399999999998,9.0,101,0.0,1,1.0,[59  0  0  0  0  0  0  0],0.0
184.85400099999998,9.0,102,0.0,6,6.0,[  3  55 167  48  84  45   0   0],0.0
184.85400199999998,9.0,103,0.0,8,8.0,[197  27 138 176  59  53 109  41],0.0
184.854003,9.0,104,0.0,4,4.0,[237 245 113   0   0   0   0   0],0.0
184.854004,9.0,107,0.0,5,5.0,[41  3 32 55  0  0  0  0],0.0
184.8562,9.0,111,0.0,8,8.0,[139 228  79 196 254 253 239 127],0.0
185.052,9.0,101,0.0,1,1.0,[59  0  0  0  0  0  0  0],0.0
185.052001,9.0,102,0.0,6,6.0,[  3 255 167  48  84  45   0   0],0.0
185.052002,9.0,103,0.0,8,8.0,[197  27 138 208  59  53 109  41],0.0
185.05200299999998,9.0,104,0.0,4,4.0,[245 245 105   0   0   0   0   0],0.0
185.05200399999998,9.0,107,0.0,5,5.0,[231   1   0  55   0   0   0   0],0.0
185.05474999999998,9.0,111,0.0,8,8.0,[139 220  79  68 255 253 239 127],0.0
185.24949999999998,9.0,111,0.0,8,8.0,[139 228  79  68 255 253 239 127],0.0
185.25015,9.0,101,0.0,1,1.0,[59  0  0  0  0  0  0  0],0.0
185.250151,9.0,102,0.0,6,6.0,[  3 199 168  48  84  45   0   0],0.0
185.25015199999999,9.0,103,0.0,8,8.0,[199  27 138 240  59  53 109  37],0.0
185.25015299999998,9.0,104,0.0,4,4.0,[253 245 105   0   0   0   0   0],0.0
185.25015399999998,9.0,107,0.0,5,5.0,[249   2  96  55   0   0   0   0],0.0
185.4475,9.0,111,0.0,8,8.0,[139 228  79 196 254 253 239 127],0.0
185.44815,9.0,101,0.0,1,1.0,[59  0  0  0  0  0  0  0],0.0
185.448151,9.0,102,0.0,6,6.0,[  3 143 169  48  84  45   0   0],0.0
185.448152,9.0,103,0.0,8,8.0,[199  27 138  16  60  53 109  37],0.0
185.448153,9.0,104,0.0,4,4.0,[  3 246 105   0   0   0   0   0],0.0
185.448154,9.0,107,0.0,5,5.0,[ 45   2 224  54   0   0   0   0],0.0
185.646,9.0,101,0.0,1,1.0,[59  0  0  0  0  0  0  0],0.0
185.64600099999998,9.0,102,0.0,6,6.0,[  3  87 170  48  84  45   0   0],0.0
185.64600199999998,9.0,103,0.0,8,8.0,[197  27 138  80  60  53 109  37],0.0
185.64600299999998,9.0,104,0.0,4,4.0,[  9 246  97   0   0   0   0   0],0.0
185.646004,9.0,107,0.0,5,5.0,[165   1 160  52   0   0   0   0],0.0
185.6481,9.0,111,0.0,8,8.0,[139 228  79  68 255 253 239 127],0.0
185.84355,9.0,111,0.0,8,8.0,[139 228  79  68 255 253 239 127],0.0
185.8448,9.0,101,0.0,1,1.0,[59  0  0  0  0  0  0  0],0.0
185.844801,9.0,102,0.0,6,6.0,[  3  31 171  48  84  45   0   0],0.0
185.844802,9.0,103,0.0,8,8.0,[197  27 138 112  60  53 109  37],0.0
185.84480299999998,9.0,104,0.0,4,4.0,[ 13 246  97   0   0   0   0   0],0.0
185.84480399999998,9.0,107,0.0,5,5.0,[79  1 32 50  0  0  0  0],0.0
186.04155,9.0,111,0.0,8,8.0,[139 228  79  68 255 253 239 127],0.0
186.04219999999998,9.0,101,0.0,1,1.0,[59  0  0  0  0  0  0  0],0.0
186.042201,9.0,102,0.0,6,6.0,[  3 231 171  48  84  45   0   0],0.0
186.042202,9.0,103,0.0,8,8.0,[195  27 138 144  60  53 109  33],0.0
186.042203,9.0,104,0.0,4,4.0,[ 17 246  97   0   0   0   0   0],0.0
186.042204,9.0,107,0.0,5,5.0,[ 69   1 160  47   0   0   0   0],0.0
186.23999999999998,9.0,101,0.0,1,1.0,[59  0  0  0  0  0  0  0],0.0
186.24000099999998,9.0,102,0.0,6,6.0,[  3 175 172  48  84  45   0   0],0.0
186.240002,9.0,103,0.0,8,8.0,[195  27 138 176  60  53 109  33],0.0
186.240003,9.0,104,0.0,4,4.0,[ 19 246  97   0   0   0   0   0],0.0
186.240004,9.0,107,0.0,5,5.0,[ 25   1 192  50   0   0   0   0],0.0
186.2421,9.0,111,0.0,8,8.0,[139 220  79  68 255 253 239 127],0.0
186.43755,9.0,111,0.0,8,8.0,[139 228  79 196 254 253 239 127],0.0
186.43814999999998,9.0,101,0.0,1,1.0,[59  0  0  0  0  0  0  0],0.0
186.438151,9.0,102,0.0,6,6.0,[  3 119 173  48  84  45   0   0],0.0
186.438152,9.0,103,0.0,8,8.0,[193  27 138 208  60  53 109  33],0.0
186.438153,9.0,104,0.0,4,4.0,[ 23 246  89   0   0   0   0   0],0.0
186.438154,9.0,107,0.0,5,5.0,[231   0  32  46   0   0   0   0],0.0
186.63555,9.0,111,0.0,8,8.0,[139 220  79  68 255 253 239 127],0.0
186.63615,9.0,101,0.0,1,1.0,[59  0  0  0  0  0  0  0],0.0
186.63615099999998,9.0,102,0.0,6,6.0,[  3  63 174  48  84  45   0   0],0.0
186.63615199999998,9.0,103,0.0,8,8.0,[193  27 138 240  60  53 109  33],0.0
186.63615299999998,9.0,104,0.0,4,4.0,[ 25 246  89   0   0   0   0   0],0.0
186.636154,9.0,107,0.0,5,5.0,[153   0 128  46   0   0   0   0],0.0
186.83355,9.0,111,0.0,8,8.0,[139 228  79  68 255 253 239 127],0.0
186.83415,9.0,101,0.0,1,1.0,[59  0  0  0  0  0  0  0],0.0
186.834151,9.0,102,0.0,6,6.0,[  3   7 175  48  84  45   0   0],0.0
186.834152,9.0,103,0.0,8,8.0,[193  27 138 240  60  53 109  33],0.0
186.834153,9.0,104,0.0,4,4.0,[ 27 246  89   0   0   0   0   0],0.0
186.83415399999998,9.0,107,0.0,5,5.0,[ 7  1 64 50  0  0  0  0],0.0
187.0315,9.0,111,0.0,8,8.0,[139 228  79  68 255 253 239 127],0.0
187.0322,9.0,101,0.0,1,1.0,[59  0  0  0  0  0  0  0],0.0
187.032201,9.0,102,0.0,6,6.0,[  3 207 175  48  84  45   0   0],0.0
187.03220199999998,9.0,103,0.0,8,8.0,[193  27 138 208  60  53 109  33],0.0
187.03220299999998,9.0,104,0.0,4,4.0,[ 27 246  89   0   0   0   0   0],0.0
187.03220399999998,9.0,107,0.0,5,5.0,[  7   1 224  44   0   0   0   0],0.0
187.22955,9.0,111,0.0,8,8.0,[139 228  79  68 255 253 239 127],0.0
187.2302,9.0,101,0.0,1,1.0,[59  0  0  0  0  0  0  0],0.0
187.230201,9.0,102,0.0,6,6.0,[  3 151 176  48  84  45   0   0],0.0
187.230202,9.0,103,0.0,8,8.0,[193  27 138 240  60  53 109  33],0.0
187.230203,9.0,104,0.0,4,4.0,[ 31 246  89   0   0   0   0   0],0.0
187.230204,9.0,107,0.0,5,5.0,[189   0 224  46   0   0   0   0],0.0
187.42755,9.0,111,0.0,8,8.0,[139 228  79  68 255 253 239 127],0.0
187.4282,9.0,101,0.0,1,1.0,[59  0  0  0  0  0  0  0],0.0
187.428201,9.0,102,0.0,6,6.0,[  3  95 177  48  84  45   0   0],0.0
187.428202,9.0,103,0.0,8,8.0,[193  27 138 240  60  53 109  29],0.0
187.428203,9.0,104,0.0,4,4.0,[ 35 246  89   0   0   0   0   0],0.0
187.428204,9.0,107,0.0,5,5.0,[215   0 160  51   0   0   0   0],0.0
187.62555,9.0,111,0.0,8,8.0,[139 228  79  68 255 253 239 127],0.0
187.62619999999998,9.0,101,0.0,1,1.0,[59  0  0  0  0  0  0  0],0.0
187.62620099999998,9.0,102,0.0,6,6.0,[  3  39 178  48  84  45   0   0],0.0
187.62620199999998,9.0,103,0.0,8,8.0,[193  27 138  16  61  53 109  29],0.0
187.626203,9.0,104,0.0,4,4.0,[ 35 246  81   0   0   0   0   0],0.0
187.626204,9.0,107,0.0,5,5.0,[103   0 128  43   0   0   0   0],0.0
187.82354999999998,9.0,111,0.0,8,8.0,[139 228  79  68 255 253 239 127],0.0
187.8242,9.0,101,0.0,1,1.0,[59  0  0  0  0  0  0  0],0.0
187.824201,9.0,102,0.0,6,6.0,[  3 239 178  48  84  45   0   0],0.0
187.82420199999999,9.0,103,0.0,8,8.0,[191  27 138  16  61  53 109  29],0.0
187.82420299999998,9.0,104,0.0,4,4.0,[ 37 246  81   0   0   0   0   0],0.0
187.82420399999998,9.0,107,0.0,5,5.0,[133   0 192  44   0   0   0   0],0.0
188.02155,9.0,111,0.0,8,8.0,[139 220  79  68 255 253 239 127],0.0
188.02285,9.0,101,0.0,1,1.0,[59  0  0  0  0  0  0  0],0.0
188.022851,9.0,102,0.0,6,6.0,[  3 183 179  48  84  45   0   0],0.0
188.022852,9.0,103,0.0,8,8.0,[193  27 138  48  61  53 109  29],0.0
188.022853,9.0,104,0.0,4,4.0,[ 39 246  81   0   0   0   0   0],0.0
188.022854,9.0,107,0.0,5,5.0,[251   0  96  55   0   0   0   0],0.0
188.21955,9.0,111,0.0,8,8.0,[139 228  79  68 255 253 239 127],0.0
188.2202,9.0,101,0.0,1,1.0,[59  0  0  0  0  0  0  0],0.0
188.220201,9.0,102,0.0,6,6.0,[  3 127 180  48  84  45   0   0],0.0
188.220202,9.0,103,0.0,8,8.0,[193  27 138  48  61  53 109  29],0.0
188.220203,9.0,104,0.0,4,4.0,[ 43 246  81   0   0   0   0   0],0.0
188.220204,9.0,107,0.0,5,5.0,[241   1  96  59   0   0   0   0],0.0
188.41755,9.0,111,0.0,8,8.0,[139 228  79 196 254 253 239 127],0.0
188.41819999999998,9.0,101,0.0,1,1.0,[59  0  0  0  0  0  0  0],0.0
188.41820099999998,9.0,102,0.0,6,6.0,[  3  71 181  48  84  45   0   0],0.0
188.41820199999998,9.0,103,0.0,8,8.0,[193  27 138  48  61  53 109  29],0.0
188.418203,9.0,104,0.0,4,4.0,[ 45 246  81   0   0   0   0   0],0.0
188.418204,9.0,107,0.0,5,5.0,[141   1 128  56   0   0   0   0],0.0
188.61554999999998,9.0,111,0.0,8,8.0,[139 228  79  68 255 253 239 127],0.0
188.6164,9.0,101,0.0,1,1.0,[59  0  0  0  0  0  0  0],0.0
188.616401,9.0,102,0.0,6,6.0,[  3  15 182  48  84  45   0   0],0.0
188.616402,9.0,103,0.0,8,8.0,[193  27 138  80  61  53 109  29],0.0
188.616403,9.0,104,0.0,4,4.0,[ 45 246  81   0   0   0   0   0],0.0
188.616404,9.0,107,0.0,5,5.0,[123   1  96  57   0   0   0   0],0.0
188.81355,9.0,111,0.0,8,8.0,[139 228  79  68 255 253 239 127],0.0
188.8142,9.0,101,0.0,1,1.0,[59  0  0  0  0  0  0  0],0.0
188.814201,9.0,102,0.0,6,6.0,[  3 215 182  48  84  45   0   0],0.0
188.814202,9.0,103,0.0,8,8.0,[193  27 138  80  61  53 109  29],0.0
188.814203,9.0,104,0.0,4,4.0,[ 47 246  81   0   0   0   0   0],0.0
188.814204,9.0,107,0.0,5,5.0,[139   1   0  57   0   0   0   0],0.0
189.01155,9.0,111,0.0,8,8.0,[139 228  79  68 255 253 239 127],0.0
189.01219999999998,9.0,101,0.0,1,1.0,[59  0  0  0  0  0  0  0],0.0
189.012201,9.0,102,0.0,6,6.0,[  3 159 183  48  84  45   0   0],0.0
189.012202,9.0,103,0.0,8,8.0,[193  27 138  80  61  53 109  29],0.0
189.012203,9.0,104,0.0,4,4.0,[ 47 246  81   0   0   0   0   0],0.0
189.012204,9.0,107,0.0,5,5.0,[  7   1 192  55   0   0   0   0],0.0
189.20954999999998,9.0,111,0.0,8,8.0,[139 228  79  68 255 253 239 127],0.0
189.2102,9.0,101,0.0,1,1.0,[59  0  0  0  0  0  0  0],0.0
189.21020099999998,9.0,102,0.0,6,6.0,[  3 103 184  48  84  45   0   0],0.0
189.21020199999998,9.0,103,0.0,8,8.0,[193  27 138 112  61  53 109  29],0.0
189.21020299999998,9.0,104,0.0,4,4.0,[ 49 246  73   0   0   0   0   0],0.0
189.210204,9.0,107,0.0,5,5.0,[179   0  32  51   0   0   0   0],0.0
189.40755,9.0,111,0.0,8,8.0,[139 220  79 196 254 253 239 127],0.0
189.40834999999998,9.0,101,0.0,1,1.0,[59  0  0  0  0  0  0  0],0.0
189.40835099999998,9.0,102,0.0,6,6.0,[  3  47 185  48  84  45   0   0],0.0
189.40835199999998,9.0,103,0.0,8,8.0,[193  27 138 112  61  53 109  29],0.0
189.408353,9.0,104,0.0,4,4.0,[ 49 246  73   0   0   0   0   0],0.0
189.408354,9.0,107,0.0,5,5.0,[191   1  96  57   0   0   0   0],0.0
189.60555,9.0,111,0.0,8,8.0,[139 228  79 196 254 253 239 127],0.0
189.6062,9.0,101,0.0,1,1.0,[59  0  0  0  0  0  0  0],0.0
189.606201,9.0,102,0.0,6,6.0,[  3 247 185  48  84  45   0   0],0.0
189.606202,9.0,103,0.0,8,8.0,[191  27 138 112  61  53 109  25],0.0
189.606203,9.0,104,0.0,4,4.0,[ 49 246  73   0   0   0   0   0],0.0
189.606204,9.0,107,0.0,5,5.0,[ 89   1 224  55   0   0   0   0],0.0
189.80355,9.0,111,0.0,8,8.0,[139 228  79 196 254 253 239 127],0.0
189.80445,9.0,101,0.0,1,1.0,[59  0  0  0  0  0  0  0],0.0
189.804451,9.0,102,0.0,6,6.0,[  3 191 186  48  84  45   0   0],0.0
189.804452,9.0,103,0.0,8,8.0,[191  27 138 112  61  53 109  25],0.0
189.804453,9.0,104,0.0,4,4.0,[ 51 246  73   0   0   0   0   0],0.0
189.804454,9.0,107,0.0,5,5.0,[205   1  32  58   0   0   0   0],0.0
190.0016,9.0,111,0.0,8,8.0,[139 228  79  68 255 253 239 127],0.0
190.00244999999998,9.0,101,0.0,1,1.0,[59  0  0  0  0  0  0  0],0.0
190.00245099999998,9.0,102,0.0,6,6.0,[  3 135 187  48  84  45   0   0],0.0
190.002452,9.0,103,0.0,8,8.0,[191  27 138 144  61  53 109  25],0.0
190.002453,9.0,104,0.0,4,4.0,[ 51 246  73   0   0   0   0   0],0.0
190.002454,9.0,107,0.0,5,5.0,[243   1   0  56   0   0   0   0],0.0
190.1996,9.0,111,0.0,8,8.0,[139 220  79  68 255 253 239 127],0.0
190.20085,9.0,101,0.0,1,1.0,[59  0  0  0  0  0  0  0],0.0
190.200851,9.0,102,0.0,6,6.0,[  3  79 188  48  84  45   0   0],0.0
190.200852,9.0,103,0.0,8,8.0,[191  27 138 176  61  53 109  25],0.0
190.200853,9.0,104,0.0,4,4.0,[ 49 246  73   0   0   0   0   0],0.0
190.200854,9.0,107,0.0,5,5.0,[247   1 160  53   0   0   0   0],0.0
190.39759999999998,9.0,111,0.0,8,8.0,[139 228  79  68 255 253 239 127],0.0
190.39835,9.0,101,0.0,1,1.0,[59  0  0  0  0  0  0  0],0.0
190.398351,9.0,102,0.0,6,6.0,[  3  23 189  48  84  45   0   0],0.0
190.398352,9.0,103,0.0,8,8.0,[191  27 138 208  61  53 109  25],0.0
190.398353,9.0,104,0.0,4,4.0,[ 51 246  73   0   0   0   0   0],0.0
190.39835399999998,9.0,107,0.0,5,5.0,[25  1 64 50  0  0  0  0],0.0
190.5956,9.0,111,0.0,8,8.0,[139 228  79  68 255 253 239 127],0.0
190.59635,9.0,101,0.0,1,1.0,[59  0  0  0  0  0  0  0],0.0
190.596351,9.0,102,0.0,6,6.0,[  3 223 189  48  84  45   0   0],0.0
190.596352,9.0,103,0.0,8,8.0,[191  27 138 208  61  53 109  25],0.0
190.596353,9.0,104,0.0,4,4.0,[ 53 246  73   0   0   0   0   0],0.0
190.596354,9.0,107,0.0,5,5.0,[ 63   1 224  57   0   0   0   0],0.0
190.7936,9.0,111,0.0,8,8.0,[139 228  79  68 255 253 239 127],0.0
190.79444999999998,9.0,101,0.0,1,1.0,[59  0  0  0  0  0  0  0],0.0
190.79445099999998,9.0,102,0.0,6,6.0,[  3 167 190  48  84  45   0   0],0.0
190.79445199999998,9.0,103,0.0,8,8.0,[191  27 138 208  61  53 109  25],0.0
190.794453,9.0,104,0.0,4,4.0,[ 53 246  73   0   0   0   0   0],0.0
190.794454,9.0,107,0.0,5,5.0,[215   1  64  60   0   0   0   0],0.0
190.9916,9.0,111,0.0,8,8.0,[139 220  79  68 255 253 239 127],0.0
190.99245,9.0,101,0.0,1,1.0,[59  0  0  0  0  0  0  0],0.0
190.992451,9.0,102,0.0,6,6.0,[  3 111 191  48  84  45   0   0],0.0
190.992452,9.0,103,0.0,8,8.0,[191  27 138 240  61  53 109  25],0.0
190.99245299999998,9.0,104,0.0,4,4.0,[ 53 246  73   0   0   0   0   0],0.0
190.99245399999998,9.0,107,0.0,5,5.0,[95  1 64 60  0  0  0  0],0.0
191.18959999999998,9.0,111,0.0,8,8.0,[139 228  79  68 255 253 239 127],0.0
191.19045,9.0,101,0.0,1,1.0,[59  0  0  0  0  0  0  0],0.0
191.190451,9.0,102,0.0,6,6.0,[  3  55 192  48  84  45   0   0],0.0
191.190452,9.0,103,0.0,8,8.0,[191  27 138 240  61  53 109  25],0.0
191.190453,9.0,104,0.0,4,4.0,[ 53 246  73   0   0   0   0   0],0.0
191.190454,9.0,107,0.0,5,5.0,[189   0  32  56   0   0   0   0],0.0
191.3876,9.0,111,0.0,8,8.0,[139 220  79  68 255 253 239 127],0.0
191.38825,9.0,101,0.0,1,1.0,[59  0  0  0  0  0  0  0],0.0
191.388251,9.0,102,0.0,6,6.0,[  3 255 192  48  84  45   0   0],0.0
191.388252,9.0,103,0.0,8,8.0,[191  27 138  16  62  53 109  25],0.0
191.388253,9.0,104,0.0,4,4.0,[ 53 246  73   0   0   0   0   0],0.0
191.388254,9.0,107,0.0,5,5.0,[ 15   1 192  55   0   0   0   0],0.0
191.5856,9.0,111,0.0,8,8.0,[139 228  79  68 255 253 239 127],0.0
191.58634999999998,9.0,101,0.0,1,1.0,[59  0  0  0  0  0  0  0],0.0
191.58635099999998,9.0,102,0.0,6,6.0,[  3 199 193  48  84  45   0   0],0.0
191.586352,9.0,103,0.0,8,8.0,[189  27 138  48  62  53 109  25],0.0
191.586353,9.0,104,0.0,4,4.0,[ 53 246  65   0   0   0   0   0],0.0
191.586354,9.0,107,0.0,5,5.0,[ 27   1 224  53   0   0   0   0],0.0
191.78359999999998,9.0,111,0.0,8,8.0,[139 220  79  68 255 253 239 127],0.0
191.78435,9.0,101,0.0,1,1.0,[59  0  0  0  0  0  0  0],0.0
191.784351,9.0,102,0.0,6,6.0,[  3 143 194  48  84  45   0   0],0.0
191.78435199999998,9.0,103,0.0,8,8.0,[189  27 138  80  62  53 109  25],0.0
191.78435299999998,9.0,104,0.0,4,4.0,[ 55 246  65   0   0   0   0   0],0.0
191.78435399999998,9.0,107,0.0,5,5.0,[27  1 96 57  0  0  0  0],0.0
191.9816,9.0,111,0.0,8,8.0,[139 228  79  68 255 253 239 127],0.0
191.9826,9.0,101,0.0,1,1.0,[59  0  0  0  0  0  0  0],0.0
191.982601,9.0,102,0.0,6,6.0,[  3  87 195  48  84  45   0   0],0.0
191.98260199999999,9.0,103,0.0,8,8.0,[189  27 138  80  62  53 109  25],0.0
191.98260299999998,9.0,104,0.0,4,4.0,[ 55 246  65   0   0   0   0   0],0.0
191.98260399999998,9.0,107,0.0,5,5.0,[137   0  96  55   0   0   0   0],0.0
192.1796,9.0,111,0.0,8,8.0,[139 228  79  68 255 253 239 127],0.0
192.1805,9.0,101,0.0,1,1.0,[59  0  0  0  0  0  0  0],0.0
192.180501,9.0,102,0.0,6,6.0,[  3  31 196  48  84  45   0   0],0.0
192.180502,9.0,103,0.0,8,8.0,[189  27 138 112  62  53 109  25],0.0
192.180503,9.0,104,0.0,4,4.0,[ 53 246  65   0   0   0   0   0],0.0
192.18050399999998,9.0,107,0.0,5,5.0,[25  1  0 61  0  0  0  0],0.0
192.3776,9.0,111,0.0,8,8.0,[139 228  79  68 255 253 239 127],0.0
192.3791,9.0,101,0.0,1,1.0,[59  0  0  0  0  0  0  0],0.0
192.379101,9.0,102,0.0,6,6.0,[  3 231 196  48  84  45   0   0],0.0
192.379102,9.0,103,0.0,8,8.0,[187  27 138 112  62  53 109  25],0.0
192.379103,9.0,104,0.0,4,4.0,[ 53 246  65   0   0   0   0   0],0.0
192.37910399999998,9.0,107,0.0,5,5.0,[25  1  0 61  0  0  0  0],0.0
192.57559999999998,9.0,111,0.0,8,8.0,[139 228  79  68 255 253 239 127],0.0
192.57649999999998,9.0,101,0.0,1,1.0,[59  0  0  0  0  0  0  0],0.0
192.57650099999998,9.0,102,0.0,6,6.0,[  3 175 197  48  84  45   0   0],0.0
192.576502,9.0,103,0.0,8,8.0,[187  27 138 144  62  53 109  25],0.0
192.576503,9.0,104,0.0,4,4.0,[ 53 246  65   0   0   0   0   0],0.0
192.576504,9.0,107,0.0,5,5.0,[211   0 224  58   0   0   0   0],0.0
192.7736,9.0,111,0.0,8,8.0,[139 228  79  68 255 253 239 127],0.0
192.77439999999999,9.0,101,0.0,1,1.0,[59  0  0  0  0  0  0  0],0.0
192.77440099999998,9.0,102,0.0,6,6.0,[  3 119 198  48  84  45   0   0],0.0
192.77440199999998,9.0,103,0.0,8,8.0,[187  27 138 144  62  53 109  25],0.0
192.77440299999998,9.0,104,0.0,4,4.0,[ 53 246  65   0   0   0   0   0],0.0
192.774404,9.0,107,0.0,5,5.0,[29  1 32 60  0  0  0  0],0.0
192.9716,9.0,111,0.0,8,8.0,[139 228  79  68 255 253 239 127],0.0
192.9724,9.0,101,0.0,1,1.0,[59  0  0  0  0  0  0  0],0.0
192.972401,9.0,102,0.0,6,6.0,[  3  63 199  48  84  45   0   0],0.0
192.972402,9.0,103,0.0,8,8.0,[187  27 138 176  62  53 109  25],0.0
192.97240299999999,9.0,104,0.0,4,4.0,[ 53 246  65   0   0   0   0   0],0.0
192.97240399999998,9.0,107,0.0,5,5.0,[19  1 64 57  0  0  0  0],0.0
193.1696,9.0,111,0.0,8,8.0,[139 228  79  68 255 249 239 127],0.0
193.17059999999998,9.0,101,0.0,1,1.0,[59  0  0  0  0  0  0  0],0.0
193.170601,9.0,102,0.0,6,6.0,[  3   7 200  48  84  45   0   0],0.0
193.170602,9.0,103,0.0,8,8.0,[187  27 138 176  62  53 109  25],0.0
193.170603,9.0,104,0.0,4,4.0,[ 53 246  65   0   0   0   0   0],0.0
193.170604,9.0,107,0.0,5,5.0,[61  1 96 60  0  0  0  0],0.0
193.36759999999998,9.0,111,0.0,8,8.0,[139 228  79  68 255 253 239 127],0.0
193.3686,9.0,101,0.0,1,1.0,[59  0  0  0  0  0  0  0],0.0
193.36860099999998,9.0,102,0.0,6,6.0,[  3 207 200  48  84  45   0   0],0.0
193.36860199999998,9.0,103,0.0,8,8.0,[187  27 138 208  62  53 109  25],0.0
193.36860299999998,9.0,104,0.0,4,4.0,[ 53 246  65   0   0   0   0   0],0.0
193.368604,9.0,107,0.0,5,5.0,[33  1 32 59  0  0  0  0],0.0
193.5656,9.0,111,0.0,8,8.0,[139 228  79  68 255 253 239 127],0.0
193.5665,9.0,101,0.0,1,1.0,[59  0  0  0  0  0  0  0],0.0
193.566501,9.0,102,0.0,6,6.0,[  3 151 201  48  84  45   0   0],0.0
193.56650199999999,9.0,103,0.0,8,8.0,[187  27 138 208  62  53 109  25],0.0
193.56650299999998,9.0,104,0.0,4,4.0,[ 53 246  65   0   0   0   0   0],0.0
193.56650399999998,9.0,107,0.0,5,5.0,[127   0   0  54   0   0   0   0],0.0
193.7636,9.0,111,0.0,8,8.0,[139 220  79  68 255 253 239 127],0.0
193.7645,9.0,101,0.0,1,1.0,[59  0  0  0  0  0  0  0],0.0
193.764501,9.0,102,0.0,6,6.0,[  3  95 202  48  84  45   0   0],0.0
193.764502,9.0,103,0.0,8,8.0,[187  27 138 240  62  53 109  21],0.0
193.764503,9.0,104,0.0,4,4.0,[ 53 246  65   0   0   0   0   0],0.0
193.764504,9.0,107,0.0,5,5.0,[235   0 128  57   0   0   0   0],0.0
193.9616,9.0,111,0.0,8,8.0,[139 228  79 196 254 253 239 127],0.0
193.9624,9.0,101,0.0,1,1.0,[59  0  0  0  0  0  0  0],0.0
193.962401,9.0,102,0.0,6,6.0,[  3  39 203  48  84  45   0   0],0.0
193.962402,9.0,103,0.0,8,8.0,[187  27 138  16  63  53 109  21],0.0
193.962403,9.0,104,0.0,4,4.0,[ 53 246  65   0   0   0   0   0],0.0
193.962404,9.0,107,0.0,5,5.0,[231   0 192  56   0   0   0   0],0.0
194.15965,9.0,111,0.0,8,8.0,[139 228  79  68 255 253 239 127],0.0
194.16039999999998,9.0,101,0.0,1,1.0,[59  0  0  0  0  0  0  0],0.0
194.16040099999998,9.0,102,0.0,6,6.0,[  3 239 203  48  84  45   0   0],0.0
194.160402,9.0,103,0.0,8,8.0,[187  27 138  48  63  53 109  21],0.0
194.160403,9.0,104,0.0,4,4.0,[ 53 246  65   0   0   0   0   0],0.0
194.160404,9.0,107,0.0,5,5.0,[223   0 224  51   0   0   0   0],0.0
194.35764999999998,9.0,111,0.0,8,8.0,[139 228  79  68 255 253 239 127],0.0
194.3586,9.0,101,0.0,1,1.0,[59  0  0  0  0  0  0  0],0.0
194.358601,9.0,102,0.0,6,6.0,[  3 183 204  48  84  45   0   0],0.0
194.358602,9.0,103,0.0,8,8.0,[187  27 138  48  63  53 109  21],0.0
194.358603,9.0,104,0.0,4,4.0,[ 53 246  65   0   0   0   0   0],0.0
194.35860399999999,9.0,107,0.0,5,5.0,[101   0 160  50   0   0   0   0],0.0
194.55564999999999,9.0,111,0.0,8,8.0,[139 228  79  68 255 253 239 127],0.0
194.5573,9.0,101,0.0,1,1.0,[59  0  0  0  0  0  0  0],0.0
194.557301,9.0,102,0.0,6,6.0,[  3 127 205  48  84  45   0   0],0.0
194.557302,9.0,103,0.0,8,8.0,[187  27 138  80  63  53 109  21],0.0
194.557303,9.0,104,0.0,4,4.0,[ 53 246  65   0   0   0   0   0],0.0
194.557304,9.0,107,0.0,5,5.0,[ 29   0 224  44   0   0   0   0],0.0
194.75365,9.0,111,0.0,8,8.0,[139 228  79  68 255 253 239 127],0.0
194.75449999999998,9.0,101,0.0,1,1.0,[59  0  0  0  0  0  0  0],0.0
194.754501,9.0,102,0.0,6,6.0,[  3  71 206  48  84  45   0   0],0.0
194.754502,9.0,103,0.0,8,8.0,[187  27 138  80  63  53 109  21],0.0
194.754503,9.0,104,0.0,4,4.0,[ 53 246  65   0   0   0   0   0],0.0
194.754504,9.0,107,0.0,5,5.0,[151   0 192  44   0   0   0   0],0.0
194.95165,9.0,111,0.0,8,8.0,[139 228  79  68 255 253 239 127],0.0
194.9525,9.0,101,0.0,1,1.0,[59  0  0  0  0  0  0  0],0.0
194.95250099999998,9.0,102,0.0,6,6.0,[  3  15 207  48  84  45   0   0],0.0
194.95250199999998,9.0,103,0.0,8,8.0,[187  27 138 112  63  53 109  21],0.0
194.95250299999998,9.0,104,0.0,4,4.0,[ 53 246  57   0   0   0   0   0],0.0
194.952504,9.0,107,0.0,5,5.0,[69  0 96 43  0  0  0  0],0.0
195.14964999999998,9.0,111,0.0,8,8.0,[139 228  79  68 255 253 239 127],0.0
195.15064999999998,9.0,101,0.0,1,1.0,[59  0  0  0  0  0  0  0],0.0
195.15065099999998,9.0,102,0.0,6,6.0,[  3 215 207  48  84  45   0   0],0.0
195.15065199999998,9.0,103,0.0,8,8.0,[187  27 138 112  63  53 109  21],0.0
195.15065299999998,9.0,104,0.0,4,4.0,[ 53 246  57   0   0   0   0   0],0.0
195.150654,9.0,107,0.0,5,5.0,[253   0  64  49   0   0   0   0],0.0
195.34765,9.0,111,0.0,8,8.0,[139 228  79  68 255 253 239 127],0.0
195.3484,9.0,101,0.0,1,1.0,[59  0  0  0  0  0  0  0],0.0
195.348401,9.0,102,0.0,6,6.0,[  3 159 208  48  84  45   0   0],0.0
195.348402,9.0,103,0.0,8,8.0,[187  27 138 144  63  53 109  21],0.0
195.348403,9.0,104,0.0,4,4.0,[ 53 246  57   0   0   0   0   0],0.0
195.348404,9.0,107,0.0,5,5.0,[  3   1 192  49   0   0   0   0],0.0
195.54565,9.0,111,0.0,8,8.0,[139 228  79  68 255 253 239 127],0.0
195.54665,9.0,101,0.0,1,1.0,[59  0  0  0  0  0  0  0],0.0
195.546651,9.0,102,0.0,6,6.0,[  3 103 209  48  84  45   0   0],0.0
195.546652,9.0,103,0.0,8,8.0,[187  27 138 144  63  53 109  21],0.0
195.546653,9.0,104,0.0,4,4.0,[ 53 246  57   0   0   0   0   0],0.0
195.546654,9.0,107,0.0,5,5.0,[117   0  64  41   0   0   0   0],0.0
195.74365,9.0,111,0.0,8,8.0,[139 228  79  68 255 253 239 127],0.0
195.74464999999998,9.0,101,0.0,1,1.0,[59  0  0  0  0  0  0  0],0.0
195.744651,9.0,102,0.0,6,6.0,[  3  47 210  48  84  45   0   0],0.0
195.744652,9.0,103,0.0,8,8.0,[187  27 138 144  63  53 109  21],0.0
195.744653,9.0,104,0.0,4,4.0,[ 53 246  57   0   0   0   0   0],0.0
195.744654,9.0,107,0.0,5,5.0,[143   0  32  47   0   0   0   0],0.0
195.94164999999998,9.0,111,0.0,8,8.0,[139 228  79  68 255 253 239 127],0.0
195.94265,9.0,101,0.0,1,1.0,[59  0  0  0  0  0  0  0],0.0
195.94265099999998,9.0,102,0.0,6,6.0,[  3 247 210  48  84  45   0   0],0.0
195.94265199999998,9.0,103,0.0,8,8.0,[189  27 138 176  63  53 109  21],0.0
195.94265299999998,9.0,104,0.0,4,4.0,[ 55 246  57   0   0   0   0   0],0.0
195.942654,9.0,107,0.0,5,5.0,[161   0 128  42   0   0   0   0],0.0
196.13965,9.0,111,0.0,8,8.0,[139 228  79  68 255 253 239 127],0.0
196.14065,9.0,101,0.0,1,1.0,[59  0  0  0  0  0  0  0],0.0
196.140651,9.0,102,0.0,6,6.0,[  3 191 211  48  84  45   0   0],0.0
196.140652,9.0,103,0.0,8,8.0,[189  27 138 176  63  53 109  21],0.0
196.140653,9.0,104,0.0,4,4.0,[ 55 246  57   0   0   0   0   0],0.0
196.14065399999998,9.0,107,0.0,5,5.0,[ 55   0 128  40   0   0   0   0],0.0
196.33765,9.0,111,0.0,8,8.0,[139 228  79  68 255 253 239 127],0.0
196.33865,9.0,101,0.0,1,1.0,[59  0  0  0  0  0  0  0],0.0
196.338651,9.0,102,0.0,6,6.0,[  3 135 212  48  84  45   0   0],0.0
196.338652,9.0,103,0.0,8,8.0,[189  27 138 176  63  53 109  21],0.0
196.338653,9.0,104,0.0,4,4.0,[ 55 246  57   0   0   0   0   0],0.0
196.338654,9.0,107,0.0,5,5.0,[155   0  64  54   0   0   0   0],0.0
196.53565,9.0,111,0.0,8,8.0,[139 228  79  68 255 253 239 127],0.0
196.53664999999998,9.0,101,0.0,1,1.0,[59  0  0  0  0  0  0  0],0.0
196.53665099999998,9.0,102,0.0,6,6.0,[  3  79 213  48  84  45   0   0],0.0
196.536652,9.0,103,0.0,8,8.0,[189  27 138 176  63  53 109  21],0.0
196.536653,9.0,104,0.0,4,4.0,[ 55 246  57   0   0   0   0   0],0.0
196.536654,9.0,107,0.0,5,5.0,[  5   1 160  51   0   0   0   0],0.0
196.73364999999998,9.0,111,0.0,8,8.0,[139 228  79  68 255 253 239 127],0.0
196.7353,9.0,101,0.0,1,1.0,[59  0  0  0  0  0  0  0],0.0
196.735301,9.0,102,0.0,6,6.0,[  3  23 214  48  84  45   0   0],0.0
196.735302,9.0,103,0.0,8,8.0,[189  27 138 208  63  53 109  21],0.0
196.735303,9.0,104,0.0,4,4.0,[ 57 246  57   0   0   0   0   0],0.0
196.73530399999999,9.0,107,0.0,5,5.0,[ 61   0 128  45   0   0   0   0],0.0
196.93165,9.0,111,0.0,8,8.0,[139 228  79  68 255 253 239 127],0.0
196.93269999999998,9.0,101,0.0,1,1.0,[59  0  0  0  0  0  0  0],0.0
196.93270099999998,9.0,102,0.0,6,6.0,[  3 223 214  48  84  45   0   0],0.0
196.93270199999998,9.0,103,0.0,8,8.0,[191  27 138 208  63  53 109  21],0.0
196.932703,9.0,104,0.0,4,4.0,[ 57 246  57   0   0   0   0   0],0.0
196.932704,9.0,107,0.0,5,5.0,[187   0  96  50   0   0   0   0],0.0
197.12965,9.0,111,0.0,8,8.0,[139 228  79  68 255 253 239 127],0.0
197.1307,9.0,101,0.0,1,1.0,[59  0  0  0  0  0  0  0],0.0
197.130701,9.0,102,0.0,6,6.0,[  3 167 215  48  84  45   0   0],0.0
197.13070199999999,9.0,103,0.0,8,8.0,[191  27 138 208  63  53 109  21],0.0
197.13070299999998,9.0,104,0.0,4,4.0,[ 59 246  57   0   0   0   0   0],0.0
197.13070399999998,9.0,107,0.0,5,5.0,[ 25   1 160  49   0   0   0   0],0.0
197.32764999999998,9.0,111,0.0,8,8.0,[139 220  79  68 255 253 239 127],0.0
197.32864999999998,9.0,101,0.0,1,1.0,[59  0  0  0  0  0  0  0],0.0
197.32865099999998,9.0,102,0.0,6,6.0,[  3 111 216  48  84  45   0   0],0.0
197.328652,9.0,103,0.0,8,8.0,[193  27 138 208  63  53 109  21],0.0
197.328653,9.0,104,0.0,4,4.0,[ 59 246  57   0   0   0   0   0],0.0
197.328654,9.0,107,0.0,5,5.0,[ 3  1  0 55  0  0  0  0],0.0
197.52564999999998,9.0,111,0.0,8,8.0,[139 228  79  68 255 253 239 127],0.0
197.52665,9.0,101,0.0,1,1.0,[59  0  0  0  0  0  0  0],0.0
197.526651,9.0,102,0.0,6,6.0,[  3  55 217  48  84  45   0   0],0.0
197.52665199999998,9.0,103,0.0,8,8.0,[193  27 138 208  63  53 109  21],0.0
197.52665299999998,9.0,104,0.0,4,4.0,[ 59 246  57   0   0   0   0   0],0.0
197.52665399999998,9.0,107,0.0,5,5.0,[249   0  96  55   0   0   0   0],0.0
197.72365,9.0,111,0.0,8,8.0,[139 228  79  68 255 253 239 127],0.0
197.92194999999998,9.0,101,0.0,1,1.0,[59  0  0  0  0  0  0  0],0.0
197.92195099999998,9.0,102,0.0,6,6.0,[  3 255 217  48  84  45   0   0],0.0
197.921952,9.0,103,0.0,8,8.0,[193  27 138 240  63  53 109  21],0.0
197.921953,9.0,104,0.0,4,4.0,[ 57 246  57   0   0   0   0   0],0.0
197.921954,9.0,107,0.0,5,5.0,[113   0 160  52   0   0   0   0],0.0
197.92505,9.0,111,0.0,8,8.0,[139 228  79  68 255 253 239 127],0.0
198.11995,9.0,101,0.0,1,1.0,[59  0  0  0  0  0  0  0],0.0
198.119951,9.0,102,0.0,6,6.0,[  3 199 218  48  84  45   0   0],0.0
198.11995199999998,9.0,103,0.0,8,8.0,[195  27 138 240  63  53 109  21],0.0
198.11995299999998,9.0,104,0.0,4,4.0,[ 59 246  57   0   0   0   0   0],0.0
198.11995399999998,9.0,107,0.0,5,5.0,[ 71   1 160  49   0   0   0   0],0.0
198.12224999999998,9.0,111,0.0,8,8.0,[139 228  79  68 255 253 239 127],0.0
198.31795,9.0,101,0.0,1,1.0,[59  0  0  0  0  0  0  0],0.0
198.317951,9.0,102,0.0,6,6.0,[  3 143 219  48  84  45   0   0],0.0
198.317952,9.0,103,0.0,8,8.0,[195  27 138 240  63  53 109  21],0.0
198.317953,9.0,104,0.0,4,4.0,[ 59 246  57   0   0   0   0   0],0.0
198.317954,9.0,107,0.0,5,5.0,[ 27   0 160  40   0   0   0   0],0.0
198.3209,9.0,111,0.0,8,8.0,[139 220  79  68 255 253 239 127],0.0
198.51614999999998,9.0,101,0.0,1,1.0,[59  0  0  0  0  0  0  0],0.0
198.51615099999998,9.0,102,0.0,6,6.0,[  3  87 220  48  84  45   0   0],0.0
198.51615199999998,9.0,103,0.0,8,8.0,[195  27 138  16  64  53 109  21],0.0
198.516153,9.0,104,0.0,4,4.0,[ 61 246  57   0   0   0   0   0],0.0
198.516154,9.0,107,0.0,5,5.0,[111   0  96  45   0   0   0   0],0.0
198.51825,9.0,111,0.0,8,8.0,[139 228  79 196 254 253 239 127],0.0
198.71394999999998,9.0,101,0.0,1,1.0,[59  0  0  0  0  0  0  0],0.0
198.71395099999998,9.0,102,0.0,6,6.0,[  3  31 221  48  84  45   0   0],0.0
198.71395199999998,9.0,103,0.0,8,8.0,[195  27 138  16  64  53 109  21],0.0
198.713953,9.0,104,0.0,4,4.0,[ 61 246  57   0   0   0   0   0],0.0
198.713954,9.0,107,0.0,5,5.0,[245   0  32  51   0   0   0   0],0.0
198.71689999999998,9.0,111,0.0,8,8.0,[139 228  79  68 255 253 239 127],0.0
198.91195,9.0,101,0.0,1,1.0,[59  0  0  0  0  0  0  0],0.0
198.911951,9.0,102,0.0,6,6.0,[  3 231 221  48  84  45   0   0],0.0
198.91195199999999,9.0,103,0.0,8,8.0,[195  27 138  48  64  53 109  21],0.0
198.91195299999998,9.0,104,0.0,4,4.0,[ 63 246  57   0   0   0   0   0],0.0
198.91195399999998,9.0,107,0.0,5,5.0,[61  1 64 50  0  0  0  0],0.0
198.9144,9.0,111,0.0,8,8.0,[139 228  79  68 255 253 239 127],0.0
199.10995,9.0,101,0.0,1,1.0,[59  0  0  0  0  0  0  0],0.0
199.109951,9.0,102,0.0,6,6.0,[  3 175 222  48  84  45   0   0],0.0
199.109952,9.0,103,0.0,8,8.0,[197  27 138  48  64  53 109  21],0.0
199.109953,9.0,104,0.0,4,4.0,[ 63 246  57   0   0   0   0   0],0.0
199.109954,9.0,107,0.0,5,5.0,[211   0  64  45   0   0   0   0],0.0
199.11235,9.0,111,0.0,8,8.0,[139 228  79  68 255 253 239 127],0.0
199.30794999999998,9.0,101,0.0,1,1.0,[59  0  0  0  0  0  0  0],0.0
199.307951,9.0,102,0.0,6,6.0,[  3 119 223  48  84  45   0   0],0.0
199.307952,9.0,103,0.0,8,8.0,[197  27 138  48  64  53 109  21],0.0
199.307953,9.0,104,0.0,4,4.0,[ 63 246  57   0   0   0   0   0],0.0
199.307954,9.0,107,0.0,5,5.0,[151   0 128  39   0   0   0   0],0.0
199.31099999999998,9.0,111,0.0,8,8.0,[139 228  79  68 255 253 207 127],0.0
199.50594999999998,9.0,101,0.0,1,1.0,[59  0  0  0  0  0  0  0],0.0
199.50595099999998,9.0,102,0.0,6,6.0,[  3  63 224  48  84  45   0   0],0.0
199.50595199999998,9.0,103,0.0,8,8.0,[197  27 138  48  64  53 109  21],0.0
199.50595299999998,9.0,104,0.0,4,4.0,[ 63 246  57   0   0   0   0   0],0.0
199.505954,9.0,107,0.0,5,5.0,[171   0 160  46   0   0   0   0],0.0
199.50834999999998,9.0,111,0.0,8,8.0,[139 220  79  68 255 253 239 127],0.0
199.70415,9.0,101,0.0,1,1.0,[59  0  0  0  0  0  0  0],0.0
199.704151,9.0,102,0.0,6,6.0,[  3   7 225  48  84  45   0   0],0.0
199.704152,9.0,103,0.0,8,8.0,[199  27 138  16  64  53 109  21],0.0
199.704153,9.0,104,0.0,4,4.0,[ 63 246  49   0   0   0   0   0],0.0
199.704154,9.0,107,0.0,5,5.0,[213   0 160  44   0   0   0   0],0.0
199.707,9.0,111,0.0,8,8.0,[139 228  79  68 255 253 239 127],0.0
199.90195,9.0,101,0.0,1,1.0,[59  0  0  0  0  0  0  0],0.0
199.901951,9.0,102,0.0,6,6.0,[  3 207 225  48  84  45   0   0],0.0
199.901952,9.0,103,0.0,8,8.0,[201  27 138  16  64  53 109  17],0.0
199.901953,9.0,104,0.0,4,4.0,[ 67 246  49   0   0   0   0   0],0.0
199.901954,9.0,107,0.0,5,5.0,[249   1  32  50   0   0   0   0],0.0
199.90449999999998,9.0,111,0.0,8,8.0,[139 228  79  68 255 253 239 127],0.0
200.1002,9.0,101,0.0,1,1.0,[59  0  0  0  0  0  0  0],0.0
200.100201,9.0,102,0.0,6,6.0,[  3 151 226  48  84  45   0   0],0.0
200.100202,9.0,103,0.0,8,8.0,[201  27 138  16  64  53 109  17],0.0
200.100203,9.0,104,0.0,4,4.0,[ 65 246  49   0   0   0   0   0],0.0
200.100204,9.0,107,0.0,5,5.0,[101   0 128  36   0   0   0   0],0.0
200.10305,9.0,111,0.0,8,8.0,[139 220  79  68 255 253 239 127],0.0
200.29819999999998,9.0,101,0.0,1,1.0,[59  0  0  0  0  0  0  0],0.0
200.29820099999998,9.0,102,0.0,6,6.0,[  3  95 227  48  84  45   0   0],0.0
200.298202,9.0,103,0.0,8,8.0,[201  27 138  16  64  53 109  17],0.0
200.298203,9.0,104,0.0,4,4.0,[ 65 246  49   0   0   0   0   0],0.0
200.298204,9.0,107,0.0,5,5.0,[85  0 96 37  0  0  0  0],0.0
200.30034999999998,9.0,111,0.0,8,8.0,[139 228  79  68 255 253 239 127],0.0
200.49595,9.0,101,0.0,1,1.0,[59  0  0  0  0  0  0  0],0.0
200.495951,9.0,102,0.0,6,6.0,[  3  39 228  48  84  45   0   0],0.0
200.495952,9.0,103,0.0,8,8.0,[201  27 138 240  63  53 109  17],0.0
200.495953,9.0,104,0.0,4,4.0,[ 63 246  49   0   0   0   0   0],0.0
200.49595399999998,9.0,107,0.0,5,5.0,[141   0 224  41   0   0   0   0],0.0
200.499,9.0,111,0.0,8,8.0,[139 220  79  68 255 253 239 127],0.0
200.69395,9.0,101,0.0,1,1.0,[59  0  0  0  0  0  0  0],0.0
200.693951,9.0,102,0.0,6,6.0,[  3 239 228  48  84  45   0   0],0.0
200.693952,9.0,103,0.0,8,8.0,[201  27 138 240  63  53 109  17],0.0
200.693953,9.0,104,0.0,4,4.0,[ 63 246  49   0   0   0   0   0],0.0
200.693954,9.0,107,0.0,5,5.0,[149   0  96  39   0   0   0   0],0.0
200.69635,9.0,111,0.0,8,8.0,[139 228  79  68 255 253 239 127],0.0
200.8922,9.0,101,0.0,1,1.0,[59  0  0  0  0  0  0  0],0.0
200.892201,9.0,102,0.0,6,6.0,[  3 183 229  48  84  45   0   0],0.0
200.892202,9.0,103,0.0,8,8.0,[201  27 138 240  63  53 109  17],0.0
200.892203,9.0,104,0.0,4,4.0,[ 63 246  49   0   0   0   0   0],0.0
200.892204,9.0,107,0.0,5,5.0,[111   0  32  35   0   0   0   0],0.0
200.89515,9.0,111,0.0,8,8.0,[139 228  79  68 255 253 239 127],0.0
201.09019999999998,9.0,101,0.0,1,1.0,[59  0  0  0  0  0  0  0],0.0
201.09020099999998,9.0,102,0.0,6,6.0,[  3 127 230  48  84  45   0   0],0.0
201.090202,9.0,103,0.0,8,8.0,[201  27 138 208  63  53 109  17],0.0
201.090203,9.0,104,0.0,4,4.0,[ 61 246  49   0   0   0   0   0],0.0
201.090204,9.0,107,0.0,5,5.0,[239   0   0  51   0   0   0   0],0.0
201.09234999999998,9.0,111,0.0,8,8.0,[139 228  79 196 254 253 239 127],0.0
201.2882,9.0,101,0.0,1,1.0,[59  0  0  0  0  0  0  0],0.0
201.288201,9.0,102,0.0,6,6.0,[  3  71 231  48  84  45   0   0],0.0
201.28820199999998,9.0,103,0.0,8,8.0,[201  27 138 208  63  53 109  17],0.0
201.28820299999998,9.0,104,0.0,4,4.0,[ 59 246  49   0   0   0   0   0],0.0
201.28820399999998,9.0,107,0.0,5,5.0,[187   0 128  49   0   0   0   0],0.0
201.29035,9.0,111,0.0,8,8.0,[139 228  79  68 255 253 239 127],0.0
201.4862,9.0,101,0.0,1,1.0,[59  0  0  0  0  0  0  0],0.0
201.486201,9.0,102,0.0,6,6.0,[  3  15 232  48  84  45   0   0],0.0
201.486202,9.0,103,0.0,8,8.0,[201  27 138 208  63  53 109  17],0.0
201.486203,9.0,104,0.0,4,4.0,[ 57 246  49   0   0   0   0   0],0.0
201.486204,9.0,107,0.0,5,5.0,[97  0 96 39  0  0  0  0],0.0
201.489,9.0,111,0.0,8,8.0,[139 228  79  68 255 253 239 127],0.0
201.68394999999998,9.0,101,0.0,1,1.0,[59  0  0  0  0  0  0  0],0.0
201.68395099999998,9.0,102,0.0,6,6.0,[  3 215 232  48  84  45   0   0],0.0
201.683952,9.0,103,0.0,8,8.0,[201  27 138 176  63  53 109  17],0.0
201.683953,9.0,104,0.0,4,4.0,[ 55 246  49   0   0   0   0   0],0.0
201.683954,9.0,107,0.0,5,5.0,[95  0  0 47  0  0  0  0],0.0
201.68635,9.0,111,0.0,8,8.0,[139 228  79  68 255 253 239 127],0.0
201.882,9.0,101,0.0,1,1.0,[59  0  0  0  0  0  0  0],0.0
201.882001,9.0,102,0.0,6,6.0,[  3 159 233  48  84  45   0   0],0.0
201.882002,9.0,103,0.0,8,8.0,[201  27 138 176  63  53 109  17],0.0
201.882003,9.0,104,0.0,4,4.0,[ 55 246  49   0   0   0   0   0],0.0
201.882004,9.0,107,0.0,5,5.0,[245   0  96  44   0   0   0   0],0.0
201.88514999999998,9.0,111,0.0,8,8.0,[139 228  79  68 255 253 239 127],0.0
202.0802,9.0,101,0.0,1,1.0,[83  0  0  0  0  0  0  0],0.0
202.080201,9.0,102,0.0,6,6.0,[  3 103 234  48  84  45   0   0],0.0
202.08020199999999,9.0,103,0.0,8,8.0,[201  27 138  80  63  53 109  17],0.0
202.08020299999998,9.0,104,0.0,4,4.0,[ 49 246  49   0   0   0   0   0],0.0
202.08020399999998,9.0,107,0.0,5,5.0,[167   0 224  38   0   0   0   0],0.0
202.08235,9.0,111,0.0,8,8.0,[139 228  79  68 255 253 239 127],0.0
202.2782,9.0,101,0.0,1,1.0,[83  0  0  0  0  0  0  0],0.0
202.278201,9.0,102,0.0,6,6.0,[  3  47 235  48  84  45   0   0],0.0
202.278202,9.0,103,0.0,8,8.0,[203  27 138 240  62  53 109  17],0.0
202.278203,9.0,104,0.0,4,4.0,[ 45 246  49   0   0   0   0   0],0.0
202.278204,9.0,107,0.0,5,5.0,[101   0 192  32   0   0   0   0],0.0
202.28105,9.0,111,0.0,8,8.0,[139 228  79  68 255 253 239 127],0.0
202.47619999999998,9.0,101,0.0,1,1.0,[83  0  0  0  0  0  0  0],0.0
202.476201,9.0,102,0.0,6,6.0,[  3 247 235  48  84  45   0   0],0.0
202.476202,9.0,103,0.0,8,8.0,[203  27 138 176  62  53 109  17],0.0
202.476203,9.0,104,0.0,4,4.0,[ 43 246  49   0   0   0   0   0],0.0
202.476204,9.0,107,0.0,5,5.0,[ 69   0 160  30   0   0   0   0],0.0
202.4784,9.0,111,0.0,8,8.0,[139 228  79 196 254 253 239 127],0.0
202.67419999999998,9.0,101,0.0,1,1.0,[83  0  0  0  0  0  0  0],0.0
202.67420099999998,9.0,102,0.0,6,6.0,[  3 191 236  48  84  45   0   0],0.0
202.67420199999998,9.0,103,0.0,8,8.0,[205  27 138  80  62  53 109  17],0.0
202.67420299999998,9.0,104,0.0,4,4.0,[ 39 246  49   0   0   0   0   0],0.0
202.674204,9.0,107,0.0,5,5.0,[ 97   0 224  35   0   0   0   0],0.0
202.67704999999998,9.0,111,0.0,8,8.0,[139 228  79  68 255 253 239 127],0.0
202.8722,9.0,101,0.0,1,1.0,[83  0  0  0  0  0  0  0],0.0
202.872201,9.0,102,0.0,6,6.0,[  3 135 237  48  84  45   0   0],0.0
202.872202,9.0,103,0.0,8,8.0,[205  27 138  16  62  53 109  17],0.0
202.87220299999998,9.0,104,0.0,4,4.0,[ 37 246  49   0   0   0   0   0],0.0
202.87220399999998,9.0,107,0.0,5,5.0,[79  0 96 33  0  0  0  0],0.0
202.87449999999998,9.0,111,0.0,8,8.0,[139 228  79  68 255 253 239 127],0.0
203.0702,9.0,101,0.0,1,1.0,[83  0  0  0  0  0  0  0],0.0
203.070201,9.0,102,0.0,6,6.0,[  3  79 238  48  84  45   0   0],0.0
203.070202,9.0,103,0.0,8,8.0,[205  27 138 208  61  53 109  17],0.0
203.070203,9.0,104,0.0,4,4.0,[ 35 246  49   0   0   0   0   0],0.0
203.070204,9.0,107,0.0,5,5.0,[125   0  32  37   0   0   0   0],0.0
203.07305,9.0,111,0.0,8,8.0,[139 228  79  68 255 253 239 127],0.0
203.26819999999998,9.0,101,0.0,1,1.0,[83  0  0  0  0  0  0  0],0.0
203.268201,9.0,102,0.0,6,6.0,[  3  23 239  48  84  45   0   0],0.0
203.268202,9.0,103,0.0,8,8.0,[207  27 138 144  61  53 109  17],0.0
203.268203,9.0,104,0.0,4,4.0,[ 31 246  49   0   0   0   0   0],0.0
203.268204,9.0,107,0.0,5,5.0,[235   0  32  38   0   0   0   0],0.0
203.2704,9.0,111,0.0,8,8.0,[139 228  79  68 255 253 239 127],0.0
203.4662,9.0,101,0.0,1,1.0,[83  0  0  0  0  0  0  0],0.0
203.46620099999998,9.0,102,0.0,6,6.0,[  3 223 239  48  84  45   0   0],0.0
203.46620199999998,9.0,103,0.0,8,8.0,[207  27 138 112  61  53 109  17],0.0
203.46620299999998,9.0,104,0.0,4,4.0,[ 29 246  49   0   0   0   0   0],0.0
203.466204,9.0,107,0.0,5,5.0,[87  0  0 37  0  0  0  0],0.0
203.46804999999998,9.0,111,0.0,8,8.0,[139 228  79  68 255 253 239 127],0.0
203.66375,9.0,111,0.0,8,8.0,[139 220  79  68 255 253 239 127],0.0
203.66434999999998,9.0,101,0.0,1,1.0,[83  0  0  0  0  0  0  0],0.0
203.66435099999998,9.0,102,0.0,6,6.0,[  3 167 240  48  84  45   0   0],0.0
203.66435199999998,9.0,103,0.0,8,8.0,[209  27 138  48  61  53 109  17],0.0
203.66435299999998,9.0,104,0.0,4,4.0,[ 27 246  49   0   0   0   0   0],0.0
203.664354,9.0,107,0.0,5,5.0,[51  0 96 38  0  0  0  0],0.0
203.8622,9.0,101,0.0,1,1.0,[83  0  0  0  0  0  0  0],0.0
203.862201,9.0,102,0.0,6,6.0,[  3 111 241  48  84  45   0   0],0.0
203.862202,9.0,103,0.0,8,8.0,[209  27 138  16  61  53 109  17],0.0
203.862203,9.0,104,0.0,4,4.0,[ 27 246  49   0   0   0   0   0],0.0
203.862204,9.0,107,0.0,5,5.0,[139   0  32  31   0   0   0   0],0.0
203.8646,9.0,111,0.0,8,8.0,[139 220  79 196 254 253 239 127],0.0
204.06025,9.0,101,0.0,1,1.0,[83  0  0  0  0  0  0  0],0.0
204.060251,9.0,102,0.0,6,6.0,[  3  55 242  48  84  45   0   0],0.0
204.060252,9.0,103,0.0,8,8.0,[209  27 138 240  60  53 109  17],0.0
204.060253,9.0,104,0.0,4,4.0,[ 25 246  49   0   0   0   0   0],0.0
204.060254,9.0,107,0.0,5,5.0,[81  0 32 36  0  0  0  0],0.0
204.06305,9.0,111,0.0,8,8.0,[139 228  79  68 255 253 239 127],0.0
204.25775,9.0,111,0.0,8,8.0,[139 228  79  68 255 253 239 127],0.0
204.2584,9.0,101,0.0,1,1.0,[83  0  0  0  0  0  0  0],0.0
204.258401,9.0,102,0.0,6,6.0,[  3 255 242  48  84  45   0   0],0.0
204.258402,9.0,103,0.0,8,8.0,[211  27 138 176  60  53 109  17],0.0
204.258403,9.0,104,0.0,4,4.0,[ 21 246  49   0   0   0   0   0],0.0
204.25840399999998,9.0,107,0.0,5,5.0,[159   0  64  41   0   0   0   0],0.0
204.45624999999998,9.0,101,0.0,1,1.0,[83  0  0  0  0  0  0  0],0.0
204.45625099999998,9.0,102,0.0,6,6.0,[  3 199 243  48  84  45   0   0],0.0
204.45625199999998,9.0,103,0.0,8,8.0,[211  27 138 144  60  53 109  17],0.0
204.456253,9.0,104,0.0,4,4.0,[ 19 246  49   0   0   0   0   0],0.0
204.456254,9.0,107,0.0,5,5.0,[251   0 192  32   0   0   0   0],0.0
204.45909999999998,9.0,111,0.0,8,8.0,[139 220  79 196 254 253 239 127],0.0
204.65425,9.0,101,0.0,1,1.0,[83  0  0  0  0  0  0  0],0.0
204.654251,9.0,102,0.0,6,6.0,[  3 143 244  48  84  45   0   0],0.0
204.65425199999999,9.0,103,0.0,8,8.0,[211  27 138  80  60  53 109  17],0.0
204.65425299999998,9.0,104,0.0,4,4.0,[ 15 246  49   0   0   0   0   0],0.0
204.65425399999998,9.0,107,0.0,5,5.0,[143   0 192  38   0   0   0   0],0.0
204.65445,9.0,111,0.0,8,8.0,[139 236  79  68 255 253 207 127],0.0
204.85174999999998,9.0,111,0.0,8,8.0,[139 236  79 196 254 253 239 127],0.0
204.8524,9.0,101,0.0,1,1.0,[83  0  0  0  0  0  0  0],0.0
204.852401,9.0,102,0.0,6,6.0,[  3  87 245  48  84  45   0   0],0.0
204.85240199999998,9.0,103,0.0,8,8.0,[211  27 138  48  60  53 109  17],0.0
204.85240299999998,9.0,104,0.0,4,4.0,[ 13 246  41   0   0   0   0   0],0.0
204.85240399999998,9.0,107,0.0,5,5.0,[167   0  96  40   0   0   0   0],0.0
205.04975,9.0,111,0.0,8,8.0,[139 252  79  68 255 253 207 127],0.0
205.0504,9.0,101,0.0,1,1.0,[83  0  0  0  0  0  0  0],0.0
205.050401,9.0,102,0.0,6,6.0,[  3  31 246  48  84  45   0   0],0.0
205.050402,9.0,103,0.0,8,8.0,[213  27 138  16  60  53 109  17],0.0
205.050403,9.0,104,0.0,4,4.0,[ 13 246  41   0   0   0   0   0],0.0
205.050404,9.0,107,0.0,5,5.0,[121   0 160  37   0   0   0   0],0.0
205.24824999999998,9.0,101,0.0,1,1.0,[83  0  0  0  0  0  0  0],0.0
205.24825099999998,9.0,102,0.0,6,6.0,[  3 231 246  48  84  45   0   0],0.0
205.24825199999998,9.0,103,0.0,8,8.0,[213  27 138 208  59  53 109  17],0.0
205.24825299999998,9.0,104,0.0,4,4.0,[  9 246  41   0   0   0   0   0],0.0
205.248254,9.0,107,0.0,5,5.0,[101   1 160  33   0   0   0   0],0.0
205.25105,9.0,111,0.0,8,8.0,[139  12  80  68 255 253 207 127],0.0
205.44575,9.0,111,0.0,8,8.0,[141  36  80 196 255 253 175 127],0.0
205.44639999999998,9.0,101,0.0,1,1.0,[83  0  0  0  0  0  0  0],0.0
205.44640099999998,9.0,102,0.0,6,6.0,[  3 175 247  48  84  45   0   0],0.0
205.44640199999998,9.0,103,0.0,8,8.0,[213  27 138 144  59  53 109  13],0.0
205.446403,9.0,104,0.0,4,4.0,[  5 246  41   0   0   0   0   0],0.0
205.446404,9.0,107,0.0,5,5.0,[115   2 192  37   0   0   0   0],0.0
205.64425,9.0,101,0.0,1,1.0,[83  0  0  0  0  0  0  0],0.0
205.644251,9.0,102,0.0,6,6.0,[  3 119 248  48  84  45   0   0],0.0
205.644252,9.0,103,0.0,8,8.0,[215  27 138  80  59  53 109  13],0.0
205.644253,9.0,104,0.0,4,4.0,[  1 246  41   0   0   0   0   0],0.0
205.644254,9.0,107,0.0,5,5.0,[55  4 96 35  0  0  0  0],0.0
205.6465,9.0,111,0.0,8,8.0,[139  52  80 196 255 253 175 127],0.0
205.84175,9.0,111,0.0,8,8.0,[139  68  80 196 255 249 207 127],0.0
205.8424,9.0,101,0.0,1,1.0,[83  0  0  0  0  0  0  0],0.0
205.842401,9.0,102,0.0,6,6.0,[  3  63 249  48  84  45   0   0],0.0
205.842402,9.0,103,0.0,8,8.0,[217  27 138  80  59  53 109  13],0.0
205.842403,9.0,104,0.0,4,4.0,[253 245  41   0   0   0   0   0],0.0
205.842404,9.0,107,0.0,5,5.0,[123   4 128  36   0   0   0   0],0.0
206.03975,9.0,111,0.0,8,8.0,[139  76  80 196 255 253 207 127],0.0
206.04039999999998,9.0,101,0.0,1,1.0,[83  0  0  0  0  0  0  0],0.0
206.040401,9.0,102,0.0,6,6.0,[  3   7 250  48  84  45   0   0],0.0
206.040402,9.0,103,0.0,8,8.0,[219  27 138 112  59  53 109  13],0.0
206.040403,9.0,104,0.0,4,4.0,[249 245  41   0   0   0   0   0],0.0
206.040404,9.0,107,0.0,5,5.0,[127   6  32  38   0   0   0   0],0.0
206.23774999999998,9.0,111,0.0,8,8.0,[141  76  48  68   0   6 240 127],0.0
206.23839999999998,9.0,101,0.0,1,1.0,[83  0  0  0  0  0  0  0],0.0
206.23840099999998,9.0,102,0.0,6,6.0,[  3 207 250  48  84  45   0   0],0.0
206.23840199999998,9.0,103,0.0,8,8.0,[223  27 138 112  59  53 109  13],0.0
206.23840299999998,9.0,104,0.0,4,4.0,[245 245  41   0   0   0   0   0],0.0
206.238404,9.0,107,0.0,5,5.0,[203   8 224  41   0   0   0   0],0.0
206.43625,9.0,101,0.0,1,1.0,[83  0  0  0  0  0  0  0],0.0
206.436251,9.0,102,0.0,6,6.0,[  3 151 251  48  84  45   0   0],0.0
206.436252,9.0,103,0.0,8,8.0,[227  27 138 144  59  53 109  13],0.0
206.436253,9.0,104,0.0,4,4.0,[243 245  41   0   0   0   0   0],0.0
206.436254,9.0,107,0.0,5,5.0,[63 11 32 43  0  0  0  0],0.0
206.43644999999998,9.0,111,0.0,8,8.0,[141  84  80 196   0 254 239 127],0.0
206.63375,9.0,111,0.0,8,8.0,[139  68 112 196 255   5  16 128],0.0
206.6344,9.0,101,0.0,1,1.0,[83  0  0  0  0  0  0  0],0.0
206.634401,9.0,102,0.0,6,6.0,[  3  95 252  48  84  45   0   0],0.0
206.634402,9.0,103,0.0,8,8.0,[233  27 138 176  59  53 109  13],0.0
206.634403,9.0,104,0.0,4,4.0,[239 245  41   0   0   0   0   0],0.0
206.634404,9.0,107,0.0,5,5.0,[85 13 32 44  0  0  0  0],0.0
206.8318,9.0,111,0.0,8,8.0,[137  76 112 196   0   2  16 128],0.0
206.83245,9.0,101,0.0,1,1.0,[83  0  0  0  0  0  0  0],0.0
206.832451,9.0,102,0.0,6,6.0,[  3  39 253  48  84  45   0   0],0.0
206.832452,9.0,103,0.0,8,8.0,[241  27 138 208  59  53 109  13],0.0
206.832453,9.0,104,0.0,4,4.0,[235 245  41   0   0   0   0   0],0.0
206.83245399999998,9.0,107,0.0,5,5.0,[195  15  96  45   0   0   0   0],0.0
207.0298,9.0,111,0.0,8,8.0,[143  68 144  68   1 242 239 127],0.0
207.03045,9.0,101,0.0,1,1.0,[83  0  0  0  0  0  0  0],0.0
207.030451,9.0,102,0.0,6,6.0,[  3 239 253  48  84  45   0   0],0.0
207.030452,9.0,103,0.0,8,8.0,[247  27 138  16  60  53 109  13],0.0
207.030453,9.0,104,0.0,4,4.0,[231 245  41   0   0   0   0   0],0.0
207.030454,9.0,107,0.0,5,5.0,[143  18  32  47   0   0   0   0],0.0
207.2278,9.0,111,0.0,8,8.0,[139  76  48 196   0  10  80 128],0.0
207.2284,9.0,101,0.0,1,1.0,[83  0  0  0  0  0  0  0],0.0
207.228401,9.0,102,0.0,6,6.0,[  3 183 254  48  84  45   0   0],0.0
207.228402,9.0,103,0.0,8,8.0,[  1  28 138  80  60  53 109  13],0.0
207.228403,9.0,104,0.0,4,4.0,[227 245  41   0   0   0   0   0],0.0
207.22840399999998,9.0,107,0.0,5,5.0,[185  20  64  48   0   0   0   0],0.0
207.42579999999998,9.0,111,0.0,8,8.0,[139  68 144  68   0  10  80 128],0.0
207.4271,9.0,101,0.0,1,1.0,[83  0  0  0  0  0  0  0],0.0
207.427101,9.0,102,0.0,6,6.0,[  3 127 255  48  84  45   0   0],0.0
207.427102,9.0,103,0.0,8,8.0,[ 11  28 138 144  60  53 109  13],0.0
207.427103,9.0,104,0.0,4,4.0,[225 245  41   0   0   0   0   0],0.0
207.42710399999999,9.0,107,0.0,5,5.0,[111  23  64  47   0   0   0   0],0.0
207.6238,9.0,111,0.0,8,8.0,[135  68  80 196 255 245 239 128],0.0
207.62439999999998,9.0,101,0.0,1,1.0,[83  0  0  0  0  0  0  0],0.0
207.62440099999998,9.0,102,0.0,6,6.0,[ 3 71  0 49 84 45  0  0],0.0
207.624402,9.0,103,0.0,8,8.0,[ 23  28 138 240  60  53 109  13],0.0
207.624403,9.0,104,0.0,4,4.0,[221 245  41   0   0   0   0   0],0.0
207.624404,9.0,107,0.0,5,5.0,[131  25  96  44   0   0   0   0],0.0
207.8218,9.0,111,0.0,8,8.0,[139  68  48 196   1  10 240 127],0.0
207.8224,9.0,101,0.0,1,1.0,[83  0  0  0  0  0  0  0],0.0
207.82240099999999,9.0,102,0.0,6,6.0,[ 3 15  1 49 84 45  0  0],0.0
207.82240199999998,9.0,103,0.0,8,8.0,[ 33  28 138 112  61  53 109  13],0.0
207.82240299999998,9.0,104,0.0,4,4.0,[215 245  41   0   0   0   0   0],0.0
207.82240399999998,9.0,107,0.0,5,5.0,[111  28 128  44   0   0   0   0],0.0
208.0198,9.0,111,0.0,8,8.0,[137  60 112  68   1  14  16 128],0.0
208.02065,9.0,101,0.0,1,1.0,[83  0  0  0  0  0  0  0],0.0
208.020651,9.0,102,0.0,6,6.0,[  3 215   1  49  84  45   0   0],0.0
208.02065199999998,9.0,103,0.0,8,8.0,[ 47  28 138 208  61  53 109  13],0.0
208.02065299999998,9.0,104,0.0,4,4.0,[213 245  41   0   0   0   0   0],0.0
208.02065399999998,9.0,107,0.0,5,5.0,[ 49  30 128  44   0   0   0   0],0.0
208.21779999999998,9.0,111,0.0,8,8.0,[139  44 176  68   2 246 175 127],0.0
208.21845,9.0,101,0.0,1,1.0,[83  0  0  0  0  0  0  0],0.0
208.218451,9.0,102,0.0,6,6.0,[  3 159   2  49  84  45   0   0],0.0
208.21845199999998,9.0,103,0.0,8,8.0,[ 59  28 138  80  62  53 109  13],0.0
208.21845299999998,9.0,104,0.0,4,4.0,[209 245  41   0   0   0   0   0],0.0
208.21845399999998,9.0,107,0.0,5,5.0,[201  32 192  42   0   0   0   0],0.0
208.4158,9.0,111,0.0,8,8.0,[143 244 175  68   0 246 207 128],0.0
208.41645,9.0,101,0.0,1,1.0,[83  0  0  0  0  0  0  0],0.0
208.416451,9.0,102,0.0,6,6.0,[  3 103   3  49  84  45   0   0],0.0
208.416452,9.0,103,0.0,8,8.0,[ 73  28 138 176  62  53 109  13],0.0
208.416453,9.0,104,0.0,4,4.0,[207 245  41   0   0   0   0   0],0.0
208.416454,9.0,107,0.0,5,5.0,[ 21  34 160  40   0   0   0   0],0.0
208.6138,9.0,111,0.0,8,8.0,[137 220 207 196   1 250 143 128],0.0
208.61444999999998,9.0,101,0.0,1,1.0,[83  0  0  0  0  0  0  0],0.0
208.614451,9.0,102,0.0,6,6.0,[ 3 47  4 49 84 45  0  0],0.0
208.614452,9.0,103,0.0,8,8.0,[ 87  28 138  16  63  53 109  13],0.0
208.614453,9.0,104,0.0,4,4.0,[201 245  41   0   0   0   0   0],0.0
208.614454,9.0,107,0.0,5,5.0,[151  34 128  38   0   0   0   0],0.0
208.81179999999998,9.0,111,0.0,8,8.0,[135 212 207  68   4 230  47 128],0.0
208.8126,9.0,101,0.0,1,1.0,[83  0  0  0  0  0  0  0],0.0
208.812601,9.0,102,0.0,6,6.0,[  3 247   4  49  84  45   0   0],0.0
208.812602,9.0,103,0.0,8,8.0,[101  28 138 112  63  53 109  13],0.0
208.812603,9.0,104,0.0,4,4.0,[199 245  41   0   0   0   0   0],0.0
208.812604,9.0,107,0.0,5,5.0,[25 35 96 37  0  0  0  0],0.0
209.00979999999998,9.0,111,0.0,8,8.0,[137 220  15 197   5 238 111 128],0.0
209.01045,9.0,101,0.0,1,1.0,[75  0  0  0  0  0  0  0],0.0
209.010451,9.0,102,0.0,6,6.0,[  3 191   5  49  84  45   0   0],0.0
209.010452,9.0,103,0.0,8,8.0,[115  28 138 208  63  53 109  13],0.0
209.01045299999998,9.0,104,0.0,4,4.0,[195 245  41   0   0   0   0   0],0.0
209.01045399999998,9.0,107,0.0,5,5.0,[237  33 224  35   0   0   0   0],0.0
209.2078,9.0,111,0.0,8,8.0,[131 252  15 197   8 246  79 128],0.0
209.2087,9.0,101,0.0,1,1.0,[75  0  0  0  0  0  0  0],0.0
209.208701,9.0,102,0.0,6,6.0,[  3 135   6  49  84  45   0   0],0.0
209.208702,9.0,103,0.0,8,8.0,[129  28 138 208  63  53 109  13],0.0
209.20870299999999,9.0,104,0.0,4,4.0,[187 245  41   0   0   0   0   0],0.0
209.20870399999998,9.0,107,0.0,5,5.0,[193  33  32  35   0   0   0   0],0.0
209.4058,9.0,111,0.0,8,8.0,[139  20 240  68   9 234  15 129],0.0
209.4067,9.0,101,0.0,1,1.0,[75  0  0  0  0  0  0  0],0.0
209.406701,9.0,102,0.0,6,6.0,[ 3 79  7 49 84 45  0  0],0.0
209.406702,9.0,103,0.0,8,8.0,[145  28 138 240  63  53 109  13],0.0
209.406703,9.0,104,0.0,4,4.0,[183 245  41   0   0   0   0   0],0.0
209.406704,9.0,107,0.0,5,5.0,[ 3 35  0 35  0  0  0  0],0.0
209.60379999999998,9.0,111,0.0,8,8.0,[135  20  16  69  11 246  15 130],0.0
209.6051,9.0,101,0.0,1,1.0,[75  0  0  0  0  0  0  0],0.0
209.605101,9.0,102,0.0,6,6.0,[ 3 23  8 49 84 45  0  0],0.0
209.605102,9.0,103,0.0,8,8.0,[159  28 138  16  64  53 109  13],0.0
209.60510299999999,9.0,104,0.0,4,4.0,[179 245  41   0   0   0   0   0],0.0
209.60510399999998,9.0,107,0.0,5,5.0,[149  36 192  36   0   0   0   0],0.0
209.8018,9.0,111,0.0,8,8.0,[137  20 176  69  13 230  79 130],0.0
209.80245,9.0,101,0.0,1,1.0,[75  0  0  0  0  0  0  0],0.0
209.802451,9.0,102,0.0,6,6.0,[  3 223   8  49  84  45   0   0],0.0
209.802452,9.0,103,0.0,8,8.0,[177  28 138  48  64  53 109  13],0.0
209.80245299999999,9.0,104,0.0,4,4.0,[177 245  41   0   0   0   0   0],0.0
209.80245399999998,9.0,107,0.0,5,5.0,[161  37   0  39   0   0   0   0],0.0
209.9998,9.0,111,0.0,8,8.0,[129  20  48  69  17   2 240 129],0.0
210.0006,9.0,101,0.0,1,1.0,[83  0  0  0  0  0  0  0],0.0
210.000601,9.0,102,0.0,6,6.0,[  3 167   9  49  84  45   0   0],0.0
210.000602,9.0,103,0.0,8,8.0,[193  28 138 144  64  53 109  13],0.0
210.00060299999998,9.0,104,0.0,4,4.0,[175 245  41   0   0   0   0   0],0.0
210.00060399999998,9.0,107,0.0,5,5.0,[27 39 96 38  0  0  0  0],0.0
210.1978,9.0,111,0.0,8,8.0,[123  20 176 197  19 214  79 130],0.0
210.1986,9.0,101,0.0,1,1.0,[75  0  0  0  0  0  0  0],0.0
210.198601,9.0,102,0.0,6,6.0,[  3 111  10  49  84  45   0   0],0.0
210.198602,9.0,103,0.0,8,8.0,[209  28 138 208  64  53 109  13],0.0
210.198603,9.0,104,0.0,4,4.0,[171 245  41   0   0   0   0   0],0.0
210.198604,9.0,107,0.0,5,5.0,[183  37  96  47   0   0   0   0],0.0
210.39579999999998,9.0,111,0.0,8,8.0,[137  20 176 197  24 218  47 130],0.0
210.39669999999998,9.0,101,0.0,1,1.0,[75  0  0  0  0  0  0  0],0.0
210.39670099999998,9.0,102,0.0,6,6.0,[ 3 55 11 49 84 45  0  0],0.0
210.39670199999998,9.0,103,0.0,8,8.0,[227  28 138 240  64  53 109  13],0.0
210.396703,9.0,104,0.0,4,4.0,[171 245  41   0   0   0   0   0],0.0
210.396704,9.0,107,0.0,5,5.0,[109  40   0  50   0   0   0   0],0.0
210.5938,9.0,111,0.0,8,8.0,[131  12 112 198  24  18 112 131],0.0
210.5947,9.0,101,0.0,1,1.0,[75  0  0  0  0  0  0  0],0.0
210.594701,9.0,102,0.0,6,6.0,[  3 255  11  49  84  45   0   0],0.0
210.59470199999998,9.0,103,0.0,8,8.0,[245  28 138 208  64  53 109  13],0.0
210.59470299999998,9.0,104,0.0,4,4.0,[167 245  41   0   0   0   0   0],0.0
210.59470399999998,9.0,107,0.0,5,5.0,[65 42  0 51  0  0  0  0],0.0
210.79245,9.0,101,0.0,1,1.0,[75  0  0  0  0  0  0  0],0.0
210.792451,9.0,102,0.0,6,6.0,[  3 199  12  49  84  45   0   0],0.0
210.792452,9.0,103,0.0,8,8.0,[  9  29 138 208  64  53 109  13],0.0
210.792453,9.0,104,0.0,4,4.0,[163 245  41   0   0   0   0   0],0.0
210.792454,9.0,107,0.0,5,5.0,[71 44 64 62  0  0  0  0],0.0
210.79469999999998,9.0,106,0.0,3,3.0,[41  0  0  0  0  0  0  0],0.0
210.79505,9.0,111,0.0,8,8.0,[127 236 207  69  27 250 143 131],0.0
210.98985,9.0,111,0.0,8,8.0,[135 228 111  69  28 218  47 131],0.0
210.9905,9.0,101,0.0,1,1.0,[75  0  0  0  0  0  0  0],0.0
210.990501,9.0,102,0.0,6,6.0,[  3 143  13  49  84  45   0   0],0.0
210.990502,9.0,103,0.0,8,8.0,[ 29  29 138 176  64  53 109  13],0.0
210.990503,9.0,104,0.0,4,4.0,[159 245  41   0   0   0   0   0],0.0
210.990504,9.0,107,0.0,5,5.0,[189  44 224  71   0   0   0   0],0.0
211.18785,9.0,111,0.0,8,8.0,[129 204 143 197  26 242 239 131],0.0
211.18859999999998,9.0,101,0.0,1,1.0,[75  0  0  0  0  0  0  0],0.0
211.18860099999998,9.0,102,0.0,6,6.0,[ 3 87 14 49 84 45  0  0],0.0
211.188602,9.0,103,0.0,8,8.0,[ 49  29 138 112  64  53 109  13],0.0
211.188603,9.0,104,0.0,4,4.0,[155 245  41   0   0   0   0   0],0.0
211.188604,9.0,107,0.0,5,5.0,[ 21  43 160  73   0   0   0   0],0.0
211.38584999999998,9.0,111,0.0,8,8.0,[127 204 207  69  29 254  15 132],0.0
211.38735,9.0,101,0.0,1,1.0,[75  0  0  0  0  0  0  0],0.0
211.387351,9.0,102,0.0,6,6.0,[ 3 31 15 49 84 45  0  0],0.0
211.387352,9.0,103,0.0,8,8.0,[ 67  29 138 240  63  53 109  13],0.0
211.387353,9.0,104,0.0,4,4.0,[153 245  41   0   0   0   0   0],0.0
211.387354,9.0,107,0.0,5,5.0,[ 41  43 192  76   0   0   0   0],0.0
211.58384999999998,9.0,111,0.0,8,8.0,[123 220 207  69  31  34 112 131],0.0
211.5847,9.0,101,0.0,1,1.0,[75  0  0  0  0  0  0  0],0.0
211.584701,9.0,102,0.0,6,6.0,[  3 231  15  49  84  45   0   0],0.0
211.584702,9.0,103,0.0,8,8.0,[ 85  29 138 112  63  53 109  13],0.0
211.584703,9.0,104,0.0,4,4.0,[151 245  41   0   0   0   0   0],0.0
211.584704,9.0,107,0.0,5,5.0,[233  42 128  72   0   0   0   0],0.0
211.78199999999998,9.0,111,0.0,8,8.0,[117 244  15 198  33 234  15 131],0.0
211.7826,9.0,101,0.0,1,1.0,[75  0  0  0  0  0  0  0],0.0
211.782601,9.0,102,0.0,6,6.0,[  3 175  16  49  84  45   0   0],0.0
211.782602,9.0,103,0.0,8,8.0,[103  29 138 176  62  53 109  13],0.0
211.782603,9.0,104,0.0,4,4.0,[153 245  41   0   0   0   0   0],0.0
211.782604,9.0,107,0.0,5,5.0,[125  43 224  48   0   0   0   0],0.0
211.78494999999998,9.0,106,0.0,3,3.0,[53  0  0  0  0  0  0  0],0.0
211.97985,9.0,111,0.0,8,8.0,[151   4 208  70  36 230  47 131],0.0
211.98069999999998,9.0,101,0.0,1,1.0,[75  0  0  0  0  0  0  0],0.0
211.98070099999998,9.0,102,0.0,6,6.0,[  3 119  17  49  84  45   0   0],0.0
211.98070199999998,9.0,103,0.0,8,8.0,[119  29 138 240  61  53 109  13],0.0
211.98070299999998,9.0,104,0.0,4,4.0,[151 245  41   0   0   0   0   0],0.0
211.980704,9.0,107,0.0,5,5.0,[57 43 64 45  0  0  0  0],0.0
212.17784999999998,9.0,111,0.0,8,8.0,[125  28  80 198  33  18 176 132],0.0
212.1786,9.0,101,0.0,1,1.0,[75  0  0  0  0  0  0  0],0.0
212.178601,9.0,102,0.0,6,6.0,[ 3 63 18 49 84 45  0  0],0.0
212.17860199999998,9.0,103,0.0,8,8.0,[135  29 138  16  61  53 109  13],0.0
212.17860299999998,9.0,104,0.0,4,4.0,[153 245  33   0   0   0   0   0],0.0
212.17860399999998,9.0,107,0.0,5,5.0,[163  43  96  51   0   0   0   0],0.0
212.37584999999999,9.0,111,0.0,8,8.0,[123  20  48 198  35 242 239 132],0.0
212.3766,9.0,101,0.0,1,1.0,[75  0  0  0  0  0  0  0],0.0
212.376601,9.0,102,0.0,6,6.0,[ 3  7 19 49 84 45  0  0],0.0
212.376602,9.0,103,0.0,8,8.0,[155  29 138 240  59  53 109  13],0.0
212.376603,9.0,104,0.0,4,4.0,[155 245  33   0   0   0   0   0],0.0
212.376604,9.0,107,0.0,5,5.0,[ 77  48 128  48   0   0   0   0],0.0
212.57385,9.0,111,0.0,8,8.0,[125  20 112  70  36 246 111 132],0.0
212.57485,9.0,101,0.0,1,1.0,[75  0  0  0  0  0  0  0],0.0
212.574851,9.0,102,0.0,6,6.0,[  3 207  19  49  84  45   0   0],0.0
212.574852,9.0,103,0.0,8,8.0,[173  29 138 208  58  53 109  13],0.0
212.574853,9.0,104,0.0,4,4.0,[151 245  33   0   0   0   0   0],0.0
212.574854,9.0,107,0.0,5,5.0,[169  45  32  50   0   0   0   0],0.0
212.77185,9.0,111,0.0,8,8.0,[131  36  48  70  35  34 112 132],0.0
212.77284999999998,9.0,101,0.0,1,1.0,[75  0  0  0  0  0  0  0],0.0
212.772851,9.0,102,0.0,6,6.0,[  3 151  20  49  84  45   0   0],0.0
212.772852,9.0,103,0.0,8,8.0,[191  29 138 176  57  53 109  13],0.0
212.772853,9.0,104,0.0,4,4.0,[153 245  33   0   0   0   0   0],0.0
212.772854,9.0,107,0.0,5,5.0,[19 47 64 56  0  0  0  0],0.0
212.77575,9.0,106,0.0,3,3.0,[65  0  0  0  0  0  0  0],0.0
212.96984999999998,9.0,111,0.0,8,8.0,[117  20 112 198  34  58 176 132],0.0
212.9707,9.0,101,0.0,1,1.0,[75  0  0  0  0  0  0  0],0.0
212.970701,9.0,102,0.0,6,6.0,[ 3 95 21 49 84 45  0  0],0.0
212.970702,9.0,103,0.0,8,8.0,[207  29 138  16  56  53 109  13],0.0
212.970703,9.0,104,0.0,4,4.0,[149 245  33   0   0   0   0   0],0.0
212.97070399999998,9.0,107,0.0,5,5.0,[ 99  48 128  45   0   0   0   0],0.0
213.16785,9.0,111,0.0,8,8.0,[127  20  48 198  33 242  15 133],0.0
213.16875,9.0,101,0.0,1,1.0,[75  0  0  0  0  0  0  0],0.0
213.168751,9.0,102,0.0,6,6.0,[ 3 39 22 49 84 45  0  0],0.0
213.16875199999998,9.0,103,0.0,8,8.0,[223  29 138 112  54  53 109  13],0.0
213.16875299999998,9.0,104,0.0,4,4.0,[149 245  33   0   0   0   0   0],0.0
213.16875399999998,9.0,107,0.0,5,5.0,[203  50  32  50   0   0   0   0],0.0
213.36585,9.0,111,0.0,8,8.0,[115  36 208 197  33  42 240 131],0.0
213.36665,9.0,101,0.0,1,1.0,[75  0  0  0  0  0  0  0],0.0
213.366651,9.0,102,0.0,6,6.0,[  3 239  22  49  84  45   0   0],0.0
213.366652,9.0,103,0.0,8,8.0,[237  29 138 144  52  53 109  13],0.0
213.36665299999999,9.0,104,0.0,4,4.0,[151 245  33   0   0   0   0   0],0.0
213.36665399999998,9.0,107,0.0,5,5.0,[187  51 160  58   0   0   0   0],0.0
213.56385,9.0,111,0.0,8,8.0,[119  36  48  70  30 230 111 132],0.0
213.56465,9.0,101,0.0,1,1.0,[83  0  0  0  0  0  0  0],0.0
213.564651,9.0,102,0.0,6,6.0,[  3 183  23  49  84  45   0   0],0.0
213.564652,9.0,103,0.0,8,8.0,[251  29 138 208  50  53 109  13],0.0
213.564653,9.0,104,0.0,4,4.0,[153 245  33   0   0   0   0   0],0.0
213.564654,9.0,107,0.0,5,5.0,[195  52  96  60   0   0   0   0],0.0
213.76184999999998,9.0,111,0.0,8,8.0,[127  36 112  70  28  38  48 131],0.0
213.76285,9.0,101,0.0,1,1.0,[83  0  0  0  0  0  0  0],0.0
213.76285099999998,9.0,102,0.0,6,6.0,[  3 127  24  49  84  45   0   0],0.0
213.76285199999998,9.0,103,0.0,8,8.0,[  9  30 138 208  48  53 109  13],0.0
213.76285299999998,9.0,104,0.0,4,4.0,[155 245  33   0   0   0   0   0],0.0
213.762854,9.0,107,0.0,5,5.0,[193  55  64  53   0   0   0   0],0.0
213.76565,9.0,106,0.0,3,3.0,[77  0  0  0  0  0  0  0],0.0
213.95985,9.0,111,0.0,8,8.0,[125  44  48  70  24  22 208 130],0.0
213.96089999999998,9.0,101,0.0,1,1.0,[83  0  0  0  0  0  0  0],0.0
213.96090099999998,9.0,102,0.0,6,6.0,[ 3 71 25 49 84 45  0  0],0.0
213.960902,9.0,103,0.0,8,8.0,[ 23  30 138 176  46  53 109  13],0.0
213.960903,9.0,104,0.0,4,4.0,[157 245  33   0   0   0   0   0],0.0
213.960904,9.0,107,0.0,5,5.0,[129  56 160  57   0   0   0   0],0.0
214.15785,9.0,111,0.0,8,8.0,[129  52 112 197  19 198  15 131],0.0
214.15869999999998,9.0,101,0.0,1,1.0,[83  0  0  0  0  0  0  0],0.0
214.15870099999998,9.0,102,0.0,6,6.0,[ 3 15 26 49 84 45  0  0],0.0
214.15870199999998,9.0,103,0.0,8,8.0,[ 35  30 138 112  44  53 109  13],0.0
214.158703,9.0,104,0.0,4,4.0,[157 245  33   0   0   0   0   0],0.0
214.158704,9.0,107,0.0,5,5.0,[65 58 64 48  0  0  0  0],0.0
214.35585,9.0,111,0.0,8,8.0,[133  52 240 196  14 226 143 130],0.0
214.3567,9.0,101,0.0,1,1.0,[83  0  0  0  0  0  0  0],0.0
214.356701,9.0,102,0.0,6,6.0,[  3 215  26  49  84  45   0   0],0.0
214.35670199999998,9.0,103,0.0,8,8.0,[ 49  30 138  16  42  53 109  13],0.0
214.35670299999998,9.0,104,0.0,4,4.0,[155 245  33   0   0   0   0   0],0.0
214.35670399999998,9.0,107,0.0,5,5.0,[225  60 128  43   0   0   0   0],0.0
214.55384999999998,9.0,111,0.0,8,8.0,[135  52 240 196   9 226 111 129],0.0
214.55554999999998,9.0,101,0.0,1,1.0,[83  0  0  0  0  0  0  0],0.0
214.55555099999998,9.0,102,0.0,6,6.0,[  3 159  27  49  84  45   0   0],0.0
214.55555199999998,9.0,103,0.0,8,8.0,[ 63  30 138 112  39  53 109  13],0.0
214.555553,9.0,104,0.0,4,4.0,[155 245  33   0   0   0   0   0],0.0
214.555554,9.0,107,0.0,5,5.0,[ 83  64 160  41   0   0   0   0],0.0
214.75185,9.0,111,0.0,8,8.0,[133  60 240 195   1 242 175 128],0.0
214.75265,9.0,101,0.0,1,1.0,[83  0  0  0  0  0  0  0],0.0
214.752651,9.0,102,0.0,6,6.0,[  3 103  28  49  84  45   0   0],0.0
214.75265199999998,9.0,103,0.0,8,8.0,[ 77  30 138 240  36  53 109  13],0.0
214.75265299999998,9.0,104,0.0,4,4.0,[155 245  33   0   0   0   0   0],0.0
214.75265399999998,9.0,107,0.0,5,5.0,[57 66 64 34  0  0  0  0],0.0
214.75555,9.0,106,0.0,3,3.0,[93  0  0  0  0  0  0  0],0.0
214.94985,9.0,111,0.0,8,8.0,[147  36 112 196 255 241 207 127],0.0
214.95085,9.0,101,0.0,1,1.0,[83  0  0  0  0  0  0  0],0.0
214.950851,9.0,102,0.0,6,6.0,[ 3 47 29 49 84 45  0  0],0.0
214.950852,9.0,103,0.0,8,8.0,[ 89  30 138  80  34  53 109  13],0.0
214.950853,9.0,104,0.0,4,4.0,[157 245  33   0   0   0   0   0],0.0
214.950854,9.0,107,0.0,5,5.0,[55 67 64 33  0  0  0  0],0.0
215.1479,9.0,111,0.0,8,8.0,[137  36 112 196 253 225 143 127],0.0
215.14884999999998,9.0,101,0.0,1,1.0,[83  0  0  0  0  0  0  0],0.0
215.14885099999998,9.0,102,0.0,6,6.0,[  3 247  29  49  84  45   0   0],0.0
215.14885199999998,9.0,103,0.0,8,8.0,[101  30 138 176  31  53 109  13],0.0
215.148853,9.0,104,0.0,4,4.0,[157 245  33   0   0   0   0   0],0.0
215.148854,9.0,107,0.0,5,5.0,[ 9 69 32 40  0  0  0  0],0.0
215.3459,9.0,111,0.0,8,8.0,[139  28 112 196 253   5  48 127],0.0
215.34689999999998,9.0,101,0.0,1,1.0,[83  0  0  0  0  0  0  0],0.0
215.346901,9.0,102,0.0,6,6.0,[  3 191  30  49  84  45   0   0],0.0
215.346902,9.0,103,0.0,8,8.0,[115  30 138 208  28  53 109  13],0.0
215.346903,9.0,104,0.0,4,4.0,[159 245  33   0   0   0   0   0],0.0
215.346904,9.0,107,0.0,5,5.0,[201  70 160  33   0   0   0   0],0.0
215.54389999999998,9.0,111,0.0,8,8.0,[171  36  48 196 253 233  15 127],0.0
215.54489999999998,9.0,101,0.0,1,1.0,[83  0  0  0  0  0  0  0],0.0
215.54490099999998,9.0,102,0.0,6,6.0,[  3 135  31  49  84  45   0   0],0.0
215.54490199999998,9.0,103,0.0,8,8.0,[127  30 138  16  26  53 109   9],0.0
215.54490299999998,9.0,104,0.0,4,4.0,[163 245  33   0   0   0   0   0],0.0
215.544904,9.0,107,0.0,5,5.0,[ 7 72 64 35  0  0  0  0],0.0
215.7419,9.0,111,0.0,8,8.0,[149  20 240 196 253 253 175 127],0.0
215.7429,9.0,101,0.0,1,1.0,[83  0  0  0  0  0  0  0],0.0
215.742901,9.0,102,0.0,6,6.0,[ 3 79 32 49 84 45  0  0],0.0
215.742902,9.0,103,0.0,8,8.0,[141  30 138  48  23  53 109   9],0.0
215.74290299999998,9.0,104,0.0,4,4.0,[167 245  33   0   0   0   0   0],0.0
215.74290399999998,9.0,107,0.0,5,5.0,[ 73  73 128  39   0   0   0   0],0.0
215.74505,9.0,106,0.0,3,3.0,[111   0   0   0   0   0   0   0],0.0
215.9399,9.0,111,0.0,8,8.0,[129  52 240 195 255  29  16 127],0.0
215.94154999999998,9.0,101,0.0,1,1.0,[83  0  0  0  0  0  0  0],0.0
215.941551,9.0,102,0.0,6,6.0,[ 3 23 33 49 84 45  0  0],0.0
215.941552,9.0,103,0.0,8,8.0,[153  30 138 112  20  53 109   9],0.0
215.941553,9.0,104,0.0,4,4.0,[167 245  33   0   0   0   0   0],0.0
215.941554,9.0,107,0.0,5,5.0,[169  73  64  35   0   0   0   0],0.0
216.1379,9.0,111,0.0,8,8.0,[141  28 240  68 251  25 144 129],0.0
216.13889999999998,9.0,101,0.0,1,1.0,[83  0  0  0  0  0  0  0],0.0
216.138901,9.0,102,0.0,6,6.0,[  3 223  33  49  84  45   0   0],0.0
216.138902,9.0,103,0.0,8,8.0,[167  30 138 112  17  53 109   9],0.0
216.138903,9.0,104,0.0,4,4.0,[169 245  33   0   0   0   0   0],0.0
216.138904,9.0,107,0.0,5,5.0,[221  75  96  34   0   0   0   0],0.0
216.33589999999998,9.0,111,0.0,8,8.0,[129  28  80 196 255 221 175 127],0.0
216.33689999999999,9.0,101,0.0,1,1.0,[83  0  0  0  0  0  0  0],0.0
216.33690099999998,9.0,102,0.0,6,6.0,[  3 167  34  49  84  45   0   0],0.0
216.33690199999998,9.0,103,0.0,8,8.0,[181  30 138 144  14  53 109   9],0.0
216.33690299999998,9.0,104,0.0,4,4.0,[169 245  33   0   0   0   0   0],0.0
216.336904,9.0,107,0.0,5,5.0,[  9  77 224  39   0   0   0   0],0.0
216.53385,9.0,111,0.0,8,8.0,[139  28 112 196 255 249  15 128],0.0
216.5349,9.0,101,0.0,1,1.0,[83  0  0  0  0  0  0  0],0.0
216.534901,9.0,102,0.0,6,6.0,[  3 111  35  49  84  45   0   0],0.0
216.534902,9.0,103,0.0,8,8.0,[195  30 138 112  11  53 109   9],0.0
216.53490299999999,9.0,104,0.0,4,4.0,[173 245  33   0   0   0   0   0],0.0
216.53490399999998,9.0,107,0.0,5,5.0,[79 78 96 34  0  0  0  0],0.0
216.7319,9.0,111,0.0,8,8.0,[139  12 112  68 255 245 175 127],0.0
216.7329,9.0,101,0.0,1,1.0,[83  0  0  0  0  0  0  0],0.0
216.732901,9.0,102,0.0,6,6.0,[ 3 55 36 49 84 45  0  0],0.0
216.732902,9.0,103,0.0,8,8.0,[209  30 138  80   8  53 109   9],0.0
216.732903,9.0,104,0.0,4,4.0,[171 245  33   0   0   0   0   0],0.0
216.732904,9.0,107,0.0,5,5.0,[141  79  32  40   0   0   0   0],0.0
216.73505,9.0,106,0.0,3,3.0,[131   0   0   0   0   0   0   0],0.0
216.9299,9.0,111,0.0,8,8.0,[135 220 175 196 254   5  16 128],0.0
216.93089999999998,9.0,101,0.0,1,1.0,[83  0  0  0  0  0  0  0],0.0
216.93090099999998,9.0,102,0.0,6,6.0,[  3 255  36  49  84  45   0   0],0.0
216.930902,9.0,103,0.0,8,8.0,[223  30 138  48   5  53 109   9],0.0
216.930903,9.0,104,0.0,4,4.0,[171 245  33   0   0   0   0   0],0.0
216.930904,9.0,107,0.0,5,5.0,[153  79 224  42   0   0   0   0],0.0
217.12789999999998,9.0,111,0.0,8,8.0,[133 220  47 196 254   5  80 128],0.0
217.1289,9.0,101,0.0,1,1.0,[83  0  0  0  0  0  0  0],0.0
217.12890099999998,9.0,102,0.0,6,6.0,[  3 199  37  49  84  45   0   0],0.0
217.12890199999998,9.0,103,0.0,8,8.0,[239  30 138  16   2  53 109   9],0.0
217.12890299999998,9.0,104,0.0,4,4.0,[171 245  33   0   0   0   0   0],0.0
217.12890399999998,9.0,107,0.0,5,5.0,[185  79 128  44   0   0   0   0],0.0
217.3259,9.0,111,0.0,8,8.0,[141 212 143 196 255 253  15 128],0.0
217.52415,9.0,101,0.0,1,1.0,[83  0  0  0  0  0  0  0],0.0
217.524151,9.0,102,0.0,6,6.0,[  3 143  38  49  84  45   0   0],0.0
217.524152,9.0,103,0.0,8,8.0,[253  30 138 240 254  52 109   9],0.0
217.52415299999998,9.0,104,0.0,4,4.0,[167 245  33   0   0   0   0   0],0.0
217.52415399999998,9.0,107,0.0,5,5.0,[235  78  96  44   0   0   0   0],0.0
217.5273,9.0,111,0.0,8,8.0,[141 212 143  68 255 253  47 128],0.0
217.72215,9.0,101,0.0,1,1.0,[75  0  0  0  0  0  0  0],0.0
217.722151,9.0,102,0.0,6,6.0,[ 3 87 39 49 84 45  0  0],0.0
217.722152,9.0,103,0.0,8,8.0,[ 13  31 138 208 251  52 109   9],0.0
217.722153,9.0,104,0.0,4,4.0,[167 245  33   0   0   0   0   0],0.0
217.722154,9.0,107,0.0,5,5.0,[57 80 96 45  0  0  0  0],0.0
217.72465,9.0,111,0.0,8,8.0,[141 228  79 196 255 233 207 127],0.0
217.92014999999998,9.0,101,0.0,1,1.0,[75  0  0  0  0  0  0  0],0.0
217.920151,9.0,102,0.0,6,6.0,[ 3 31 40 49 84 45  0  0],0.0
217.920152,9.0,103,0.0,8,8.0,[ 27  31 138 144 248  52 109   9],0.0
217.920153,9.0,104,0.0,4,4.0,[167 245  33   0   0   0   0   0],0.0
217.920154,9.0,107,0.0,5,5.0,[ 83  79 224  44   0   0   0   0],0.0
217.92239999999998,9.0,106,0.0,3,3.0,[151   0   0   0   0   0   0   0],0.0
217.9228,9.0,111,0.0,8,8.0,[137 228  79  68 255 237 207 127],0.0
218.11814999999999,9.0,101,0.0,1,1.0,[75  0  0  0  0  0  0  0],0.0
218.11815099999998,9.0,102,0.0,6,6.0,[  3 231  40  49  84  45   0   0],0.0
218.11815199999998,9.0,103,0.0,8,8.0,[ 41  31 138 112 245  52 109   9],0.0
218.11815299999998,9.0,104,0.0,4,4.0,[165 245  33   0   0   0   0   0],0.0
218.118154,9.0,107,0.0,5,5.0,[177  79 128  48   0   0   0   0],0.0
218.1213,9.0,111,0.0,8,8.0,[139 220 239 196 254   5 208 127],0.0
218.31615,9.0,101,0.0,1,1.0,[75  0  0  0  0  0  0  0],0.0
218.316151,9.0,102,0.0,6,6.0,[  3 175  41  49  84  45   0   0],0.0
218.316152,9.0,103,0.0,8,8.0,[ 57  31 138  80 242  52 109   9],0.0
218.31615299999999,9.0,104,0.0,4,4.0,[165 245  33   0   0   0   0   0],0.0
218.31615399999998,9.0,107,0.0,5,5.0,[195  79   0  48   0   0   0   0],0.0
218.31865,9.0,111,0.0,8,8.0,[139 220 239  67 254  17 144 127],0.0
218.51415,9.0,101,0.0,1,1.0,[75  0  0  0  0  0  0  0],0.0
218.514151,9.0,102,0.0,6,6.0,[  3 119  42  49  84  45   0   0],0.0
218.514152,9.0,103,0.0,8,8.0,[ 71  31 138  48 239  52 109   9],0.0
218.514153,9.0,104,0.0,4,4.0,[165 245  33   0   0   0   0   0],0.0
218.514154,9.0,107,0.0,5,5.0,[ 99  80 224  45   0   0   0   0],0.0
218.51729999999998,9.0,111,0.0,8,8.0,[137 212  15  68 253 249 207 127],0.0
218.7122,9.0,101,0.0,1,1.0,[75  0  0  0  0  0  0  0],0.0
218.712201,9.0,102,0.0,6,6.0,[ 3 63 43 49 84 45  0  0],0.0
218.712202,9.0,103,0.0,8,8.0,[ 85  31 138  16 236  52 109   9],0.0
218.712203,9.0,104,0.0,4,4.0,[167 245  33   0   0   0   0   0],0.0
218.71220399999999,9.0,107,0.0,5,5.0,[117  78  96  46   0   0   0   0],0.0
218.71464999999998,9.0,111,0.0,8,8.0,[135 220 111  68 254   1 176 127],0.0
218.9102,9.0,101,0.0,1,1.0,[75  0  0  0  0  0  0  0],0.0
218.910201,9.0,102,0.0,6,6.0,[ 3  7 44 49 84 45  0  0],0.0
218.910202,9.0,103,0.0,8,8.0,[ 99  31 138 240 232  52 109   9],0.0
218.910203,9.0,104,0.0,4,4.0,[167 245  33   0   0   0   0   0],0.0
218.910204,9.0,107,0.0,5,5.0,[ 83  78 192  44   0   0   0   0],0.0
218.9131,9.0,106,0.0,3,3.0,[171   0   0   0   0   0   0   0],0.0
218.91344999999998,9.0,111,0.0,8,8.0,[141 212  79  68 254   1  16 128],0.0
219.10819999999998,9.0,101,0.0,1,1.0,[75  0  0  0  0  0  0  0],0.0
219.10820099999998,9.0,102,0.0,6,6.0,[  3 207  44  49  84  45   0   0],0.0
219.10820199999998,9.0,103,0.0,8,8.0,[113  31 138 240 229  52 109   9],0.0
219.108203,9.0,104,0.0,4,4.0,[167 245  33   0   0   0   0   0],0.0
219.108204,9.0,107,0.0,5,5.0,[45 78  0 45  0  0  0  0],0.0
219.11065,9.0,111,0.0,8,8.0,[141 212  15  68 254 249  15 128],0.0
219.3064,9.0,101,0.0,1,1.0,[75  0  0  0  0  0  0  0],0.0
219.306401,9.0,102,0.0,6,6.0,[  3 151  45  49  84  45   0   0],0.0
219.306402,9.0,103,0.0,8,8.0,[127  31 138 208 226  52 109   9],0.0
219.306403,9.0,104,0.0,4,4.0,[165 245  33   0   0   0   0   0],0.0
219.306404,9.0,107,0.0,5,5.0,[169  78   0  45   0   0   0   0],0.0
219.30865,9.0,111,0.0,8,8.0,[139 220  47 196 254 249 175 127],0.0
219.5042,9.0,101,0.0,1,1.0,[75  0  0  0  0  0  0  0],0.0
219.504201,9.0,102,0.0,6,6.0,[ 3 95 46 49 84 45  0  0],0.0
219.504202,9.0,103,0.0,8,8.0,[143  31 138 176 223  52 109   9],0.0
219.504203,9.0,104,0.0,4,4.0,[165 245  33   0   0   0   0   0],0.0
219.504204,9.0,107,0.0,5,5.0,[ 47  78 192  44   0   0   0   0],0.0
219.5073,9.0,111,0.0,8,8.0,[139 220 111  68 255   5 176 127],0.0
219.70239999999998,9.0,101,0.0,1,1.0,[75  0  0  0  0  0  0  0],0.0
219.70240099999998,9.0,102,0.0,6,6.0,[ 3 39 47 49 84 45  0  0],0.0
219.70240199999998,9.0,103,0.0,8,8.0,[157  31 138 144 220  52 109   9],0.0
219.702403,9.0,104,0.0,4,4.0,[165 245  33   0   0   0   0   0],0.0
219.702404,9.0,107,0.0,5,5.0,[ 13  78 224  44   0   0   0   0],0.0
219.70465,9.0,111,0.0,8,8.0,[143 228  15  68 255 253 207 127],0.0
219.9004,9.0,101,0.0,1,1.0,[75  0  0  0  0  0  0  0],0.0
219.900401,9.0,102,0.0,6,6.0,[  3 239  47  49  84  45   0   0],0.0
219.90040199999999,9.0,103,0.0,8,8.0,[171  31 138 144 217  52 109   9],0.0
219.90040299999998,9.0,104,0.0,4,4.0,[167 245  33   0   0   0   0   0],0.0
219.90040399999998,9.0,107,0.0,5,5.0,[109  77  96  43   0   0   0   0],0.0
219.90324999999999,9.0,106,0.0,3,3.0,[191   0   0   0   0   0   0   0],0.0
219.90359999999998,9.0,111,0.0,8,8.0,[141 220  15 196 254   1 208 127],0.0
220.0982,9.0,101,0.0,1,1.0,[75  0  0  0  0  0  0  0],0.0
220.098201,9.0,102,0.0,6,6.0,[  3 183  48  49  84  45   0   0],0.0
220.098202,9.0,103,0.0,8,8.0,[187  31 138 112 214  52 109   9],0.0
220.09820299999998,9.0,104,0.0,4,4.0,[167 245  33   0   0   0   0   0],0.0
220.09820399999998,9.0,107,0.0,5,5.0,[253  78 192  44   0   0   0   0],0.0
220.1007,9.0,111,0.0,8,8.0,[141 228  79 196 254 249 207 127],0.0
220.2962,9.0,101,0.0,1,1.0,[75  0  0  0  0  0  0  0],0.0
220.296201,9.0,102,0.0,6,6.0,[  3 127  49  49  84  45   0   0],0.0
220.296202,9.0,103,0.0,8,8.0,[203  31 138  80 211  52 109   9],0.0
220.296203,9.0,104,0.0,4,4.0,[167 245  33   0   0   0   0   0],0.0
220.296204,9.0,107,0.0,5,5.0,[113  78 160  42   0   0   0   0],0.0
220.29935,9.0,111,0.0,8,8.0,[141 236 111  68 254 245 239 127],0.0
220.49439999999998,9.0,101,0.0,1,1.0,[75  0  0  0  0  0  0  0],0.0
220.49440099999998,9.0,102,0.0,6,6.0,[ 3 71 50 49 84 45  0  0],0.0
220.49440199999998,9.0,103,0.0,8,8.0,[219  31 138  80 208  52 109   9],0.0
220.49440299999998,9.0,104,0.0,4,4.0,[165 245  33   0   0   0   0   0],0.0
220.494404,9.0,107,0.0,5,5.0,[189  78 128  41   0   0   0   0],0.0
220.49665,9.0,111,0.0,8,8.0,[137 244 239  67 254 197 111 128],0.0
220.69219999999999,9.0,101,0.0,1,1.0,[75  0  0  0  0  0  0  0],0.0
220.69220099999998,9.0,102,0.0,6,6.0,[ 3 15 51 49 84 45  0  0],0.0
220.69220199999998,9.0,103,0.0,8,8.0,[233  31 138  48 205  52 109   9],0.0
220.69220299999998,9.0,104,0.0,4,4.0,[165 245  33   0   0   0   0   0],0.0
220.692204,9.0,107,0.0,5,5.0,[241  78  64  40   0   0   0   0],0.0
220.69535,9.0,111,0.0,8,8.0,[135 244 143  68 254 245 207 127],0.0
220.89045,9.0,101,0.0,1,1.0,[75  0  0  0  0  0  0  0],0.0
220.89045099999998,9.0,102,0.0,6,6.0,[  3 215  51  49  84  45   0   0],0.0
220.89045199999998,9.0,103,0.0,8,8.0,[249  31 138  16 202  52 109   9],0.0
220.89045299999998,9.0,104,0.0,4,4.0,[165 245  33   0   0   0   0   0],0.0
220.89045399999998,9.0,107,0.0,5,5.0,[75 79 64 36  0  0  0  0],0.0
220.8926,9.0,106,0.0,3,3.0,[211   0   0   0   0   0   0   0],0.0
220.89345,9.0,111,0.0,8,8.0,[143 244  47  68 255 225 143 127],0.0
221.08845,9.0,101,0.0,1,1.0,[75  0  0  0  0  0  0  0],0.0
221.088451,9.0,102,0.0,6,6.0,[  3 159  52  49  84  45   0   0],0.0
221.088452,9.0,103,0.0,8,8.0,[  9  32 138 240 198  52 109   9],0.0
221.088453,9.0,104,0.0,4,4.0,[165 245  33   0   0   0   0   0],0.0
221.08845399999998,9.0,107,0.0,5,5.0,[ 53  79 160  34   0   0   0   0],0.0
221.09064999999998,9.0,111,0.0,8,8.0,[139 236 175  68 254 241  15 128],0.0
221.28619999999998,9.0,101,0.0,1,1.0,[75  0  0  0  0  0  0  0],0.0
221.28620099999998,9.0,102,0.0,6,6.0,[  3 103  53  49  84  45   0   0],0.0
221.286202,9.0,103,0.0,8,8.0,[ 25  32 138 240 195  52 109   9],0.0
221.286203,9.0,104,0.0,4,4.0,[163 245  33   0   0   0   0   0],0.0
221.286204,9.0,107,0.0,5,5.0,[61 79 64 34  0  0  0  0],0.0
221.28934999999998,9.0,111,0.0,8,8.0,[137 236 111  68 255   9 176 127],0.0
221.4842,9.0,101,0.0,1,1.0,[75  0  0  0  0  0  0  0],0.0
221.48420099999998,9.0,102,0.0,6,6.0,[ 3 47 54 49 84 45  0  0],0.0
221.48420199999998,9.0,103,0.0,8,8.0,[ 39  32 138 176 192  52 109   9],0.0
221.48420299999998,9.0,104,0.0,4,4.0,[165 245  33   0   0   0   0   0],0.0
221.48420399999998,9.0,107,0.0,5,5.0,[ 57  80 192  33   0   0   0   0],0.0
221.48665,9.0,111,0.0,8,8.0,[139 236  79 196 254   1 208 127],0.0
221.68245,9.0,101,0.0,1,1.0,[75  0  0  0  0  0  0  0],0.0
221.682451,9.0,102,0.0,6,6.0,[  3 247  54  49  84  45   0   0],0.0
221.68245199999998,9.0,103,0.0,8,8.0,[ 55  32 138 144 189  52 109   9],0.0
221.68245299999998,9.0,104,0.0,4,4.0,[165 245  33   0   0   0   0   0],0.0
221.68245399999998,9.0,107,0.0,5,5.0,[ 83  80 224  33   0   0   0   0],0.0
221.68535,9.0,111,0.0,8,8.0,[141 236 175 196 254   9 176 127],0.0
221.87994999999998,9.0,111,0.0,8,8.0,[137 244  79 196 254  13 208 127],0.0
221.8806,9.0,101,0.0,1,1.0,[75  0  0  0  0  0  0  0],0.0
221.88060099999998,9.0,102,0.0,6,6.0,[  3 191  55  49  84  45   0   0],0.0
221.88060199999998,9.0,103,0.0,8,8.0,[ 71  32 138 112 186  52 109   9],0.0
221.88060299999998,9.0,104,0.0,4,4.0,[165 245  33   0   0   0   0   0],0.0
221.88060399999998,9.0,107,0.0,5,5.0,[ 91  80 192  33   0   0   0   0],0.0
221.88285,9.0,106,0.0,3,3.0,[233   0   0   0   0   0   0   0],0.0
222.07845,9.0,101,0.0,1,1.0,[75  0  0  0  0  0  0  0],0.0
222.078451,9.0,102,0.0,6,6.0,[  3 135  56  49  84  45   0   0],0.0
222.078452,9.0,103,0.0,8,8.0,[ 87  32 138  48 183  52 109   9],0.0
222.078453,9.0,104,0.0,4,4.0,[165 245  33   0   0   0   0   0],0.0
222.078454,9.0,107,0.0,5,5.0,[205  80   0  35   0   0   0   0],0.0
222.08135,9.0,111,0.0,8,8.0,[137 220  15 196 253 249  47 128],0.0
222.27644999999998,9.0,101,0.0,1,1.0,[83  0  0  0  0  0  0  0],0.0
222.27645099999998,9.0,102,0.0,6,6.0,[ 3 79 57 49 84 45  0  0],0.0
222.27645199999998,9.0,103,0.0,8,8.0,[101  32 138  16 180  52 109   9],0.0
222.276453,9.0,104,0.0,4,4.0,[163 245  33   0   0   0   0   0],0.0
222.276454,9.0,107,0.0,5,5.0,[95 80 32 34  0  0  0  0],0.0
222.2787,9.0,111,0.0,8,8.0,[139 220  79  68 254  13 176 127],0.0
222.4742,9.0,101,0.0,1,1.0,[83  0  0  0  0  0  0  0],0.0
222.474201,9.0,102,0.0,6,6.0,[ 3 23 58 49 84 45  0  0],0.0
222.474202,9.0,103,0.0,8,8.0,[117  32 138 240 176  52 109   9],0.0
222.474203,9.0,104,0.0,4,4.0,[163 245  33   0   0   0   0   0],0.0
222.474204,9.0,107,0.0,5,5.0,[ 69  79 224  35   0   0   0   0],0.0
222.4767,9.0,111,0.0,8,8.0,[147 204  79 196 254  25  80 127],0.0
222.67245,9.0,101,0.0,1,1.0,[83  0  0  0  0  0  0  0],0.0
222.672451,9.0,102,0.0,6,6.0,[  3 223  58  49  84  45   0   0],0.0
222.672452,9.0,103,0.0,8,8.0,[133  32 138 240 173  52 109   9],0.0
222.672453,9.0,104,0.0,4,4.0,[163 245  33   0   0   0   0   0],0.0
222.672454,9.0,107,0.0,5,5.0,[23 79 64 36  0  0  0  0],0.0
222.6755,9.0,111,0.0,8,8.0,[139 244 175 196 253 225 111 127],0.0
222.87044999999998,9.0,101,0.0,1,1.0,[75  0  0  0  0  0  0  0],0.0
222.870451,9.0,102,0.0,6,6.0,[  3 167  59  49  84  45   0   0],0.0
222.870452,9.0,103,0.0,8,8.0,[147  32 138 208 170  52 109   9],0.0
222.870453,9.0,104,0.0,4,4.0,[161 245  25   0   0   0   0   0],0.0
222.870454,9.0,107,0.0,5,5.0,[145  79  32  36   0   0   0   0],0.0
222.87259999999998,9.0,106,0.0,3,3.0,[253   0   0   0   0   0   0   0],0.0
222.87285,9.0,111,0.0,8,8.0,[149 244 111  68 255   9 176 127],0.0
223.06795,9.0,111,0.0,8,8.0,[127 244 143  68 254 177 111 127],0.0
223.0686,9.0,101,0.0,1,1.0,[83  0  0  0  0  0  0  0],0.0
223.068601,9.0,102,0.0,6,6.0,[  3 111  60  49  84  45   0   0],0.0
223.068602,9.0,103,0.0,8,8.0,[163  32 138 176 167  52 109   9],0.0
223.068603,9.0,104,0.0,4,4.0,[161 245  25   0   0   0   0   0],0.0
223.068604,9.0,107,0.0,5,5.0,[235  80  32  36   0   0   0   0],0.0
223.26645,9.0,101,0.0,1,1.0,[83  0  0  0  0  0  0  0],0.0
223.266451,9.0,102,0.0,6,6.0,[ 3 55 61 49 84 45  0  0],0.0
223.266452,9.0,103,0.0,8,8.0,[179  32 138 144 164  52 109   9],0.0
223.26645299999998,9.0,104,0.0,4,4.0,[161 245  25   0   0   0   0   0],0.0
223.26645399999998,9.0,107,0.0,5,5.0,[75 80 32 36  0  0  0  0],0.0
223.2687,9.0,111,0.0,8,8.0,[141 244 143  67 255 249 111 127],0.0
223.46445,9.0,101,0.0,1,1.0,[83  0  0  0  0  0  0  0],0.0
223.464451,9.0,102,0.0,6,6.0,[  3 255  61  49  84  45   0   0],0.0
223.464452,9.0,103,0.0,8,8.0,[197  32 138 112 161  52 109   9],0.0
223.464453,9.0,104,0.0,4,4.0,[161 245  25   0   0   0   0   0],0.0
223.464454,9.0,107,0.0,5,5.0,[113  80 128  35   0   0   0   0],0.0
223.4674,9.0,111,0.0,8,8.0,[137 244 143  68 253 241  47 128],0.0
223.66199999999998,9.0,111,0.0,8,8.0,[137 244  79  68 253   9  16 129],0.0
223.66264999999999,9.0,101,0.0,1,1.0,[83  0  0  0  0  0  0  0],0.0
223.66265099999998,9.0,102,0.0,6,6.0,[  3 199  62  49  84  45   0   0],0.0
223.66265199999998,9.0,103,0.0,8,8.0,[213  32 138  80 158  52 109   9],0.0
223.66265299999998,9.0,104,0.0,4,4.0,[161 245  25   0   0   0   0   0],0.0
223.662654,9.0,107,0.0,5,5.0,[103  81 160  35   0   0   0   0],0.0
223.86045,9.0,101,0.0,1,1.0,[83  0  0  0  0  0  0  0],0.0
223.86045099999998,9.0,102,0.0,6,6.0,[  3 143  63  49  84  45   0   0],0.0
223.86045199999998,9.0,103,0.0,8,8.0,[231  32 138  48 155  52 109   9],0.0
223.86045299999998,9.0,104,0.0,4,4.0,[159 245  25   0   0   0   0   0],0.0
223.86045399999998,9.0,107,0.0,5,5.0,[ 75  81 192  34   0   0   0   0],0.0
223.86329999999998,9.0,106,0.0,3,3.0,[17  1  0  0  0  0  0  0],0.0
223.86355,9.0,111,0.0,8,8.0,[135 252  47 196 254  17 144 127],0.0
224.05845,9.0,101,0.0,1,1.0,[83  0  0  0  0  0  0  0],0.0
224.058451,9.0,102,0.0,6,6.0,[ 3 87 64 49 84 45  0  0],0.0
224.058452,9.0,103,0.0,8,8.0,[247  32 138 240 151  52 109   9],0.0
224.058453,9.0,104,0.0,4,4.0,[159 245  25   0   0   0   0   0],0.0
224.05845399999998,9.0,107,0.0,5,5.0,[ 53  82 128  34   0   0   0   0],0.0
224.06134999999998,9.0,111,0.0,8,8.0,[141 236 175 196 254 249 111 127],0.0
224.256,9.0,111,0.0,8,8.0,[135 244  47  68 252 253  15 129],0.0
224.2566,9.0,101,0.0,1,1.0,[83  0  0  0  0  0  0  0],0.0
224.256601,9.0,102,0.0,6,6.0,[ 3 31 65 49 84 45  0  0],0.0
224.256602,9.0,103,0.0,8,8.0,[  9  33 138 208 148  52 109   9],0.0
224.25660299999998,9.0,104,0.0,4,4.0,[159 245  25   0   0   0   0   0],0.0
224.25660399999998,9.0,107,0.0,5,5.0,[127  82  32  35   0   0   0   0],0.0
224.45399999999998,9.0,111,0.0,8,8.0,[139 236  79 196 253 229 175 127],0.0
224.4546,9.0,101,0.0,1,1.0,[83  0  0  0  0  0  0  0],0.0
224.454601,9.0,102,0.0,6,6.0,[  3 231  65  49  84  45   0   0],0.0
224.454602,9.0,103,0.0,8,8.0,[ 25  33 138 144 145  52 109   9],0.0
224.454603,9.0,104,0.0,4,4.0,[159 245  25   0   0   0   0   0],0.0
224.454604,9.0,107,0.0,5,5.0,[113  83 224  36   0   0   0   0],0.0
224.65245,9.0,101,0.0,1,1.0,[83  0  0  0  0  0  0  0],0.0
224.65245099999999,9.0,102,0.0,6,6.0,[  3 175  66  49  84  45   0   0],0.0
224.65245199999998,9.0,103,0.0,8,8.0,[ 43  33 138 112 142  52 109   9],0.0
224.65245299999998,9.0,104,0.0,4,4.0,[157 245  25   0   0   0   0   0],0.0
224.65245399999998,9.0,107,0.0,5,5.0,[53 83 32 37  0  0  0  0],0.0
224.6547,9.0,111,0.0,8,8.0,[143 220 111  68 255 245  79 127],0.0
224.85,9.0,111,0.0,8,8.0,[141 220  47 196 253 249  15 128],0.0
224.8506,9.0,101,0.0,1,1.0,[83  0  0  0  0  0  0  0],0.0
224.85060099999998,9.0,102,0.0,6,6.0,[  3 119  67  49  84  45   0   0],0.0
224.85060199999998,9.0,103,0.0,8,8.0,[ 61  33 138  48 139  52 109   9],0.0
224.85060299999998,9.0,104,0.0,4,4.0,[157 245  25   0   0   0   0   0],0.0
224.85060399999998,9.0,107,0.0,5,5.0,[211  82  96  38   0   0   0   0],0.0
224.8535,9.0,106,0.0,3,3.0,[39  1  0  0  0  0  0  0],0.0
225.04845,9.0,101,0.0,1,1.0,[83  0  0  0  0  0  0  0],0.0
225.048451,9.0,102,0.0,6,6.0,[ 3 63 68 49 84 45  0  0],0.0
225.048452,9.0,103,0.0,8,8.0,[ 77  33 138 240 135  52 109   9],0.0
225.048453,9.0,104,0.0,4,4.0,[155 245  25   0   0   0   0   0],0.0
225.048454,9.0,107,0.0,5,5.0,[119  82  32  37   0   0   0   0],0.0
225.05069999999998,9.0,111,0.0,8,8.0,[141 212  15 196 252   9 112 127],0.0
225.24644999999998,9.0,101,0.0,1,1.0,[75  0  0  0  0  0  0  0],0.0
225.24645099999998,9.0,102,0.0,6,6.0,[ 3  7 69 49 84 45  0  0],0.0
225.24645199999998,9.0,103,0.0,8,8.0,[ 95  33 138 208 132  52 109   9],0.0
225.246453,9.0,104,0.0,4,4.0,[155 245  25   0   0   0   0   0],0.0
225.246454,9.0,107,0.0,5,5.0,[193  81 160  35   0   0   0   0],0.0
225.24939999999998,9.0,111,0.0,8,8.0,[139 212  15  68 252   5 144 127],0.0
225.444,9.0,111,0.0,8,8.0,[139 212  47  68 252 237 143 127],0.0
225.44465,9.0,101,0.0,1,1.0,[75  0  0  0  0  0  0  0],0.0
225.444651,9.0,102,0.0,6,6.0,[  3 207  69  49  84  45   0   0],0.0
225.444652,9.0,103,0.0,8,8.0,[111  33 138 144 129  52 109   9],0.0
225.444653,9.0,104,0.0,4,4.0,[155 245  25   0   0   0   0   0],0.0
225.44465399999999,9.0,107,0.0,5,5.0,[191  81 128  35   0   0   0   0],0.0
225.642,9.0,111,0.0,8,8.0,[139 204  15 196 252 249 143 127],0.0
225.64265,9.0,101,0.0,1,1.0,[75  0  0  0  0  0  0  0],0.0
225.642651,9.0,102,0.0,6,6.0,[  3 151  70  49  84  45   0   0],0.0
225.642652,9.0,103,0.0,8,8.0,[129  33 138 112 126  52 109   9],0.0
225.642653,9.0,104,0.0,4,4.0,[155 245  25   0   0   0   0   0],0.0
225.642654,9.0,107,0.0,5,5.0,[245  81   0  36   0   0   0   0],0.0
225.8405,9.0,101,0.0,1,1.0,[75  0  0  0  0  0  0  0],0.0
225.840501,9.0,102,0.0,6,6.0,[ 3 95 71 49 84 45  0  0],0.0
225.840502,9.0,103,0.0,8,8.0,[147  33 138  80 123  52 109   9],0.0
225.84050299999998,9.0,104,0.0,4,4.0,[155 245  25   0   0   0   0   0],0.0
225.84050399999998,9.0,107,0.0,5,5.0,[ 37  81 192  37   0   0   0   0],0.0
225.8434,9.0,106,0.0,3,3.0,[59  1  0  0  0  0  0  0],0.0
225.84355,9.0,111,0.0,8,8.0,[135 204  79 196 253  13 176 127],0.0
226.03799999999998,9.0,111,0.0,8,8.0,[137 180 111 196 253   5 208 127],0.0
226.03865,9.0,101,0.0,1,1.0,[75  0  0  0  0  0  0  0],0.0
226.038651,9.0,102,0.0,6,6.0,[ 3 39 72 49 84 45  0  0],0.0
226.03865199999998,9.0,103,0.0,8,8.0,[165  33 138  80 120  52 109   9],0.0
226.03865299999998,9.0,104,0.0,4,4.0,[155 245  25   0   0   0   0   0],0.0
226.03865399999998,9.0,107,0.0,5,5.0,[233  80  96  39   0   0   0   0],0.0
226.236,9.0,111,0.0,8,8.0,[139 156  79 196 253  21 240 127],0.0
226.23665,9.0,101,0.0,1,1.0,[75  0  0  0  0  0  0  0],0.0
226.236651,9.0,102,0.0,6,6.0,[  3 239  72  49  84  45   0   0],0.0
226.236652,9.0,103,0.0,8,8.0,[183  33 138  48 117  52 109   9],0.0
226.236653,9.0,104,0.0,4,4.0,[155 245  25   0   0   0   0   0],0.0
226.236654,9.0,107,0.0,5,5.0,[109  79 160  38   0   0   0   0],0.0
226.434,9.0,111,0.0,8,8.0,[141 148 111  68 254 241  15 128],0.0
226.43464999999998,9.0,101,0.0,1,1.0,[75  0  0  0  0  0  0  0],0.0
226.434651,9.0,102,0.0,6,6.0,[  3 183  73  49  84  45   0   0],0.0
226.434652,9.0,103,0.0,8,8.0,[199  33 138  80 114  52 109   9],0.0
226.434653,9.0,104,0.0,4,4.0,[155 245  25   0   0   0   0   0],0.0
226.434654,9.0,107,0.0,5,5.0,[223  76  96  36   0   0   0   0],0.0
226.63199999999998,9.0,111,0.0,8,8.0,[139 148 143 196 254 253 175 127],0.0
226.63264999999998,9.0,101,0.0,1,1.0,[75  0  0  0  0  0  0  0],0.0
226.63265099999998,9.0,102,0.0,6,6.0,[  3 127  74  49  84  45   0   0],0.0
226.63265199999998,9.0,103,0.0,8,8.0,[217  33 138 112 111  52 109   9],0.0
226.63265299999998,9.0,104,0.0,4,4.0,[153 245  25   0   0   0   0   0],0.0
226.632654,9.0,107,0.0,5,5.0,[151  75 160  36   0   0   0   0],0.0
226.82999999999998,9.0,111,0.0,8,8.0,[141 156 143 196 254  13 176 127],0.0
226.83065,9.0,101,0.0,1,1.0,[75  0  0  0  0  0  0  0],0.0
226.830651,9.0,102,0.0,6,6.0,[ 3 71 75 49 84 45  0  0],0.0
226.830652,9.0,103,0.0,8,8.0,[233  33 138 144 108  52 109   9],0.0
226.83065299999998,9.0,104,0.0,4,4.0,[155 245  25   0   0   0   0   0],0.0
226.83065399999998,9.0,107,0.0,5,5.0,[15 74  0 36  0  0  0  0],0.0
226.8329,9.0,106,0.0,3,3.0,[79  1  0  0  0  0  0  0],0.0
227.028,9.0,111,0.0,8,8.0,[137 164 207  68 254   1 208 127],0.0
227.02865,9.0,101,0.0,1,1.0,[75  0  0  0  0  0  0  0],0.0
227.028651,9.0,102,0.0,6,6.0,[ 3 15 76 49 84 45  0  0],0.0
227.028652,9.0,103,0.0,8,8.0,[249  33 138 208 105  52 109   9],0.0
227.028653,9.0,104,0.0,4,4.0,[155 245  25   0   0   0   0   0],0.0
227.028654,9.0,107,0.0,5,5.0,[119  71 192  35   0   0   0   0],0.0
227.226,9.0,111,0.0,8,8.0,[141 164 111  68 254 241  15 128],0.0
227.22664999999998,9.0,101,0.0,1,1.0,[75  0  0  0  0  0  0  0],0.0
227.22665099999998,9.0,102,0.0,6,6.0,[  3 215  76  49  84  45   0   0],0.0
227.226652,9.0,103,0.0,8,8.0,[  9  34 138  48 103  52 109   9],0.0
227.226653,9.0,104,0.0,4,4.0,[155 245  25   0   0   0   0   0],0.0
227.226654,9.0,107,0.0,5,5.0,[113  70 160  36   0   0   0   0],0.0
227.42399999999998,9.0,111,0.0,8,8.0,[139 156 111  68 254 249 207 127],0.0
227.42464999999999,9.0,101,0.0,1,1.0,[75  0  0  0  0  0  0  0],0.0
227.42465099999998,9.0,102,0.0,6,6.0,[  3 159  77  49  84  45   0   0],0.0
227.42465199999998,9.0,103,0.0,8,8.0,[ 25  34 138 144 100  52 109   9],0.0
227.42465299999998,9.0,104,0.0,4,4.0,[153 245  25   0   0   0   0   0],0.0
227.424654,9.0,107,0.0,5,5.0,[59 69 32 36  0  0  0  0],0.0
227.62199999999999,9.0,111,0.0,8,8.0,[143 156  79  68 254   5 208 127],0.0
227.6229,9.0,101,0.0,1,1.0,[75  0  0  0  0  0  0  0],0.0
227.62290099999998,9.0,102,0.0,6,6.0,[  3 103  78  49  84  45   0   0],0.0
227.62290199999998,9.0,103,0.0,8,8.0,[ 41  34 138 240  97  52 109   9],0.0
227.62290299999998,9.0,104,0.0,4,4.0,[153 245  25   0   0   0   0   0],0.0
227.62290399999998,9.0,107,0.0,5,5.0,[89 68 64 36  0  0  0  0],0.0
227.82004999999998,9.0,111,0.0,8,8.0,[135 156  79 196 253   9 208 127],0.0
227.8207,9.0,101,0.0,1,1.0,[75  0  0  0  0  0  0  0],0.0
227.82070099999999,9.0,102,0.0,6,6.0,[ 3 47 79 49 84 45  0  0],0.0
227.82070199999998,9.0,103,0.0,8,8.0,[ 57  34 138 112  95  52 109   9],0.0
227.82070299999998,9.0,104,0.0,4,4.0,[151 245  25   0   0   0   0   0],0.0
227.82070399999998,9.0,107,0.0,5,5.0,[ 77  67 128  41   0   0   0   0],0.0
227.82289999999998,9.0,106,0.0,3,3.0,[97  1  0  0  0  0  0  0],0.0
228.01805,9.0,111,0.0,8,8.0,[137 164 111  68 254 245 207 127],0.0
228.0187,9.0,101,0.0,1,1.0,[75  0  0  0  0  0  0  0],0.0
228.018701,9.0,102,0.0,6,6.0,[  3 247  79  49  84  45   0   0],0.0
228.018702,9.0,103,0.0,8,8.0,[ 71  34 138 240  92  52 109   9],0.0
228.018703,9.0,104,0.0,4,4.0,[151 245  25   0   0   0   0   0],0.0
228.01870399999999,9.0,107,0.0,5,5.0,[ 27  65 224  36   0   0   0   0],0.0
228.21605,9.0,111,0.0,8,8.0,[137 164 143  68 254   5 176 127],0.0
228.21679999999998,9.0,101,0.0,1,1.0,[75  0  0  0  0  0  0  0],0.0
228.216801,9.0,102,0.0,6,6.0,[  3 191  80  49  84  45   0   0],0.0
228.216802,9.0,103,0.0,8,8.0,[ 87  34 138 144  90  52 109   9],0.0
228.216803,9.0,104,0.0,4,4.0,[151 245  25   0   0   0   0   0],0.0
228.216804,9.0,107,0.0,5,5.0,[29 64 32 36  0  0  0  0],0.0
228.41405,9.0,111,0.0,8,8.0,[135 172  15  68 254  21 176 127],0.0
228.41535,9.0,101,0.0,1,1.0,[75  0  0  0  0  0  0  0],0.0
228.415351,9.0,102,0.0,6,6.0,[  3 135  81  49  84  45   0   0],0.0
228.41535199999998,9.0,103,0.0,8,8.0,[101  34 138  48  88  52 109   9],0.0
228.41535299999998,9.0,104,0.0,4,4.0,[149 245  25   0   0   0   0   0],0.0
228.41535399999998,9.0,107,0.0,5,5.0,[25 61 96 37  0  0  0  0],0.0
228.61204999999998,9.0,111,0.0,8,8.0,[137 180 143 196 254 241 207 127],0.0
228.61265,9.0,101,0.0,1,1.0,[75  0  0  0  0  0  0  0],0.0
228.612651,9.0,102,0.0,6,6.0,[ 3 79 82 49 84 45  0  0],0.0
228.612652,9.0,103,0.0,8,8.0,[115  34 138 240  85  52 109   9],0.0
228.612653,9.0,104,0.0,4,4.0,[149 245  25   0   0   0   0   0],0.0
228.612654,9.0,107,0.0,5,5.0,[37 61 64 37  0  0  0  0],0.0
228.81005,9.0,111,0.0,8,8.0,[137 188 111 196 254 253 207 127],0.0
228.8109,9.0,101,0.0,1,1.0,[75  0  0  0  0  0  0  0],0.0
228.810901,9.0,102,0.0,6,6.0,[ 3 23 83 49 84 45  0  0],0.0
228.810902,9.0,103,0.0,8,8.0,[127  34 138 176  83  52 109   9],0.0
228.810903,9.0,104,0.0,4,4.0,[153 245  25   0   0   0   0   0],0.0
228.810904,9.0,107,0.0,5,5.0,[21 59 32 37  0  0  0  0],0.0
228.81314999999998,9.0,106,0.0,3,3.0,[113   1   0   0   0   0   0   0],0.0
229.00805,9.0,111,0.0,8,8.0,[147 180 175 196 254 253 175 127],0.0
229.00865,9.0,101,0.0,1,1.0,[75  0  0  0  0  0  0  0],0.0
229.008651,9.0,102,0.0,6,6.0,[  3 223  83  49  84  45   0   0],0.0
229.00865199999998,9.0,103,0.0,8,8.0,[141  34 138 144  81  52 109   9],0.0
229.00865299999998,9.0,104,0.0,4,4.0,[151 245  25   0   0   0   0   0],0.0
229.00865399999998,9.0,107,0.0,5,5.0,[ 39  59 160  37   0   0   0   0],0.0
229.206,9.0,111,0.0,8,8.0,[141 180 175 196 254 253 207 127],0.0
229.20669999999998,9.0,101,0.0,1,1.0,[67  0  0  0  0  0  0  0],0.0
229.20670099999998,9.0,102,0.0,6,6.0,[  3 167  84  49  84  45   0   0],0.0
229.20670199999998,9.0,103,0.0,8,8.0,[157  34 138 112  79  52 109   9],0.0
229.20670299999998,9.0,104,0.0,4,4.0,[151 245  25   0   0   0   0   0],0.0
229.206704,9.0,107,0.0,5,5.0,[173  57 192  37   0   0   0   0],0.0
229.40404999999998,9.0,111,0.0,8,8.0,[153 188  15  69 255 253 111 127],0.0
229.4048,9.0,101,0.0,1,1.0,[67  0  0  0  0  0  0  0],0.0
229.404801,9.0,102,0.0,6,6.0,[  3 111  85  49  84  45   0   0],0.0
229.404802,9.0,103,0.0,8,8.0,[171  34 138 112  77  52 109   9],0.0
229.404803,9.0,104,0.0,4,4.0,[153 245  25   0   0   0   0   0],0.0
229.40480399999998,9.0,107,0.0,5,5.0,[123  54 224  45   0   0   0   0],0.0
229.60205,9.0,111,0.0,8,8.0,[137 188  47 196 253   9  16 128],0.0
229.6028,9.0,101,0.0,1,1.0,[67  0  0  0  0  0  0  0],0.0
229.602801,9.0,102,0.0,6,6.0,[ 3 55 86 49 84 45  0  0],0.0
229.602802,9.0,103,0.0,8,8.0,[183  34 138 112  75  52 109   9],0.0
229.602803,9.0,104,0.0,4,4.0,[151 245  25   0   0   0   0   0],0.0
229.602804,9.0,107,0.0,5,5.0,[ 15  55 128  50   0   0   0   0],0.0
229.80005,9.0,111,0.0,8,8.0,[141 180 207 196 253 241 207 127],0.0
229.80089999999998,9.0,101,0.0,1,1.0,[67  0  0  0  0  0  0  0],0.0
229.80090099999998,9.0,102,0.0,6,6.0,[  3 255  86  49  84  45   0   0],0.0
229.80090199999998,9.0,103,0.0,8,8.0,[199  34 138 112  73  52 109   9],0.0
229.80090299999998,9.0,104,0.0,4,4.0,[151 245  25   0   0   0   0   0],0.0
229.800904,9.0,107,0.0,5,5.0,[121  55 224  44   0   0   0   0],0.0
229.80374999999998,9.0,106,0.0,3,3.0,[127   1   0   0   0   0   0   0],0.0
229.99804999999998,9.0,111,0.0,8,8.0,[137 172  79 196 253 241  79 128],0.0
229.9989,9.0,101,0.0,1,1.0,[67  0  0  0  0  0  0  0],0.0
229.998901,9.0,102,0.0,6,6.0,[  3 199  87  49  84  45   0   0],0.0
229.998902,9.0,103,0.0,8,8.0,[213  34 138 112  71  52 109   9],0.0
229.99890299999998,9.0,104,0.0,4,4.0,[147 245  25   0   0   0   0   0],0.0
229.99890399999998,9.0,107,0.0,5,5.0,[197  53  64  44   0   0   0   0],0.0
230.19604999999999,9.0,111,0.0,8,8.0,[135 156 143  68 254 249 239 127],0.0
230.19695,9.0,101,0.0,1,1.0,[67  0  0  0  0  0  0  0],0.0
230.19695099999998,9.0,102,0.0,6,6.0,[  3 143  88  49  84  45   0   0],0.0
230.19695199999998,9.0,103,0.0,8,8.0,[227  34 138 144  69  52 109   9],0.0
230.19695299999998,9.0,104,0.0,4,4.0,[145 245  25   0   0   0   0   0],0.0
230.19695399999998,9.0,107,0.0,5,5.0,[125  54  96  53   0   0   0   0],0.0
230.39405,9.0,111,0.0,8,8.0,[137 140 143 196 254 237 239 127],0.0
230.3947,9.0,101,0.0,1,1.0,[75  0  0  0  0  0  0  0],0.0
230.394701,9.0,102,0.0,6,6.0,[ 3 87 89 49 84 45  0  0],0.0
230.394702,9.0,103,0.0,8,8.0,[241  34 138 176  67  52 109   9],0.0
230.394703,9.0,104,0.0,4,4.0,[147 245  25   0   0   0   0   0],0.0
230.394704,9.0,107,0.0,5,5.0,[11 52 64 54  0  0  0  0],0.0
230.59205,9.0,111,0.0,8,8.0,[137 148  47 196 254 245  47 128],0.0
230.59285,9.0,101,0.0,1,1.0,[75  0  0  0  0  0  0  0],0.0
230.592851,9.0,102,0.0,6,6.0,[ 3 31 90 49 84 45  0  0],0.0
230.592852,9.0,103,0.0,8,8.0,[251  34 138 208  65  52 109   9],0.0
230.592853,9.0,104,0.0,4,4.0,[147 245  25   0   0   0   0   0],0.0
230.592854,9.0,107,0.0,5,5.0,[243  49   0  53   0   0   0   0],0.0
230.79004999999998,9.0,111,0.0,8,8.0,[137 164  79  68 255 249 175 127],0.0
230.79084999999998,9.0,101,0.0,1,1.0,[83  0  0  0  0  0  0  0],0.0
230.790851,9.0,102,0.0,6,6.0,[  3 231  90  49  84  45   0   0],0.0
230.790852,9.0,103,0.0,8,8.0,[  7  35 138  16  64  52 109   9],0.0
230.790853,9.0,104,0.0,4,4.0,[147 245  25   0   0   0   0   0],0.0
230.790854,9.0,107,0.0,5,5.0,[ 35  48 224  57   0   0   0   0],0.0
230.79379999999998,9.0,106,0.0,3,3.0,[141   1   0   0   0   0   0   0],0.0
230.98805,9.0,111,0.0,8,8.0,[137 180 111 196 254 245 239 127],0.0
230.98884999999999,9.0,101,0.0,1,1.0,[83  0  0  0  0  0  0  0],0.0
230.98885099999998,9.0,102,0.0,6,6.0,[  3 175  91  49  84  45   0   0],0.0
230.98885199999998,9.0,103,0.0,8,8.0,[ 21  35 138  80  62  52 109   9],0.0
230.98885299999998,9.0,104,0.0,4,4.0,[149 245  25   0   0   0   0   0],0.0
230.988854,9.0,107,0.0,5,5.0,[185  48 128  55   0   0   0   0],0.0
231.18605,9.0,111,0.0,8,8.0,[139 196  79  68 255 253 143 127],0.0
231.18689999999998,9.0,101,0.0,1,1.0,[83  0  0  0  0  0  0  0],0.0
231.18690099999998,9.0,102,0.0,6,6.0,[  3 119  92  49  84  45   0   0],0.0
231.186902,9.0,103,0.0,8,8.0,[ 35  35 138 144  60  52 109   9],0.0
231.186903,9.0,104,0.0,4,4.0,[147 245  25   0   0   0   0   0],0.0
231.186904,9.0,107,0.0,5,5.0,[131  48  32  55   0   0   0   0],0.0
231.38405,9.0,111,0.0,8,8.0,[139 204 111  68 254 253 207 127],0.0
231.3849,9.0,101,0.0,1,1.0,[83  0  0  0  0  0  0  0],0.0
231.38490099999999,9.0,102,0.0,6,6.0,[ 3 63 93 49 84 45  0  0],0.0
231.38490199999998,9.0,103,0.0,8,8.0,[ 45  35 138 240  58  52 109   9],0.0
231.38490299999998,9.0,104,0.0,4,4.0,[147 245  33   0   0   0   0   0],0.0
231.38490399999998,9.0,107,0.0,5,5.0,[117  46  96  57   0   0   0   0],0.0
231.58204999999998,9.0,111,0.0,8,8.0,[139 212  47 196 254   9 176 127],0.0
231.58335,9.0,101,0.0,1,1.0,[83  0  0  0  0  0  0  0],0.0
231.583351,9.0,102,0.0,6,6.0,[ 3  7 94 49 84 45  0  0],0.0
231.583352,9.0,103,0.0,8,8.0,[ 55  35 138  80  57  52 109   9],0.0
231.583353,9.0,104,0.0,4,4.0,[145 245  33   0   0   0   0   0],0.0
231.58335399999999,9.0,107,0.0,5,5.0,[109  44  96  55   0   0   0   0],0.0
231.78005,9.0,111,0.0,8,8.0,[135 212  79  68 254 245 207 127],0.0
231.78085,9.0,101,0.0,1,1.0,[83  0  0  0  0  0  0  0],0.0
231.78085099999998,9.0,102,0.0,6,6.0,[  3 207  94  49  84  45   0   0],0.0
231.78085199999998,9.0,103,0.0,8,8.0,[ 67  35 138 176  55  52 109   9],0.0
231.78085299999998,9.0,104,0.0,4,4.0,[145 245  33   0   0   0   0   0],0.0
231.78085399999998,9.0,107,0.0,5,5.0,[77 45 64 55  0  0  0  0],0.0
231.78379999999999,9.0,106,0.0,3,3.0,[153   1   0   0   0   0   0   0],0.0
231.97805,9.0,111,0.0,8,8.0,[139 212 143 196 254 253 207 127],0.0
231.97885,9.0,101,0.0,1,1.0,[91  0  0  0  0  0  0  0],0.0
231.978851,9.0,102,0.0,6,6.0,[  3 151  95  49  84  45   0   0],0.0
231.978852,9.0,103,0.0,8,8.0,[ 79  35 138  16  54  52 109   9],0.0
231.978853,9.0,104,0.0,4,4.0,[143 245  33   0   0   0   0   0],0.0
231.97885399999998,9.0,107,0.0,5,5.0,[29 45  0 47  0  0  0  0],0.0
232.1761,9.0,111,0.0,8,8.0,[139 212 143  68 254 249 207 127],0.0
232.1771,9.0,101,0.0,1,1.0,[91  0  0  0  0  0  0  0],0.0
232.177101,9.0,102,0.0,6,6.0,[ 3 95 96 49 84 45  0  0],0.0
232.177102,9.0,103,0.0,8,8.0,[ 91  35 138 144  52  52 109   9],0.0
232.177103,9.0,104,0.0,4,4.0,[143 245  33   0   0   0   0   0],0.0
232.17710399999999,9.0,107,0.0,5,5.0,[161  43  32  45   0   0   0   0],0.0
232.3741,9.0,111,0.0,8,8.0,[137 212  79  68 254 245 175 127],0.0
232.37494999999998,9.0,101,0.0,1,1.0,[91  0  0  0  0  0  0  0],0.0
232.37495099999998,9.0,102,0.0,6,6.0,[ 3 39 97 49 84 45  0  0],0.0
232.37495199999998,9.0,103,0.0,8,8.0,[101  35 138 240  50  52 109   9],0.0
232.37495299999998,9.0,104,0.0,4,4.0,[141 245  25   0   0   0   0   0],0.0
232.374954,9.0,107,0.0,5,5.0,[49 44 96 46  0  0  0  0],0.0
232.57209999999998,9.0,111,0.0,8,8.0,[135 212 111  68 254 245 143 127],0.0
232.57295,9.0,101,0.0,1,1.0,[91  0  0  0  0  0  0  0],0.0
232.572951,9.0,102,0.0,6,6.0,[  3 239  97  49  84  45   0   0],0.0
232.572952,9.0,103,0.0,8,8.0,[111  35 138  80  49  52 109   9],0.0
232.57295299999998,9.0,104,0.0,4,4.0,[143 245  25   0   0   0   0   0],0.0
232.57295399999998,9.0,107,0.0,5,5.0,[233  43  64  45   0   0   0   0],0.0
232.77009999999999,9.0,111,0.0,8,8.0,[139 212 111  68 254 249 207 127],0.0
232.7711,9.0,101,0.0,1,1.0,[91  0  0  0  0  0  0  0],0.0
232.771101,9.0,102,0.0,6,6.0,[  3 183  98  49  84  45   0   0],0.0
232.77110199999998,9.0,103,0.0,8,8.0,[121  35 138 208  47  52 109   9],0.0
232.77110299999998,9.0,104,0.0,4,4.0,[143 245  25   0   0   0   0   0],0.0
232.77110399999998,9.0,107,0.0,5,5.0,[241  42 192  42   0   0   0   0],0.0
232.77329999999998,9.0,106,0.0,3,3.0,[163   1   0   0   0   0   0   0],0.0
232.9681,9.0,111,0.0,8,8.0,[139 228 111 196 254   1 176 127],0.0
232.96949999999998,9.0,101,0.0,1,1.0,[91  0  0  0  0  0  0  0],0.0
232.96950099999998,9.0,102,0.0,6,6.0,[  3 127  99  49  84  45   0   0],0.0
232.96950199999998,9.0,103,0.0,8,8.0,[131  35 138  48  46  52 109   9],0.0
232.969503,9.0,104,0.0,4,4.0,[145 245  25   0   0   0   0   0],0.0
232.969504,9.0,107,0.0,5,5.0,[215  43  96  42   0   0   0   0],0.0
233.1661,9.0,111,0.0,8,8.0,[139 220  79  68 254   1 240 127],0.0
233.16684999999998,9.0,101,0.0,1,1.0,[83  0  0  0  0  0  0  0],0.0
233.16685099999998,9.0,102,0.0,6,6.0,[  3  71 100  49  84  45   0   0],0.0
233.16685199999998,9.0,103,0.0,8,8.0,[143  35 138 144  44  52 109   9],0.0
233.166853,9.0,104,0.0,4,4.0,[141 245  25   0   0   0   0   0],0.0
233.166854,9.0,107,0.0,5,5.0,[145  43 160  42   0   0   0   0],0.0
233.36405,9.0,111,0.0,8,8.0,[137 212 111 196 253 253  15 128],0.0
233.36509999999998,9.0,101,0.0,1,1.0,[91  0  0  0  0  0  0  0],0.0
233.36510099999998,9.0,102,0.0,6,6.0,[  3  15 101  49  84  45   0   0],0.0
233.36510199999998,9.0,103,0.0,8,8.0,[153  35 138  16  43  52 109   9],0.0
233.36510299999998,9.0,104,0.0,4,4.0,[141 245  25   0   0   0   0   0],0.0
233.365104,9.0,107,0.0,5,5.0,[ 49  43 160  46   0   0   0   0],0.0
233.5621,9.0,111,0.0,8,8.0,[141 204 143  68 254 253 175 127],0.0
233.5631,9.0,101,0.0,1,1.0,[91  0  0  0  0  0  0  0],0.0
233.563101,9.0,102,0.0,6,6.0,[  3 215 101  49  84  45   0   0],0.0
233.563102,9.0,103,0.0,8,8.0,[163  35 138 112  41  52 109   9],0.0
233.56310299999998,9.0,104,0.0,4,4.0,[139 245  25   0   0   0   0   0],0.0
233.56310399999998,9.0,107,0.0,5,5.0,[57 43 64 47  0  0  0  0],0.0
233.7601,9.0,111,0.0,8,8.0,[135 188 111  68 254   5 240 127],0.0
233.76094999999998,9.0,101,0.0,1,1.0,[91  0  0  0  0  0  0  0],0.0
233.76095099999998,9.0,102,0.0,6,6.0,[  3 159 102  49  84  45   0   0],0.0
233.760952,9.0,103,0.0,8,8.0,[173  35 138 240  39  52 109   9],0.0
233.760953,9.0,104,0.0,4,4.0,[139 245  25   0   0   0   0   0],0.0
233.760954,9.0,107,0.0,5,5.0,[143  42  32  47   0   0   0   0],0.0
233.76319999999998,9.0,106,0.0,3,3.0,[175   1   0   0   0   0   0   0],0.0
233.9581,9.0,111,0.0,8,8.0,[139 188 143 196 254  17 176 127],0.0
233.95895,9.0,101,0.0,1,1.0,[91  0  0  0  0  0  0  0],0.0
233.95895099999998,9.0,102,0.0,6,6.0,[  3 103 103  49  84  45   0   0],0.0
233.95895199999998,9.0,103,0.0,8,8.0,[185  35 138  80  38  52 109   9],0.0
233.95895299999998,9.0,104,0.0,4,4.0,[137 245  25   0   0   0   0   0],0.0
233.95895399999998,9.0,107,0.0,5,5.0,[195  42  96  49   0   0   0   0],0.0
234.15609999999998,9.0,111,0.0,8,8.0,[137 180  79  68 254 253  47 128],0.0
234.15689999999998,9.0,101,0.0,1,1.0,[91  0  0  0  0  0  0  0],0.0
234.15690099999998,9.0,102,0.0,6,6.0,[  3  47 104  49  84  45   0   0],0.0
234.156902,9.0,103,0.0,8,8.0,[195  35 138 208  36  52 109   9],0.0
234.156903,9.0,104,0.0,4,4.0,[135 245  25   0   0   0   0   0],0.0
234.156904,9.0,107,0.0,5,5.0,[165  41 128  50   0   0   0   0],0.0
234.3541,9.0,111,0.0,8,8.0,[139 172  47 196 254 253 239 127],0.0
234.3551,9.0,101,0.0,1,1.0,[83  0  0  0  0  0  0  0],0.0
234.355101,9.0,102,0.0,6,6.0,[  3 247 104  49  84  45   0   0],0.0
234.355102,9.0,103,0.0,8,8.0,[205  35 138  80  35  52 109   9],0.0
234.35510299999999,9.0,104,0.0,4,4.0,[135 245  25   0   0   0   0   0],0.0
234.35510399999998,9.0,107,0.0,5,5.0,[155  40 224  43   0   0   0   0],0.0
234.5521,9.0,111,0.0,8,8.0,[135 148  47  68 255 249 207 127],0.0
234.5531,9.0,101,0.0,1,1.0,[83  0  0  0  0  0  0  0],0.0
234.553101,9.0,102,0.0,6,6.0,[  3 191 105  49  84  45   0   0],0.0
234.553102,9.0,103,0.0,8,8.0,[213  35 138 240  33  52 109   9],0.0
234.553103,9.0,104,0.0,4,4.0,[133 245  25   0   0   0   0   0],0.0
234.553104,9.0,107,0.0,5,5.0,[223  38 160  43   0   0   0   0],0.0
234.7501,9.0,111,0.0,8,8.0,[141 140 143  68 254 241  47 128],0.0
234.75175,9.0,101,0.0,1,1.0,[75  0  0  0  0  0  0  0],0.0
234.75175099999998,9.0,102,0.0,6,6.0,[  3 135 106  49  84  45   0   0],0.0
234.75175199999998,9.0,103,0.0,8,8.0,[223  35 138 144  32  52 109   9],0.0
234.75175299999998,9.0,104,0.0,4,4.0,[131 245  25   0   0   0   0   0],0.0
234.75175399999998,9.0,107,0.0,5,5.0,[245  37  64  45   0   0   0   0],0.0
234.75404999999998,9.0,106,0.0,3,3.0,[185   1   0   0   0   0   0   0],0.0
234.94809999999998,9.0,111,0.0,8,8.0,[133 124  79  68 254 245 239 127],0.0
234.94895,9.0,101,0.0,1,1.0,[91  0  0  0  0  0  0  0],0.0
234.948951,9.0,102,0.0,6,6.0,[  3  79 107  49  84  45   0   0],0.0
234.948952,9.0,103,0.0,8,8.0,[231  35 138  48  31  52 109   9],0.0
234.948953,9.0,104,0.0,4,4.0,[131 245  25   0   0   0   0   0],0.0
234.948954,9.0,107,0.0,5,5.0,[23 36 64 50  0  0  0  0],0.0
235.1461,9.0,111,0.0,8,8.0,[137 116 143  68 254 245  47 128],0.0
235.14714999999998,9.0,101,0.0,1,1.0,[91  0  0  0  0  0  0  0],0.0
235.14715099999998,9.0,102,0.0,6,6.0,[  3  23 108  49  84  45   0   0],0.0
235.14715199999998,9.0,103,0.0,8,8.0,[237  35 138 240  29  52 109   9],0.0
235.147153,9.0,104,0.0,4,4.0,[135 245  25   0   0   0   0   0],0.0
235.147154,9.0,107,0.0,5,5.0,[67 33 64 41  0  0  0  0],0.0
235.3441,9.0,111,0.0,8,8.0,[135 108 111  68 255 249 175 127],0.0
235.3451,9.0,101,0.0,1,1.0,[91  0  0  0  0  0  0  0],0.0
235.345101,9.0,102,0.0,6,6.0,[  3 223 108  49  84  45   0   0],0.0
235.345102,9.0,103,0.0,8,8.0,[245  35 138 176  28  52 109   9],0.0
235.345103,9.0,104,0.0,4,4.0,[135 245  25   0   0   0   0   0],0.0
235.345104,9.0,107,0.0,5,5.0,[167  30  96  41   0   0   0   0],0.0
235.54209999999998,9.0,111,0.0,8,8.0,[135 124 111  68 255   5  16 128],0.0
235.54309999999998,9.0,101,0.0,1,1.0,[91  0  0  0  0  0  0  0],0.0
235.54310099999998,9.0,102,0.0,6,6.0,[  3 167 109  49  84  45   0   0],0.0
235.54310199999998,9.0,103,0.0,8,8.0,[251  35 138 176  27  52 109   9],0.0
235.543103,9.0,104,0.0,4,4.0,[137 245  25   0   0   0   0   0],0.0
235.543104,9.0,107,0.0,5,5.0,[159  27 128  41   0   0   0   0],0.0
235.74009999999998,9.0,111,0.0,8,8.0,[137 116 143  68 255 253 239 127],0.0
235.7411,9.0,101,0.0,1,1.0,[91  0  0  0  0  0  0  0],0.0
235.741101,9.0,102,0.0,6,6.0,[  3 111 110  49  84  45   0   0],0.0
235.74110199999998,9.0,103,0.0,8,8.0,[  1  36 138 176  26  52 109   9],0.0
235.74110299999998,9.0,104,0.0,4,4.0,[139 245  25   0   0   0   0   0],0.0
235.74110399999998,9.0,107,0.0,5,5.0,[171  25   0  41   0   0   0   0],0.0
235.744,9.0,106,0.0,3,3.0,[193   1   0   0   0   0   0   0],0.0
235.9381,9.0,111,0.0,8,8.0,[139 124 111 196 255 253 175 127],0.0
235.9391,9.0,101,0.0,1,1.0,[91  0  0  0  0  0  0  0],0.0
235.939101,9.0,102,0.0,6,6.0,[  3  55 111  49  84  45   0   0],0.0
235.939102,9.0,103,0.0,8,8.0,[  9  36 138 208  25  52 109   9],0.0
235.939103,9.0,104,0.0,4,4.0,[143 245  25   0   0   0   0   0],0.0
235.939104,9.0,107,0.0,5,5.0,[147  23  96  38   0   0   0   0],0.0
236.1361,9.0,111,0.0,8,8.0,[137 140 175 196 255 245 207 127],0.0
236.1378,9.0,101,0.0,1,1.0,[91  0  0  0  0  0  0  0],0.0
236.137801,9.0,102,0.0,6,6.0,[  3 255 111  49  84  45   0   0],0.0
236.137802,9.0,103,0.0,8,8.0,[ 13  36 138  16  25  52 109   9],0.0
236.137803,9.0,104,0.0,4,4.0,[141 245  25   0   0   0   0   0],0.0
236.137804,9.0,107,0.0,5,5.0,[157  20 192  40   0   0   0   0],0.0
236.33415,9.0,111,0.0,8,8.0,[137 148 111 196 255   5 208 127],0.0
236.33515,9.0,101,0.0,1,1.0,[91  0  0  0  0  0  0  0],0.0
236.335151,9.0,102,0.0,6,6.0,[  3 199 112  49  84  45   0   0],0.0
236.335152,9.0,103,0.0,8,8.0,[ 17  36 138  80  24  52 109   9],0.0
236.335153,9.0,104,0.0,4,4.0,[145 245  25   0   0   0   0   0],0.0
236.335154,9.0,107,0.0,5,5.0,[153  20  64  36   0   0   0   0],0.0
236.53215,9.0,111,0.0,8,8.0,[137 164 111 196 255 249 207 127],0.0
236.53314999999998,9.0,101,0.0,1,1.0,[91  0  0  0  0  0  0  0],0.0
236.53315099999998,9.0,102,0.0,6,6.0,[  3 143 113  49  84  45   0   0],0.0
236.533152,9.0,103,0.0,8,8.0,[ 21  36 138 144  23  52 109   9],0.0
236.533153,9.0,104,0.0,4,4.0,[145 245  25   0   0   0   0   0],0.0
236.533154,9.0,107,0.0,5,5.0,[147  18 128  38   0   0   0   0],0.0
236.73014999999998,9.0,111,0.0,8,8.0,[139 156 143 196 255 249 239 127],0.0
236.92839999999998,9.0,101,0.0,1,1.0,[91  0  0  0  0  0  0  0],0.0
236.92840099999998,9.0,102,0.0,6,6.0,[  3  87 114  49  84  45   0   0],0.0
236.92840199999998,9.0,103,0.0,8,8.0,[ 25  36 138 208  22  52 109   9],0.0
236.928403,9.0,104,0.0,4,4.0,[143 245  25   0   0   0   0   0],0.0
236.928404,9.0,107,0.0,5,5.0,[69 18 64 40  0  0  0  0],0.0
236.93134999999998,9.0,106,0.0,3,3.0,[199   1   0   0   0   0   0   0],0.0
236.93175,9.0,111,0.0,8,8.0,[135 148 111 196 255 253 239 127],0.0
237.12615,9.0,111,0.0,8,8.0,[137 140 111  68 255 245  15 128],0.0
237.3244,9.0,101,0.0,1,1.0,[91  0  0  0  0  0  0  0],0.0
237.324401,9.0,102,0.0,6,6.0,[  3 231 115  49  84  45   0   0],0.0
237.324402,9.0,103,0.0,8,8.0,[ 33  36 138 208  21  52 109   9],0.0
237.324403,9.0,104,0.0,4,4.0,[145 245  25   0   0   0   0   0],0.0
237.324404,9.0,107,0.0,5,5.0,[ 41  14 160  40   0   0   0   0],0.0
237.32684999999998,9.0,111,0.0,8,8.0,[141 140 111  68 255 249 239 127],0.0
237.52239999999998,9.0,101,0.0,1,1.0,[91  0  0  0  0  0  0  0],0.0
237.522401,9.0,102,0.0,6,6.0,[  3 175 116  49  84  45   0   0],0.0
237.522402,9.0,103,0.0,8,8.0,[ 37  36 138 112  21  52 109   9],0.0
237.522403,9.0,104,0.0,4,4.0,[145 245  25   0   0   0   0   0],0.0
237.522404,9.0,107,0.0,5,5.0,[151  12   0  45   0   0   0   0],0.0
237.52554999999998,9.0,111,0.0,8,8.0,[135 164 143  68 255   1 240 127],0.0
237.72039999999998,9.0,101,0.0,1,1.0,[91  0  0  0  0  0  0  0],0.0
237.72040099999998,9.0,102,0.0,6,6.0,[  3 119 117  49  84  45   0   0],0.0
237.72040199999998,9.0,103,0.0,8,8.0,[ 41  36 138  16  21  52 109   9],0.0
237.72040299999998,9.0,104,0.0,4,4.0,[145 245  25   0   0   0   0   0],0.0
237.720404,9.0,107,0.0,5,5.0,[  9  11 128  46   0   0   0   0],0.0
237.72285,9.0,111,0.0,8,8.0,[137 180 111 196 255 253 207 127],0.0
237.91864999999999,9.0,101,0.0,1,1.0,[91  0  0  0  0  0  0  0],0.0
237.91865099999998,9.0,102,0.0,6,6.0,[  3  63 118  49  84  45   0   0],0.0
237.91865199999998,9.0,103,0.0,8,8.0,[ 43  36 138 176  20  52 109   9],0.0
237.91865299999998,9.0,104,0.0,4,4.0,[145 245  25   0   0   0   0   0],0.0
237.91865399999998,9.0,107,0.0,5,5.0,[ 53  10 224  46   0   0   0   0],0.0
237.92085,9.0,106,0.0,3,3.0,[201   1   0   0   0   0   0   0],0.0
237.9211,9.0,111,0.0,8,8.0,[139 180 111  68 255   1 240 127],0.0
238.1164,9.0,101,0.0,1,1.0,[91  0  0  0  0  0  0  0],0.0
238.116401,9.0,102,0.0,6,6.0,[  3   7 119  49  84  45   0   0],0.0
238.116402,9.0,103,0.0,8,8.0,[ 45  36 138 112  20  52 109   9],0.0
238.116403,9.0,104,0.0,4,4.0,[145 245  25   0   0   0   0   0],0.0
238.116404,9.0,107,0.0,5,5.0,[105   8  64  46   0   0   0   0],0.0
238.11964999999998,9.0,111,0.0,8,8.0,[137 188 111  68 255 253 239 127],0.0
238.31439999999998,9.0,101,0.0,1,1.0,[91  0  0  0  0  0  0  0],0.0
238.31440099999998,9.0,102,0.0,6,6.0,[  3 207 119  49  84  45   0   0],0.0
238.314402,9.0,103,0.0,8,8.0,[ 47  36 138  80  20  52 109   9],0.0
238.314403,9.0,104,0.0,4,4.0,[143 245  25   0   0   0   0   0],0.0
238.314404,9.0,107,0.0,5,5.0,[141   7  32  46   0   0   0   0],0.0
238.31689999999998,9.0,111,0.0,8,8.0,[139 188 111  68 255 249 239 127],0.0
238.51239999999999,9.0,101,0.0,1,1.0,[91  0  0  0  0  0  0  0],0.0
238.51240099999998,9.0,102,0.0,6,6.0,[  3 151 120  49  84  45   0   0],0.0
238.51240199999998,9.0,103,0.0,8,8.0,[ 47  36 138  16  20  52 109   9],0.0
238.51240299999998,9.0,104,0.0,4,4.0,[143 245  25   0   0   0   0   0],0.0
238.51240399999998,9.0,107,0.0,5,5.0,[59  5  0 42  0  0  0  0],0.0
238.51555,9.0,111,0.0,8,8.0,[139 188 111  68 255   1 240 127],0.0
238.71065,9.0,101,0.0,1,1.0,[91  0  0  0  0  0  0  0],0.0
238.71065099999998,9.0,102,0.0,6,6.0,[  3  95 121  49  84  45   0   0],0.0
238.71065199999998,9.0,103,0.0,8,8.0,[ 49  36 138 240  19  52 109   9],0.0
238.71065299999998,9.0,104,0.0,4,4.0,[143 245  25   0   0   0   0   0],0.0
238.71065399999998,9.0,107,0.0,5,5.0,[43  5 32 38  0  0  0  0],0.0
238.7129,9.0,111,0.0,8,8.0,[137 188 111  68 255 253 239 127],0.0
238.9084,9.0,101,0.0,1,1.0,[91  0  0  0  0  0  0  0],0.0
238.908401,9.0,102,0.0,6,6.0,[  3  39 122  49  84  45   0   0],0.0
238.908402,9.0,103,0.0,8,8.0,[ 49  36 138 208  19  52 109   9],0.0
238.908403,9.0,104,0.0,4,4.0,[143 245  25   0   0   0   0   0],0.0
238.908404,9.0,107,0.0,5,5.0,[53  4 96 37  0  0  0  0],0.0
238.91125,9.0,106,0.0,3,3.0,[203   1   0   0   0   0   0   0],0.0
238.9116,9.0,111,0.0,8,8.0,[137 188 111  68 255 253 207 127],0.0
239.10665,9.0,101,0.0,1,1.0,[91  0  0  0  0  0  0  0],0.0
239.106651,9.0,102,0.0,6,6.0,[  3 239 122  49  84  45   0   0],0.0
239.106652,9.0,103,0.0,8,8.0,[ 51  36 138 176  19  52 109   9],0.0
239.106653,9.0,104,0.0,4,4.0,[141 245  25   0   0   0   0   0],0.0
239.106654,9.0,107,0.0,5,5.0,[245   3  96  47   0   0   0   0],0.0
239.1088,9.0,111,0.0,8,8.0,[137 196 111  68 255 253 239 127],0.0
239.30464999999998,9.0,101,0.0,1,1.0,[91  0  0  0  0  0  0  0],0.0
239.30465099999998,9.0,102,0.0,6,6.0,[  3 183 123  49  84  45   0   0],0.0
239.30465199999998,9.0,103,0.0,8,8.0,[ 51  36 138 144  19  52 109   9],0.0
239.304653,9.0,104,0.0,4,4.0,[139 245  25   0   0   0   0   0],0.0
239.304654,9.0,107,0.0,5,5.0,[53  4 96 46  0  0  0  0],0.0
239.30679999999998,9.0,111,0.0,8,8.0,[137 196 111  68 255 253 239 127],0.0
239.5024,9.0,101,0.0,1,1.0,[91  0  0  0  0  0  0  0],0.0
239.502401,9.0,102,0.0,6,6.0,[  3 127 124  49  84  45   0   0],0.0
239.502402,9.0,103,0.0,8,8.0,[ 53  36 138 144  19  52 109   9],0.0
239.502403,9.0,104,0.0,4,4.0,[139 245  25   0   0   0   0   0],0.0
239.50240399999998,9.0,107,0.0,5,5.0,[81  2 32 53  0  0  0  0],0.0
239.5056,9.0,111,0.0,8,8.0,[137 196 111  68 255   1 240 127],0.0
239.70045,9.0,101,0.0,1,1.0,[91  0  0  0  0  0  0  0],0.0
239.700451,9.0,102,0.0,6,6.0,[  3  71 125  49  84  45   0   0],0.0
239.70045199999998,9.0,103,0.0,8,8.0,[ 53  36 138 112  19  52 109   9],0.0
239.70045299999998,9.0,104,0.0,4,4.0,[139 245  25   0   0   0   0   0],0.0
239.70045399999998,9.0,107,0.0,5,5.0,[187   1 224  42   0   0   0   0],0.0
239.7028,9.0,111,0.0,8,8.0,[139 204 111  68 255 253 207 127],0.0
239.89864999999998,9.0,101,0.0,1,1.0,[91  0  0  0  0  0  0  0],0.0
239.898651,9.0,102,0.0,6,6.0,[  3  15 126  49  84  45   0   0],0.0
239.898652,9.0,103,0.0,8,8.0,[ 53  36 138 112  19  52 109   9],0.0
239.898653,9.0,104,0.0,4,4.0,[137 245  25   0   0   0   0   0],0.0
239.898654,9.0,107,0.0,5,5.0,[241   0  96  60   0   0   0   0],0.0
239.90144999999998,9.0,106,0.0,3,3.0,[203   1   0   0   0   0   0   0],0.0
239.9016,9.0,111,0.0,8,8.0,[139 172 111 196 254 253 239 127],0.0
240.09644999999998,9.0,101,0.0,1,1.0,[91  0  0  0  0  0  0  0],0.0
240.096451,9.0,102,0.0,6,6.0,[  3 215 126  49  84  45   0   0],0.0
240.096452,9.0,103,0.0,8,8.0,[ 53  36 138 112  19  52 109   9],0.0
240.096453,9.0,104,0.0,4,4.0,[137 245  25   0   0   0   0   0],0.0
240.096454,9.0,107,0.0,5,5.0,[101   0 128  48   0   0   0   0],0.0
240.09879999999998,9.0,111,0.0,8,8.0,[137 236  79 196 255 253 175 127],0.0
240.29465,9.0,101,0.0,1,1.0,[91  0  0  0  0  0  0  0],0.0
240.294651,9.0,102,0.0,6,6.0,[  3 159 127  49  84  45   0   0],0.0
240.29465199999999,9.0,103,0.0,8,8.0,[ 51  36 138 112  19  52 109   9],0.0
240.29465299999998,9.0,104,0.0,4,4.0,[139 245  25   0   0   0   0   0],0.0
240.29465399999998,9.0,107,0.0,5,5.0,[ 81   0 192  57   0   0   0   0],0.0
240.29749999999999,9.0,111,0.0,8,8.0,[139 220 111 196 254 253  15 128],0.0
240.49265,9.0,101,0.0,1,1.0,[91  0  0  0  0  0  0  0],0.0
240.492651,9.0,102,0.0,6,6.0,[  3 103 128  49  84  45   0   0],0.0
240.492652,9.0,103,0.0,8,8.0,[ 51  36 138 112  19  52 109   9],0.0
240.492653,9.0,104,0.0,4,4.0,[139 245  25   0   0   0   0   0],0.0
240.492654,9.0,107,0.0,5,5.0,[147   0  32  51   0   0   0   0],0.0
240.49484999999999,9.0,111,0.0,8,8.0,[137 220 111  68 255 253 207 127],0.0
240.69045,9.0,101,0.0,1,1.0,[91  0  0  0  0  0  0  0],0.0
240.690451,9.0,102,0.0,6,6.0,[  3  47 129  49  84  45   0   0],0.0
240.690452,9.0,103,0.0,8,8.0,[ 51  36 138 112  19  52 109   9],0.0
240.690453,9.0,104,0.0,4,4.0,[139 245  25   0   0   0   0   0],0.0
240.690454,9.0,107,0.0,5,5.0,[ 61   1 160  57   0   0   0   0],0.0
240.6935,9.0,111,0.0,8,8.0,[139 220 111  68 255 253 239 127],0.0
240.88864999999998,9.0,101,0.0,1,1.0,[91  0  0  0  0  0  0  0],0.0
240.88865099999998,9.0,102,0.0,6,6.0,[  3 247 129  49  84  45   0   0],0.0
240.88865199999998,9.0,103,0.0,8,8.0,[ 51  36 138 112  19  52 109   9],0.0
240.88865299999998,9.0,104,0.0,4,4.0,[139 245  25   0   0   0   0   0],0.0
240.888654,9.0,107,0.0,5,5.0,[219   0 160  52   0   0   0   0],0.0
240.89079999999998,9.0,106,0.0,3,3.0,[203   1   0   0   0   0   0   0],0.0
240.89165,9.0,111,0.0,8,8.0,[139 220 111  68 255 253 239 127],0.0
241.08665,9.0,101,0.0,1,1.0,[83  0  0  0  0  0  0  0],0.0
241.086651,9.0,102,0.0,6,6.0,[  3 191 130  49  84  45   0   0],0.0
241.086652,9.0,103,0.0,8,8.0,[ 51  36 138 112  19  52 109   9],0.0
241.08665299999998,9.0,104,0.0,4,4.0,[139 245  25   0   0   0   0   0],0.0
241.08665399999998,9.0,107,0.0,5,5.0,[183   0  32  58   0   0   0   0],0.0
241.08884999999998,9.0,111,0.0,8,8.0,[139 220 111 196 254 253 239 127],0.0
241.28465,9.0,101,0.0,1,1.0,[75  0  0  0  0  0  0  0],0.0
241.284651,9.0,102,0.0,6,6.0,[  3 135 131  49  84  45   0   0],0.0
241.284652,9.0,103,0.0,8,8.0,[ 51  36 138 112  19  52 109   9],0.0
241.284653,9.0,104,0.0,4,4.0,[141 245  25   0   0   0   0   0],0.0
241.284654,9.0,107,0.0,5,5.0,[223   0   0  42   0   0   0   0],0.0
241.28754999999998,9.0,111,0.0,8,8.0,[139 220 111  68 255 253 239 127],0.0
241.48264999999998,9.0,101,0.0,1,1.0,[75  0  0  0  0  0  0  0],0.0
241.48265099999998,9.0,102,0.0,6,6.0,[  3  79 132  49  84  45   0   0],0.0
241.482652,9.0,103,0.0,8,8.0,[ 51  36 138 112  19  52 109   9],0.0
241.482653,9.0,104,0.0,4,4.0,[139 245  25   0   0   0   0   0],0.0
241.482654,9.0,107,0.0,5,5.0,[ 37   0 128  36   0   0   0   0],0.0
241.48489999999998,9.0,111,0.0,8,8.0,[139 220 111  68 255 253 239 127],0.0
241.68064999999999,9.0,101,0.0,1,1.0,[75  0  0  0  0  0  0  0],0.0
241.68065099999998,9.0,102,0.0,6,6.0,[  3  23 133  49  84  45   0   0],0.0
241.68065199999998,9.0,103,0.0,8,8.0,[ 49  36 138 112  19  52 109   9],0.0
241.68065299999998,9.0,104,0.0,4,4.0,[139 245  25   0   0   0   0   0],0.0
241.68065399999998,9.0,107,0.0,5,5.0,[165   0 224  65   0   0   0   0],0.0
241.68359999999998,9.0,111,0.0,8,8.0,[139 220 111  68 255 253 239 127],0.0
241.87879999999998,9.0,101,0.0,1,1.0,[75  0  0  0  0  0  0  0],0.0
241.87880099999998,9.0,102,0.0,6,6.0,[  3 223 133  49  84  45   0   0],0.0
241.87880199999998,9.0,103,0.0,8,8.0,[ 49  36 138 112  19  52 109   9],0.0
241.87880299999998,9.0,104,0.0,4,4.0,[139 245  25   0   0   0   0   0],0.0
241.878804,9.0,107,0.0,5,5.0,[189   0   0  65   0   0   0   0],0.0
241.88105,9.0,106,0.0,3,3.0,[203   1   0   0   0   0   0   0],0.0
241.88129999999998,9.0,111,0.0,8,8.0,[139 220 111  68 255 253 239 127],0.0
242.07665,9.0,101,0.0,1,1.0,[75  0  0  0  0  0  0  0],0.0
242.076651,9.0,102,0.0,6,6.0,[  3 167 134  49  84  45   0   0],0.0
242.076652,9.0,103,0.0,8,8.0,[ 49  36 138 112  19  52 109   9],0.0
242.076653,9.0,104,0.0,4,4.0,[139 245  25   0   0   0   0   0],0.0
242.076654,9.0,107,0.0,5,5.0,[229   0   0  39   0   0   0   0],0.0
242.0796,9.0,111,0.0,8,8.0,[139 220 111  68 255 253 239 127],0.0
242.2747,9.0,101,0.0,1,1.0,[75  0  0  0  0  0  0  0],0.0
242.274701,9.0,102,0.0,6,6.0,[  3 111 135  49  84  45   0   0],0.0
242.274702,9.0,103,0.0,8,8.0,[ 49  36 138 112  19  52 109   9],0.0
242.274703,9.0,104,0.0,4,4.0,[139 245  25   0   0   0   0   0],0.0
242.27470399999999,9.0,107,0.0,5,5.0,[167   0  32  71   0   0   0   0],0.0
242.27689999999998,9.0,111,0.0,8,8.0,[139 220 111  68 255 253 239 127],0.0
242.4727,9.0,101,0.0,1,1.0,[75  0  0  0  0  0  0  0],0.0
242.472701,9.0,102,0.0,6,6.0,[  3  55 136  49  84  45   0   0],0.0
242.472702,9.0,103,0.0,8,8.0,[ 49  36 138 112  19  52 109   9],0.0
242.472703,9.0,104,0.0,4,4.0,[139 245  25   0   0   0   0   0],0.0
242.472704,9.0,107,0.0,5,5.0,[ 65   0 224  67   0   0   0   0],0.0
242.47289999999998,9.0,111,0.0,8,8.0,[139 220 111  68 255 253 239 127],0.0
242.6702,9.0,111,0.0,8,8.0,[139 220 111  68 255 253 239 127],0.0
242.67085,9.0,101,0.0,1,1.0,[75  0  0  0  0  0  0  0],0.0
242.670851,9.0,102,0.0,6,6.0,[  3 255 136  49  84  45   0   0],0.0
242.670852,9.0,103,0.0,8,8.0,[ 49  36 138 112  19  52 109   9],0.0
242.670853,9.0,104,0.0,4,4.0,[139 245  25   0   0   0   0   0],0.0
242.670854,9.0,107,0.0,5,5.0,[185   0 192  66   0   0   0   0],0.0
242.8687,9.0,101,0.0,1,1.0,[75  0  0  0  0  0  0  0],0.0
242.868701,9.0,102,0.0,6,6.0,[  3 199 137  49  84  45   0   0],0.0
242.86870199999998,9.0,103,0.0,8,8.0,[ 49  36 138 112  19  52 109   9],0.0
242.86870299999998,9.0,104,0.0,4,4.0,[139 245  25   0   0   0   0   0],0.0
242.86870399999998,9.0,107,0.0,5,5.0,[ 57   0 224  66   0   0   0   0],0.0
242.87085,9.0,106,0.0,3,3.0,[203   1   0   0   0   0   0   0],0.0
242.87105,9.0,111,0.0,8,8.0,[139 220 111 196 254 253 239 127],0.0
243.0667,9.0,101,0.0,1,1.0,[75  0  0  0  0  0  0  0],0.0
243.066701,9.0,102,0.0,6,6.0,[  3 143 138  49  84  45   0   0],0.0
243.066702,9.0,103,0.0,8,8.0,[ 49  36 138 112  19  52 109   9],0.0
243.066703,9.0,104,0.0,4,4.0,[137 245  25   0   0   0   0   0],0.0
243.066704,9.0,107,0.0,5,5.0,[93  0 32 59  0  0  0  0],0.0
243.06994999999998,9.0,111,0.0,8,8.0,[139 220 111  68 255 253 239 127],0.0
243.26469999999998,9.0,101,0.0,1,1.0,[75  0  0  0  0  0  0  0],0.0
243.264701,9.0,102,0.0,6,6.0,[  3  87 139  49  84  45   0   0],0.0
243.264702,9.0,103,0.0,8,8.0,[ 49  36 138 112  19  52 109   9],0.0
243.264703,9.0,104,0.0,4,4.0,[137 245  25   0   0   0   0   0],0.0
243.264704,9.0,107,0.0,5,5.0,[ 87   0 224  36   0   0   0   0],0.0
243.26694999999998,9.0,111,0.0,8,8.0,[139 220 111  68 255 253 239 127],0.0
243.46269999999998,9.0,101,0.0,1,1.0,[75  0  0  0  0  0  0  0],0.0
243.46270099999998,9.0,102,0.0,6,6.0,[  3  31 140  49  84  45   0   0],0.0
243.46270199999998,9.0,103,0.0,8,8.0,[ 49  36 138 112  19  52 109   9],0.0
243.46270299999998,9.0,104,0.0,4,4.0,[137 245  25   0   0   0   0   0],0.0
243.462704,9.0,107,0.0,5,5.0,[ 21   0 192  35   0   0   0   0],0.0
243.4656,9.0,111,0.0,8,8.0,[139 220 111 196 254 253 239 127],0.0
243.6607,9.0,101,0.0,1,1.0,[75  0  0  0  0  0  0  0],0.0
243.660701,9.0,102,0.0,6,6.0,[  3 231 140  49  84  45   0   0],0.0
243.660702,9.0,103,0.0,8,8.0,[ 47  36 138 112  19  52 109   9],0.0
243.66070299999998,9.0,104,0.0,4,4.0,[135 245  25   0   0   0   0   0],0.0
243.66070399999998,9.0,107,0.0,5,5.0,[133   0   0  61   0   0   0   0],0.0
243.6609,9.0,111,0.0,8,8.0,[139 220 111  68 255 253 239 127],0.0
243.85819999999998,9.0,111,0.0,8,8.0,[139 220 111 196 254 253 239 127],0.0
243.85954999999998,9.0,101,0.0,1,1.0,[75  0  0  0  0  0  0  0],0.0
243.85955099999998,9.0,102,0.0,6,6.0,[  3 175 141  49  84  45   0   0],0.0
243.85955199999998,9.0,103,0.0,8,8.0,[ 47  36 138 112  19  52 109   9],0.0
243.85955299999998,9.0,104,0.0,4,4.0,[135 245  25   0   0   0   0   0],0.0
243.859554,9.0,107,0.0,5,5.0,[ 11   1 224  54   0   0   0   0],0.0
243.86175,9.0,106,0.0,3,3.0,[203   1   0   0   0   0   0   0],0.0
244.05669999999998,9.0,101,0.0,1,1.0,[75  0  0  0  0  0  0  0],0.0
244.05670099999998,9.0,102,0.0,6,6.0,[  3 119 142  49  84  45   0   0],0.0
244.056702,9.0,103,0.0,8,8.0,[ 47  36 138 112  19  52 109   9],0.0
244.056703,9.0,104,0.0,4,4.0,[135 245  25   0   0   0   0   0],0.0
244.056704,9.0,107,0.0,5,5.0,[123   0  32  53   0   0   0   0],0.0
244.0596,9.0,111,0.0,8,8.0,[139 220 111  68 255 253 239 127],0.0
244.25469999999999,9.0,101,0.0,1,1.0,[75  0  0  0  0  0  0  0],0.0
244.25470099999998,9.0,102,0.0,6,6.0,[  3  63 143  49  84  45   0   0],0.0
244.25470199999998,9.0,103,0.0,8,8.0,[ 47  36 138 112  19  52 109   9],0.0
244.25470299999998,9.0,104,0.0,4,4.0,[133 245  25   0   0   0   0   0],0.0
244.25470399999998,9.0,107,0.0,5,5.0,[71  0  0 50  0  0  0  0],0.0
244.25695,9.0,111,0.0,8,8.0,[139 220 111 196 254 253 239 127],0.0
244.45219999999998,9.0,111,0.0,8,8.0,[139 220 111  68 255 253 239 127],0.0
244.45284999999998,9.0,101,0.0,1,1.0,[67  0  0  0  0  0  0  0],0.0
244.45285099999998,9.0,102,0.0,6,6.0,[  3   7 144  49  84  45   0   0],0.0
244.45285199999998,9.0,103,0.0,8,8.0,[ 47  36 138 144  19  52 109   9],0.0
244.45285299999998,9.0,104,0.0,4,4.0,[133 245  25   0   0   0   0   0],0.0
244.452854,9.0,107,0.0,5,5.0,[ 95   0 160  32   0   0   0   0],0.0
244.6507,9.0,101,0.0,1,1.0,[75  0  0  0  0  0  0  0],0.0
244.650701,9.0,102,0.0,6,6.0,[  3 207 144  49  84  45   0   0],0.0
244.650702,9.0,103,0.0,8,8.0,[ 47  36 138 144  19  52 109   9],0.0
244.650703,9.0,104,0.0,4,4.0,[133 245  25   0   0   0   0   0],0.0
244.650704,9.0,107,0.0,5,5.0,[167   0 128  65   0   0   0   0],0.0
244.65294999999998,9.0,111,0.0,8,8.0,[139 220 111  68 255 253 239 127],0.0
244.84824999999998,9.0,111,0.0,8,8.0,[139 220 111  68 255 253 239 127],0.0
244.8489,9.0,101,0.0,1,1.0,[75  0  0  0  0  0  0  0],0.0
244.84890099999998,9.0,102,0.0,6,6.0,[  3 151 145  49  84  45   0   0],0.0
244.84890199999998,9.0,103,0.0,8,8.0,[ 47  36 138 144  19  52 109   9],0.0
244.84890299999998,9.0,104,0.0,4,4.0,[131 245  25   0   0   0   0   0],0.0
244.84890399999998,9.0,107,0.0,5,5.0,[17  0 64 44  0  0  0  0],0.0
244.85174999999998,9.0,106,0.0,3,3.0,[203   1   0   0   0   0   0   0],0.0
245.04625,9.0,111,0.0,8,8.0,[139 220 111  68 255 253 239 127],0.0
245.0469,9.0,101,0.0,1,1.0,[67  0  0  0  0  0  0  0],0.0
245.046901,9.0,102,0.0,6,6.0,[  3  95 146  49  84  45   0   0],0.0
245.046902,9.0,103,0.0,8,8.0,[ 47  36 138 144  19  52 109   9],0.0
245.046903,9.0,104,0.0,4,4.0,[129 245  25   0   0   0   0   0],0.0
245.04690399999998,9.0,107,0.0,5,5.0,[109   0  96  65   0   0   0   0],0.0
245.24425,9.0,111,0.0,8,8.0,[139 220 111  68 255 253 239 127],0.0
245.24554999999998,9.0,101,0.0,1,1.0,[75  0  0  0  0  0  0  0],0.0
245.24555099999998,9.0,102,0.0,6,6.0,[  3  39 147  49  84  45   0   0],0.0
245.24555199999998,9.0,103,0.0,8,8.0,[ 47  36 138 144  19  52 109   9],0.0
245.245553,9.0,104,0.0,4,4.0,[129 245  25   0   0   0   0   0],0.0
245.245554,9.0,107,0.0,5,5.0,[207   0 224  64   0   0   0   0],0.0
245.4427,9.0,101,0.0,1,1.0,[75  0  0  0  0  0  0  0],0.0
245.442701,9.0,102,0.0,6,6.0,[  3 239 147  49  84  45   0   0],0.0
245.442702,9.0,103,0.0,8,8.0,[ 47  36 138 176  19  52 109   9],0.0
245.442703,9.0,104,0.0,4,4.0,[129 245  25   0   0   0   0   0],0.0
245.442704,9.0,107,0.0,5,5.0,[231   0 224  63   0   0   0   0],0.0
245.44295,9.0,111,0.0,8,8.0,[139 220 111  68 255 253 239 127],0.0
245.64024999999998,9.0,111,0.0,8,8.0,[139 220 111  68 255 253 239 127],0.0
245.64085,9.0,101,0.0,1,1.0,[75  0  0  0  0  0  0  0],0.0
245.640851,9.0,102,0.0,6,6.0,[  3 183 148  49  84  45   0   0],0.0
245.640852,9.0,103,0.0,8,8.0,[ 47  36 138 176  19  52 109   9],0.0
245.640853,9.0,104,0.0,4,4.0,[129 245  25   0   0   0   0   0],0.0
245.640854,9.0,107,0.0,5,5.0,[199   0  32  52   0   0   0   0],0.0
245.83884999999998,9.0,101,0.0,1,1.0,[67  0  0  0  0  0  0  0],0.0
245.83885099999998,9.0,102,0.0,6,6.0,[  3 127 149  49  84  45   0   0],0.0
245.838852,9.0,103,0.0,8,8.0,[ 47  36 138 176  19  52 109   9],0.0
245.838853,9.0,104,0.0,4,4.0,[127 245  25   0   0   0   0   0],0.0
245.838854,9.0,107,0.0,5,5.0,[ 25   1 128  65   0   0   0   0],0.0
245.84175,9.0,106,0.0,3,3.0,[203   1   0   0   0   0   0   0],0.0
245.84189999999998,9.0,111,0.0,8,8.0,[139 220 111  68 255 253 239 127],0.0
246.0367,9.0,101,0.0,1,1.0,[67  0  0  0  0  0  0  0],0.0
246.036701,9.0,102,0.0,6,6.0,[  3  71 150  49  84  45   0   0],0.0
246.036702,9.0,103,0.0,8,8.0,[ 47  36 138 176  19  52 109   9],0.0
246.036703,9.0,104,0.0,4,4.0,[127 245  25   0   0   0   0   0],0.0
246.036704,9.0,107,0.0,5,5.0,[93  0 32 63  0  0  0  0],0.0
246.03924999999998,9.0,111,0.0,8,8.0,[139 220 111  68 255 253 239 127],0.0
246.23425,9.0,111,0.0,8,8.0,[137 220 111  68 255 253 239 127],0.0
246.23489999999998,9.0,101,0.0,1,1.0,[75  0  0  0  0  0  0  0],0.0
246.23490099999998,9.0,102,0.0,6,6.0,[  3  15 151  49  84  45   0   0],0.0
246.23490199999998,9.0,103,0.0,8,8.0,[ 47  36 138 176  19  52 109   9],0.0
246.234903,9.0,104,0.0,4,4.0,[127 245  25   0   0   0   0   0],0.0
246.234904,9.0,107,0.0,5,5.0,[ 55   1 128  62   0   0   0   0],0.0
246.43224999999998,9.0,111,0.0,8,8.0,[139 220 111  68 255 253 239 127],0.0
246.4329,9.0,101,0.0,1,1.0,[75  0  0  0  0  0  0  0],0.0
246.432901,9.0,102,0.0,6,6.0,[  3 215 151  49  84  45   0   0],0.0
246.43290199999998,9.0,103,0.0,8,8.0,[ 47  36 138 176  19  52 109   9],0.0
246.43290299999998,9.0,104,0.0,4,4.0,[125 245  25   0   0   0   0   0],0.0
246.43290399999998,9.0,107,0.0,5,5.0,[177   0 160  55   0   0   0   0],0.0
246.63074999999998,9.0,101,0.0,1,1.0,[75  0  0  0  0  0  0  0],0.0
246.63075099999998,9.0,102,0.0,6,6.0,[  3 159 152  49  84  45   0   0],0.0
246.630752,9.0,103,0.0,8,8.0,[ 47  36 138 176  19  52 109   9],0.0
246.630753,9.0,104,0.0,4,4.0,[125 245  25   0   0   0   0   0],0.0
246.630754,9.0,107,0.0,5,5.0,[119   0 160  65   0   0   0   0],0.0
246.6316,9.0,111,0.0,8,8.0,[139 220 111 196 254 253 239 127],0.0
246.82825,9.0,111,0.0,8,8.0,[139 220 111  68 255 253 239 127],0.0
246.82889999999998,9.0,101,0.0,1,1.0,[75  0  0  0  0  0  0  0],0.0
246.828901,9.0,102,0.0,6,6.0,[  3 103 153  49  84  45   0   0],0.0
246.828902,9.0,103,0.0,8,8.0,[ 47  36 138 176  19  52 109   9],0.0
246.828903,9.0,104,0.0,4,4.0,[125 245  25   0   0   0   0   0],0.0
246.828904,9.0,107,0.0,5,5.0,[ 67   0 128  30   0   0   0   0],0.0
246.8311,9.0,106,0.0,3,3.0,[203   1   0   0   0   0   0   0],0.0
247.02624999999998,9.0,111,0.0,8,8.0,[139 220 111  68 255 249 239 127],0.0
247.02689999999998,9.0,101,0.0,1,1.0,[67  0  0  0  0  0  0  0],0.0
247.02690099999998,9.0,102,0.0,6,6.0,[  3  47 154  49  84  45   0   0],0.0
247.02690199999998,9.0,103,0.0,8,8.0,[ 47  36 138 176  19  52 109   9],0.0
247.02690299999998,9.0,104,0.0,4,4.0,[123 245  25   0   0   0   0   0],0.0
247.026904,9.0,107,0.0,5,5.0,[185   0 224  50   0   0   0   0],0.0
247.22424999999998,9.0,111,0.0,8,8.0,[139 220 111  68 255 253 239 127],0.0
247.2249,9.0,101,0.0,1,1.0,[75  0  0  0  0  0  0  0],0.0
247.224901,9.0,102,0.0,6,6.0,[  3 247 154  49  84  45   0   0],0.0
247.224902,9.0,103,0.0,8,8.0,[ 47  36 138 176  19  52 109   9],0.0
247.22490299999998,9.0,104,0.0,4,4.0,[121 245  25   0   0   0   0   0],0.0
247.22490399999998,9.0,107,0.0,5,5.0,[189   0 128  58   0   0   0   0],0.0
247.42225,9.0,111,0.0,8,8.0,[139 220 111  68 255 253 239 127],0.0
247.4229,9.0,101,0.0,1,1.0,[75  0  0  0  0  0  0  0],0.0
247.422901,9.0,102,0.0,6,6.0,[  3 191 155  49  84  45   0   0],0.0
247.422902,9.0,103,0.0,8,8.0,[ 47  36 138 176  19  52 109   9],0.0
247.422903,9.0,104,0.0,4,4.0,[121 245  25   0   0   0   0   0],0.0
247.422904,9.0,107,0.0,5,5.0,[53  0 64 34  0  0  0  0],0.0
247.62025,9.0,111,0.0,8,8.0,[137 220 111  68 255 253 239 127],0.0
247.62089999999998,9.0,101,0.0,1,1.0,[75  0  0  0  0  0  0  0],0.0
247.62090099999998,9.0,102,0.0,6,6.0,[  3 135 156  49  84  45   0   0],0.0
247.620902,9.0,103,0.0,8,8.0,[ 49  36 138 176  19  52 109   9],0.0
247.620903,9.0,104,0.0,4,4.0,[121 245  25   0   0   0   0   0],0.0
247.620904,9.0,107,0.0,5,5.0,[135   0 128  49   0   0   0   0],0.0
247.81824999999998,9.0,111,0.0,8,8.0,[139 220 111  68 255 253 239 127],0.0
247.81904999999998,9.0,101,0.0,1,1.0,[83  0  0  0  0  0  0  0],0.0
247.819051,9.0,102,0.0,6,6.0,[  3  79 157  49  84  45   0   0],0.0
247.819052,9.0,103,0.0,8,8.0,[ 49  36 138 176  19  52 109   9],0.0
247.819053,9.0,104,0.0,4,4.0,[121 245  25   0   0   0   0   0],0.0
247.819054,9.0,107,0.0,5,5.0,[ 45   1 160  56   0   0   0   0],0.0
247.82119999999998,9.0,106,0.0,3,3.0,[203   1   0   0   0   0   0   0],0.0
248.0169,9.0,101,0.0,1,1.0,[83  0  0  0  0  0  0  0],0.0
248.016901,9.0,102,0.0,6,6.0,[  3  23 158  49  84  45   0   0],0.0
248.016902,9.0,103,0.0,8,8.0,[ 51  36 138 176  19  52 109   9],0.0
248.01690299999999,9.0,104,0.0,4,4.0,[121 245  25   0   0   0   0   0],0.0
248.01690399999998,9.0,107,0.0,5,5.0,[ 5  1  0 64  0  0  0  0],0.0
248.01995,9.0,111,0.0,8,8.0,[139 220 111  68 255 253 239 127],0.0
248.21425,9.0,111,0.0,8,8.0,[139 220 111  68 255 253 239 127],0.0
248.21509999999998,9.0,101,0.0,1,1.0,[75  0  0  0  0  0  0  0],0.0
248.21510099999998,9.0,102,0.0,6,6.0,[  3 223 158  49  84  45   0   0],0.0
248.215102,9.0,103,0.0,8,8.0,[ 51  36 138 208  19  52 109   9],0.0
248.215103,9.0,104,0.0,4,4.0,[119 245  25   0   0   0   0   0],0.0
248.215104,9.0,107,0.0,5,5.0,[201   0 192  63   0   0   0   0],0.0
248.41225,9.0,111,0.0,8,8.0,[139 220 111  68 255 253 239 127],0.0
248.41355,9.0,101,0.0,1,1.0,[83  0  0  0  0  0  0  0],0.0
248.41355099999998,9.0,102,0.0,6,6.0,[  3 167 159  49  84  45   0   0],0.0
248.41355199999998,9.0,103,0.0,8,8.0,[ 51  36 138 208  19  52 109   9],0.0
248.41355299999998,9.0,104,0.0,4,4.0,[119 245  25   0   0   0   0   0],0.0
248.41355399999998,9.0,107,0.0,5,5.0,[193   0   0  31   0   0   0   0],0.0
248.61024999999998,9.0,111,0.0,8,8.0,[139 220 111  68 255 253 239 127],0.0
248.6109,9.0,101,0.0,1,1.0,[83  0  0  0  0  0  0  0],0.0
248.61090099999998,9.0,102,0.0,6,6.0,[  3 111 160  49  84  45   0   0],0.0
248.61090199999998,9.0,103,0.0,8,8.0,[ 51  36 138 176  19  52 109   9],0.0
248.61090299999998,9.0,104,0.0,4,4.0,[119 245  25   0   0   0   0   0],0.0
248.61090399999998,9.0,107,0.0,5,5.0,[207   0   0  53   0   0   0   0],0.0
248.80825,9.0,111,0.0,8,8.0,[139 220 111 196 254 253 239 127],0.0
248.8089,9.0,101,0.0,1,1.0,[83  0  0  0  0  0  0  0],0.0
248.808901,9.0,102,0.0,6,6.0,[  3  55 161  49  84  45   0   0],0.0
248.808902,9.0,103,0.0,8,8.0,[ 51  36 138 176  19  52 109   9],0.0
248.808903,9.0,104,0.0,4,4.0,[119 245  25   0   0   0   0   0],0.0
248.80890399999998,9.0,107,0.0,5,5.0,[33  0  0 47  0  0  0  0],0.0
248.81119999999999,9.0,106,0.0,3,3.0,[203   1   0   0   0   0   0   0],0.0
249.00629999999998,9.0,111,0.0,8,8.0,[139 220 111 196 254 253 239 127],0.0
249.00705,9.0,101,0.0,1,1.0,[75  0  0  0  0  0  0  0],0.0
249.007051,9.0,102,0.0,6,6.0,[  3 255 161  49  84  45   0   0],0.0
249.007052,9.0,103,0.0,8,8.0,[ 51  36 138 176  19  52 109   9],0.0
249.00705299999998,9.0,104,0.0,4,4.0,[119 245  25   0   0   0   0   0],0.0
249.00705399999998,9.0,107,0.0,5,5.0,[67  1 96 62  0  0  0  0],0.0
249.2043,9.0,111,0.0,8,8.0,[139 220 111  68 255 249 239 127],0.0
249.20495,9.0,101,0.0,1,1.0,[75  0  0  0  0  0  0  0],0.0
249.204951,9.0,102,0.0,6,6.0,[  3 199 162  49  84  45   0   0],0.0
249.204952,9.0,103,0.0,8,8.0,[ 51  36 138 176  19  52 109   9],0.0
249.204953,9.0,104,0.0,4,4.0,[119 245  25   0   0   0   0   0],0.0
249.204954,9.0,107,0.0,5,5.0,[205   1  64  58   0   0   0   0],0.0
249.4023,9.0,111,0.0,8,8.0,[139 220 111  68 255 253 239 127],0.0
249.40314999999998,9.0,101,0.0,1,1.0,[75  0  0  0  0  0  0  0],0.0
249.40315099999998,9.0,102,0.0,6,6.0,[  3 143 163  49  84  45   0   0],0.0
249.40315199999998,9.0,103,0.0,8,8.0,[ 51  36 138 176  19  52 109   9],0.0
249.40315299999997,9.0,104,0.0,4,4.0,[119 245  25   0   0   0   0   0],0.0
249.403154,9.0,107,0.0,5,5.0,[229   1  96  64   0   0   0   0],0.0
249.60029999999998,9.0,111,0.0,8,8.0,[137 220 111  68 255 253 239 127],0.0
249.60115,9.0,101,0.0,1,1.0,[75  0  0  0  0  0  0  0],0.0
249.601151,9.0,102,0.0,6,6.0,[  3  87 164  49  84  45   0   0],0.0
249.60115199999998,9.0,103,0.0,8,8.0,[ 51  36 138 176  19  52 109   9],0.0
249.60115299999998,9.0,104,0.0,4,4.0,[119 245  25   0   0   0   0   0],0.0
249.60115399999998,9.0,107,0.0,5,5.0,[201   0   0  49   0   0   0   0],0.0
249.79829999999998,9.0,111,0.0,8,8.0,[139 220 111  68 255 253 207 127],0.0
249.79889999999997,9.0,101,0.0,1,1.0,[75  0  0  0  0  0  0  0],0.0
249.798901,9.0,102,0.0,6,6.0,[  3  31 165  49  84  45   0   0],0.0
249.798902,9.0,103,0.0,8,8.0,[ 49  36 138 176  19  52 109   9],0.0
249.798903,9.0,104,0.0,4,4.0,[119 245  25   0   0   0   0   0],0.0
249.798904,9.0,107,0.0,5,5.0,[  3   1 160  58   0   0   0   0],0.0
249.80175,9.0,106,0.0,3,3.0,[203   1   0   0   0   0   0   0],0.0
249.9963,9.0,111,0.0,8,8.0,[137 220 111  68 255 253 239 127],0.0
249.99705,9.0,101,0.0,1,1.0,[67  0  0  0  0  0  0  0],0.0
249.997051,9.0,102,0.0,6,6.0,[  3 231 165  49  84  45   0   0],0.0
249.997052,9.0,103,0.0,8,8.0,[ 51  36 138 176  19  52 109   9],0.0
249.997053,9.0,104,0.0,4,4.0,[119 245  25   0   0   0   0   0],0.0
249.997054,9.0,107,0.0,5,5.0,[ 79   0 128  29   0   0   0   0],0.0
250.19424999999998,9.0,111,0.0,8,8.0,[139 220 111  68 255 253 239 127],0.0
250.19504999999998,9.0,101,0.0,1,1.0,[67  0  0  0  0  0  0  0],0.0
250.19505099999998,9.0,102,0.0,6,6.0,[  3 175 166  49  84  45   0   0],0.0
250.19505199999998,9.0,103,0.0,8,8.0,[ 51  36 138 176  19  52 109   9],0.0
250.195053,9.0,104,0.0,4,4.0,[119 245  25   0   0   0   0   0],0.0
250.195054,9.0,107,0.0,5,5.0,[85  0 32 51  0  0  0  0],0.0
250.39229999999998,9.0,111,0.0,8,8.0,[139 220 111  68 255 253 239 127],0.0
250.39305,9.0,101,0.0,1,1.0,[75  0  0  0  0  0  0  0],0.0
250.39305099999999,9.0,102,0.0,6,6.0,[  3 119 167  49  84  45   0   0],0.0
250.39305199999998,9.0,103,0.0,8,8.0,[ 51  36 138 176  19  52 109   9],0.0
250.39305299999998,9.0,104,0.0,4,4.0,[117 245  25   0   0   0   0   0],0.0
250.39305399999998,9.0,107,0.0,5,5.0,[139   0 192  37   0   0   0   0],0.0
250.59029999999998,9.0,111,0.0,8,8.0,[139 220 111  68 255 253 239 127],0.0
250.59115,9.0,101,0.0,1,1.0,[75  0  0  0  0  0  0  0],0.0
250.591151,9.0,102,0.0,6,6.0,[  3  63 168  49  84  45   0   0],0.0
250.591152,9.0,103,0.0,8,8.0,[ 51  36 138 176  19  52 109   9],0.0
250.591153,9.0,104,0.0,4,4.0,[119 245  25   0   0   0   0   0],0.0
250.591154,9.0,107,0.0,5,5.0,[255   0 160  56   0   0   0   0],0.0
250.78834999999998,9.0,111,0.0,8,8.0,[139 220 111  68 255 253 239 127],0.0
250.7892,9.0,101,0.0,1,1.0,[67  0  0  0  0  0  0  0],0.0
250.789201,9.0,102,0.0,6,6.0,[  3   7 169  49  84  45   0   0],0.0
250.789202,9.0,103,0.0,8,8.0,[ 51  36 138 208  19  52 109   9],0.0
250.789203,9.0,104,0.0,4,4.0,[119 245  25   0   0   0   0   0],0.0
250.78920399999998,9.0,107,0.0,5,5.0,[185   0 160  51   0   0   0   0],0.0
250.792,9.0,106,0.0,3,3.0,[203   1   0   0   0   0   0   0],0.0
250.9863,9.0,111,0.0,8,8.0,[139 220 111  68 255 253 239 127],0.0
250.98694999999998,9.0,101,0.0,1,1.0,[75  0  0  0  0  0  0  0],0.0
250.98695099999998,9.0,102,0.0,6,6.0,[  3 207 169  49  84  45   0   0],0.0
250.986952,9.0,103,0.0,8,8.0,[ 51  36 138 208  19  52 109   9],0.0
250.986953,9.0,104,0.0,4,4.0,[119 245  25   0   0   0   0   0],0.0
250.986954,9.0,107,0.0,5,5.0,[145   0 128  50   0   0   0   0],0.0
251.18429999999998,9.0,111,0.0,8,8.0,[139 220 111  68 255 253 239 127],0.0
251.18509999999998,9.0,101,0.0,1,1.0,[75  0  0  0  0  0  0  0],0.0
251.18510099999997,9.0,102,0.0,6,6.0,[  3 151 170  49  84  45   0   0],0.0
251.185102,9.0,103,0.0,8,8.0,[ 53  36 138 208  19  52 109   9],0.0
251.185103,9.0,104,0.0,4,4.0,[119 245  25   0   0   0   0   0],0.0
251.185104,9.0,107,0.0,5,5.0,[95  0 32 41  0  0  0  0],0.0
251.3823,9.0,111,0.0,8,8.0,[139 220 111  68 255 249 239 127],0.0
251.38309999999998,9.0,101,0.0,1,1.0,[75  0  0  0  0  0  0  0],0.0
251.38310099999998,9.0,102,0.0,6,6.0,[  3  95 171  49  84  45   0   0],0.0
251.38310199999998,9.0,103,0.0,8,8.0,[ 53  36 138 208  19  52 109   9],0.0
251.38310299999998,9.0,104,0.0,4,4.0,[121 245  25   0   0   0   0   0],0.0
251.38310399999997,9.0,107,0.0,5,5.0,[167   0  96  36   0   0   0   0],0.0
251.5803,9.0,111,0.0,8,8.0,[139 220 111  68 255 253 239 127],0.0
251.58194999999998,9.0,101,0.0,1,1.0,[75  0  0  0  0  0  0  0],0.0
251.58195099999998,9.0,102,0.0,6,6.0,[  3  39 172  49  84  45   0   0],0.0
251.581952,9.0,103,0.0,8,8.0,[ 55  36 138 208  19  52 109   9],0.0
251.581953,9.0,104,0.0,4,4.0,[119 245  25   0   0   0   0   0],0.0
251.581954,9.0,107,0.0,5,5.0,[227   0 224  62   0   0   0   0],0.0
251.7783,9.0,111,0.0,8,8.0,[139 220 111  68 255 249 239 127],0.0
251.77915,9.0,101,0.0,1,1.0,[75  0  0  0  0  0  0  0],0.0
251.77915099999998,9.0,102,0.0,6,6.0,[  3 239 172  49  84  45   0   0],0.0
251.77915199999998,9.0,103,0.0,8,8.0,[ 55  36 138 240  19  52 109   9],0.0
251.77915299999998,9.0,104,0.0,4,4.0,[119 245  25   0   0   0   0   0],0.0
251.77915399999998,9.0,107,0.0,5,5.0,[181   0  32  62   0   0   0   0],0.0
251.78199999999998,9.0,106,0.0,3,3.0,[203   1   0   0   0   0   0   0],0.0
251.97629999999998,9.0,111,0.0,8,8.0,[139 220 111 196 254 253 239 127],0.0
251.97715,9.0,101,0.0,1,1.0,[83  0  0  0  0  0  0  0],0.0
251.977151,9.0,102,0.0,6,6.0,[  3 183 173  49  84  45   0   0],0.0
251.977152,9.0,103,0.0,8,8.0,[ 57  36 138 240  19  52 109   9],0.0
251.977153,9.0,104,0.0,4,4.0,[119 245  25   0   0   0   0   0],0.0
251.97715399999998,9.0,107,0.0,5,5.0,[229   0  32  65   0   0   0   0],0.0
252.1743,9.0,111,0.0,8,8.0,[139 220 111  68 255 253 239 127],0.0
252.17515,9.0,101,0.0,1,1.0,[75  0  0  0  0  0  0  0],0.0
252.175151,9.0,102,0.0,6,6.0,[  3 127 174  49  84  45   0   0],0.0
252.175152,9.0,103,0.0,8,8.0,[ 57  36 138 208  19  52 109   9],0.0
252.175153,9.0,104,0.0,4,4.0,[117 245  25   0   0   0   0   0],0.0
252.175154,9.0,107,0.0,5,5.0,[81  0 32 54  0  0  0  0],0.0
252.3723,9.0,111,0.0,8,8.0,[139 220 111  68 255 253 239 127],0.0
252.3731,9.0,101,0.0,1,1.0,[83  0  0  0  0  0  0  0],0.0
252.373101,9.0,102,0.0,6,6.0,[  3  71 175  49  84  45   0   0],0.0
252.373102,9.0,103,0.0,8,8.0,[ 57  36 138 240  19  52 109   9],0.0
252.373103,9.0,104,0.0,4,4.0,[117 245  25   0   0   0   0   0],0.0
252.37310399999998,9.0,107,0.0,5,5.0,[ 17   1 160  68   0   0   0   0],0.0
252.57029999999997,9.0,111,0.0,8,8.0,[139 220 111  68 255 253 239 127],0.0
252.5711,9.0,101,0.0,1,1.0,[83  0  0  0  0  0  0  0],0.0
252.571101,9.0,102,0.0,6,6.0,[  3  15 176  49  84  45   0   0],0.0
252.571102,9.0,103,0.0,8,8.0,[ 57  36 138 208  19  52 109   9],0.0
252.571103,9.0,104,0.0,4,4.0,[117 245  25   0   0   0   0   0],0.0
252.571104,9.0,107,0.0,5,5.0,[211   0 160  63   0   0   0   0],0.0
252.76829999999998,9.0,111,0.0,8,8.0,[139 220 111  68 255 253 239 127],0.0
252.7693,9.0,101,0.0,1,1.0,[83  0  0  0  0  0  0  0],0.0
252.76930099999998,9.0,102,0.0,6,6.0,[  3 215 176  49  84  45   0   0],0.0
252.76930199999998,9.0,103,0.0,8,8.0,[ 57  36 138 208  19  52 109   9],0.0
252.76930299999998,9.0,104,0.0,4,4.0,[115 245  25   0   0   0   0   0],0.0
252.76930399999998,9.0,107,0.0,5,5.0,[233   0  32  59   0   0   0   0],0.0
252.77149999999997,9.0,106,0.0,3,3.0,[203   1   0   0   0   0   0   0],0.0
252.9663,9.0,111,0.0,8,8.0,[139 220 111  68 255 253 239 127],0.0
252.968,9.0,101,0.0,1,1.0,[83  0  0  0  0  0  0  0],0.0
252.968001,9.0,102,0.0,6,6.0,[  3 159 177  49  84  45   0   0],0.0
252.96800199999998,9.0,103,0.0,8,8.0,[ 55  36 138 208  19  52 109   9],0.0
252.96800299999998,9.0,104,0.0,4,4.0,[115 245  25   0   0   0   0   0],0.0
252.96800399999998,9.0,107,0.0,5,5.0,[181   1 128  66   0   0   0   0],0.0
253.16434999999998,9.0,111,0.0,8,8.0,[139 220 111  68 255 253 239 127],0.0
253.1652,9.0,101,0.0,1,1.0,[83  0  0  0  0  0  0  0],0.0
253.165201,9.0,102,0.0,6,6.0,[  3 103 178  49  84  45   0   0],0.0
253.165202,9.0,103,0.0,8,8.0,[ 57  36 138 208  19  52 109   9],0.0
253.165203,9.0,104,0.0,4,4.0,[115 245  25   0   0   0   0   0],0.0
253.165204,9.0,107,0.0,5,5.0,[111   0  64  59   0   0   0   0],0.0
253.36235,9.0,111,0.0,8,8.0,[139 220 111  68 255 253 239 127],0.0
253.36319999999998,9.0,101,0.0,1,1.0,[83  0  0  0  0  0  0  0],0.0
253.36320099999998,9.0,102,0.0,6,6.0,[  3  47 179  49  84  45   0   0],0.0
253.363202,9.0,103,0.0,8,8.0,[ 57  36 138 208  19  52 109   9],0.0
253.363203,9.0,104,0.0,4,4.0,[113 245  25   0   0   0   0   0],0.0
253.363204,9.0,107,0.0,5,5.0,[93  0  0 44  0  0  0  0],0.0
253.56035,9.0,111,0.0,8,8.0,[139 220 111 196 254 253 239 127],0.0
253.56134999999998,9.0,101,0.0,1,1.0,[83  0  0  0  0  0  0  0],0.0
253.561351,9.0,102,0.0,6,6.0,[  3 247 179  49  84  45   0   0],0.0
253.561352,9.0,103,0.0,8,8.0,[ 57  36 138 208  19  52 109   9],0.0
253.561353,9.0,104,0.0,4,4.0,[115 245  25   0   0   0   0   0],0.0
253.561354,9.0,107,0.0,5,5.0,[ 63   1 160  64   0   0   0   0],0.0
253.75834999999998,9.0,111,0.0,8,8.0,[139 220 111  68 255 253 239 127],0.0
253.7591,9.0,101,0.0,1,1.0,[83  0  0  0  0  0  0  0],0.0
253.759101,9.0,102,0.0,6,6.0,[  3 191 180  49  84  45   0   0],0.0
253.75910199999998,9.0,103,0.0,8,8.0,[ 59  36 138 208  19  52 109   9],0.0
253.75910299999998,9.0,104,0.0,4,4.0,[113 245  25   0   0   0   0   0],0.0
253.75910399999998,9.0,107,0.0,5,5.0,[55  2 32 68  0  0  0  0],0.0
253.76135,9.0,106,0.0,3,3.0,[203   1   0   0   0   0   0   0],0.0
253.95635,9.0,111,0.0,8,8.0,[139 220 111  68 255 253 239 127],0.0
253.95735,9.0,101,0.0,1,1.0,[83  0  0  0  0  0  0  0],0.0
253.957351,9.0,102,0.0,6,6.0,[  3 135 181  49  84  45   0   0],0.0
253.957352,9.0,103,0.0,8,8.0,[ 59  36 138 208  19  52 109   9],0.0
253.95735299999998,9.0,104,0.0,4,4.0,[113 245  25   0   0   0   0   0],0.0
253.95735399999998,9.0,107,0.0,5,5.0,[193   1 192  66   0   0   0   0],0.0
254.15435,9.0,111,0.0,8,8.0,[139 220 111  68 255 253 239 127],0.0
254.15535,9.0,101,0.0,1,1.0,[83  0  0  0  0  0  0  0],0.0
254.155351,9.0,102,0.0,6,6.0,[  3  79 182  49  84  45   0   0],0.0
254.155352,9.0,103,0.0,8,8.0,[ 61  36 138 240  19  52 109   9],0.0
254.155353,9.0,104,0.0,4,4.0,[113 245  25   0   0   0   0   0],0.0
254.155354,9.0,107,0.0,5,5.0,[253   1 192  66   0   0   0   0],0.0
254.35235,9.0,111,0.0,8,8.0,[139 220 111  68 255 253 239 127],0.0
254.35334999999998,9.0,101,0.0,1,1.0,[83  0  0  0  0  0  0  0],0.0
254.35335099999998,9.0,102,0.0,6,6.0,[  3  23 183  49  84  45   0   0],0.0
254.353352,9.0,103,0.0,8,8.0,[ 61  36 138 208  19  52 109   9],0.0
254.353353,9.0,104,0.0,4,4.0,[115 245  25   0   0   0   0   0],0.0
254.353354,9.0,107,0.0,5,5.0,[241   0 192  68   0   0   0   0],0.0
254.55034999999998,9.0,111,0.0,8,8.0,[139 220 111  68 255 253 239 127],0.0
254.55134999999999,9.0,101,0.0,1,1.0,[83  0  0  0  0  0  0  0],0.0
254.55135099999998,9.0,102,0.0,6,6.0,[  3 223 183  49  84  45   0   0],0.0
254.55135199999998,9.0,103,0.0,8,8.0,[ 61  36 138 208  19  52 109   9],0.0
254.55135299999998,9.0,104,0.0,4,4.0,[113 245  25   0   0   0   0   0],0.0
254.55135399999998,9.0,107,0.0,5,5.0,[ 59   0 128  38   0   0   0   0],0.0
254.74835,9.0,111,0.0,8,8.0,[139 220 111  68 255 253 239 127],0.0
254.75,9.0,101,0.0,1,1.0,[83  0  0  0  0  0  0  0],0.0
254.750001,9.0,102,0.0,6,6.0,[  3 167 184  49  84  45   0   0],0.0
254.750002,9.0,103,0.0,8,8.0,[ 61  36 138 208  19  52 109   9],0.0
254.750003,9.0,104,0.0,4,4.0,[113 245  25   0   0   0   0   0],0.0
254.750004,9.0,107,0.0,5,5.0,[179   0 192  63   0   0   0   0],0.0
254.75224999999998,9.0,106,0.0,3,3.0,[203   1   0   0   0   0   0   0],0.0
254.94635,9.0,111,0.0,8,8.0,[139 220 111  68 255 253 239 127],0.0
254.94709999999998,9.0,101,0.0,1,1.0,[83  0  0  0  0  0  0  0],0.0
254.94710099999998,9.0,102,0.0,6,6.0,[  3 111 185  49  84  45   0   0],0.0
254.947102,9.0,103,0.0,8,8.0,[ 61  36 138 208  19  52 109   9],0.0
254.947103,9.0,104,0.0,4,4.0,[113 245  25   0   0   0   0   0],0.0
254.947104,9.0,107,0.0,5,5.0,[209   0  64  63   0   0   0   0],0.0
255.14434999999997,9.0,111,0.0,8,8.0,[139 220 111  68 255 253 239 127],0.0
255.14534999999998,9.0,101,0.0,1,1.0,[83  0  0  0  0  0  0  0],0.0
255.14535099999998,9.0,102,0.0,6,6.0,[  3  55 186  49  84  45   0   0],0.0
255.145352,9.0,103,0.0,8,8.0,[ 61  36 138 240  19  52 109   9],0.0
255.145353,9.0,104,0.0,4,4.0,[113 245  25   0   0   0   0   0],0.0
255.145354,9.0,107,0.0,5,5.0,[185   0 224  33   0   0   0   0],0.0
255.34234999999998,9.0,111,0.0,8,8.0,[139 220 111  68 255 253 239 127],0.0
255.34335,9.0,101,0.0,1,1.0,[83  0  0  0  0  0  0  0],0.0
255.34335099999998,9.0,102,0.0,6,6.0,[  3 255 186  49  84  45   0   0],0.0
255.34335199999998,9.0,103,0.0,8,8.0,[ 63  36 138 240  19  52 109   9],0.0
255.34335299999998,9.0,104,0.0,4,4.0,[111 245  25   0   0   0   0   0],0.0
255.34335399999998,9.0,107,0.0,5,5.0,[ 75   0 128  50   0   0   0   0],0.0
255.54035,9.0,111,0.0,8,8.0,[139 220 111  68 255 253 239 127],0.0
255.54135,9.0,101,0.0,1,1.0,[83  0  0  0  0  0  0  0],0.0
255.541351,9.0,102,0.0,6,6.0,[  3 199 187  49  84  45   0   0],0.0
255.541352,9.0,103,0.0,8,8.0,[ 63  36 138 240  19  52 109   9],0.0
255.541353,9.0,104,0.0,4,4.0,[111 245  25   0   0   0   0   0],0.0
255.54135399999998,9.0,107,0.0,5,5.0,[105   1 192  56   0   0   0   0],0.0
255.73835,9.0,111,0.0,8,8.0,[139 220 111  68 255 253 239 127],0.0
255.73935,9.0,101,0.0,1,1.0,[83  0  0  0  0  0  0  0],0.0
255.739351,9.0,102,0.0,6,6.0,[  3 143 188  49  84  45   0   0],0.0
255.739352,9.0,103,0.0,8,8.0,[ 63  36 138 240  19  52 109  13],0.0
255.739353,9.0,104,0.0,4,4.0,[109 245  25   0   0   0   0   0],0.0
255.739354,9.0,107,0.0,5,5.0,[  5   2 224  66   0   0   0   0],0.0
255.7423,9.0,106,0.0,3,3.0,[205   1   0   0   0   0   0   0],0.0
255.93634999999998,9.0,111,0.0,8,8.0,[139 220 111  68 255 253 239 127],0.0
255.93734999999998,9.0,101,0.0,1,1.0,[83  0  0  0  0  0  0  0],0.0
255.93735099999998,9.0,102,0.0,6,6.0,[  3  87 189  49  84  45   0   0],0.0
255.93735199999998,9.0,103,0.0,8,8.0,[ 63  36 138 240  19  52 109  13],0.0
255.937353,9.0,104,0.0,4,4.0,[111 245  25   0   0   0   0   0],0.0
255.937354,9.0,107,0.0,5,5.0,[161   1 128  66   0   0   0   0],0.0
256.13435,9.0,111,0.0,8,8.0,[139 220 111  68 255 253 239 127],0.0
256.13599999999997,9.0,101,0.0,1,1.0,[83  0  0  0  0  0  0  0],0.0
256.13600099999996,9.0,102,0.0,6,6.0,[  3  31 190  49  84  45   0   0],0.0
256.13600199999996,9.0,103,0.0,8,8.0,[ 63  36 138 240  19  52 109  13],0.0
256.136003,9.0,104,0.0,4,4.0,[111 245  25   0   0   0   0   0],0.0
256.136004,9.0,107,0.0,5,5.0,[ 41   1 224  62   0   0   0   0],0.0
256.33234999999996,9.0,111,0.0,8,8.0,[139 220 111  68 255 253 239 127],0.0
256.33335,9.0,101,0.0,1,1.0,[75  0  0  0  0  0  0  0],0.0
256.333351,9.0,102,0.0,6,6.0,[  3 231 190  49  84  45   0   0],0.0
256.333352,9.0,103,0.0,8,8.0,[ 63  36 138 240  19  52 109  13],0.0
256.333353,9.0,104,0.0,4,4.0,[109 245  25   0   0   0   0   0],0.0
256.333354,9.0,107,0.0,5,5.0,[29  0 96 42  0  0  0  0],0.0
256.53035,9.0,111,0.0,8,8.0,[139 220 111  68 255 253 239 127],0.0
256.53135,9.0,101,0.0,1,1.0,[83  0  0  0  0  0  0  0],0.0
256.531351,9.0,102,0.0,6,6.0,[  3 175 191  49  84  45   0   0],0.0
256.53135199999997,9.0,103,0.0,8,8.0,[ 63  36 138 240  19  52 109  13],0.0
256.53135299999997,9.0,104,0.0,4,4.0,[109 245  25   0   0   0   0   0],0.0
256.53135399999996,9.0,107,0.0,5,5.0,[193   0  64  63   0   0   0   0],0.0
256.72835,9.0,111,0.0,8,8.0,[139 220 111  68 255 253 239 127],0.0
256.92665,9.0,101,0.0,1,1.0,[83  0  0  0  0  0  0  0],0.0
256.926651,9.0,102,0.0,6,6.0,[  3 119 192  49  84  45   0   0],0.0
256.926652,9.0,103,0.0,8,8.0,[ 63  36 138 240  19  52 109  13],0.0
256.926653,9.0,104,0.0,4,4.0,[109 245  25   0   0   0   0   0],0.0
256.926654,9.0,107,0.0,5,5.0,[109   0  96  62   0   0   0   0],0.0
256.92955,9.0,106,0.0,3,3.0,[205   1   0   0   0   0   0   0],0.0
256.9299,9.0,111,0.0,8,8.0,[139 220 111  68 255 253 239 127],0.0
257.12435,9.0,111,0.0,8,8.0,[139 220 111 196 254 253 239 127],0.0
257.32265,9.0,101,0.0,1,1.0,[83  0  0  0  0  0  0  0],0.0
257.322651,9.0,102,0.0,6,6.0,[  3   7 194  49  84  45   0   0],0.0
257.322652,9.0,103,0.0,8,8.0,[ 61  36 138 240  19  52 109  13],0.0
257.322653,9.0,104,0.0,4,4.0,[109 245  25   0   0   0   0   0],0.0
257.322654,9.0,107,0.0,5,5.0,[ 95   0 224  62   0   0   0   0],0.0
257.32509999999996,9.0,111,0.0,8,8.0,[139 220 111  68 255 253 239 127],0.0
257.52065,9.0,101,0.0,1,1.0,[83  0  0  0  0  0  0  0],0.0
257.520651,9.0,102,0.0,6,6.0,[  3 207 194  49  84  45   0   0],0.0
257.520652,9.0,103,0.0,8,8.0,[ 63  36 138 240  19  52 109  13],0.0
257.520653,9.0,104,0.0,4,4.0,[109 245  25   0   0   0   0   0],0.0
257.520654,9.0,107,0.0,5,5.0,[145   0  96  50   0   0   0   0],0.0
257.52375,9.0,111,0.0,8,8.0,[139 220 111  68 255 253 239 127],0.0
257.71864999999997,9.0,101,0.0,1,1.0,[83  0  0  0  0  0  0  0],0.0
257.71865099999997,9.0,102,0.0,6,6.0,[  3 151 195  49  84  45   0   0],0.0
257.71865199999996,9.0,103,0.0,8,8.0,[ 61  36 138 240  19  52 109  13],0.0
257.71865299999996,9.0,104,0.0,4,4.0,[107 245  25   0   0   0   0   0],0.0
257.718654,9.0,107,0.0,5,5.0,[131   0  64  33   0   0   0   0],0.0
257.7211,9.0,111,0.0,8,8.0,[139 220 111 196 254 253 239 127],0.0
257.91665,9.0,101,0.0,1,1.0,[83  0  0  0  0  0  0  0],0.0
257.916651,9.0,102,0.0,6,6.0,[  3  95 196  49  84  45   0   0],0.0
257.916652,9.0,103,0.0,8,8.0,[ 61  36 138 240  19  52 109  13],0.0
257.916653,9.0,104,0.0,4,4.0,[107 245  25   0   0   0   0   0],0.0
257.916654,9.0,107,0.0,5,5.0,[ 95   0 224  50   0   0   0   0],0.0
257.9189,9.0,106,0.0,3,3.0,[205   1   0   0   0   0   0   0],0.0
257.91925,9.0,111,0.0,8,8.0,[137 220 111  68 255 249 239 127],0.0
258.11465,9.0,101,0.0,1,1.0,[83  0  0  0  0  0  0  0],0.0
258.114651,9.0,102,0.0,6,6.0,[  3  39 197  49  84  45   0   0],0.0
258.114652,9.0,103,0.0,8,8.0,[ 63  36 138 240  19  52 109  13],0.0
258.114653,9.0,104,0.0,4,4.0,[105 245  25   0   0   0   0   0],0.0
258.114654,9.0,107,0.0,5,5.0,[129   1   0  67   0   0   0   0],0.0
258.11775,9.0,111,0.0,8,8.0,[139 220 111  68 255 253 239 127],0.0
258.31264999999996,9.0,101,0.0,1,1.0,[83  0  0  0  0  0  0  0],0.0
258.312651,9.0,102,0.0,6,6.0,[  3 239 197  49  84  45   0   0],0.0
258.312652,9.0,103,0.0,8,8.0,[ 63  36 138 240  19  52 109  13],0.0
258.312653,9.0,104,0.0,4,4.0,[105 245  25   0   0   0   0   0],0.0
258.312654,9.0,107,0.0,5,5.0,[ 83   1 192  66   0   0   0   0],0.0
258.3151,9.0,111,0.0,8,8.0,[137 220 175  68 255 253 207 127],0.0
258.51065,9.0,101,0.0,1,1.0,[83  0  0  0  0  0  0  0],0.0
258.510651,9.0,102,0.0,6,6.0,[  3 183 198  49  84  45   0   0],0.0
258.510652,9.0,103,0.0,8,8.0,[ 65  36 138 240  19  52 109  13],0.0
258.510653,9.0,104,0.0,4,4.0,[105 245  25   0   0   0   0   0],0.0
258.510654,9.0,107,0.0,5,5.0,[55  2  0 68  0  0  0  0],0.0
258.5138,9.0,111,0.0,8,8.0,[137 220 111  68 255 245 239 127],0.0
258.70885,9.0,101,0.0,1,1.0,[83  0  0  0  0  0  0  0],0.0
258.708851,9.0,102,0.0,6,6.0,[  3 127 199  49  84  45   0   0],0.0
258.708852,9.0,103,0.0,8,8.0,[ 63  36 138  16  20  52 109  13],0.0
258.708853,9.0,104,0.0,4,4.0,[105 245  25   0   0   0   0   0],0.0
258.708854,9.0,107,0.0,5,5.0,[27  2  0 66  0  0  0  0],0.0
258.7111,9.0,111,0.0,8,8.0,[137 228 143  68 255 249 207 127],0.0
258.90665,9.0,101,0.0,1,1.0,[83  0  0  0  0  0  0  0],0.0
258.906651,9.0,102,0.0,6,6.0,[  3  71 200  49  84  45   0   0],0.0
258.906652,9.0,103,0.0,8,8.0,[ 63  36 138  16  20  52 109  13],0.0
258.906653,9.0,104,0.0,4,4.0,[105 245  25   0   0   0   0   0],0.0
258.906654,9.0,107,0.0,5,5.0,[ 7  1 32 57  0  0  0  0],0.0
258.90954999999997,9.0,106,0.0,3,3.0,[205   1   0   0   0   0   0   0],0.0
258.9099,9.0,111,0.0,8,8.0,[139 236 111  68 255 253 207 127],0.0
259.10465,9.0,101,0.0,1,1.0,[83  0  0  0  0  0  0  0],0.0
259.104651,9.0,102,0.0,6,6.0,[  3  15 201  49  84  45   0   0],0.0
259.104652,9.0,103,0.0,8,8.0,[ 63  36 138  16  20  52 109  13],0.0
259.104653,9.0,104,0.0,4,4.0,[105 245  25   0   0   0   0   0],0.0
259.104654,9.0,107,0.0,5,5.0,[83  1 64 60  0  0  0  0],0.0
259.1071,9.0,111,0.0,8,8.0,[139 244 111  68 255 253 239 127],0.0
259.30264999999997,9.0,101,0.0,1,1.0,[83  0  0  0  0  0  0  0],0.0
259.30265099999997,9.0,102,0.0,6,6.0,[  3 215 201  49  84  45   0   0],0.0
259.30265199999997,9.0,103,0.0,8,8.0,[ 63  36 138 240  19  52 109  13],0.0
259.30265299999996,9.0,104,0.0,4,4.0,[105 245  25   0   0   0   0   0],0.0
259.30265399999996,9.0,107,0.0,5,5.0,[43  1 96 54  0  0  0  0],0.0
259.3051,9.0,111,0.0,8,8.0,[139 236 111  68 255 249 239 127],0.0
259.5009,9.0,101,0.0,1,1.0,[75  0  0  0  0  0  0  0],0.0
259.500901,9.0,102,0.0,6,6.0,[  3 159 202  49  84  45   0   0],0.0
259.500902,9.0,103,0.0,8,8.0,[ 65  36 138 240  19  52 109  13],0.0
259.500903,9.0,104,0.0,4,4.0,[103 245  25   0   0   0   0   0],0.0
259.500904,9.0,107,0.0,5,5.0,[145   2 192  52   0   0   0   0],0.0
259.5038,9.0,111,0.0,8,8.0,[139 236 111  68 255 253 239 127],0.0
259.6989,9.0,101,0.0,1,1.0,[83  0  0  0  0  0  0  0],0.0
259.698901,9.0,102,0.0,6,6.0,[  3 103 203  49  84  45   0   0],0.0
259.698902,9.0,103,0.0,8,8.0,[ 67  36 138 240  19  52 109  13],0.0
259.698903,9.0,104,0.0,4,4.0,[103 245  25   0   0   0   0   0],0.0
259.69890399999997,9.0,107,0.0,5,5.0,[37  3  0 57  0  0  0  0],0.0
259.70115,9.0,111,0.0,8,8.0,[139  12 112  68 255 253 207 127],0.0
259.8969,9.0,101,0.0,1,1.0,[83  0  0  0  0  0  0  0],0.0
259.896901,9.0,102,0.0,6,6.0,[  3  47 204  49  84  45   0   0],0.0
259.896902,9.0,103,0.0,8,8.0,[ 67  36 138 208  19  52 109  13],0.0
259.896903,9.0,104,0.0,4,4.0,[103 245  25   0   0   0   0   0],0.0
259.896904,9.0,107,0.0,5,5.0,[165   3 160  46   0   0   0   0],0.0
259.89979999999997,9.0,106,0.0,3,3.0,[205   1   0   0   0   0   0   0],0.0
259.89995,9.0,111,0.0,8,8.0,[139  28 112  68   0 254 207 127],0.0
260.09465,9.0,101,0.0,1,1.0,[83  0  0  0  0  0  0  0],0.0
260.094651,9.0,102,0.0,6,6.0,[  3 247 204  49  84  45   0   0],0.0
260.094652,9.0,103,0.0,8,8.0,[ 65  36 138 176  19  52 109  13],0.0
260.094653,9.0,104,0.0,4,4.0,[105 245  25   0   0   0   0   0],0.0
260.094654,9.0,107,0.0,5,5.0,[215   2 160  30   0   0   0   0],0.0
260.09715,9.0,111,0.0,8,8.0,[139  52 144 196   1 254 239 127],0.0
260.29265,9.0,101,0.0,1,1.0,[91  0  0  0  0  0  0  0],0.0
260.292651,9.0,102,0.0,6,6.0,[  3 191 205  49  84  45   0   0],0.0
260.292652,9.0,103,0.0,8,8.0,[ 69  36 138 112  19  52 109  13],0.0
260.292653,9.0,104,0.0,4,4.0,[105 245  25   0   0   0   0   0],0.0
260.29265399999997,9.0,107,0.0,5,5.0,[105   4  32  41   0   0   0   0],0.0
260.2958,9.0,111,0.0,8,8.0,[137  52 176  68   3   2  80 128],0.0
260.4909,9.0,101,0.0,1,1.0,[83  0  0  0  0  0  0  0],0.0
260.490901,9.0,102,0.0,6,6.0,[  3 135 206  49  84  45   0   0],0.0
260.490902,9.0,103,0.0,8,8.0,[ 69  36 138  48  19  52 109  13],0.0
260.490903,9.0,104,0.0,4,4.0,[107 245  25   0   0   0   0   0],0.0
260.490904,9.0,107,0.0,5,5.0,[149   7  64  38   0   0   0   0],0.0
260.49315,9.0,111,0.0,8,8.0,[137  60 176 196   6   6 176 128],0.0
260.6889,9.0,101,0.0,1,1.0,[91  0  0  0  0  0  0  0],0.0
260.688901,9.0,102,0.0,6,6.0,[  3  79 207  49  84  45   0   0],0.0
260.688902,9.0,103,0.0,8,8.0,[ 73  36 138 208  18  52 109  13],0.0
260.688903,9.0,104,0.0,4,4.0,[109 245  25   0   0   0   0   0],0.0
260.688904,9.0,107,0.0,5,5.0,[127   9   0  41   0   0   0   0],0.0
260.69185,9.0,111,0.0,8,8.0,[133  60  16 197  10 242  47 129],0.0
260.88689999999997,9.0,101,0.0,1,1.0,[91  0  0  0  0  0  0  0],0.0
260.88690099999997,9.0,102,0.0,6,6.0,[  3  23 208  49  84  45   0   0],0.0
260.88690199999996,9.0,103,0.0,8,8.0,[ 77  36 138  80  18  52 109  13],0.0
260.88690299999996,9.0,104,0.0,4,4.0,[111 245  25   0   0   0   0   0],0.0
260.886904,9.0,107,0.0,5,5.0,[73 13 64 44  0  0  0  0],0.0
260.88915,9.0,106,0.0,3,3.0,[207   1   0   0   0   0   0   0],0.0
260.89,9.0,111,0.0,8,8.0,[135  36 112 197  15 242 207 129],0.0
261.0849,9.0,101,0.0,1,1.0,[91  0  0  0  0  0  0  0],0.0
261.084901,9.0,102,0.0,6,6.0,[  3 223 208  49  84  45   0   0],0.0
261.084902,9.0,103,0.0,8,8.0,[ 79  36 138 176  17  52 109  13],0.0
261.084903,9.0,104,0.0,4,4.0,[111 245  25   0   0   0   0   0],0.0
261.084904,9.0,107,0.0,5,5.0,[219  15   0  34   0   0   0   0],0.0
261.08715,9.0,111,0.0,8,8.0,[129  44 144  69  22  10 176 130],0.0
261.2829,9.0,101,0.0,1,1.0,[91  0  0  0  0  0  0  0],0.0
261.282901,9.0,102,0.0,6,6.0,[  3 167 209  49  84  45   0   0],0.0
261.282902,9.0,103,0.0,8,8.0,[ 81  36 138 240  16  52 109  13],0.0
261.282903,9.0,104,0.0,4,4.0,[111 245  25   0   0   0   0   0],0.0
261.282904,9.0,107,0.0,5,5.0,[137  16 192  35   0   0   0   0],0.0
261.2858,9.0,111,0.0,8,8.0,[125  28 176 197  27 254 207 131],0.0
261.4807,9.0,101,0.0,1,1.0,[91  0  0  0  0  0  0  0],0.0
261.480701,9.0,102,0.0,6,6.0,[  3 111 210  49  84  45   0   0],0.0
261.480702,9.0,103,0.0,8,8.0,[ 85  36 138  48  16  52 109  13],0.0
261.480703,9.0,104,0.0,4,4.0,[109 245  25   0   0   0   0   0],0.0
261.480704,9.0,107,0.0,5,5.0,[49 19 64 37  0  0  0  0],0.0
261.48314999999997,9.0,111,0.0,8,8.0,[131  28  80  69  33 214  79 132],0.0
261.6789,9.0,101,0.0,1,1.0,[91  0  0  0  0  0  0  0],0.0
261.678901,9.0,102,0.0,6,6.0,[  3  55 211  49  84  45   0   0],0.0
261.678902,9.0,103,0.0,8,8.0,[ 87  36 138 112  15  52 109   9],0.0
261.678903,9.0,104,0.0,4,4.0,[109 245  25   0   0   0   0   0],0.0
261.678904,9.0,107,0.0,5,5.0,[23 20 32 36  0  0  0  0],0.0
261.6818,9.0,111,0.0,8,8.0,[131  44 144 197  36 230  15 133],0.0
261.8769,9.0,101,0.0,1,1.0,[91  0  0  0  0  0  0  0],0.0
261.876901,9.0,102,0.0,6,6.0,[  3 255 211  49  84  45   0   0],0.0
261.876902,9.0,103,0.0,8,8.0,[ 89  36 138  80  14  52 109   9],0.0
261.87690299999997,9.0,104,0.0,4,4.0,[113 245  25   0   0   0   0   0],0.0
261.87690399999997,9.0,107,0.0,5,5.0,[107  21 192  32   0   0   0   0],0.0
261.87905,9.0,106,0.0,3,3.0,[211   1   0   0   0   0   0   0],0.0
261.8793,9.0,111,0.0,8,8.0,[127  12 240 197  41 218 143 133],0.0
262.07445,9.0,111,0.0,8,8.0,[125  28 208  69  45 218 111 133],0.0
262.07574999999997,9.0,101,0.0,1,1.0,[91  0  0  0  0  0  0  0],0.0
262.07575099999997,9.0,102,0.0,6,6.0,[  3 199 212  49  84  45   0   0],0.0
262.07575199999997,9.0,103,0.0,8,8.0,[ 91  36 138 112  13  52 109   9],0.0
262.07575299999996,9.0,104,0.0,4,4.0,[113 245  25   0   0   0   0   0],0.0
262.07575399999996,9.0,107,0.0,5,5.0,[125  22 160  41   0   0   0   0],0.0
262.2729,9.0,101,0.0,1,1.0,[91  0  0  0  0  0  0  0],0.0
262.272901,9.0,102,0.0,6,6.0,[  3 143 213  49  84  45   0   0],0.0
262.272902,9.0,103,0.0,8,8.0,[ 89  36 138  80  12  52 109   9],0.0
262.272903,9.0,104,0.0,4,4.0,[113 245  25   0   0   0   0   0],0.0
262.272904,9.0,107,0.0,5,5.0,[15 24 64 43  0  0  0  0],0.0
262.2752,9.0,111,0.0,8,8.0,[127  20  80  70  47 242  79 134],0.0
262.4709,9.0,101,0.0,1,1.0,[91  0  0  0  0  0  0  0],0.0
262.47090099999997,9.0,102,0.0,6,6.0,[  3  87 214  49  84  45   0   0],0.0
262.47090199999997,9.0,103,0.0,8,8.0,[ 89  36 138  48  11  52 109   9],0.0
262.47090299999996,9.0,104,0.0,4,4.0,[113 245  25   0   0   0   0   0],0.0
262.47090399999996,9.0,107,0.0,5,5.0,[201  23 128  42   0   0   0   0],0.0
262.47319999999996,9.0,111,0.0,8,8.0,[129  12  16 198  50 230 207 134],0.0
262.6689,9.0,101,0.0,1,1.0,[91  0  0  0  0  0  0  0],0.0
262.668901,9.0,102,0.0,6,6.0,[  3  31 215  49  84  45   0   0],0.0
262.668902,9.0,103,0.0,8,8.0,[ 85  36 138  16  10  52 109   9],0.0
262.668903,9.0,104,0.0,4,4.0,[115 245  25   0   0   0   0   0],0.0
262.668904,9.0,107,0.0,5,5.0,[219  26 160  42   0   0   0   0],0.0
262.67179999999996,9.0,111,0.0,8,8.0,[133  28  48  70  52 222 143 134],0.0
262.8669,9.0,101,0.0,1,1.0,[91  0  0  0  0  0  0  0],0.0
262.866901,9.0,102,0.0,6,6.0,[  3 231 215  49  84  45   0   0],0.0
262.866902,9.0,103,0.0,8,8.0,[ 81  36 138 208   8  52 109   9],0.0
262.866903,9.0,104,0.0,4,4.0,[115 245  25   0   0   0   0   0],0.0
262.866904,9.0,107,0.0,5,5.0,[103  28  64  45   0   0   0   0],0.0
262.8691,9.0,106,0.0,3,3.0,[217   1   0   0   0   0   0   0],0.0
262.8693,9.0,111,0.0,8,8.0,[117  44 144  69  51   6  16 134],0.0
263.06489999999997,9.0,101,0.0,1,1.0,[91  0  0  0  0  0  0  0],0.0
263.06490099999996,9.0,102,0.0,6,6.0,[  3 175 216  49  84  45   0   0],0.0
263.06490199999996,9.0,103,0.0,8,8.0,[ 75  36 138 112   7  52 109   9],0.0
263.064903,9.0,104,0.0,4,4.0,[117 245  25   0   0   0   0   0],0.0
263.064904,9.0,107,0.0,5,5.0,[ 67  32 160  43   0   0   0   0],0.0
263.06784999999996,9.0,111,0.0,8,8.0,[121  28  48  70  48 206  79 134],0.0
263.26245,9.0,111,0.0,8,8.0,[125  44 176  69  47  14 144 133],0.0
263.2631,9.0,101,0.0,1,1.0,[91  0  0  0  0  0  0  0],0.0
263.263101,9.0,102,0.0,6,6.0,[  3 119 217  49  84  45   0   0],0.0
263.263102,9.0,103,0.0,8,8.0,[ 69  36 138  48   6  52 109   9],0.0
263.263103,9.0,104,0.0,4,4.0,[119 245  25   0   0   0   0   0],0.0
263.263104,9.0,107,0.0,5,5.0,[121  29 224  49   0   0   0   0],0.0
263.46094999999997,9.0,101,0.0,1,1.0,[91  0  0  0  0  0  0  0],0.0
263.46095099999997,9.0,102,0.0,6,6.0,[  3  63 218  49  84  45   0   0],0.0
263.46095199999996,9.0,103,0.0,8,8.0,[ 61  36 138  16   5  52 109   9],0.0
263.46095299999996,9.0,104,0.0,4,4.0,[119 245  25   0   0   0   0   0],0.0
263.460954,9.0,107,0.0,5,5.0,[ 87  31 128  56   0   0   0   0],0.0
263.46385,9.0,111,0.0,8,8.0,[111  52 112  69  43 242 143 134],0.0
263.65895,9.0,101,0.0,1,1.0,[91  0  0  0  0  0  0  0],0.0
263.658951,9.0,102,0.0,6,6.0,[  3   7 219  49  84  45   0   0],0.0
263.658952,9.0,103,0.0,8,8.0,[ 49  36 138 208   3  52 109   9],0.0
263.658953,9.0,104,0.0,4,4.0,[117 245  25   0   0   0   0   0],0.0
263.658954,9.0,107,0.0,5,5.0,[203  35  32  60   0   0   0   0],0.0
263.6612,9.0,111,0.0,8,8.0,[121  28  80  70  41 214  79 132],0.0
263.85645,9.0,111,0.0,8,8.0,[135  60 112  69  37 250  47 132],0.0
263.85775,9.0,101,0.0,1,1.0,[91  0  0  0  0  0  0  0],0.0
263.857751,9.0,102,0.0,6,6.0,[  3 207 219  49  84  45   0   0],0.0
263.857752,9.0,103,0.0,8,8.0,[ 35  36 138 176   2  52 109   9],0.0
263.857753,9.0,104,0.0,4,4.0,[119 245  25   0   0   0   0   0],0.0
263.857754,9.0,107,0.0,5,5.0,[ 41  37 224  58   0   0   0   0],0.0
263.86,9.0,106,0.0,3,3.0,[227   1   0   0   0   0   0   0],0.0
264.05494999999996,9.0,101,0.0,1,1.0,[91  0  0  0  0  0  0  0],0.0
264.05495099999996,9.0,102,0.0,6,6.0,[  3 151 220  49  84  45   0   0],0.0
264.054952,9.0,103,0.0,8,8.0,[ 21  36 138  80   1  52 109   9],0.0
264.054953,9.0,104,0.0,4,4.0,[121 245  25   0   0   0   0   0],0.0
264.054954,9.0,107,0.0,5,5.0,[ 11  40 192  65   0   0   0   0],0.0
264.05785,9.0,111,0.0,8,8.0,[125  28 240 197  32  22 112 131],0.0
264.25295,9.0,101,0.0,1,1.0,[91  0  0  0  0  0  0  0],0.0
264.252951,9.0,102,0.0,6,6.0,[  3  95 221  49  84  45   0   0],0.0
264.252952,9.0,103,0.0,8,8.0,[  7  36 138  16   0  52 109   9],0.0
264.252953,9.0,104,0.0,4,4.0,[119 245  25   0   0   0   0   0],0.0
264.252954,9.0,107,0.0,5,5.0,[143  42 160  67   0   0   0   0],0.0
264.2534,9.0,111,0.0,8,8.0,[129  36  48 198  30 206 207 131],0.0
264.45045,9.0,111,0.0,8,8.0,[133  44 112  69  27 238 111 131],0.0
264.4511,9.0,101,0.0,1,1.0,[91  0  0  0  0  0  0  0],0.0
264.451101,9.0,102,0.0,6,6.0,[  3  39 222  49  84  45   0   0],0.0
264.451102,9.0,103,0.0,8,8.0,[247  35 138 208 254  51 109   9],0.0
264.451103,9.0,104,0.0,4,4.0,[121 245  25   0   0   0   0   0],0.0
264.451104,9.0,107,0.0,5,5.0,[151  42  96  58   0   0   0   0],0.0
264.64844999999997,9.0,111,0.0,8,8.0,[133  52  16  69  22 254 175 130],0.0
264.6491,9.0,101,0.0,1,1.0,[91  0  0  0  0  0  0  0],0.0
264.649101,9.0,102,0.0,6,6.0,[  3 239 222  49  84  45   0   0],0.0
264.64910199999997,9.0,103,0.0,8,8.0,[233  35 138 176 253  51 109   9],0.0
264.64910299999997,9.0,104,0.0,4,4.0,[125 245  25   0   0   0   0   0],0.0
264.64910399999997,9.0,107,0.0,5,5.0,[51 43 32 67  0  0  0  0],0.0
264.84695,9.0,101,0.0,1,1.0,[91  0  0  0  0  0  0  0],0.0
264.846951,9.0,102,0.0,6,6.0,[  3 183 223  49  84  45   0   0],0.0
264.846952,9.0,103,0.0,8,8.0,[215  35 138 144 252  51 109   9],0.0
264.846953,9.0,104,0.0,4,4.0,[127 245  25   0   0   0   0   0],0.0
264.846954,9.0,107,0.0,5,5.0,[209  44 192  73   0   0   0   0],0.0
264.84975,9.0,106,0.0,3,3.0,[237   1   0   0   0   0   0   0],0.0
264.84999999999997,9.0,111,0.0,8,8.0,[131  44 144  69  18  10  80 130],0.0
265.04445,9.0,111,0.0,8,8.0,[135  44  80  69  16  18 176 129],0.0
265.0451,9.0,101,0.0,1,1.0,[91  0  0  0  0  0  0  0],0.0
265.045101,9.0,102,0.0,6,6.0,[  3 127 224  49  84  45   0   0],0.0
265.045102,9.0,103,0.0,8,8.0,[191  35 138 112 251  51 109   9],0.0
265.045103,9.0,104,0.0,4,4.0,[127 245  25   0   0   0   0   0],0.0
265.045104,9.0,107,0.0,5,5.0,[215  49  64  70   0   0   0   0],0.0
265.24244999999996,9.0,111,0.0,8,8.0,[137  44  48 197  12   6  16 129],0.0
265.24375,9.0,101,0.0,1,1.0,[91  0  0  0  0  0  0  0],0.0
265.243751,9.0,102,0.0,6,6.0,[  3  71 225  49  84  45   0   0],0.0
265.243752,9.0,103,0.0,8,8.0,[167  35 138 112 250  51 109   9],0.0
265.24375299999997,9.0,104,0.0,4,4.0,[127 245  25   0   0   0   0   0],0.0
265.24375399999997,9.0,107,0.0,5,5.0,[ 9 52 64 69  0  0  0  0],0.0
265.44045,9.0,111,0.0,8,8.0,[135  36 144  68   7 238 143 128],0.0
265.4411,9.0,101,0.0,1,1.0,[91  0  0  0  0  0  0  0],0.0
265.441101,9.0,102,0.0,6,6.0,[  3  15 226  49  84  45   0   0],0.0
265.441102,9.0,103,0.0,8,8.0,[145  35 138  80 249  51 109   9],0.0
265.441103,9.0,104,0.0,4,4.0,[127 245  25   0   0   0   0   0],0.0
265.441104,9.0,107,0.0,5,5.0,[163  52  32  75   0   0   0   0],0.0
265.63845,9.0,111,0.0,8,8.0,[137   4 240 196   5  26 112 128],0.0
265.6391,9.0,101,0.0,1,1.0,[91  0  0  0  0  0  0  0],0.0
265.639101,9.0,102,0.0,6,6.0,[  3 215 226  49  84  45   0   0],0.0
265.639102,9.0,103,0.0,8,8.0,[121  35 138  80 248  51 109   9],0.0
265.639103,9.0,104,0.0,4,4.0,[125 245  25   0   0   0   0   0],0.0
265.639104,9.0,107,0.0,5,5.0,[  3  53 224  79   0   0   0   0],0.0
265.8365,9.0,111,0.0,8,8.0,[141   4  80 196   3 242 111 128],0.0
265.83715,9.0,101,0.0,1,1.0,[91  0  0  0  0  0  0  0],0.0
265.837151,9.0,102,0.0,6,6.0,[  3 159 227  49  84  45   0   0],0.0
265.837152,9.0,103,0.0,8,8.0,[ 97  35 138  48 247  51 109   9],0.0
265.837153,9.0,104,0.0,4,4.0,[125 245  25   0   0   0   0   0],0.0
265.837154,9.0,107,0.0,5,5.0,[27 56  0 77  0  0  0  0],0.0
265.84004999999996,9.0,106,0.0,3,3.0,[251   1   0   0   0   0   0   0],0.0
266.03495,9.0,101,0.0,1,1.0,[91  0  0  0  0  0  0  0],0.0
266.034951,9.0,102,0.0,6,6.0,[  3 103 228  49  84  45   0   0],0.0
266.034952,9.0,103,0.0,8,8.0,[ 69  35 138  16 246  51 109   9],0.0
266.034953,9.0,104,0.0,4,4.0,[123 245  25   0   0   0   0   0],0.0
266.03495399999997,9.0,107,0.0,5,5.0,[  5  59 128  74   0   0   0   0],0.0
266.0372,9.0,111,0.0,8,8.0,[141 220 143  68   1 234 111 128],0.0
266.2325,9.0,111,0.0,8,8.0,[139 212  79 196 255   1 112 128],0.0
266.2331,9.0,101,0.0,1,1.0,[83  0  0  0  0  0  0  0],0.0
266.233101,9.0,102,0.0,6,6.0,[  3  47 229  49  84  45   0   0],0.0
266.233102,9.0,103,0.0,8,8.0,[ 43  35 138 240 244  51 109   9],0.0
266.23310299999997,9.0,104,0.0,4,4.0,[121 245  25   0   0   0   0   0],0.0
266.23310399999997,9.0,107,0.0,5,5.0,[141  59 128  71   0   0   0   0],0.0
266.4305,9.0,111,0.0,8,8.0,[139 204 111  68 255 253  15 128],0.0
266.4311,9.0,101,0.0,1,1.0,[83  0  0  0  0  0  0  0],0.0
266.431101,9.0,102,0.0,6,6.0,[  3 247 229  49  84  45   0   0],0.0
266.431102,9.0,103,0.0,8,8.0,[ 15  35 138 208 243  51 109   9],0.0
266.431103,9.0,104,0.0,4,4.0,[123 245  25   0   0   0   0   0],0.0
266.431104,9.0,107,0.0,5,5.0,[195  60 224  68   0   0   0   0],0.0
266.6285,9.0,111,0.0,8,8.0,[135 236 111 196 255  21 208 127],0.0
266.6291,9.0,101,0.0,1,1.0,[91  0  0  0  0  0  0  0],0.0
266.629101,9.0,102,0.0,6,6.0,[  3 191 230  49  84  45   0   0],0.0
266.629102,9.0,103,0.0,8,8.0,[245  34 138 176 242  51 109   9],0.0
266.629103,9.0,104,0.0,4,4.0,[125 245  25   0   0   0   0   0],0.0
266.629104,9.0,107,0.0,5,5.0,[167  61 128  58   0   0   0   0],0.0
266.8265,9.0,111,0.0,8,8.0,[139 252 143 196 255 249  47 128],0.0
266.8271,9.0,101,0.0,1,1.0,[91  0  0  0  0  0  0  0],0.0
266.82710099999997,9.0,102,0.0,6,6.0,[  3 135 231  49  84  45   0   0],0.0
266.82710199999997,9.0,103,0.0,8,8.0,[219  34 138 176 241  51 109   9],0.0
266.82710299999997,9.0,104,0.0,4,4.0,[129 245  25   0   0   0   0   0],0.0
266.82710399999996,9.0,107,0.0,5,5.0,[223  61  64  63   0   0   0   0],0.0
266.82939999999996,9.0,106,0.0,3,3.0,[11  2  0  0  0  0  0  0],0.0
267.0245,9.0,111,0.0,8,8.0,[135 252 111  68 255  13 144 128],0.0
267.0251,9.0,101,0.0,1,1.0,[91  0  0  0  0  0  0  0],0.0
267.025101,9.0,102,0.0,6,6.0,[  3  79 232  49  84  45   0   0],0.0
267.025102,9.0,103,0.0,8,8.0,[191  34 138 144 240  51 109   9],0.0
267.025103,9.0,104,0.0,4,4.0,[129 245  25   0   0   0   0   0],0.0
267.025104,9.0,107,0.0,5,5.0,[ 41  62 192  58   0   0   0   0],0.0
267.22249999999997,9.0,111,0.0,8,8.0,[141 252 175 196 255 241  15 128],0.0
267.22325,9.0,101,0.0,1,1.0,[91  0  0  0  0  0  0  0],0.0
267.223251,9.0,102,0.0,6,6.0,[  3  23 233  49  84  45   0   0],0.0
267.223252,9.0,103,0.0,8,8.0,[163  34 138 112 239  51 109   9],0.0
267.223253,9.0,104,0.0,4,4.0,[133 245  25   0   0   0   0   0],0.0
267.223254,9.0,107,0.0,5,5.0,[ 19  64 160  58   0   0   0   0],0.0
267.4205,9.0,111,0.0,8,8.0,[155 244  79 197   0 226 111 127],0.0
267.42115,9.0,101,0.0,1,1.0,[91  0  0  0  0  0  0  0],0.0
267.421151,9.0,102,0.0,6,6.0,[  3 223 233  49  84  45   0   0],0.0
267.421152,9.0,103,0.0,8,8.0,[137  34 138  80 238  51 109   9],0.0
267.421153,9.0,104,0.0,4,4.0,[131 245  25   0   0   0   0   0],0.0
267.421154,9.0,107,0.0,5,5.0,[ 99  63 160  63   0   0   0   0],0.0
267.6185,9.0,111,0.0,8,8.0,[141 244 143  68   0 250 111 127],0.0
267.61915,9.0,101,0.0,1,1.0,[91  0  0  0  0  0  0  0],0.0
267.619151,9.0,102,0.0,6,6.0,[  3 167 234  49  84  45   0   0],0.0
267.619152,9.0,103,0.0,8,8.0,[109  34 138  48 237  51 109   9],0.0
267.619153,9.0,104,0.0,4,4.0,[135 245  25   0   0   0   0   0],0.0
267.619154,9.0,107,0.0,5,5.0,[233  64  64  61   0   0   0   0],0.0
267.81649999999996,9.0,111,0.0,8,8.0,[145   4 144 196 255 245 175 127],0.0
267.81735,9.0,101,0.0,1,1.0,[91  0  0  0  0  0  0  0],0.0
267.817351,9.0,102,0.0,6,6.0,[  3 111 235  49  84  45   0   0],0.0
267.81735199999997,9.0,103,0.0,8,8.0,[ 81  34 138  16 236  51 109   9],0.0
267.81735299999997,9.0,104,0.0,4,4.0,[131 245  25   0   0   0   0   0],0.0
267.81735399999997,9.0,107,0.0,5,5.0,[ 51  66 224  60   0   0   0   0],0.0
267.8195,9.0,106,0.0,3,3.0,[27  2  0  0  0  0  0  0],0.0
268.0145,9.0,111,0.0,8,8.0,[137   4  80 196 254 249  15 128],0.0
268.01515,9.0,101,0.0,1,1.0,[91  0  0  0  0  0  0  0],0.0
268.015151,9.0,102,0.0,6,6.0,[  3  55 236  49  84  45   0   0],0.0
268.015152,9.0,103,0.0,8,8.0,[ 53  34 138 208 234  51 109   9],0.0
268.015153,9.0,104,0.0,4,4.0,[129 245  25   0   0   0   0   0],0.0
268.015154,9.0,107,0.0,5,5.0,[125  66  32  67   0   0   0   0],0.0
268.2125,9.0,111,0.0,8,8.0,[137   4  80  68 253 249 111 127],0.0
268.21315,9.0,101,0.0,1,1.0,[83  0  0  0  0  0  0  0],0.0
268.213151,9.0,102,0.0,6,6.0,[  3 255 236  49  84  45   0   0],0.0
268.213152,9.0,103,0.0,8,8.0,[ 21  34 138 176 233  51 109   9],0.0
268.213153,9.0,104,0.0,4,4.0,[129 245  25   0   0   0   0   0],0.0
268.213154,9.0,107,0.0,5,5.0,[103  68 224  59   0   0   0   0],0.0
268.4105,9.0,111,0.0,8,8.0,[143 244  79  68 253  25 208 127],0.0
268.41195,9.0,101,0.0,1,1.0,[83  0  0  0  0  0  0  0],0.0
268.411951,9.0,102,0.0,6,6.0,[  3 199 237  49  84  45   0   0],0.0
268.411952,9.0,103,0.0,8,8.0,[249  33 138 144 232  51 109   9],0.0
268.411953,9.0,104,0.0,4,4.0,[129 245  25   0   0   0   0   0],0.0
268.411954,9.0,107,0.0,5,5.0,[183  68 128  58   0   0   0   0],0.0
268.6085,9.0,111,0.0,8,8.0,[139 252 111  68 254   5 144 127],0.0
268.60929999999996,9.0,101,0.0,1,1.0,[83  0  0  0  0  0  0  0],0.0
268.60930099999996,9.0,102,0.0,6,6.0,[  3 143 238  49  84  45   0   0],0.0
268.609302,9.0,103,0.0,8,8.0,[217  33 138  80 231  51 109   9],0.0
268.609303,9.0,104,0.0,4,4.0,[129 245  25   0   0   0   0   0],0.0
268.609304,9.0,107,0.0,5,5.0,[197  69  96  59   0   0   0   0],0.0
268.80649999999997,9.0,111,0.0,8,8.0,[139 252  47 196 254 237 111 127],0.0
268.80735,9.0,101,0.0,1,1.0,[83  0  0  0  0  0  0  0],0.0
268.807351,9.0,102,0.0,6,6.0,[  3  87 239  49  84  45   0   0],0.0
268.807352,9.0,103,0.0,8,8.0,[187  33 138  16 230  51 109   9],0.0
268.807353,9.0,104,0.0,4,4.0,[125 245  25   0   0   0   0   0],0.0
268.807354,9.0,107,0.0,5,5.0,[229  70 128  59   0   0   0   0],0.0
268.80955,9.0,106,0.0,3,3.0,[45  2  0  0  0  0  0  0],0.0
269.0045,9.0,111,0.0,8,8.0,[139 252  79 196 253   1  16 128],0.0
269.00534999999996,9.0,101,0.0,1,1.0,[83  0  0  0  0  0  0  0],0.0
269.00535099999996,9.0,102,0.0,6,6.0,[  3  31 240  49  84  45   0   0],0.0
269.005352,9.0,103,0.0,8,8.0,[155  33 138 208 228  51 109   9],0.0
269.005353,9.0,104,0.0,4,4.0,[127 245  25   0   0   0   0   0],0.0
269.005354,9.0,107,0.0,5,5.0,[117  71  96  63   0   0   0   0],0.0
269.2025,9.0,111,0.0,8,8.0,[139 244  47  68 254 229 239 127],0.0
269.20315,9.0,101,0.0,1,1.0,[83  0  0  0  0  0  0  0],0.0
269.203151,9.0,102,0.0,6,6.0,[  3 231 240  49  84  45   0   0],0.0
269.203152,9.0,103,0.0,8,8.0,[127  33 138 144 227  51 109   9],0.0
269.203153,9.0,104,0.0,4,4.0,[125 245  25   0   0   0   0   0],0.0
269.203154,9.0,107,0.0,5,5.0,[ 29  70 192  63   0   0   0   0],0.0
269.40049999999997,9.0,111,0.0,8,8.0,[139 244  79 196 254   1 240 127],0.0
269.40115,9.0,101,0.0,1,1.0,[83  0  0  0  0  0  0  0],0.0
269.40115099999997,9.0,102,0.0,6,6.0,[  3 175 241  49  84  45   0   0],0.0
269.40115199999997,9.0,103,0.0,8,8.0,[ 95  33 138  80 226  51 109   9],0.0
269.40115299999997,9.0,104,0.0,4,4.0,[125 245  25   0   0   0   0   0],0.0
269.40115399999996,9.0,107,0.0,5,5.0,[27 71 32 67  0  0  0  0],0.0
269.5985,9.0,111,0.0,8,8.0,[141 228 111  68 254   9  16 128],0.0
269.59929999999997,9.0,101,0.0,1,1.0,[83  0  0  0  0  0  0  0],0.0
269.59930099999997,9.0,102,0.0,6,6.0,[  3 119 242  49  84  45   0   0],0.0
269.59930199999997,9.0,103,0.0,8,8.0,[ 65  33 138  16 225  51 109   9],0.0
269.59930299999996,9.0,104,0.0,4,4.0,[127 245  25   0   0   0   0   0],0.0
269.59930399999996,9.0,107,0.0,5,5.0,[ 29  70 128  71   0   0   0   0],0.0
269.7965,9.0,111,0.0,8,8.0,[137 212 143  68 254 245  15 128],0.0
269.7973,9.0,101,0.0,1,1.0,[83  0  0  0  0  0  0  0],0.0
269.797301,9.0,102,0.0,6,6.0,[  3  63 243  49  84  45   0   0],0.0
269.797302,9.0,103,0.0,8,8.0,[ 37  33 138 176 223  51 109   9],0.0
269.797303,9.0,104,0.0,4,4.0,[125 245  25   0   0   0   0   0],0.0
269.797304,9.0,107,0.0,5,5.0,[61 70 64 72  0  0  0  0],0.0
269.80019999999996,9.0,106,0.0,3,3.0,[63  2  0  0  0  0  0  0],0.0
269.99455,9.0,111,0.0,8,8.0,[129 220  15  68 255  13 176 127],0.0
269.9952,9.0,101,0.0,1,1.0,[83  0  0  0  0  0  0  0],0.0
269.995201,9.0,102,0.0,6,6.0,[  3   7 244  49  84  45   0   0],0.0
269.995202,9.0,103,0.0,8,8.0,[  5  33 138 112 222  51 109   9],0.0
269.995203,9.0,104,0.0,4,4.0,[125 245  25   0   0   0   0   0],0.0
269.995204,9.0,107,0.0,5,5.0,[  5  70 128  73   0   0   0   0],0.0
270.19255,9.0,111,0.0,8,8.0,[137 236 239  68   1  42  48 127],0.0
270.1934,9.0,101,0.0,1,1.0,[83  0  0  0  0  0  0  0],0.0
270.193401,9.0,102,0.0,6,6.0,[  3 207 244  49  84  45   0   0],0.0
270.193402,9.0,103,0.0,8,8.0,[231  32 138  48 221  51 109   9],0.0
270.193403,9.0,104,0.0,4,4.0,[123 245  25   0   0   0   0   0],0.0
270.193404,9.0,107,0.0,5,5.0,[227  69  96  72   0   0   0   0],0.0
270.39054999999996,9.0,111,0.0,8,8.0,[137   4  80 196 255  33 176 127],0.0
270.3914,9.0,101,0.0,1,1.0,[83  0  0  0  0  0  0  0],0.0
270.391401,9.0,102,0.0,6,6.0,[  3 151 245  49  84  45   0   0],0.0
270.39140199999997,9.0,103,0.0,8,8.0,[201  32 138 240 219  51 109   9],0.0
270.39140299999997,9.0,104,0.0,4,4.0,[123 245  25   0   0   0   0   0],0.0
270.39140399999997,9.0,107,0.0,5,5.0,[77 70  0 72  0  0  0  0],0.0
270.58855,9.0,111,0.0,8,8.0,[139  12  16  68 255 229 111 128],0.0
270.58914999999996,9.0,101,0.0,1,1.0,[83  0  0  0  0  0  0  0],0.0
270.589151,9.0,102,0.0,6,6.0,[  3  95 246  49  84  45   0   0],0.0
270.589152,9.0,103,0.0,8,8.0,[169  32 138 176 218  51 109   9],0.0
270.589153,9.0,104,0.0,4,4.0,[121 245  25   0   0   0   0   0],0.0
270.589154,9.0,107,0.0,5,5.0,[213  71  32  71   0   0   0   0],0.0
270.78655,9.0,111,0.0,8,8.0,[137 236 207 196   1 226 207 126],0.0
270.7873,9.0,101,0.0,1,1.0,[83  0  0  0  0  0  0  0],0.0
270.787301,9.0,102,0.0,6,6.0,[  3  39 247  49  84  45   0   0],0.0
270.787302,9.0,103,0.0,8,8.0,[137  32 138  80 217  51 109   9],0.0
270.787303,9.0,104,0.0,4,4.0,[123 245  25   0   0   0   0   0],0.0
270.787304,9.0,107,0.0,5,5.0,[ 65  72 128  61   0   0   0   0],0.0
270.79019999999997,9.0,106,0.0,3,3.0,[81  2  0  0  0  0  0  0],0.0
270.98455,9.0,111,0.0,8,8.0,[131   4  80 196   0 214 175 127],0.0
270.9853,9.0,101,0.0,1,1.0,[83  0  0  0  0  0  0  0],0.0
270.985301,9.0,102,0.0,6,6.0,[  3 239 247  49  84  45   0   0],0.0
270.985302,9.0,103,0.0,8,8.0,[105  32 138  16 216  51 109   9],0.0
270.985303,9.0,104,0.0,4,4.0,[121 245  25   0   0   0   0   0],0.0
270.985304,9.0,107,0.0,5,5.0,[ 51  73 128  59   0   0   0   0],0.0
271.18255,9.0,111,0.0,8,8.0,[137 244 175 196 254 233 207 128],0.0
271.18354999999997,9.0,101,0.0,1,1.0,[83  0  0  0  0  0  0  0],0.0
271.18355099999997,9.0,102,0.0,6,6.0,[  3 183 248  49  84  45   0   0],0.0
271.18355199999996,9.0,103,0.0,8,8.0,[ 73  32 138 208 214  51 109   9],0.0
271.18355299999996,9.0,104,0.0,4,4.0,[121 245  25   0   0   0   0   0],0.0
271.183554,9.0,107,0.0,5,5.0,[147  73 192  59   0   0   0   0],0.0
271.3805,9.0,111,0.0,8,8.0,[139 244 111  68   0 250 239 127],0.0
271.3814,9.0,101,0.0,1,1.0,[83  0  0  0  0  0  0  0],0.0
271.381401,9.0,102,0.0,6,6.0,[  3 127 249  49  84  45   0   0],0.0
271.381402,9.0,103,0.0,8,8.0,[ 41  32 138 112 213  51 109   9],0.0
271.381403,9.0,104,0.0,4,4.0,[123 245  25   0   0   0   0   0],0.0
271.381404,9.0,107,0.0,5,5.0,[87 74  0 59  0  0  0  0],0.0
271.57855,9.0,111,0.0,8,8.0,[137 244 143 196   0 254 175 127],0.0
271.5801,9.0,101,0.0,1,1.0,[83  0  0  0  0  0  0  0],0.0
271.580101,9.0,102,0.0,6,6.0,[  3  71 250  49  84  45   0   0],0.0
271.580102,9.0,103,0.0,8,8.0,[  7  32 138  48 212  51 109   9],0.0
271.580103,9.0,104,0.0,4,4.0,[123 245  25   0   0   0   0   0],0.0
271.580104,9.0,107,0.0,5,5.0,[239  75 192  57   0   0   0   0],0.0
271.77655,9.0,111,0.0,8,8.0,[139 252  79  68 255   1 240 127],0.0
271.77729999999997,9.0,101,0.0,1,1.0,[83  0  0  0  0  0  0  0],0.0
271.77730099999997,9.0,102,0.0,6,6.0,[  3  15 251  49  84  45   0   0],0.0
271.77730199999996,9.0,103,0.0,8,8.0,[231  31 138 208 210  51 109   9],0.0
271.77730299999996,9.0,104,0.0,4,4.0,[127 245  25   0   0   0   0   0],0.0
271.777304,9.0,107,0.0,5,5.0,[91 76  0 46  0  0  0  0],0.0
271.7802,9.0,106,0.0,3,3.0,[99  2  0  0  0  0  0  0],0.0
271.97454999999997,9.0,111,0.0,8,8.0,[141 244 143 196 254 249 175 127],0.0
271.9753,9.0,101,0.0,1,1.0,[83  0  0  0  0  0  0  0],0.0
271.975301,9.0,102,0.0,6,6.0,[  3 215 251  49  84  45   0   0],0.0
271.975302,9.0,103,0.0,8,8.0,[197  31 138 112 209  51 109   9],0.0
271.975303,9.0,104,0.0,4,4.0,[125 245  25   0   0   0   0   0],0.0
271.975304,9.0,107,0.0,5,5.0,[213  76 160  42   0   0   0   0],0.0
272.17255,9.0,111,0.0,8,8.0,[145 252  15  69 254  33 208 127],0.0
272.17334999999997,9.0,101,0.0,1,1.0,[83  0  0  0  0  0  0  0],0.0
272.17335099999997,9.0,102,0.0,6,6.0,[  3 159 252  49  84  45   0   0],0.0
272.17335199999997,9.0,103,0.0,8,8.0,[163  31 138  48 208  51 109   9],0.0
272.17335299999996,9.0,104,0.0,4,4.0,[125 245  25   0   0   0   0   0],0.0
272.17335399999996,9.0,107,0.0,5,5.0,[253  76  96  42   0   0   0   0],0.0
272.37055,9.0,111,0.0,8,8.0,[145 228 143 196 254  17 176 127],0.0
272.37155,9.0,101,0.0,1,1.0,[83  0  0  0  0  0  0  0],0.0
272.371551,9.0,102,0.0,6,6.0,[  3 103 253  49  84  45   0   0],0.0
272.371552,9.0,103,0.0,8,8.0,[129  31 138 240 206  51 109   9],0.0
272.371553,9.0,104,0.0,4,4.0,[125 245  25   0   0   0   0   0],0.0
272.371554,9.0,107,0.0,5,5.0,[99 77 96 42  0  0  0  0],0.0
272.56854999999996,9.0,111,0.0,8,8.0,[141 228 143 196 254   1 176 127],0.0
272.56944999999996,9.0,101,0.0,1,1.0,[83  0  0  0  0  0  0  0],0.0
272.569451,9.0,102,0.0,6,6.0,[  3  47 254  49  84  45   0   0],0.0
272.569452,9.0,103,0.0,8,8.0,[ 95  31 138 144 205  51 109   9],0.0
272.569453,9.0,104,0.0,4,4.0,[127 245  25   0   0   0   0   0],0.0
272.569454,9.0,107,0.0,5,5.0,[77 78 32 42  0  0  0  0],0.0
272.76655,9.0,111,0.0,8,8.0,[141 244  47 196 255   1  80 127],0.0
272.76745,9.0,101,0.0,1,1.0,[83  0  0  0  0  0  0  0],0.0
272.767451,9.0,102,0.0,6,6.0,[  3 247 254  49  84  45   0   0],0.0
272.767452,9.0,103,0.0,8,8.0,[ 61  31 138  48 204  51 109   9],0.0
272.767453,9.0,104,0.0,4,4.0,[127 245  25   0   0   0   0   0],0.0
272.767454,9.0,107,0.0,5,5.0,[143  77 128  49   0   0   0   0],0.0
272.76959999999997,9.0,106,0.0,3,3.0,[119   2   0   0   0   0   0   0],0.0
272.96455,9.0,111,0.0,8,8.0,[139 244 239 196 254   5  48 128],0.0
272.9661,9.0,101,0.0,1,1.0,[83  0  0  0  0  0  0  0],0.0
272.966101,9.0,102,0.0,6,6.0,[  3 191 255  49  84  45   0   0],0.0
272.966102,9.0,103,0.0,8,8.0,[ 27  31 138 240 202  51 109   9],0.0
272.966103,9.0,104,0.0,4,4.0,[127 245  25   0   0   0   0   0],0.0
272.966104,9.0,107,0.0,5,5.0,[165  78 192  52   0   0   0   0],0.0
273.16255,9.0,111,0.0,8,8.0,[141 244 143  68 254   5  16 128],0.0
273.16335,9.0,101,0.0,1,1.0,[83  0  0  0  0  0  0  0],0.0
273.163351,9.0,102,0.0,6,6.0,[  3 135   0  50  84  45   0   0],0.0
273.163352,9.0,103,0.0,8,8.0,[249  30 138 144 201  51 109   9],0.0
273.163353,9.0,104,0.0,4,4.0,[127 245  25   0   0   0   0   0],0.0
273.16335399999997,9.0,107,0.0,5,5.0,[61 79 96 45  0  0  0  0],0.0
273.36055,9.0,111,0.0,8,8.0,[141 244  79 196 254  25  16 128],0.0
273.36135,9.0,101,0.0,1,1.0,[75  0  0  0  0  0  0  0],0.0
273.361351,9.0,102,0.0,6,6.0,[ 3 79  1 50 84 45  0  0],0.0
273.361352,9.0,103,0.0,8,8.0,[215  30 138  48 200  51 109   9],0.0
273.361353,9.0,104,0.0,4,4.0,[125 245  25   0   0   0   0   0],0.0
273.361354,9.0,107,0.0,5,5.0,[25 79 32 51  0  0  0  0],0.0
273.55854999999997,9.0,111,0.0,8,8.0,[137 244 175 196 254 249 239 127],0.0
273.55955,9.0,101,0.0,1,1.0,[75  0  0  0  0  0  0  0],0.0
273.559551,9.0,102,0.0,6,6.0,[ 3 23  2 50 84 45  0  0],0.0
273.559552,9.0,103,0.0,8,8.0,[181  30 138 208 198  51 109   9],0.0
273.559553,9.0,104,0.0,4,4.0,[125 245  25   0   0   0   0   0],0.0
273.559554,9.0,107,0.0,5,5.0,[75 80 32 45  0  0  0  0],0.0
273.75655,9.0,111,0.0,8,8.0,[141 236  47  69 255 233  79 127],0.0
273.75755,9.0,101,0.0,1,1.0,[75  0  0  0  0  0  0  0],0.0
273.757551,9.0,102,0.0,6,6.0,[  3 223   2  50  84  45   0   0],0.0
273.757552,9.0,103,0.0,8,8.0,[147  30 138 112 197  51 109   9],0.0
273.757553,9.0,104,0.0,4,4.0,[125 245  25   0   0   0   0   0],0.0
273.75755399999997,9.0,107,0.0,5,5.0,[151  79   0  44   0   0   0   0],0.0
273.75985,9.0,106,0.0,3,3.0,[141   2   0   0   0   0   0   0],0.0
273.95455,9.0,111,0.0,8,8.0,[133 228  47 196   0 130 207 127],0.0
273.95545,9.0,101,0.0,1,1.0,[91  0  0  0  0  0  0  0],0.0
273.955451,9.0,102,0.0,6,6.0,[  3 167   3  50  84  45   0   0],0.0
273.955452,9.0,103,0.0,8,8.0,[111  30 138 240 195  51 109   9],0.0
273.955453,9.0,104,0.0,4,4.0,[125 245  25   0   0   0   0   0],0.0
273.955454,9.0,107,0.0,5,5.0,[235  80 160  52   0   0   0   0],0.0
274.15254999999996,9.0,111,0.0,8,8.0,[151 236 207 196 253   5  16 128],0.0
274.1536,9.0,101,0.0,1,1.0,[91  0  0  0  0  0  0  0],0.0
274.153601,9.0,102,0.0,6,6.0,[  3 111   4  50  84  45   0   0],0.0
274.153602,9.0,103,0.0,8,8.0,[ 77  30 138 144 194  51 109   9],0.0
274.153603,9.0,104,0.0,4,4.0,[123 245  25   0   0   0   0   0],0.0
274.153604,9.0,107,0.0,5,5.0,[65 81 32 46  0  0  0  0],0.0
274.3506,9.0,111,0.0,8,8.0,[141 228 143  68 255 173  15 128],0.0
274.35134999999997,9.0,101,0.0,1,1.0,[83  0  0  0  0  0  0  0],0.0
274.35135099999997,9.0,102,0.0,6,6.0,[ 3 55  5 50 84 45  0  0],0.0
274.35135199999996,9.0,103,0.0,8,8.0,[ 41  30 138  48 193  51 109   9],0.0
274.35135299999996,9.0,104,0.0,4,4.0,[121 245  25   0   0   0   0   0],0.0
274.351354,9.0,107,0.0,5,5.0,[119  82  96  44   0   0   0   0],0.0
274.54859999999996,9.0,111,0.0,8,8.0,[135 204 143 196 253 141  16 128],0.0
274.5496,9.0,101,0.0,1,1.0,[83  0  0  0  0  0  0  0],0.0
274.549601,9.0,102,0.0,6,6.0,[  3 255   5  50  84  45   0   0],0.0
274.549602,9.0,103,0.0,8,8.0,[  7  30 138 176 191  51 109   9],0.0
274.549603,9.0,104,0.0,4,4.0,[121 245  25   0   0   0   0   0],0.0
274.549604,9.0,107,0.0,5,5.0,[225  81   0  44   0   0   0   0],0.0
274.7466,9.0,111,0.0,8,8.0,[133 212 111 196 254   9 240 127],0.0
274.74825,9.0,101,0.0,1,1.0,[91  0  0  0  0  0  0  0],0.0
274.748251,9.0,102,0.0,6,6.0,[  3 199   6  50  84  45   0   0],0.0
274.748252,9.0,103,0.0,8,8.0,[227  29 138  80 190  51 109   9],0.0
274.748253,9.0,104,0.0,4,4.0,[119 245  25   0   0   0   0   0],0.0
274.748254,9.0,107,0.0,5,5.0,[191  81 192  44   0   0   0   0],0.0
274.7505,9.0,106,0.0,3,3.0,[161   2   0   0   0   0   0   0],0.0
274.9446,9.0,111,0.0,8,8.0,[135 220 175  68 255   1 240 127],0.0
274.9456,9.0,101,0.0,1,1.0,[75  0  0  0  0  0  0  0],0.0
274.945601,9.0,102,0.0,6,6.0,[  3 143   7  50  84  45   0   0],0.0
274.945602,9.0,103,0.0,8,8.0,[193  29 138 240 188  51 109   9],0.0
274.945603,9.0,104,0.0,4,4.0,[119 245  25   0   0   0   0   0],0.0
274.945604,9.0,107,0.0,5,5.0,[181  81   0  45   0   0   0   0],0.0
275.1426,9.0,111,0.0,8,8.0,[137 220  79  68 255 237 239 127],0.0
275.14345,9.0,101,0.0,1,1.0,[75  0  0  0  0  0  0  0],0.0
275.14345099999997,9.0,102,0.0,6,6.0,[ 3 87  8 50 84 45  0  0],0.0
275.14345199999997,9.0,103,0.0,8,8.0,[157  29 138 144 187  51 109   9],0.0
275.14345299999997,9.0,104,0.0,4,4.0,[117 245  25   0   0   0   0   0],0.0
275.14345399999996,9.0,107,0.0,5,5.0,[215  81 224  43   0   0   0   0],0.0
275.3406,9.0,111,0.0,8,8.0,[139 236 175  68   0 254 111 127],0.0
275.34159999999997,9.0,101,0.0,1,1.0,[91  0  0  0  0  0  0  0],0.0
275.34160099999997,9.0,102,0.0,6,6.0,[ 3 31  9 50 84 45  0  0],0.0
275.34160199999997,9.0,103,0.0,8,8.0,[121  29 138  16 186  51 109   9],0.0
275.34160299999996,9.0,104,0.0,4,4.0,[117 245  25   0   0   0   0   0],0.0
275.34160399999996,9.0,107,0.0,5,5.0,[73 81  0 45  0  0  0  0],0.0
275.53855,9.0,111,0.0,8,8.0,[141 236 111  68   0  14 144 127],0.0
275.5396,9.0,101,0.0,1,1.0,[91  0  0  0  0  0  0  0],0.0
275.539601,9.0,102,0.0,6,6.0,[  3 231   9  50  84  45   0   0],0.0
275.539602,9.0,103,0.0,8,8.0,[ 87  29 138 176 184  51 109   9],0.0
275.539603,9.0,104,0.0,4,4.0,[115 245  25   0   0   0   0   0],0.0
275.539604,9.0,107,0.0,5,5.0,[151  81 224  44   0   0   0   0],0.0
275.7366,9.0,111,0.0,8,8.0,[139 228  79 196 254   5  48 128],0.0
275.7376,9.0,101,0.0,1,1.0,[91  0  0  0  0  0  0  0],0.0
275.737601,9.0,102,0.0,6,6.0,[  3 175  10  50  84  45   0   0],0.0
275.737602,9.0,103,0.0,8,8.0,[ 51  29 138  80 183  51 109   9],0.0
275.737603,9.0,104,0.0,4,4.0,[113 245  25   0   0   0   0   0],0.0
275.737604,9.0,107,0.0,5,5.0,[109  81 160  43   0   0   0   0],0.0
275.7405,9.0,106,0.0,3,3.0,[181   2   0   0   0   0   0   0],0.0
275.9346,9.0,111,0.0,8,8.0,[137 236  47 196 254 249 111 128],0.0
275.93559999999997,9.0,101,0.0,1,1.0,[91  0  0  0  0  0  0  0],0.0
275.93560099999996,9.0,102,0.0,6,6.0,[  3 119  11  50  84  45   0   0],0.0
275.93560199999996,9.0,103,0.0,8,8.0,[ 17  29 138 240 181  51 109   9],0.0
275.935603,9.0,104,0.0,4,4.0,[113 245  25   0   0   0   0   0],0.0
275.935604,9.0,107,0.0,5,5.0,[251  81 224  44   0   0   0   0],0.0
276.13259999999997,9.0,111,0.0,8,8.0,[141 228 175  68 255  13  48 128],0.0
276.1343,9.0,101,0.0,1,1.0,[91  0  0  0  0  0  0  0],0.0
276.134301,9.0,102,0.0,6,6.0,[ 3 63 12 50 84 45  0  0],0.0
276.134302,9.0,103,0.0,8,8.0,[237  28 138 112 180  51 109   9],0.0
276.134303,9.0,104,0.0,4,4.0,[113 245  25   0   0   0   0   0],0.0
276.134304,9.0,107,0.0,5,5.0,[253  81 160  43   0   0   0   0],0.0
276.3306,9.0,111,0.0,8,8.0,[145 220 143 197   2 238 175 126],0.0
276.33175,9.0,101,0.0,1,1.0,[91  0  0  0  0  0  0  0],0.0
276.331751,9.0,102,0.0,6,6.0,[ 3  7 13 50 84 45  0  0],0.0
276.331752,9.0,103,0.0,8,8.0,[201  28 138  48 179  51 109   9],0.0
276.331753,9.0,104,0.0,4,4.0,[111 245  25   0   0   0   0   0],0.0
276.331754,9.0,107,0.0,5,5.0,[17 82  0 43  0  0  0  0],0.0
276.5286,9.0,111,0.0,8,8.0,[149 244  15  69 255 241 207 127],0.0
276.52959999999996,9.0,101,0.0,1,1.0,[91  0  0  0  0  0  0  0],0.0
276.529601,9.0,102,0.0,6,6.0,[  3 207  13  50  84  45   0   0],0.0
276.529602,9.0,103,0.0,8,8.0,[165  28 138 176 177  51 109   9],0.0
276.529603,9.0,104,0.0,4,4.0,[111 245  25   0   0   0   0   0],0.0
276.529604,9.0,107,0.0,5,5.0,[  9  83 224  50   0   0   0   0],0.0
276.72659999999996,9.0,111,0.0,8,8.0,[141 236  47  68 255   5  16 128],0.0
276.9251,9.0,101,0.0,1,1.0,[91  0  0  0  0  0  0  0],0.0
276.925101,9.0,102,0.0,6,6.0,[  3 151  14  50  84  45   0   0],0.0
276.925102,9.0,103,0.0,8,8.0,[129  28 138  80 176  51 109   9],0.0
276.925103,9.0,104,0.0,4,4.0,[111 245  25   0   0   0   0   0],0.0
276.925104,9.0,107,0.0,5,5.0,[ 73  83 192  43   0   0   0   0],0.0
276.928,9.0,106,0.0,3,3.0,[203   2   0   0   0   0   0   0],0.0
276.9282,9.0,111,0.0,8,8.0,[151 236 111 196 255 209 239 127],0.0
277.12284999999997,9.0,101,0.0,1,1.0,[91  0  0  0  0  0  0  0],0.0
277.12285099999997,9.0,102,0.0,6,6.0,[ 3 95 15 50 84 45  0  0],0.0
277.12285199999997,9.0,103,0.0,8,8.0,[ 95  28 138 208 174  51 109   9],0.0
277.12285299999996,9.0,104,0.0,4,4.0,[109 245  25   0   0   0   0   0],0.0
277.12285399999996,9.0,107,0.0,5,5.0,[ 57  83 160  46   0   0   0   0],0.0
277.12545,9.0,111,0.0,8,8.0,[145   4 208 196 255 205 175 127],0.0
277.32085,9.0,101,0.0,1,1.0,[91  0  0  0  0  0  0  0],0.0
277.320851,9.0,102,0.0,6,6.0,[ 3 39 16 50 84 45  0  0],0.0
277.320852,9.0,103,0.0,8,8.0,[ 59  28 138 112 173  51 109   9],0.0
277.320853,9.0,104,0.0,4,4.0,[107 245  25   0   0   0   0   0],0.0
277.320854,9.0,107,0.0,5,5.0,[223  82   0  48   0   0   0   0],0.0
277.3241,9.0,111,0.0,8,8.0,[143 220 143  68 254   5 144 128],0.0
277.51885,9.0,101,0.0,1,1.0,[91  0  0  0  0  0  0  0],0.0
277.518851,9.0,102,0.0,6,6.0,[  3 239  16  50  84  45   0   0],0.0
277.518852,9.0,103,0.0,8,8.0,[ 23  28 138 240 171  51 109   9],0.0
277.518853,9.0,104,0.0,4,4.0,[105 245  25   0   0   0   0   0],0.0
277.518854,9.0,107,0.0,5,5.0,[113  84 160  48   0   0   0   0],0.0
277.52139999999997,9.0,111,0.0,8,8.0,[141 220 143  68 255  17 208 127],0.0
277.7169,9.0,101,0.0,1,1.0,[91  0  0  0  0  0  0  0],0.0
277.716901,9.0,102,0.0,6,6.0,[  3 183  17  50  84  45   0   0],0.0
277.716902,9.0,103,0.0,8,8.0,[243  27 138 144 170  51 109   9],0.0
277.716903,9.0,104,0.0,4,4.0,[105 245  25   0   0   0   0   0],0.0
277.716904,9.0,107,0.0,5,5.0,[235  83   0  44   0   0   0   0],0.0
277.7201,9.0,111,0.0,8,8.0,[137 204 111 196 255  37 176 127],0.0
277.9149,9.0,101,0.0,1,1.0,[91  0  0  0  0  0  0  0],0.0
277.914901,9.0,102,0.0,6,6.0,[  3 127  18  50  84  45   0   0],0.0
277.914902,9.0,103,0.0,8,8.0,[205  27 138  48 169  51 109   9],0.0
277.914903,9.0,104,0.0,4,4.0,[103 245  25   0   0   0   0   0],0.0
277.914904,9.0,107,0.0,5,5.0,[191  84 128  43   0   0   0   0],0.0
277.9172,9.0,106,0.0,3,3.0,[225   2   0   0   0   0   0   0],0.0
277.91825,9.0,111,0.0,8,8.0,[139 180 111 196 255   1  80 128],0.0
278.1131,9.0,101,0.0,1,1.0,[91  0  0  0  0  0  0  0],0.0
278.113101,9.0,102,0.0,6,6.0,[ 3 71 19 50 84 45  0  0],0.0
278.11310199999997,9.0,103,0.0,8,8.0,[169  27 138 208 167  51 109   9],0.0
278.11310299999997,9.0,104,0.0,4,4.0,[101 245  25   0   0   0   0   0],0.0
278.11310399999996,9.0,107,0.0,5,5.0,[97 83 96 46  0  0  0  0],0.0
278.11545,9.0,111,0.0,8,8.0,[137 156 207  68   0 254 111 128],0.0
278.3109,9.0,101,0.0,1,1.0,[83  0  0  0  0  0  0  0],0.0
278.310901,9.0,102,0.0,6,6.0,[ 3 15 20 50 84 45  0  0],0.0
278.310902,9.0,103,0.0,8,8.0,[133  27 138 144 166  51 109   9],0.0
278.310903,9.0,104,0.0,4,4.0,[ 99 245  25   0   0   0   0   0],0.0
278.310904,9.0,107,0.0,5,5.0,[55 81 64 47  0  0  0  0],0.0
278.3141,9.0,111,0.0,8,8.0,[133 116 207 196   1 254 111 128],0.0
278.5089,9.0,101,0.0,1,1.0,[83  0  0  0  0  0  0  0],0.0
278.508901,9.0,102,0.0,6,6.0,[  3 215  20  50  84  45   0   0],0.0
278.508902,9.0,103,0.0,8,8.0,[ 99  27 138  80 165  51 109   9],0.0
278.508903,9.0,104,0.0,4,4.0,[ 97 245  25   0   0   0   0   0],0.0
278.508904,9.0,107,0.0,5,5.0,[101  78 128  47   0   0   0   0],0.0
278.51144999999997,9.0,111,0.0,8,8.0,[131 108 207 196 255 249  15 128],0.0
278.70689999999996,9.0,101,0.0,1,1.0,[83  0  0  0  0  0  0  0],0.0
278.70690099999996,9.0,102,0.0,6,6.0,[  3 159  21  50  84  45   0   0],0.0
278.706902,9.0,103,0.0,8,8.0,[ 67  27 138  16 164  51 109   9],0.0
278.706903,9.0,104,0.0,4,4.0,[ 97 245  25   0   0   0   0   0],0.0
278.706904,9.0,107,0.0,5,5.0,[239  76  96  46   0   0   0   0],0.0
278.7101,9.0,111,0.0,8,8.0,[133 100 143 196 255   1  16 128],0.0
278.9051,9.0,101,0.0,1,1.0,[83  0  0  0  0  0  0  0],0.0
278.905101,9.0,102,0.0,6,6.0,[  3 103  22  50  84  45   0   0],0.0
278.905102,9.0,103,0.0,8,8.0,[ 35  27 138 208 162  51 109   9],0.0
278.905103,9.0,104,0.0,4,4.0,[ 97 245  25   0   0   0   0   0],0.0
278.905104,9.0,107,0.0,5,5.0,[121  73   0  46   0   0   0   0],0.0
278.90745,9.0,106,0.0,3,3.0,[245   2   0   0   0   0   0   0],0.0
278.9076,9.0,111,0.0,8,8.0,[137  92 111  68 255   5  16 128],0.0
279.1029,9.0,101,0.0,1,1.0,[83  0  0  0  0  0  0  0],0.0
279.102901,9.0,102,0.0,6,6.0,[ 3 47 23 50 84 45  0  0],0.0
279.102902,9.0,103,0.0,8,8.0,[  3  27 138 176 161  51 109   9],0.0
279.10290299999997,9.0,104,0.0,4,4.0,[ 97 245  25   0   0   0   0   0],0.0
279.10290399999997,9.0,107,0.0,5,5.0,[25 70 32 47  0  0  0  0],0.0
279.10609999999997,9.0,111,0.0,8,8.0,[137  76 143  68 255 249  15 128],0.0
279.30109999999996,9.0,101,0.0,1,1.0,[75  0  0  0  0  0  0  0],0.0
279.30110099999996,9.0,102,0.0,6,6.0,[  3 247  23  50  84  45   0   0],0.0
279.301102,9.0,103,0.0,8,8.0,[231  26 138 144 160  51 109   9],0.0
279.301103,9.0,104,0.0,4,4.0,[ 97 245  25   0   0   0   0   0],0.0
279.301104,9.0,107,0.0,5,5.0,[167  66 160  46   0   0   0   0],0.0
279.30345,9.0,111,0.0,8,8.0,[139 140 143  68 255   1  16 128],0.0
279.4991,9.0,101,0.0,1,1.0,[75  0  0  0  0  0  0  0],0.0
279.499101,9.0,102,0.0,6,6.0,[  3 191  24  50  84  45   0   0],0.0
279.499102,9.0,103,0.0,8,8.0,[201  26 138 144 159  51 109   9],0.0
279.499103,9.0,104,0.0,4,4.0,[ 95 245  25   0   0   0   0   0],0.0
279.499104,9.0,107,0.0,5,5.0,[ 45  64 192  45   0   0   0   0],0.0
279.50145,9.0,111,0.0,8,8.0,[135 204 143 196 255   5 176 127],0.0
279.69689999999997,9.0,101,0.0,1,1.0,[75  0  0  0  0  0  0  0],0.0
279.69690099999997,9.0,102,0.0,6,6.0,[  3 135  25  50  84  45   0   0],0.0
279.69690199999997,9.0,103,0.0,8,8.0,[173  26 138 144 158  51 109   9],0.0
279.69690299999996,9.0,104,0.0,4,4.0,[ 95 245  25   0   0   0   0   0],0.0
279.69690399999996,9.0,107,0.0,5,5.0,[ 59  63 224  44   0   0   0   0],0.0
279.70009999999996,9.0,111,0.0,8,8.0,[137 204 143  68 255  13 144 127],0.0
279.8951,9.0,101,0.0,1,1.0,[75  0  0  0  0  0  0  0],0.0
279.895101,9.0,102,0.0,6,6.0,[ 3 79 26 50 84 45  0  0],0.0
279.895102,9.0,103,0.0,8,8.0,[145  26 138 144 157  51 109   9],0.0
279.895103,9.0,104,0.0,4,4.0,[ 95 245  25   0   0   0   0   0],0.0
279.895104,9.0,107,0.0,5,5.0,[235  61 224  43   0   0   0   0],0.0
279.89745,9.0,106,0.0,3,3.0,[5 3 0 0 0 0 0 0],0.0
279.8976,9.0,111,0.0,8,8.0,[135 212  79  68 254 241  15 128],0.0
280.0931,9.0,101,0.0,1,1.0,[75  0  0  0  0  0  0  0],0.0
280.093101,9.0,102,0.0,6,6.0,[ 3 23 27 50 84 45  0  0],0.0
280.093102,9.0,103,0.0,8,8.0,[119  26 138 112 156  51 109   9],0.0
280.093103,9.0,104,0.0,4,4.0,[ 95 245  25   0   0   0   0   0],0.0
280.093104,9.0,107,0.0,5,5.0,[ 1 62  0 43  0  0  0  0],0.0
280.09614999999997,9.0,111,0.0,8,8.0,[139  20 112  68 255 245 143 127],0.0
280.29089999999997,9.0,101,0.0,1,1.0,[75  0  0  0  0  0  0  0],0.0
280.29090099999996,9.0,102,0.0,6,6.0,[  3 223  27  50  84  45   0   0],0.0
280.29090199999996,9.0,103,0.0,8,8.0,[ 89  26 138 112 155  51 109   9],0.0
280.290903,9.0,104,0.0,4,4.0,[ 93 245  25   0   0   0   0   0],0.0
280.290904,9.0,107,0.0,5,5.0,[ 41  63 160  42   0   0   0   0],0.0
280.29345,9.0,111,0.0,8,8.0,[141 140  80  68   1 246 239 126],0.0
280.48915,9.0,101,0.0,1,1.0,[75  0  0  0  0  0  0  0],0.0
280.489151,9.0,102,0.0,6,6.0,[  3 167  28  50  84  45   0   0],0.0
280.489152,9.0,103,0.0,8,8.0,[ 61  26 138  80 154  51 109   9],0.0
280.489153,9.0,104,0.0,4,4.0,[ 93 245  25   0   0   0   0   0],0.0
280.489154,9.0,107,0.0,5,5.0,[23 66 64 41  0  0  0  0],0.0
280.49215,9.0,111,0.0,8,8.0,[141 172 112  68   0 254  79 127],0.0
280.68715,9.0,101,0.0,1,1.0,[83  0  0  0  0  0  0  0],0.0
280.687151,9.0,102,0.0,6,6.0,[  3 111  29  50  84  45   0   0],0.0
280.68715199999997,9.0,103,0.0,8,8.0,[ 29  26 138  48 153  51 109   9],0.0
280.68715299999997,9.0,104,0.0,4,4.0,[ 93 245  25   0   0   0   0   0],0.0
280.68715399999996,9.0,107,0.0,5,5.0,[105  71 128  39   0   0   0   0],0.0
280.68944999999997,9.0,111,0.0,8,8.0,[141 212 112  68 255 245 175 127],0.0
280.88489999999996,9.0,101,0.0,1,1.0,[83  0  0  0  0  0  0  0],0.0
280.884901,9.0,102,0.0,6,6.0,[ 3 55 30 50 84 45  0  0],0.0
280.884902,9.0,103,0.0,8,8.0,[251  25 138 240 151  51 109   9],0.0
280.884903,9.0,104,0.0,4,4.0,[ 91 245  25   0   0   0   0   0],0.0
280.884904,9.0,107,0.0,5,5.0,[115  76 128  38   0   0   0   0],0.0
280.8879,9.0,106,0.0,3,3.0,[23  3  0  0  0  0  0  0],0.0
280.8883,9.0,111,0.0,8,8.0,[141 212  48 196 254 237 207 127],0.0
281.08315,9.0,101,0.0,1,1.0,[83  0  0  0  0  0  0  0],0.0
281.083151,9.0,102,0.0,6,6.0,[  3 255  30  50  84  45   0   0],0.0
281.083152,9.0,103,0.0,8,8.0,[215  25 138 144 150  51 109   9],0.0
281.083153,9.0,104,0.0,4,4.0,[ 89 245  25   0   0   0   0   0],0.0
281.083154,9.0,107,0.0,5,5.0,[163  81 160  38   0   0   0   0],0.0
281.0861,9.0,111,0.0,8,8.0,[139 212  80 196 255 249 111 127],0.0
281.28114999999997,9.0,101,0.0,1,1.0,[83  0  0  0  0  0  0  0],0.0
281.28115099999997,9.0,102,0.0,6,6.0,[  3 199  31  50  84  45   0   0],0.0
281.28115199999996,9.0,103,0.0,8,8.0,[177  25 138  16 149  51 109   9],0.0
281.28115299999996,9.0,104,0.0,4,4.0,[ 89 245  25   0   0   0   0   0],0.0
281.281154,9.0,107,0.0,5,5.0,[ 17  87 160  38   0   0   0   0],0.0
281.2835,9.0,111,0.0,8,8.0,[137 212 112  68 255 253 207 127],0.0
281.47915,9.0,101,0.0,1,1.0,[83  0  0  0  0  0  0  0],0.0
281.479151,9.0,102,0.0,6,6.0,[  3 143  32  50  84  45   0   0],0.0
281.479152,9.0,103,0.0,8,8.0,[137  25 138 144 147  51 109   9],0.0
281.479153,9.0,104,0.0,4,4.0,[ 89 245  25   0   0   0   0   0],0.0
281.479154,9.0,107,0.0,5,5.0,[173  92  64  38   0   0   0   0],0.0
281.47999999999996,9.0,111,0.0,8,8.0,[139 220 112  68 255 249 207 127],0.0
281.67715,9.0,101,0.0,1,1.0,[83  0  0  0  0  0  0  0],0.0
281.677151,9.0,102,0.0,6,6.0,[ 3 87 33 50 84 45  0  0],0.0
281.677152,9.0,103,0.0,8,8.0,[ 93  25 138 240 145  51 109   9],0.0
281.677153,9.0,104,0.0,4,4.0,[ 89 245  25   0   0   0   0   0],0.0
281.677154,9.0,107,0.0,5,5.0,[79 98 96 38  0  0  0  0],0.0
281.67945,9.0,111,0.0,8,8.0,[141 212  48 196 254 229  47 128],0.0
281.87514999999996,9.0,101,0.0,1,1.0,[83  0  0  0  0  0  0  0],0.0
281.87515099999996,9.0,102,0.0,6,6.0,[ 3 31 34 50 84 45  0  0],0.0
281.875152,9.0,103,0.0,8,8.0,[ 49  25 138  80 144  51 109   9],0.0
281.875153,9.0,104,0.0,4,4.0,[ 89 245  25   0   0   0   0   0],0.0
281.875154,9.0,107,0.0,5,5.0,[101 103  96  38   0   0   0   0],0.0
281.87815,9.0,106,0.0,3,3.0,[47  3  0  0  0  0  0  0],0.0
281.87829999999997,9.0,111,0.0,8,8.0,[145 204  48  68 255   5 208 127],0.0
282.07315,9.0,101,0.0,1,1.0,[83  0  0  0  0  0  0  0],0.0
282.073151,9.0,102,0.0,6,6.0,[  3 231  34  50  84  45   0   0],0.0
282.073152,9.0,103,0.0,8,8.0,[  1  25 138 144 142  51 109   9],0.0
282.073153,9.0,104,0.0,4,4.0,[ 89 245  25   0   0   0   0   0],0.0
282.073154,9.0,107,0.0,5,5.0,[141 109 128  38   0   0   0   0],0.0
282.07545,9.0,111,0.0,8,8.0,[147 188 112  68 255 237  47 128],0.0
282.27115,9.0,101,0.0,1,1.0,[83  0  0  0  0  0  0  0],0.0
282.271151,9.0,102,0.0,6,6.0,[  3 175  35  50  84  45   0   0],0.0
282.271152,9.0,103,0.0,8,8.0,[207  24 138 176 140  51 109   9],0.0
282.27115299999997,9.0,104,0.0,4,4.0,[ 89 245  25   0   0   0   0   0],0.0
282.27115399999997,9.0,107,0.0,5,5.0,[167 114 128  37   0   0   0   0],0.0
282.27414999999996,9.0,111,0.0,8,8.0,[133 196  80  68 255 253 207 127],0.0
282.46915,9.0,101,0.0,1,1.0,[83  0  0  0  0  0  0  0],0.0
282.469151,9.0,102,0.0,6,6.0,[  3 119  36  50  84  45   0   0],0.0
282.469152,9.0,103,0.0,8,8.0,[155  24 138 176 138  51 109   9],0.0
282.469153,9.0,104,0.0,4,4.0,[ 87 245  25   0   0   0   0   0],0.0
282.469154,9.0,107,0.0,5,5.0,[235 118   0  37   0   0   0   0],0.0
282.4715,9.0,111,0.0,8,8.0,[139 164 112 196 254   1 240 127],0.0
282.66715,9.0,101,0.0,1,1.0,[83  0  0  0  0  0  0  0],0.0
282.667151,9.0,102,0.0,6,6.0,[ 3 63 37 50 84 45  0  0],0.0
282.667152,9.0,103,0.0,8,8.0,[103  24 138 144 136  51 109   9],0.0
282.667153,9.0,104,0.0,4,4.0,[ 83 245  25   0   0   0   0   0],0.0
282.667154,9.0,107,0.0,5,5.0,[ 85 122 192  36   0   0   0   0],0.0
282.66735,9.0,111,0.0,8,8.0,[139 244  79  68 250  17 144 129],0.0
282.86469999999997,9.0,111,0.0,8,8.0,[143 212  79  68 253   1  16 128],0.0
282.86535,9.0,101,0.0,1,1.0,[83  0  0  0  0  0  0  0],0.0
282.865351,9.0,102,0.0,6,6.0,[ 3  7 38 50 84 45  0  0],0.0
282.865352,9.0,103,0.0,8,8.0,[ 49  24 138 144 134  51 109   9],0.0
282.86535299999997,9.0,104,0.0,4,4.0,[ 81 245  25   0   0   0   0   0],0.0
282.86535399999997,9.0,107,0.0,5,5.0,[153 123   0  36   0   0   0   0],0.0
282.8683,9.0,106,0.0,3,3.0,[77  3  0  0  0  0  0  0],0.0
283.06315,9.0,101,0.0,1,1.0,[83  0  0  0  0  0  0  0],0.0
283.063151,9.0,102,0.0,6,6.0,[  3 207  38  50  84  45   0   0],0.0
283.063152,9.0,103,0.0,8,8.0,[253  23 138 144 132  51 109   9],0.0
283.063153,9.0,104,0.0,4,4.0,[ 83 245  25   0   0   0   0   0],0.0
283.063154,9.0,107,0.0,5,5.0,[191 122 192  36   0   0   0   0],0.0
283.0655,9.0,111,0.0,8,8.0,[143 100  79  68 252  13 144 128],0.0
283.26115,9.0,101,0.0,1,1.0,[83  0  0  0  0  0  0  0],0.0
283.261151,9.0,102,0.0,6,6.0,[  3 151  39  50  84  45   0   0],0.0
283.261152,9.0,103,0.0,8,8.0,[201  23 138 112 130  51 109   9],0.0
283.261153,9.0,104,0.0,4,4.0,[ 81 245  17   0   0   0   0   0],0.0
283.261154,9.0,107,0.0,5,5.0,[215 120  96  36   0   0   0   0],0.0
283.26415,9.0,111,0.0,8,8.0,[141  76 143 196 253  21 144 127],0.0
283.45914999999997,9.0,101,0.0,1,1.0,[75  0  0  0  0  0  0  0],0.0
283.45915099999996,9.0,102,0.0,6,6.0,[ 3 95 40 50 84 45  0  0],0.0
283.45915199999996,9.0,103,0.0,8,8.0,[151  23 138 144 128  51 109   9],0.0
283.459153,9.0,104,0.0,4,4.0,[ 81 245  17   0   0   0   0   0],0.0
283.459154,9.0,107,0.0,5,5.0,[171 116 128  37   0   0   0   0],0.0
283.4615,9.0,111,0.0,8,8.0,[137  44  79 196 253 237  47 128],0.0
283.65715,9.0,101,0.0,1,1.0,[75  0  0  0  0  0  0  0],0.0
283.657151,9.0,102,0.0,6,6.0,[ 3 39 41 50 84 45  0  0],0.0
283.657152,9.0,103,0.0,8,8.0,[101  23 138 176 126  51 109   9],0.0
283.657153,9.0,104,0.0,4,4.0,[ 81 245  17   0   0   0   0   0],0.0
283.657154,9.0,107,0.0,5,5.0,[149 113  96  40   0   0   0   0],0.0
283.66015,9.0,111,0.0,8,8.0,[133  12 175  68 253  33  48 128],0.0
283.8547,9.0,111,0.0,8,8.0,[133 252  14  68 254  13  16 128],0.0
283.8553,9.0,101,0.0,1,1.0,[75  0  0  0  0  0  0  0],0.0
283.855301,9.0,102,0.0,6,6.0,[  3 239  41  50  84  45   0   0],0.0
283.855302,9.0,103,0.0,8,8.0,[ 55  23 138 208 124  51 109   9],0.0
283.855303,9.0,104,0.0,4,4.0,[ 81 245  17   0   0   0   0   0],0.0
283.855304,9.0,107,0.0,5,5.0,[141 109 224  40   0   0   0   0],0.0
283.85765,9.0,106,0.0,3,3.0,[107   3   0   0   0   0   0   0],0.0
284.05264999999997,9.0,111,0.0,8,8.0,[139 252 142  68 255   1 144 127],0.0
284.05334999999997,9.0,101,0.0,1,1.0,[75  0  0  0  0  0  0  0],0.0
284.05335099999996,9.0,102,0.0,6,6.0,[  3 183  42  50  84  45   0   0],0.0
284.05335199999996,9.0,103,0.0,8,8.0,[  9  23 138  16 123  51 109   9],0.0
284.053353,9.0,104,0.0,4,4.0,[ 81 245  17   0   0   0   0   0],0.0
284.053354,9.0,107,0.0,5,5.0,[125 103 160  40   0   0   0   0],0.0
284.2512,9.0,101,0.0,1,1.0,[75  0  0  0  0  0  0  0],0.0
284.251201,9.0,102,0.0,6,6.0,[  3 127  43  50  84  45   0   0],0.0
284.251202,9.0,103,0.0,8,8.0,[223  22 138  80 121  51 109   9],0.0
284.251203,9.0,104,0.0,4,4.0,[ 79 245  17   0   0   0   0   0],0.0
284.251204,9.0,107,0.0,5,5.0,[ 95  98 128  40   0   0   0   0],0.0
284.2541,9.0,111,0.0,8,8.0,[141 252 206  68 254  29  16 128],0.0
284.44919999999996,9.0,101,0.0,1,1.0,[75  0  0  0  0  0  0  0],0.0
284.44920099999996,9.0,102,0.0,6,6.0,[ 3 71 44 50 84 45  0  0],0.0
284.449202,9.0,103,0.0,8,8.0,[183  22 138 176 119  51 109   9],0.0
284.449203,9.0,104,0.0,4,4.0,[ 77 245  17   0   0   0   0   0],0.0
284.449204,9.0,107,0.0,5,5.0,[175  93  64  49   0   0   0   0],0.0
284.44939999999997,9.0,111,0.0,8,8.0,[113 244 142  68 253  29 240 128],0.0
284.6467,9.0,111,0.0,8,8.0,[139 228  14 196 254 137 111 128],0.0
284.64734999999996,9.0,101,0.0,1,1.0,[75  0  0  0  0  0  0  0],0.0
284.647351,9.0,102,0.0,6,6.0,[ 3 15 45 50 84 45  0  0],0.0
284.647352,9.0,103,0.0,8,8.0,[145  22 138  48 118  51 109   9],0.0
284.647353,9.0,104,0.0,4,4.0,[ 75 245  17   0   0   0   0   0],0.0
284.647354,9.0,107,0.0,5,5.0,[ 1 90  0 55  0  0  0  0],0.0
284.8452,9.0,101,0.0,1,1.0,[75  0  0  0  0  0  0  0],0.0
284.845201,9.0,102,0.0,6,6.0,[  3 215  45  50  84  45   0   0],0.0
284.845202,9.0,103,0.0,8,8.0,[111  22 138 208 116  51 109   9],0.0
284.84520299999997,9.0,104,0.0,4,4.0,[ 77 245  17   0   0   0   0   0],0.0
284.84520399999997,9.0,107,0.0,5,5.0,[169  82   0  44   0   0   0   0],0.0
284.8474,9.0,106,0.0,3,3.0,[131   3   0   0   0   0   0   0],0.0
284.84755,9.0,111,0.0,8,8.0,[125 124  79  68 255 173 143 127],0.0
285.04269999999997,9.0,111,0.0,8,8.0,[141 204  47 196 255   1  80 127],0.0
285.04335,9.0,101,0.0,1,1.0,[75  0  0  0  0  0  0  0],0.0
285.043351,9.0,102,0.0,6,6.0,[  3 159  46  50  84  45   0   0],0.0
285.04335199999997,9.0,103,0.0,8,8.0,[ 77  22 138 112 115  51 109   9],0.0
285.04335299999997,9.0,104,0.0,4,4.0,[ 77 245  17   0   0   0   0   0],0.0
285.04335399999997,9.0,107,0.0,5,5.0,[237  79  64  44   0   0   0   0],0.0
285.2407,9.0,111,0.0,8,8.0,[135 212  47  68 254 237 239 127],0.0
285.24135,9.0,101,0.0,1,1.0,[75  0  0  0  0  0  0  0],0.0
285.241351,9.0,102,0.0,6,6.0,[  3 103  47  50  84  45   0   0],0.0
285.241352,9.0,103,0.0,8,8.0,[ 43  22 138  48 114  51 109   9],0.0
285.241353,9.0,104,0.0,4,4.0,[ 77 245  17   0   0   0   0   0],0.0
285.241354,9.0,107,0.0,5,5.0,[163  79 192  42   0   0   0   0],0.0
285.4387,9.0,111,0.0,8,8.0,[145 244  79 196 255 237  79 127],0.0
285.44,9.0,101,0.0,1,1.0,[75  0  0  0  0  0  0  0],0.0
285.440001,9.0,102,0.0,6,6.0,[ 3 47 48 50 84 45  0  0],0.0
285.440002,9.0,103,0.0,8,8.0,[  7  22 138 240 112  51 109   9],0.0
285.440003,9.0,104,0.0,4,4.0,[ 77 245  17   0   0   0   0   0],0.0
285.440004,9.0,107,0.0,5,5.0,[165  79  32  43   0   0   0   0],0.0
285.6372,9.0,101,0.0,1,1.0,[75  0  0  0  0  0  0  0],0.0
285.637201,9.0,102,0.0,6,6.0,[  3 247  48  50  84  45   0   0],0.0
285.637202,9.0,103,0.0,8,8.0,[229  21 138 112 111  51 109   9],0.0
285.637203,9.0,104,0.0,4,4.0,[ 75 245  17   0   0   0   0   0],0.0
285.637204,9.0,107,0.0,5,5.0,[ 13  80 224  42   0   0   0   0],0.0
285.6374,9.0,111,0.0,8,8.0,[141 116  80  68   0  10 208 126],0.0
285.8347,9.0,111,0.0,8,8.0,[139 156 240  67   0  30  16 127],0.0
285.83535,9.0,101,0.0,1,1.0,[75  0  0  0  0  0  0  0],0.0
285.835351,9.0,102,0.0,6,6.0,[  3 191  49  50  84  45   0   0],0.0
285.835352,9.0,103,0.0,8,8.0,[193  21 138  16 110  51 109   9],0.0
285.835353,9.0,104,0.0,4,4.0,[ 75 245  17   0   0   0   0   0],0.0
285.835354,9.0,107,0.0,5,5.0,[ 41  83 192  42   0   0   0   0],0.0
285.83774999999997,9.0,106,0.0,3,3.0,[151   3   0   0   0   0   0   0],0.0
286.0327,9.0,111,0.0,8,8.0,[141 196  48 196   0  18  48 127],0.0
286.03335,9.0,101,0.0,1,1.0,[75  0  0  0  0  0  0  0],0.0
286.033351,9.0,102,0.0,6,6.0,[  3 135  50  50  84  45   0   0],0.0
286.033352,9.0,103,0.0,8,8.0,[155  21 138 144 108  51 109   9],0.0
286.033353,9.0,104,0.0,4,4.0,[ 75 245  17   0   0   0   0   0],0.0
286.033354,9.0,107,0.0,5,5.0,[171  87 224  42   0   0   0   0],0.0
286.2307,9.0,111,0.0,8,8.0,[143 212 112  68   0 254 143 127],0.0
286.23134999999996,9.0,101,0.0,1,1.0,[75  0  0  0  0  0  0  0],0.0
286.23135099999996,9.0,102,0.0,6,6.0,[ 3 79 51 50 84 45  0  0],0.0
286.231352,9.0,103,0.0,8,8.0,[115  21 138  16 107  51 109   9],0.0
286.231353,9.0,104,0.0,4,4.0,[ 75 245  17   0   0   0   0   0],0.0
286.231354,9.0,107,0.0,5,5.0,[163  92 224  42   0   0   0   0],0.0
286.4287,9.0,111,0.0,8,8.0,[139 212 112  68 255 253  15 128],0.0
286.42935,9.0,101,0.0,1,1.0,[75  0  0  0  0  0  0  0],0.0
286.429351,9.0,102,0.0,6,6.0,[ 3 23 52 50 84 45  0  0],0.0
286.429352,9.0,103,0.0,8,8.0,[ 73  21 138  80 105  51 109   9],0.0
286.429353,9.0,104,0.0,4,4.0,[ 77 245  17   0   0   0   0   0],0.0
286.429354,9.0,107,0.0,5,5.0,[181  99 192  42   0   0   0   0],0.0
286.62669999999997,9.0,111,0.0,8,8.0,[137 204  48 196 254   9  48 128],0.0
286.62735,9.0,101,0.0,1,1.0,[75  0  0  0  0  0  0  0],0.0
286.627351,9.0,102,0.0,6,6.0,[  3 223  52  50  84  45   0   0],0.0
286.627352,9.0,103,0.0,8,8.0,[ 27  21 138 144 103  51 109   9],0.0
286.62735299999997,9.0,104,0.0,4,4.0,[ 77 245  17   0   0   0   0   0],0.0
286.62735399999997,9.0,107,0.0,5,5.0,[ 95 104 192  42   0   0   0   0],0.0
286.8247,9.0,111,0.0,8,8.0,[131 196  16  68 255 253  15 128],0.0
286.82535,9.0,101,0.0,1,1.0,[75  0  0  0  0  0  0  0],0.0
286.825351,9.0,102,0.0,6,6.0,[  3 167  53  50  84  45   0   0],0.0
286.825352,9.0,103,0.0,8,8.0,[237  20 138 176 101  51 109   9],0.0
286.825353,9.0,104,0.0,4,4.0,[ 77 245  17   0   0   0   0   0],0.0
286.825354,9.0,107,0.0,5,5.0,[ 21 110  64  41   0   0   0   0],0.0
286.82845,9.0,106,0.0,3,3.0,[177   3   0   0   0   0   0   0],0.0
287.02275,9.0,111,0.0,8,8.0,[141  44  80  68 253   5  16 129],0.0
287.0234,9.0,101,0.0,1,1.0,[75  0  0  0  0  0  0  0],0.0
287.023401,9.0,102,0.0,6,6.0,[  3 111  54  50  84  45   0   0],0.0
287.023402,9.0,103,0.0,8,8.0,[189  20 138 144  99  51 109   9],0.0
287.023403,9.0,104,0.0,4,4.0,[ 75 245  17   0   0   0   0   0],0.0
287.02340399999997,9.0,107,0.0,5,5.0,[ 29 114   0  41   0   0   0   0],0.0
287.22075,9.0,111,0.0,8,8.0,[141 212 111  68 253 237  79 128],0.0
287.22159999999997,9.0,101,0.0,1,1.0,[75  0  0  0  0  0  0  0],0.0
287.22160099999996,9.0,102,0.0,6,6.0,[ 3 55 55 50 84 45  0  0],0.0
287.22160199999996,9.0,103,0.0,8,8.0,[139  20 138 144  97  51 109   9],0.0
287.22160299999996,9.0,104,0.0,4,4.0,[ 73 245  17   0   0   0   0   0],0.0
287.221604,9.0,107,0.0,5,5.0,[249 115 192  50   0   0   0   0],0.0
287.41875,9.0,111,0.0,8,8.0,[137 220  79 196 253   5  48 128],0.0
287.41935,9.0,101,0.0,1,1.0,[75  0  0  0  0  0  0  0],0.0
287.419351,9.0,102,0.0,6,6.0,[  3 255  55  50  84  45   0   0],0.0
287.419352,9.0,103,0.0,8,8.0,[ 89  20 138 144  95  51 109   9],0.0
287.419353,9.0,104,0.0,4,4.0,[ 73 245  17   0   0   0   0   0],0.0
287.419354,9.0,107,0.0,5,5.0,[ 95 116   0  55   0   0   0   0],0.0
287.61674999999997,9.0,111,0.0,8,8.0,[137 212 111  68 255   5 176 127],0.0
287.61735,9.0,101,0.0,1,1.0,[75  0  0  0  0  0  0  0],0.0
287.617351,9.0,102,0.0,6,6.0,[  3 199  56  50  84  45   0   0],0.0
287.617352,9.0,103,0.0,8,8.0,[ 39  20 138 144  93  51 109   9],0.0
287.617353,9.0,104,0.0,4,4.0,[ 71 245  17   0   0   0   0   0],0.0
287.617354,9.0,107,0.0,5,5.0,[177 116 192  56   0   0   0   0],0.0
287.81475,9.0,111,0.0,8,8.0,[143 212 111 197 254  69  16 128],0.0
287.81534999999997,9.0,101,0.0,1,1.0,[75  0  0  0  0  0  0  0],0.0
287.81535099999996,9.0,102,0.0,6,6.0,[  3 143  57  50  84  45   0   0],0.0
287.81535199999996,9.0,103,0.0,8,8.0,[245  19 138 112  91  51 109   9],0.0
287.81535299999996,9.0,104,0.0,4,4.0,[ 71 245  17   0   0   0   0   0],0.0
287.815354,9.0,107,0.0,5,5.0,[155 117  32  60   0   0   0   0],0.0
287.81854999999996,9.0,106,0.0,3,3.0,[207   3   0   0   0   0   0   0],0.0
288.01275,9.0,111,0.0,8,8.0,[147 212 207 196   1 254 111 126],0.0
288.01349999999996,9.0,101,0.0,1,1.0,[75  0  0  0  0  0  0  0],0.0
288.01350099999996,9.0,102,0.0,6,6.0,[ 3 87 58 50 84 45  0  0],0.0
288.01350199999996,9.0,103,0.0,8,8.0,[195  19 138 112  89  51 109   9],0.0
288.013503,9.0,104,0.0,4,4.0,[ 71 245  17   0   0   0   0   0],0.0
288.013504,9.0,107,0.0,5,5.0,[153 115  32  61   0   0   0   0],0.0
288.2107,9.0,111,0.0,8,8.0,[137  76 111  68 253 201  79 129],0.0
288.21139999999997,9.0,101,0.0,1,1.0,[75  0  0  0  0  0  0  0],0.0
288.21140099999997,9.0,102,0.0,6,6.0,[ 3 31 59 50 84 45  0  0],0.0
288.21140199999996,9.0,103,0.0,8,8.0,[147  19 138 112  87  51 109   9],0.0
288.21140299999996,9.0,104,0.0,4,4.0,[ 69 245  17   0   0   0   0   0],0.0
288.21140399999996,9.0,107,0.0,5,5.0,[  1 114 128  67   0   0   0   0],0.0
288.40875,9.0,111,0.0,8,8.0,[135 252 110 196 253 237 143 128],0.0
288.4096,9.0,101,0.0,1,1.0,[75  0  0  0  0  0  0  0],0.0
288.409601,9.0,102,0.0,6,6.0,[  3 231  59  50  84  45   0   0],0.0
288.409602,9.0,103,0.0,8,8.0,[ 99  19 138 144  85  51 109   9],0.0
288.409603,9.0,104,0.0,4,4.0,[ 71 245  17   0   0   0   0   0],0.0
288.409604,9.0,107,0.0,5,5.0,[101 112  96  71   0   0   0   0],0.0
288.60675,9.0,111,0.0,8,8.0,[135 228 142 196 254  25  48 128],0.0
288.60805,9.0,101,0.0,1,1.0,[75  0  0  0  0  0  0  0],0.0
288.608051,9.0,102,0.0,6,6.0,[  3 175  60  50  84  45   0   0],0.0
288.608052,9.0,103,0.0,8,8.0,[ 53  19 138 176  83  51 109   9],0.0
288.608053,9.0,104,0.0,4,4.0,[ 73 245  17   0   0   0   0   0],0.0
288.608054,9.0,107,0.0,5,5.0,[229 110 160  71   0   0   0   0],0.0
288.80475,9.0,111,0.0,8,8.0,[131 228 206  68 254  33  16 128],0.0
288.80539999999996,9.0,101,0.0,1,1.0,[75  0  0  0  0  0  0  0],0.0
288.80540099999996,9.0,102,0.0,6,6.0,[  3 119  61  50  84  45   0   0],0.0
288.805402,9.0,103,0.0,8,8.0,[  5  19 138  16  82  51 109   9],0.0
288.805403,9.0,104,0.0,4,4.0,[ 73 245  17   0   0   0   0   0],0.0
288.805404,9.0,107,0.0,5,5.0,[151 107  96  74   0   0   0   0],0.0
288.80845,9.0,106,0.0,3,3.0,[235   3   0   0   0   0   0   0],0.0
289.00275,9.0,111,0.0,8,8.0,[135 220 238  68 255  41 208 127],0.0
289.0034,9.0,101,0.0,1,1.0,[75  0  0  0  0  0  0  0],0.0
289.003401,9.0,102,0.0,6,6.0,[ 3 63 62 50 84 45  0  0],0.0
289.003402,9.0,103,0.0,8,8.0,[223  18 138 112  80  51 109   9],0.0
289.003403,9.0,104,0.0,4,4.0,[ 71 245  17   0   0   0   0   0],0.0
289.003404,9.0,107,0.0,5,5.0,[103 100 192  74   0   0   0   0],0.0
289.20074999999997,9.0,111,0.0,8,8.0,[137 220 142 196 254 253 239 127],0.0
289.20155,9.0,101,0.0,1,1.0,[75  0  0  0  0  0  0  0],0.0
289.201551,9.0,102,0.0,6,6.0,[ 3  7 63 50 84 45  0  0],0.0
289.201552,9.0,103,0.0,8,8.0,[185  18 138 240  78  51 109   9],0.0
289.201553,9.0,104,0.0,4,4.0,[ 71 245  17   0   0   0   0   0],0.0
289.201554,9.0,107,0.0,5,5.0,[43 95 32 74  0  0  0  0],0.0
289.39875,9.0,111,0.0,8,8.0,[135   4 143 196 253 237  79 128],0.0
289.3994,9.0,101,0.0,1,1.0,[75  0  0  0  0  0  0  0],0.0
289.399401,9.0,102,0.0,6,6.0,[  3 207  63  50  84  45   0   0],0.0
289.399402,9.0,103,0.0,8,8.0,[149  18 138 144  77  51 109   9],0.0
289.399403,9.0,104,0.0,4,4.0,[ 73 245  17   0   0   0   0   0],0.0
289.399404,9.0,107,0.0,5,5.0,[167  88 224  73   0   0   0   0],0.0
289.59675,9.0,111,0.0,8,8.0,[141  60 143  68 255  21 112 127],0.0
289.59765,9.0,101,0.0,1,1.0,[75  0  0  0  0  0  0  0],0.0
289.597651,9.0,102,0.0,6,6.0,[  3 151  64  50  84  45   0   0],0.0
289.597652,9.0,103,0.0,8,8.0,[115  18 138  48  76  51 109   9],0.0
289.597653,9.0,104,0.0,4,4.0,[ 75 245  17   0   0   0   0   0],0.0
289.597654,9.0,107,0.0,5,5.0,[145  84 128  73   0   0   0   0],0.0
289.79474999999996,9.0,111,0.0,8,8.0,[137 108 175  68   0  18  16 127],0.0
289.7956,9.0,101,0.0,1,1.0,[75  0  0  0  0  0  0  0],0.0
289.795601,9.0,102,0.0,6,6.0,[ 3 95 65 50 84 45  0  0],0.0
289.795602,9.0,103,0.0,8,8.0,[ 85  18 138 208  74  51 109   9],0.0
289.79560299999997,9.0,104,0.0,4,4.0,[ 75 245  17   0   0   0   0   0],0.0
289.79560399999997,9.0,107,0.0,5,5.0,[ 65  79 128  73   0   0   0   0],0.0
289.79795,9.0,106,0.0,3,3.0,[1 4 0 0 0 0 0 0],0.0
289.99275,9.0,111,0.0,8,8.0,[141 164 143 196 254   1 176 127],0.0
289.9941,9.0,101,0.0,1,1.0,[83  0  0  0  0  0  0  0],0.0
289.994101,9.0,102,0.0,6,6.0,[ 3 39 66 50 84 45  0  0],0.0
289.994102,9.0,103,0.0,8,8.0,[ 55  18 138 144  73  51 109   9],0.0
289.994103,9.0,104,0.0,4,4.0,[ 75 245  17   0   0   0   0   0],0.0
289.994104,9.0,107,0.0,5,5.0,[153  74 128  73   0   0   0   0],0.0
290.19075,9.0,111,0.0,8,8.0,[135 204  47  68 255   1  80 127],0.0
290.19155,9.0,101,0.0,1,1.0,[83  0  0  0  0  0  0  0],0.0
290.191551,9.0,102,0.0,6,6.0,[  3 239  66  50  84  45   0   0],0.0
290.191552,9.0,103,0.0,8,8.0,[ 25  18 138 112  72  51 109   9],0.0
290.191553,9.0,104,0.0,4,4.0,[ 77 245  25   0   0   0   0   0],0.0
290.191554,9.0,107,0.0,5,5.0,[ 65  72 160  72   0   0   0   0],0.0
290.38874999999996,9.0,111,0.0,8,8.0,[139 204  79  68 253 253 239 127],0.0
290.38955,9.0,101,0.0,1,1.0,[83  0  0  0  0  0  0  0],0.0
290.389551,9.0,102,0.0,6,6.0,[  3 183  67  50  84  45   0   0],0.0
290.389552,9.0,103,0.0,8,8.0,[253  17 138  48  71  51 109   9],0.0
290.389553,9.0,104,0.0,4,4.0,[ 77 245  25   0   0   0   0   0],0.0
290.389554,9.0,107,0.0,5,5.0,[71 71 64 71  0  0  0  0],0.0
290.58675,9.0,111,0.0,8,8.0,[139 212 111 196 253 237 239 127],0.0
290.58774999999997,9.0,101,0.0,1,1.0,[83  0  0  0  0  0  0  0],0.0
290.58775099999997,9.0,102,0.0,6,6.0,[  3 127  68  50  84  45   0   0],0.0
290.58775199999997,9.0,103,0.0,8,8.0,[223  17 138 240  69  51 109   9],0.0
290.58775299999996,9.0,104,0.0,4,4.0,[ 73 245  25   0   0   0   0   0],0.0
290.58775399999996,9.0,107,0.0,5,5.0,[27 70 96 70  0  0  0  0],0.0
290.78475,9.0,111,0.0,8,8.0,[141 212  47  68 255  13  48 127],0.0
290.78565,9.0,101,0.0,1,1.0,[83  0  0  0  0  0  0  0],0.0
290.785651,9.0,102,0.0,6,6.0,[ 3 71 69 50 84 45  0  0],0.0
290.78565199999997,9.0,103,0.0,8,8.0,[195  17 138 176  68  51 109   9],0.0
290.78565299999997,9.0,104,0.0,4,4.0,[ 75 245  25   0   0   0   0   0],0.0
290.78565399999997,9.0,107,0.0,5,5.0,[195  69  96  69   0   0   0   0],0.0
290.78794999999997,9.0,106,0.0,3,3.0,[19  4  0  0  0  0  0  0],0.0
290.98275,9.0,111,0.0,8,8.0,[135 236  47 196 254  17  80 127],0.0
290.98365,9.0,101,0.0,1,1.0,[83  0  0  0  0  0  0  0],0.0
290.983651,9.0,102,0.0,6,6.0,[ 3 15 70 50 84 45  0  0],0.0
290.983652,9.0,103,0.0,8,8.0,[165  17 138 112  67  51 109   9],0.0
290.983653,9.0,104,0.0,4,4.0,[ 77 245  25   0   0   0   0   0],0.0
290.983654,9.0,107,0.0,5,5.0,[155  69 128  70   0   0   0   0],0.0
291.1808,9.0,111,0.0,8,8.0,[139 244 239 195 253 205 111 128],0.0
291.18145,9.0,101,0.0,1,1.0,[83  0  0  0  0  0  0  0],0.0
291.181451,9.0,102,0.0,6,6.0,[  3 215  70  50  84  45   0   0],0.0
291.181452,9.0,103,0.0,8,8.0,[135  17 138  80  66  51 109   9],0.0
291.181453,9.0,104,0.0,4,4.0,[ 79 245  25   0   0   0   0   0],0.0
291.181454,9.0,107,0.0,5,5.0,[105  69   0  71   0   0   0   0],0.0
291.3788,9.0,111,0.0,8,8.0,[141 244  79 196 252 249 207 128],0.0
291.37955,9.0,101,0.0,1,1.0,[91  0  0  0  0  0  0  0],0.0
291.379551,9.0,102,0.0,6,6.0,[  3 159  71  50  84  45   0   0],0.0
291.379552,9.0,103,0.0,8,8.0,[107  17 138  16  65  51 109   9],0.0
291.379553,9.0,104,0.0,4,4.0,[ 79 245  25   0   0   0   0   0],0.0
291.379554,9.0,107,0.0,5,5.0,[29 69 32 70  0  0  0  0],0.0
291.5768,9.0,111,0.0,8,8.0,[139 228  79 196   0  10  80 127],0.0
291.57755,9.0,101,0.0,1,1.0,[91  0  0  0  0  0  0  0],0.0
291.57755099999997,9.0,102,0.0,6,6.0,[  3 103  72  50  84  45   0   0],0.0
291.57755199999997,9.0,103,0.0,8,8.0,[ 77  17 138 208  63  51 109   9],0.0
291.57755299999997,9.0,104,0.0,4,4.0,[ 77 245  25   0   0   0   0   0],0.0
291.57755399999996,9.0,107,0.0,5,5.0,[ 41  69 128  68   0   0   0   0],0.0
291.77479999999997,9.0,111,0.0,8,8.0,[137 236 239  67   1 214  79 127],0.0
291.77645,9.0,101,0.0,1,1.0,[91  0  0  0  0  0  0  0],0.0
291.776451,9.0,102,0.0,6,6.0,[ 3 47 73 50 84 45  0  0],0.0
291.776452,9.0,103,0.0,8,8.0,[ 47  17 138 176  62  51 109   9],0.0
291.776453,9.0,104,0.0,4,4.0,[ 77 245  25   0   0   0   0   0],0.0
291.776454,9.0,107,0.0,5,5.0,[195  68  96  69   0   0   0   0],0.0
291.77885,9.0,106,0.0,3,3.0,[37  4  0  0  0  0  0  0],0.0
291.9728,9.0,111,0.0,8,8.0,[139 244  47 196 254  29  48 128],0.0
291.97364999999996,9.0,101,0.0,1,1.0,[83  0  0  0  0  0  0  0],0.0
291.97365099999996,9.0,102,0.0,6,6.0,[  3 247  73  50  84  45   0   0],0.0
291.97365199999996,9.0,103,0.0,8,8.0,[ 19  17 138 112  61  51 109   9],0.0
291.973653,9.0,104,0.0,4,4.0,[ 77 245  25   0   0   0   0   0],0.0
291.973654,9.0,107,0.0,5,5.0,[  1  68 224  69   0   0   0   0],0.0
292.1708,9.0,111,0.0,8,8.0,[139   4 208 195 253   5  16 129],0.0
292.17165,9.0,101,0.0,1,1.0,[83  0  0  0  0  0  0  0],0.0
292.171651,9.0,102,0.0,6,6.0,[  3 191  74  50  84  45   0   0],0.0
292.171652,9.0,103,0.0,8,8.0,[247  16 138  48  60  51 109   9],0.0
292.171653,9.0,104,0.0,4,4.0,[ 77 245  25   0   0   0   0   0],0.0
292.171654,9.0,107,0.0,5,5.0,[159  68  32  69   0   0   0   0],0.0
292.36875,9.0,111,0.0,8,8.0,[141 244 111 196 254  29  16 128],0.0
292.36965,9.0,101,0.0,1,1.0,[83  0  0  0  0  0  0  0],0.0
292.369651,9.0,102,0.0,6,6.0,[  3 135  75  50  84  45   0   0],0.0
292.369652,9.0,103,0.0,8,8.0,[215  16 138 240  58  51 109   9],0.0
292.36965299999997,9.0,104,0.0,4,4.0,[ 79 245  25   0   0   0   0   0],0.0
292.36965399999997,9.0,107,0.0,5,5.0,[239  69 192  71   0   0   0   0],0.0
292.5668,9.0,111,0.0,8,8.0,[139 236 207 196 255 229 143 127],0.0
292.56755,9.0,101,0.0,1,1.0,[83  0  0  0  0  0  0  0],0.0
292.567551,9.0,102,0.0,6,6.0,[ 3 79 76 50 84 45  0  0],0.0
292.567552,9.0,103,0.0,8,8.0,[185  16 138 176  57  51 109   9],0.0
292.567553,9.0,104,0.0,4,4.0,[ 79 245  25   0   0   0   0   0],0.0
292.567554,9.0,107,0.0,5,5.0,[231  70 224  74   0   0   0   0],0.0
292.7648,9.0,111,0.0,8,8.0,[133 244  15  68 254 253 111 128],0.0
292.76554999999996,9.0,101,0.0,1,1.0,[83  0  0  0  0  0  0  0],0.0
292.76555099999996,9.0,102,0.0,6,6.0,[ 3 23 77 50 84 45  0  0],0.0
292.765552,9.0,103,0.0,8,8.0,[153  16 138 112  56  51 109   9],0.0
292.765553,9.0,104,0.0,4,4.0,[ 77 245  25   0   0   0   0   0],0.0
292.765554,9.0,107,0.0,5,5.0,[ 19  72 160  74   0   0   0   0],0.0
292.76865,9.0,106,0.0,3,3.0,[55  4  0  0  0  0  0  0],0.0
292.96279999999996,9.0,111,0.0,8,8.0,[143 228  79 196 254 249  47 128],0.0
292.9638,9.0,101,0.0,1,1.0,[91  0  0  0  0  0  0  0],0.0
292.963801,9.0,102,0.0,6,6.0,[  3 223  77  50  84  45   0   0],0.0
292.963802,9.0,103,0.0,8,8.0,[123  16 138  48  55  51 109   9],0.0
292.963803,9.0,104,0.0,4,4.0,[ 77 245  25   0   0   0   0   0],0.0
292.963804,9.0,107,0.0,5,5.0,[131  72 160  73   0   0   0   0],0.0
293.1608,9.0,111,0.0,8,8.0,[141 252 111 196   1 230  47 127],0.0
293.16249999999997,9.0,101,0.0,1,1.0,[83  0  0  0  0  0  0  0],0.0
293.16250099999996,9.0,102,0.0,6,6.0,[  3 167  78  50  84  45   0   0],0.0
293.16250199999996,9.0,103,0.0,8,8.0,[ 91  16 138 240  53  51 109   9],0.0
293.16250299999996,9.0,104,0.0,4,4.0,[ 77 245  25   0   0   0   0   0],0.0
293.162504,9.0,107,0.0,5,5.0,[173  72 192  74   0   0   0   0],0.0
293.3588,9.0,111,0.0,8,8.0,[137   4 240 195   1 230 175 127],0.0
293.3597,9.0,101,0.0,1,1.0,[83  0  0  0  0  0  0  0],0.0
293.359701,9.0,102,0.0,6,6.0,[  3 111  79  50  84  45   0   0],0.0
293.35970199999997,9.0,103,0.0,8,8.0,[ 61  16 138 176  52  51 109   9],0.0
293.35970299999997,9.0,104,0.0,4,4.0,[ 77 245  25   0   0   0   0   0],0.0
293.35970399999997,9.0,107,0.0,5,5.0,[225  72  96  64   0   0   0   0],0.0
293.5568,9.0,111,0.0,8,8.0,[143 236 175 196 254   5 176 128],0.0
293.5578,9.0,101,0.0,1,1.0,[83  0  0  0  0  0  0  0],0.0
293.557801,9.0,102,0.0,6,6.0,[ 3 55 80 50 84 45  0  0],0.0
293.557802,9.0,103,0.0,8,8.0,[ 27  16 138 112  51  51 109   9],0.0
293.557803,9.0,104,0.0,4,4.0,[ 79 245  25   0   0   0   0   0],0.0
293.557804,9.0,107,0.0,5,5.0,[19 74 32 62  0  0  0  0],0.0
293.7548,9.0,111,0.0,8,8.0,[143 228  79 196   0 250 175 127],0.0
293.75579999999997,9.0,101,0.0,1,1.0,[83  0  0  0  0  0  0  0],0.0
293.75580099999996,9.0,102,0.0,6,6.0,[  3 255  80  50  84  45   0   0],0.0
293.75580199999996,9.0,103,0.0,8,8.0,[251  15 138  48  50  51 109   9],0.0
293.755803,9.0,104,0.0,4,4.0,[ 77 245  25   0   0   0   0   0],0.0
293.755804,9.0,107,0.0,5,5.0,[151  74   0  66   0   0   0   0],0.0
293.75885,9.0,106,0.0,3,3.0,[75  4  0  0  0  0  0  0],0.0
293.95279999999997,9.0,111,0.0,8,8.0,[139 220  47  68 254 241 143 128],0.0
293.9536,9.0,101,0.0,1,1.0,[83  0  0  0  0  0  0  0],0.0
293.953601,9.0,102,0.0,6,6.0,[  3 199  81  50  84  45   0   0],0.0
293.953602,9.0,103,0.0,8,8.0,[217  15 138 240  48  51 109   9],0.0
293.953603,9.0,104,0.0,4,4.0,[ 79 245  25   0   0   0   0   0],0.0
293.953604,9.0,107,0.0,5,5.0,[249  74 128  61   0   0   0   0],0.0
294.1508,9.0,111,0.0,8,8.0,[137 220 111 196 254 245 239 127],0.0
294.1518,9.0,101,0.0,1,1.0,[75  0  0  0  0  0  0  0],0.0
294.151801,9.0,102,0.0,6,6.0,[  3 143  82  50  84  45   0   0],0.0
294.151802,9.0,103,0.0,8,8.0,[185  15 138 176  47  51 109   9],0.0
294.151803,9.0,104,0.0,4,4.0,[ 77 245  25   0   0   0   0   0],0.0
294.15180399999997,9.0,107,0.0,5,5.0,[229  73   0  61   0   0   0   0],0.0
294.3488,9.0,111,0.0,8,8.0,[139 212 143 196 254   5 176 127],0.0
294.34979999999996,9.0,101,0.0,1,1.0,[75  0  0  0  0  0  0  0],0.0
294.349801,9.0,102,0.0,6,6.0,[ 3 87 83 50 84 45  0  0],0.0
294.349802,9.0,103,0.0,8,8.0,[153  15 138 112  46  51 109   9],0.0
294.349803,9.0,104,0.0,4,4.0,[ 77 245  25   0   0   0   0   0],0.0
294.349804,9.0,107,0.0,5,5.0,[225  74  96  66   0   0   0   0],0.0
294.54679999999996,9.0,111,0.0,8,8.0,[145 212 143  68 253 201 143 128],0.0
294.5478,9.0,101,0.0,1,1.0,[83  0  0  0  0  0  0  0],0.0
294.547801,9.0,102,0.0,6,6.0,[ 3 31 84 50 84 45  0  0],0.0
294.547802,9.0,103,0.0,8,8.0,[121  15 138  80  45  51 109   9],0.0
294.547803,9.0,104,0.0,4,4.0,[ 77 245  25   0   0   0   0   0],0.0
294.547804,9.0,107,0.0,5,5.0,[135  73  32  60   0   0   0   0],0.0
294.7448,9.0,111,0.0,8,8.0,[141 204 175  68 255 245 143 127],0.0
294.7458,9.0,101,0.0,1,1.0,[91  0  0  0  0  0  0  0],0.0
294.745801,9.0,102,0.0,6,6.0,[  3 231  84  50  84  45   0   0],0.0
294.74580199999997,9.0,103,0.0,8,8.0,[ 89  15 138  16  44  51 109   9],0.0
294.74580299999997,9.0,104,0.0,4,4.0,[ 79 245  25   0   0   0   0   0],0.0
294.74580399999996,9.0,107,0.0,5,5.0,[103  73  96  57   0   0   0   0],0.0
294.74825,9.0,106,0.0,3,3.0,[93  4  0  0  0  0  0  0],0.0
294.9428,9.0,111,0.0,8,8.0,[141 188  47 196 255 189 111 127],0.0
294.9438,9.0,101,0.0,1,1.0,[91  0  0  0  0  0  0  0],0.0
294.943801,9.0,102,0.0,6,6.0,[  3 175  85  50  84  45   0   0],0.0
294.943802,9.0,103,0.0,8,8.0,[ 57  15 138 240  42  51 109   9],0.0
294.943803,9.0,104,0.0,4,4.0,[ 79 245  25   0   0   0   0   0],0.0
294.943804,9.0,107,0.0,5,5.0,[163  72  64  61   0   0   0   0],0.0
295.1408,9.0,111,0.0,8,8.0,[147 188 111 196 253  45 112 128],0.0
295.1416,9.0,101,0.0,1,1.0,[91  0  0  0  0  0  0  0],0.0
295.141601,9.0,102,0.0,6,6.0,[  3 119  86  50  84  45   0   0],0.0
295.141602,9.0,103,0.0,8,8.0,[ 27  15 138 176  41  51 109   9],0.0
295.141603,9.0,104,0.0,4,4.0,[ 77 245  25   0   0   0   0   0],0.0
295.141604,9.0,107,0.0,5,5.0,[205  71 192  42   0   0   0   0],0.0
295.33885,9.0,111,0.0,8,8.0,[137 188  15 196 252 209  15 128],0.0
295.33979999999997,9.0,101,0.0,1,1.0,[91  0  0  0  0  0  0  0],0.0
295.33980099999997,9.0,102,0.0,6,6.0,[ 3 63 87 50 84 45  0  0],0.0
295.33980199999996,9.0,103,0.0,8,8.0,[251  14 138 112  40  51 109   9],0.0
295.33980299999996,9.0,104,0.0,4,4.0,[ 77 245  25   0   0   0   0   0],0.0
295.33980399999996,9.0,107,0.0,5,5.0,[159  71 192  41   0   0   0   0],0.0
295.53684999999996,9.0,111,0.0,8,8.0,[143 156  47  68   0  58  16 127],0.0
295.53785,9.0,101,0.0,1,1.0,[91  0  0  0  0  0  0  0],0.0
295.537851,9.0,102,0.0,6,6.0,[ 3  7 88 50 84 45  0  0],0.0
295.537852,9.0,103,0.0,8,8.0,[221  14 138  80  39  51 109   9],0.0
295.537853,9.0,104,0.0,4,4.0,[ 77 245  25   0   0   0   0   0],0.0
295.537854,9.0,107,0.0,5,5.0,[245  70   0  55   0   0   0   0],0.0
295.73485,9.0,111,0.0,8,8.0,[141 156 239 195 253   9  48 128],0.0
295.73584999999997,9.0,101,0.0,1,1.0,[91  0  0  0  0  0  0  0],0.0
295.73585099999997,9.0,102,0.0,6,6.0,[  3 207  88  50  84  45   0   0],0.0
295.73585199999997,9.0,103,0.0,8,8.0,[193  14 138  48  38  51 109   9],0.0
295.73585299999996,9.0,104,0.0,4,4.0,[ 81 245  25   0   0   0   0   0],0.0
295.73585399999996,9.0,107,0.0,5,5.0,[45 67 32 43  0  0  0  0],0.0
295.73825,9.0,106,0.0,3,3.0,[111   4   0   0   0   0   0   0],0.0
295.93285,9.0,111,0.0,8,8.0,[143 156  47  68 254  13  48 128],0.0
295.93395,9.0,101,0.0,1,1.0,[91  0  0  0  0  0  0  0],0.0
295.933951,9.0,102,0.0,6,6.0,[  3 151  89  50  84  45   0   0],0.0
295.933952,9.0,103,0.0,8,8.0,[163  14 138 240  36  51 109   9],0.0
295.933953,9.0,104,0.0,4,4.0,[ 79 245  25   0   0   0   0   0],0.0
295.93395399999997,9.0,107,0.0,5,5.0,[159  66 128  42   0   0   0   0],0.0
296.13085,9.0,111,0.0,8,8.0,[139 156  15  68 254 253 207 127],0.0
296.13185,9.0,101,0.0,1,1.0,[91  0  0  0  0  0  0  0],0.0
296.131851,9.0,102,0.0,6,6.0,[ 3 95 90 50 84 45  0  0],0.0
296.131852,9.0,103,0.0,8,8.0,[135  14 138 208  35  51 109   9],0.0
296.131853,9.0,104,0.0,4,4.0,[ 79 245  25   0   0   0   0   0],0.0
296.131854,9.0,107,0.0,5,5.0,[125  65  64  56   0   0   0   0],0.0
296.32885,9.0,111,0.0,8,8.0,[141 148  15  68 254  17 240 127],0.0
296.33065,9.0,101,0.0,1,1.0,[91  0  0  0  0  0  0  0],0.0
296.330651,9.0,102,0.0,6,6.0,[ 3 39 91 50 84 45  0  0],0.0
296.330652,9.0,103,0.0,8,8.0,[109  14 138 208  34  51 109   9],0.0
296.330653,9.0,104,0.0,4,4.0,[ 77 245  25   0   0   0   0   0],0.0
296.330654,9.0,107,0.0,5,5.0,[249  62  96  44   0   0   0   0],0.0
296.5268,9.0,111,0.0,8,8.0,[139 148  15  68 255 237 111 127],0.0
296.7251,9.0,101,0.0,1,1.0,[91  0  0  0  0  0  0  0],0.0
296.725101,9.0,102,0.0,6,6.0,[  3 239  91  50  84  45   0   0],0.0
296.725102,9.0,103,0.0,8,8.0,[ 81  14 138 176  33  51 109   9],0.0
296.725103,9.0,104,0.0,4,4.0,[ 75 245  25   0   0   0   0   0],0.0
296.725104,9.0,107,0.0,5,5.0,[119  62  32  43   0   0   0   0],0.0
296.72839999999997,9.0,111,0.0,8,8.0,[137 140  79  68 254 253 207 127],0.0
296.9231,9.0,101,0.0,1,1.0,[91  0  0  0  0  0  0  0],0.0
296.923101,9.0,102,0.0,6,6.0,[  3 183  92  50  84  45   0   0],0.0
296.923102,9.0,103,0.0,8,8.0,[ 55  14 138 176  32  51 109   9],0.0
296.92310299999997,9.0,104,0.0,4,4.0,[ 75 245  25   0   0   0   0   0],0.0
296.92310399999997,9.0,107,0.0,5,5.0,[89 61 96 56  0  0  0  0],0.0
296.9256,9.0,106,0.0,3,3.0,[127   4   0   0   0   0   0   0],0.0
296.92595,9.0,111,0.0,8,8.0,[139 124  47  68 253 249 143 128],0.0
297.1211,9.0,101,0.0,1,1.0,[91  0  0  0  0  0  0  0],0.0
297.121101,9.0,102,0.0,6,6.0,[  3 127  93  50  84  45   0   0],0.0
297.121102,9.0,103,0.0,8,8.0,[ 29  14 138 176  31  51 109   9],0.0
297.121103,9.0,104,0.0,4,4.0,[ 73 245  25   0   0   0   0   0],0.0
297.121104,9.0,107,0.0,5,5.0,[91 58 64 45  0  0  0  0],0.0
297.1245,9.0,111,0.0,8,8.0,[137 116 239 195 254 241 207 127],0.0
297.3191,9.0,101,0.0,1,1.0,[91  0  0  0  0  0  0  0],0.0
297.319101,9.0,102,0.0,6,6.0,[ 3 71 94 50 84 45  0  0],0.0
297.319102,9.0,103,0.0,8,8.0,[  7  14 138 208  30  51 109   9],0.0
297.319103,9.0,104,0.0,4,4.0,[ 73 245  25   0   0   0   0   0],0.0
297.319104,9.0,107,0.0,5,5.0,[187  55 128  43   0   0   0   0],0.0
297.3218,9.0,111,0.0,8,8.0,[133 100 239 195 254 213 143 128],0.0
297.51709999999997,9.0,101,0.0,1,1.0,[83  0  0  0  0  0  0  0],0.0
297.51710099999997,9.0,102,0.0,6,6.0,[ 3 15 95 50 84 45  0  0],0.0
297.51710199999997,9.0,103,0.0,8,8.0,[239  13 138 240  29  51 109   9],0.0
297.51710299999996,9.0,104,0.0,4,4.0,[ 73 245  25   0   0   0   0   0],0.0
297.51710399999996,9.0,107,0.0,5,5.0,[143  54 160  56   0   0   0   0],0.0
297.52049999999997,9.0,111,0.0,8,8.0,[131 100 111 196   1  54 112 127],0.0
297.7151,9.0,101,0.0,1,1.0,[83  0  0  0  0  0  0  0],0.0
297.715101,9.0,102,0.0,6,6.0,[  3 215  95  50  84  45   0   0],0.0
297.715102,9.0,103,0.0,8,8.0,[219  13 138  16  29  51 109   9],0.0
297.715103,9.0,104,0.0,4,4.0,[ 71 245  25   0   0   0   0   0],0.0
297.715104,9.0,107,0.0,5,5.0,[185  49 192  42   0   0   0   0],0.0
297.71785,9.0,111,0.0,8,8.0,[131  92 175  67   1   6 240 127],0.0
297.9131,9.0,101,0.0,1,1.0,[83  0  0  0  0  0  0  0],0.0
297.913101,9.0,102,0.0,6,6.0,[  3 159  96  50  84  45   0   0],0.0
297.913102,9.0,103,0.0,8,8.0,[197  13 138  48  28  51 109   9],0.0
297.913103,9.0,104,0.0,4,4.0,[ 69 245  25   0   0   0   0   0],0.0
297.913104,9.0,107,0.0,5,5.0,[133  47 224  40   0   0   0   0],0.0
297.91625,9.0,106,0.0,3,3.0,[141   4   0   0   0   0   0   0],0.0
297.91665,9.0,111,0.0,8,8.0,[129 100 175 196   4   2 112 128],0.0
298.11109999999996,9.0,101,0.0,1,1.0,[91  0  0  0  0  0  0  0],0.0
298.11110099999996,9.0,102,0.0,6,6.0,[  3 103  97  50  84  45   0   0],0.0
298.11110199999996,9.0,103,0.0,8,8.0,[179  13 138 112  27  51 109   9],0.0
298.111103,9.0,104,0.0,4,4.0,[ 69 245  25   0   0   0   0   0],0.0
298.111104,9.0,107,0.0,5,5.0,[249  45   0  56   0   0   0   0],0.0
298.11449999999996,9.0,111,0.0,8,8.0,[127 148  79 197  11   2 240 128],0.0
298.3091,9.0,101,0.0,1,1.0,[91  0  0  0  0  0  0  0],0.0
298.309101,9.0,102,0.0,6,6.0,[ 3 47 98 50 84 45  0  0],0.0
298.309102,9.0,103,0.0,8,8.0,[159  13 138 176  26  51 109   9],0.0
298.309103,9.0,104,0.0,4,4.0,[ 65 245  25   0   0   0   0   0],0.0
298.309104,9.0,107,0.0,5,5.0,[99 44  0 43  0  0  0  0],0.0
298.31185,9.0,111,0.0,8,8.0,[125 172 175  69  19   6  16 130],0.0
298.5071,9.0,101,0.0,1,1.0,[91  0  0  0  0  0  0  0],0.0
298.507101,9.0,102,0.0,6,6.0,[  3 247  98  50  84  45   0   0],0.0
298.507102,9.0,103,0.0,8,8.0,[139  13 138  48  26  51 109   9],0.0
298.507103,9.0,104,0.0,4,4.0,[ 65 245  25   0   0   0   0   0],0.0
298.50710399999997,9.0,107,0.0,5,5.0,[ 99  41 224  42   0   0   0   0],0.0
298.5105,9.0,111,0.0,8,8.0,[125 172  15  70  24 238  47 131],0.0
298.70509999999996,9.0,101,0.0,1,1.0,[91  0  0  0  0  0  0  0],0.0
298.705101,9.0,102,0.0,6,6.0,[  3 191  99  50  84  45   0   0],0.0
298.705102,9.0,103,0.0,8,8.0,[119  13 138 208  25  51 109   9],0.0
298.705103,9.0,104,0.0,4,4.0,[ 65 245  25   0   0   0   0   0],0.0
298.705104,9.0,107,0.0,5,5.0,[149  41  96  44   0   0   0   0],0.0
298.70779999999996,9.0,111,0.0,8,8.0,[125 172 239 197  29 242 143 131],0.0
298.90335,9.0,101,0.0,1,1.0,[91  0  0  0  0  0  0  0],0.0
298.903351,9.0,102,0.0,6,6.0,[  3 135 100  50  84  45   0   0],0.0
298.903352,9.0,103,0.0,8,8.0,[103  13 138 112  25  51 109   9],0.0
298.903353,9.0,104,0.0,4,4.0,[ 67 245  25   0   0   0   0   0],0.0
298.903354,9.0,107,0.0,5,5.0,[97 37 32 52  0  0  0  0],0.0
298.90645,9.0,106,0.0,3,3.0,[153   4   0   0   0   0   0   0],0.0
298.90655,9.0,111,0.0,8,8.0,[123 156  47 198  33 242 111 132],0.0
299.10114999999996,9.0,101,0.0,1,1.0,[91  0  0  0  0  0  0  0],0.0
299.10115099999996,9.0,102,0.0,6,6.0,[  3  79 101  50  84  45   0   0],0.0
299.101152,9.0,103,0.0,8,8.0,[ 83  13 138 112  25  51 109   9],0.0
299.101153,9.0,104,0.0,4,4.0,[ 67 245  25   0   0   0   0   0],0.0
299.101154,9.0,107,0.0,5,5.0,[181  39 128  45   0   0   0   0],0.0
299.10375,9.0,111,0.0,8,8.0,[121 164 143  70  41 242  47 133],0.0
299.29915,9.0,101,0.0,1,1.0,[91  0  0  0  0  0  0  0],0.0
299.299151,9.0,102,0.0,6,6.0,[  3  23 102  50  84  45   0   0],0.0
299.299152,9.0,103,0.0,8,8.0,[ 65  13 138 144  25  51 109   9],0.0
299.299153,9.0,104,0.0,4,4.0,[ 65 245  25   0   0   0   0   0],0.0
299.299154,9.0,107,0.0,5,5.0,[ 71  37 128  43   0   0   0   0],0.0
299.30244999999996,9.0,111,0.0,8,8.0,[119 180  47  70  43 234 111 133],0.0
299.49715,9.0,101,0.0,1,1.0,[91  0  0  0  0  0  0  0],0.0
299.497151,9.0,102,0.0,6,6.0,[  3 223 102  50  84  45   0   0],0.0
299.49715199999997,9.0,103,0.0,8,8.0,[ 47  13 138 208  25  51 109   9],0.0
299.49715299999997,9.0,104,0.0,4,4.0,[ 59 245  25   0   0   0   0   0],0.0
299.49715399999997,9.0,107,0.0,5,5.0,[181  36 160  44   0   0   0   0],0.0
299.49975,9.0,111,0.0,8,8.0,[125 172  15  70  44 222  47 133],0.0
299.69534999999996,9.0,101,0.0,1,1.0,[91  0  0  0  0  0  0  0],0.0
299.69535099999996,9.0,102,0.0,6,6.0,[  3 167 103  50  84  45   0   0],0.0
299.695352,9.0,103,0.0,8,8.0,[ 31  13 138  48  26  51 109   9],0.0
299.695353,9.0,104,0.0,4,4.0,[ 59 245  25   0   0   0   0   0],0.0
299.695354,9.0,107,0.0,5,5.0,[99 35 96 47  0  0  0  0],0.0
299.6978,9.0,111,0.0,8,8.0,[125 172 239 197  43 230  79 133],0.0
299.89335,9.0,101,0.0,1,1.0,[91  0  0  0  0  0  0  0],0.0
299.893351,9.0,102,0.0,6,6.0,[  3 111 104  50  84  45   0   0],0.0
299.893352,9.0,103,0.0,8,8.0,[ 17  13 138 176  26  51 109   9],0.0
299.893353,9.0,104,0.0,4,4.0,[ 59 245  25   0   0   0   0   0],0.0
299.893354,9.0,107,0.0,5,5.0,[135  32 192  54   0   0   0   0],0.0
299.89639999999997,9.0,106,0.0,3,3.0,[161   4   0   0   0   0   0   0],0.0
299.89664999999997,9.0,111,0.0,8,8.0,[129 172 239  69  43 218  79 133],0.0
300.09135,9.0,101,0.0,1,1.0,[91  0  0  0  0  0  0  0],0.0
300.091351,9.0,102,0.0,6,6.0,[  3  55 105  50  84  45   0   0],0.0
300.091352,9.0,103,0.0,8,8.0,[255  12 138 112  27  51 109   9],0.0
300.09135299999997,9.0,104,0.0,4,4.0,[ 59 245  25   0   0   0   0   0],0.0
300.09135399999997,9.0,107,0.0,5,5.0,[ 23  38 128  53   0   0   0   0],0.0
300.0938,9.0,111,0.0,8,8.0,[125 180 239  69  42 242  79 133],0.0
300.28915,9.0,101,0.0,1,1.0,[83  0  0  0  0  0  0  0],0.0
300.289151,9.0,102,0.0,6,6.0,[  3 255 105  50  84  45   0   0],0.0
300.289152,9.0,103,0.0,8,8.0,[245  12 138  16  28  51 109   9],0.0
300.289153,9.0,104,0.0,4,4.0,[ 57 245  25   0   0   0   0   0],0.0
300.289154,9.0,107,0.0,5,5.0,[ 39  32 160  51   0   0   0   0],0.0
300.29245,9.0,111,0.0,8,8.0,[129 188  15  70  41 210  15 133],0.0
300.48715,9.0,101,0.0,1,1.0,[83  0  0  0  0  0  0  0],0.0
300.487151,9.0,102,0.0,6,6.0,[  3 199 106  50  84  45   0   0],0.0
300.487152,9.0,103,0.0,8,8.0,[233  12 138 176  28  51 109   9],0.0
300.487153,9.0,104,0.0,4,4.0,[ 59 245  25   0   0   0   0   0],0.0
300.487154,9.0,107,0.0,5,5.0,[41 30 96 60  0  0  0  0],0.0
300.4898,9.0,111,0.0,8,8.0,[173 180 143 198  43 246 111 132],0.0
300.68534999999997,9.0,101,0.0,1,1.0,[91  0  0  0  0  0  0  0],0.0
300.68535099999997,9.0,102,0.0,6,6.0,[  3 143 107  50  84  45   0   0],0.0
300.68535199999997,9.0,103,0.0,8,8.0,[221  12 138 112  29  51 109   9],0.0
300.68535299999996,9.0,104,0.0,4,4.0,[ 59 245  25   0   0   0   0   0],0.0
300.68535399999996,9.0,107,0.0,5,5.0,[153  31   0  63   0   0   0   0],0.0
300.68845,9.0,111,0.0,8,8.0,[123 212 175 197  39  46 208 131],0.0
300.88335,9.0,101,0.0,1,1.0,[91  0  0  0  0  0  0  0],0.0
300.883351,9.0,102,0.0,6,6.0,[  3  87 108  50  84  45   0   0],0.0
300.883352,9.0,103,0.0,8,8.0,[209  12 138  80  30  51 109   9],0.0
300.883353,9.0,104,0.0,4,4.0,[ 59 245  25   0   0   0   0   0],0.0
300.883354,9.0,107,0.0,5,5.0,[147  32  96  72   0   0   0   0],0.0
300.88575,9.0,106,0.0,3,3.0,[171   4   0   0   0   0   0   0],0.0
300.88599999999997,9.0,111,0.0,8,8.0,[117 212 175  69  37 110 207 130],0.0
301.0814,9.0,101,0.0,1,1.0,[91  0  0  0  0  0  0  0],0.0
301.08140099999997,9.0,102,0.0,6,6.0,[  3  31 109  50  84  45   0   0],0.0
301.08140199999997,9.0,103,0.0,8,8.0,[197  12 138  80  31  51 109   9],0.0
301.08140299999997,9.0,104,0.0,4,4.0,[ 59 245  25   0   0   0   0   0],0.0
301.08140399999996,9.0,107,0.0,5,5.0,[187  32 160  66   0   0   0   0],0.0
301.08385,9.0,111,0.0,8,8.0,[185 236 175 197  34 218 143 129],0.0
301.2794,9.0,101,0.0,1,1.0,[91  0  0  0  0  0  0  0],0.0
301.279401,9.0,102,0.0,6,6.0,[  3 231 109  50  84  45   0   0],0.0
301.279402,9.0,103,0.0,8,8.0,[187  12 138  16  32  51 109   9],0.0
301.279403,9.0,104,0.0,4,4.0,[ 61 245  25   0   0   0   0   0],0.0
301.279404,9.0,107,0.0,5,5.0,[217  31   0  62   0   0   0   0],0.0
301.28255,9.0,111,0.0,8,8.0,[ 99 212  79  70  27  54 144 130],0.0
301.4774,9.0,101,0.0,1,1.0,[83  0  0  0  0  0  0  0],0.0
301.477401,9.0,102,0.0,6,6.0,[  3 175 110  50  84  45   0   0],0.0
301.477402,9.0,103,0.0,8,8.0,[179  12 138  80  33  51 109   9],0.0
301.477403,9.0,104,0.0,4,4.0,[ 61 245  25   0   0   0   0   0],0.0
301.477404,9.0,107,0.0,5,5.0,[ 11  33 192  54   0   0   0   0],0.0
301.4798,9.0,111,0.0,8,8.0,[135 212  47 197  20 218 111 132],0.0
301.67539999999997,9.0,101,0.0,1,1.0,[83  0  0  0  0  0  0  0],0.0
301.67540099999997,9.0,102,0.0,6,6.0,[  3 119 111  50  84  45   0   0],0.0
301.67540199999996,9.0,103,0.0,8,8.0,[169  12 138  80  34  51 109   9],0.0
301.67540299999996,9.0,104,0.0,4,4.0,[ 63 245  25   0   0   0   0   0],0.0
301.675404,9.0,107,0.0,5,5.0,[ 55  33 224  58   0   0   0   0],0.0
301.67845,9.0,111,0.0,8,8.0,[135 204 143 196  20 222 207 131],0.0
301.8734,9.0,101,0.0,1,1.0,[83  0  0  0  0  0  0  0],0.0
301.873401,9.0,102,0.0,6,6.0,[  3  63 112  50  84  45   0   0],0.0
301.873402,9.0,103,0.0,8,8.0,[159  12 138 112  35  51 109   9],0.0
301.873403,9.0,104,0.0,4,4.0,[ 67 245  25   0   0   0   0   0],0.0
301.873404,9.0,107,0.0,5,5.0,[231  32  96  48   0   0   0   0],0.0
301.87579999999997,9.0,106,0.0,3,3.0,[179   4   0   0   0   0   0   0],0.0
301.876,9.0,111,0.0,8,8.0,[133 252  47 196  12 250 207 132],0.0
302.0714,9.0,101,0.0,1,1.0,[91  0  0  0  0  0  0  0],0.0
302.071401,9.0,102,0.0,6,6.0,[  3   7 113  50  84  45   0   0],0.0
302.071402,9.0,103,0.0,8,8.0,[151  12 138 144  36  51 109   9],0.0
302.071403,9.0,104,0.0,4,4.0,[ 67 245  25   0   0   0   0   0],0.0
302.071404,9.0,107,0.0,5,5.0,[163  32  64  45   0   0   0   0],0.0
302.07455,9.0,111,0.0,8,8.0,[117 196 207 196  20 194  15 130],0.0
302.2689,9.0,111,0.0,8,8.0,[143 220 111  68  15 246  15 130],0.0
302.26955,9.0,101,0.0,1,1.0,[91  0  0  0  0  0  0  0],0.0
302.269551,9.0,102,0.0,6,6.0,[  3 207 113  50  84  45   0   0],0.0
302.269552,9.0,103,0.0,8,8.0,[143  12 138 144  37  51 109   9],0.0
302.269553,9.0,104,0.0,4,4.0,[ 67 245  25   0   0   0   0   0],0.0
302.26955399999997,9.0,107,0.0,5,5.0,[31 32 64 57  0  0  0  0],0.0
302.4674,9.0,101,0.0,1,1.0,[91  0  0  0  0  0  0  0],0.0
302.467401,9.0,102,0.0,6,6.0,[  3 151 114  50  84  45   0   0],0.0
302.467402,9.0,103,0.0,8,8.0,[135  12 138 176  38  51 109   9],0.0
302.467403,9.0,104,0.0,4,4.0,[ 67 245  25   0   0   0   0   0],0.0
302.467404,9.0,107,0.0,5,5.0,[219  31 160  57   0   0   0   0],0.0
302.47044999999997,9.0,111,0.0,8,8.0,[137 212 175 196  15 250 143 129],0.0
302.6654,9.0,101,0.0,1,1.0,[91  0  0  0  0  0  0  0],0.0
302.665401,9.0,102,0.0,6,6.0,[  3  95 115  50  84  45   0   0],0.0
302.665402,9.0,103,0.0,8,8.0,[127  12 138 208  39  51 109   9],0.0
302.66540299999997,9.0,104,0.0,4,4.0,[ 69 245  25   0   0   0   0   0],0.0
302.66540399999997,9.0,107,0.0,5,5.0,[245  30  64  58   0   0   0   0],0.0
302.6678,9.0,111,0.0,8,8.0,[133 228  79  68  12 250 111 129],0.0
302.86289999999997,9.0,111,0.0,8,8.0,[143 220  79 196   7 238 207 128],0.0
302.86355,9.0,101,0.0,1,1.0,[91  0  0  0  0  0  0  0],0.0
302.863551,9.0,102,0.0,6,6.0,[  3  39 116  50  84  45   0   0],0.0
302.86355199999997,9.0,103,0.0,8,8.0,[121  12 138 240  40  51 109   9],0.0
302.86355299999997,9.0,104,0.0,4,4.0,[ 69 245  25   0   0   0   0   0],0.0
302.86355399999997,9.0,107,0.0,5,5.0,[  5  30 224  48   0   0   0   0],0.0
302.86605,9.0,106,0.0,3,3.0,[187   4   0   0   0   0   0   0],0.0
303.0614,9.0,101,0.0,1,1.0,[91  0  0  0  0  0  0  0],0.0
303.061401,9.0,102,0.0,6,6.0,[  3 239 116  50  84  45   0   0],0.0
303.061402,9.0,103,0.0,8,8.0,[115  12 138 240  41  51 109   9],0.0
303.061403,9.0,104,0.0,4,4.0,[ 69 245  25   0   0   0   0   0],0.0
303.061404,9.0,107,0.0,5,5.0,[21 28 32 38  0  0  0  0],0.0
303.06455,9.0,111,0.0,8,8.0,[137 212 175  68   2  10 208 128],0.0
303.25939999999997,9.0,101,0.0,1,1.0,[91  0  0  0  0  0  0  0],0.0
303.25940099999997,9.0,102,0.0,6,6.0,[  3 183 117  50  84  45   0   0],0.0
303.25940199999997,9.0,103,0.0,8,8.0,[109  12 138 240  42  51 109   9],0.0
303.25940299999996,9.0,104,0.0,4,4.0,[ 69 245  25   0   0   0   0   0],0.0
303.25940399999996,9.0,107,0.0,5,5.0,[141  29   0  37   0   0   0   0],0.0
303.2596,9.0,111,0.0,8,8.0,[143 220  47 196   0  30 144 128],0.0
303.45689999999996,9.0,111,0.0,8,8.0,[143 212  47  68   0   2  80 128],0.0
303.45754999999997,9.0,101,0.0,1,1.0,[91  0  0  0  0  0  0  0],0.0
303.45755099999997,9.0,102,0.0,6,6.0,[  3 127 118  50  84  45   0   0],0.0
303.45755199999996,9.0,103,0.0,8,8.0,[103  12 138  16  44  51 109   9],0.0
303.45755299999996,9.0,104,0.0,4,4.0,[ 73 245  25   0   0   0   0   0],0.0
303.45755399999996,9.0,107,0.0,5,5.0,[17 28 32 48  0  0  0  0],0.0
303.6554,9.0,101,0.0,1,1.0,[91  0  0  0  0  0  0  0],0.0
303.655401,9.0,102,0.0,6,6.0,[  3  71 119  50  84  45   0   0],0.0
303.655402,9.0,103,0.0,8,8.0,[ 97  12 138  48  45  51 109   9],0.0
303.655403,9.0,104,0.0,4,4.0,[ 73 245  25   0   0   0   0   0],0.0
303.655404,9.0,107,0.0,5,5.0,[211  28  64  38   0   0   0   0],0.0
303.6578,9.0,111,0.0,8,8.0,[139 220  79 196   0 234  79 128],0.0
303.85339999999997,9.0,101,0.0,1,1.0,[91  0  0  0  0  0  0  0],0.0
303.85340099999996,9.0,102,0.0,6,6.0,[  3  15 120  50  84  45   0   0],0.0
303.85340199999996,9.0,103,0.0,8,8.0,[ 91  12 138  48  46  51 109   9],0.0
303.853403,9.0,104,0.0,4,4.0,[ 71 245  25   0   0   0   0   0],0.0
303.853404,9.0,107,0.0,5,5.0,[247  28  32  40   0   0   0   0],0.0
303.8565,9.0,106,0.0,3,3.0,[193   4   0   0   0   0   0   0],0.0
303.8567,9.0,111,0.0,8,8.0,[141 212 111  68   0 226  47 128],0.0
304.05095,9.0,111,0.0,8,8.0,[137 220 111 196   0 234  79 128],0.0
304.05154999999996,9.0,101,0.0,1,1.0,[91  0  0  0  0  0  0  0],0.0
304.05155099999996,9.0,102,0.0,6,6.0,[  3 215 120  50  84  45   0   0],0.0
304.05155199999996,9.0,103,0.0,8,8.0,[ 85  12 138  48  47  51 109   9],0.0
304.051553,9.0,104,0.0,4,4.0,[ 71 245  25   0   0   0   0   0],0.0
304.051554,9.0,107,0.0,5,5.0,[221  28 224  53   0   0   0   0],0.0
304.2494,9.0,101,0.0,1,1.0,[91  0  0  0  0  0  0  0],0.0
304.249401,9.0,102,0.0,6,6.0,[  3 159 121  50  84  45   0   0],0.0
304.249402,9.0,103,0.0,8,8.0,[ 79  12 138  80  48  51 109   9],0.0
304.249403,9.0,104,0.0,4,4.0,[ 71 245  25   0   0   0   0   0],0.0
304.24940399999997,9.0,107,0.0,5,5.0,[47 29 64 40  0  0  0  0],0.0
304.25185,9.0,111,0.0,8,8.0,[137 212 111 196   0   2  16 128],0.0
304.44694999999996,9.0,111,0.0,8,8.0,[137 204 143  68   0 246  79 128],0.0
304.44755,9.0,101,0.0,1,1.0,[91  0  0  0  0  0  0  0],0.0
304.447551,9.0,102,0.0,6,6.0,[  3 103 122  50  84  45   0   0],0.0
304.447552,9.0,103,0.0,8,8.0,[ 73  12 138  80  49  51 109   9],0.0
304.44755299999997,9.0,104,0.0,4,4.0,[ 71 245  25   0   0   0   0   0],0.0
304.44755399999997,9.0,107,0.0,5,5.0,[133  27 160  41   0   0   0   0],0.0
304.64495,9.0,111,0.0,8,8.0,[143 196 143 196   0   6 144 127],0.0
304.64555,9.0,101,0.0,1,1.0,[91  0  0  0  0  0  0  0],0.0
304.645551,9.0,102,0.0,6,6.0,[  3  47 123  50  84  45   0   0],0.0
304.645552,9.0,103,0.0,8,8.0,[ 65  12 138  48  50  51 109   9],0.0
304.645553,9.0,104,0.0,4,4.0,[ 69 245  25   0   0   0   0   0],0.0
304.645554,9.0,107,0.0,5,5.0,[201  26 224  49   0   0   0   0],0.0
304.84295,9.0,111,0.0,8,8.0,[139 212  15 196 254 253 175 127],0.0
304.84355,9.0,101,0.0,1,1.0,[91  0  0  0  0  0  0  0],0.0
304.843551,9.0,102,0.0,6,6.0,[  3 247 123  50  84  45   0   0],0.0
304.843552,9.0,103,0.0,8,8.0,[ 59  12 138  48  51  51 109   9],0.0
304.843553,9.0,104,0.0,4,4.0,[ 69 245  25   0   0   0   0   0],0.0
304.843554,9.0,107,0.0,5,5.0,[123  27  64  45   0   0   0   0],0.0
304.8467,9.0,106,0.0,3,3.0,[201   4   0   0   0   0   0   0],0.0
305.0414,9.0,101,0.0,1,1.0,[83  0  0  0  0  0  0  0],0.0
305.041401,9.0,102,0.0,6,6.0,[  3 191 124  50  84  45   0   0],0.0
305.041402,9.0,103,0.0,8,8.0,[ 53  12 138  16  52  51 109   9],0.0
305.041403,9.0,104,0.0,4,4.0,[ 73 245  25   0   0   0   0   0],0.0
305.041404,9.0,107,0.0,5,5.0,[27 26  0 43  0  0  0  0],0.0
305.0438,9.0,111,0.0,8,8.0,[135 212  79 196 254 249 175 127],0.0
305.23895,9.0,111,0.0,8,8.0,[141 212  47  68 254 245 175 127],0.0
305.2396,9.0,101,0.0,1,1.0,[83  0  0  0  0  0  0  0],0.0
305.239601,9.0,102,0.0,6,6.0,[  3 135 125  50  84  45   0   0],0.0
305.239602,9.0,103,0.0,8,8.0,[ 47  12 138  16  53  51 109   9],0.0
305.239603,9.0,104,0.0,4,4.0,[ 73 245  25   0   0   0   0   0],0.0
305.239604,9.0,107,0.0,5,5.0,[133  27 192  42   0   0   0   0],0.0
305.43694999999997,9.0,111,0.0,8,8.0,[141 220  47  68 252 253  79 127],0.0
305.4376,9.0,101,0.0,1,1.0,[83  0  0  0  0  0  0  0],0.0
305.437601,9.0,102,0.0,6,6.0,[  3  79 126  50  84  45   0   0],0.0
305.43760199999997,9.0,103,0.0,8,8.0,[ 41  12 138  16  54  51 109   9],0.0
305.43760299999997,9.0,104,0.0,4,4.0,[ 75 245  25   0   0   0   0   0],0.0
305.43760399999996,9.0,107,0.0,5,5.0,[ 39  28 160  42   0   0   0   0],0.0
305.63495,9.0,111,0.0,8,8.0,[149 212 175 195 248   9  48 127],0.0
305.63624999999996,9.0,101,0.0,1,1.0,[83  0  0  0  0  0  0  0],0.0
305.63625099999996,9.0,102,0.0,6,6.0,[  3  23 127  50  84  45   0   0],0.0
305.636252,9.0,103,0.0,8,8.0,[ 33  12 138  16  55  51 109   9],0.0
305.636253,9.0,104,0.0,4,4.0,[ 75 245  25   0   0   0   0   0],0.0
305.636254,9.0,107,0.0,5,5.0,[ 59  27 160  42   0   0   0   0],0.0
305.83295,9.0,111,0.0,8,8.0,[137 204 111 196 249  21  16 127],0.0
305.8336,9.0,101,0.0,1,1.0,[83  0  0  0  0  0  0  0],0.0
305.833601,9.0,102,0.0,6,6.0,[  3 223 127  50  84  45   0   0],0.0
305.833602,9.0,103,0.0,8,8.0,[ 29  12 138  16  56  51 109   9],0.0
305.833603,9.0,104,0.0,4,4.0,[ 75 245  25   0   0   0   0   0],0.0
305.833604,9.0,107,0.0,5,5.0,[139  26  64  42   0   0   0   0],0.0
305.83675,9.0,106,0.0,3,3.0,[207   4   0   0   0   0   0   0],0.0
306.03094999999996,9.0,111,0.0,8,8.0,[137 204 143  68 252 241 111 127],0.0
306.03159999999997,9.0,101,0.0,1,1.0,[83  0  0  0  0  0  0  0],0.0
306.03160099999997,9.0,102,0.0,6,6.0,[  3 167 128  50  84  45   0   0],0.0
306.03160199999996,9.0,103,0.0,8,8.0,[ 21  12 138 240  56  51 109   9],0.0
306.03160299999996,9.0,104,0.0,4,4.0,[ 75 245  25   0   0   0   0   0],0.0
306.03160399999996,9.0,107,0.0,5,5.0,[243  25 160  42   0   0   0   0],0.0
306.22895,9.0,111,0.0,8,8.0,[135 204 175  68   0  14 208 127],0.0
306.22974999999997,9.0,101,0.0,1,1.0,[75  0  0  0  0  0  0  0],0.0
306.22975099999996,9.0,102,0.0,6,6.0,[  3 111 129  50  84  45   0   0],0.0
306.22975199999996,9.0,103,0.0,8,8.0,[ 15  12 138 240  57  51 109   9],0.0
306.22975299999996,9.0,104,0.0,4,4.0,[ 73 245  25   0   0   0   0   0],0.0
306.229754,9.0,107,0.0,5,5.0,[ 51  26 192  42   0   0   0   0],0.0
306.42695,9.0,111,0.0,8,8.0,[131 204  47  69   4  14  48 128],0.0
306.4276,9.0,101,0.0,1,1.0,[75  0  0  0  0  0  0  0],0.0
306.427601,9.0,102,0.0,6,6.0,[  3  55 130  50  84  45   0   0],0.0
306.427602,9.0,103,0.0,8,8.0,[  9  12 138 208  58  51 109   9],0.0
306.427603,9.0,104,0.0,4,4.0,[ 73 245  25   0   0   0   0   0],0.0
306.427604,9.0,107,0.0,5,5.0,[45 26 96 40  0  0  0  0],0.0
306.62495,9.0,111,0.0,8,8.0,[139 212 143 196   7  14 208 128],0.0
306.62559999999996,9.0,101,0.0,1,1.0,[75  0  0  0  0  0  0  0],0.0
306.62560099999996,9.0,102,0.0,6,6.0,[  3 255 130  50  84  45   0   0],0.0
306.62560199999996,9.0,103,0.0,8,8.0,[  3  12 138 208  59  51 109   9],0.0
306.625603,9.0,104,0.0,4,4.0,[ 73 245  25   0   0   0   0   0],0.0
306.625604,9.0,107,0.0,5,5.0,[139  25 128  40   0   0   0   0],0.0
306.82295,9.0,111,0.0,8,8.0,[135 196 239 196   9 254  47 129],0.0
306.8236,9.0,101,0.0,1,1.0,[83  0  0  0  0  0  0  0],0.0
306.823601,9.0,102,0.0,6,6.0,[  3 199 131  50  84  45   0   0],0.0
306.823602,9.0,103,0.0,8,8.0,[249  11 138 176  60  51 109   9],0.0
306.823603,9.0,104,0.0,4,4.0,[ 71 245  25   0   0   0   0   0],0.0
306.823604,9.0,107,0.0,5,5.0,[13 25 96 43  0  0  0  0],0.0
306.8261,9.0,106,0.0,3,3.0,[215   4   0   0   0   0   0   0],0.0
307.02094999999997,9.0,111,0.0,8,8.0,[139 204 175 196   9 246 111 129],0.0
307.0223,9.0,101,0.0,1,1.0,[83  0  0  0  0  0  0  0],0.0
307.02230099999997,9.0,102,0.0,6,6.0,[  3 143 132  50  84  45   0   0],0.0
307.02230199999997,9.0,103,0.0,8,8.0,[245  11 138 144  61  51 109   9],0.0
307.02230299999997,9.0,104,0.0,4,4.0,[ 73 245  25   0   0   0   0   0],0.0
307.02230399999996,9.0,107,0.0,5,5.0,[165  23  32  42   0   0   0   0],0.0
307.21895,9.0,111,0.0,8,8.0,[137 220 111 196   9   6  80 129],0.0
307.2196,9.0,101,0.0,1,1.0,[83  0  0  0  0  0  0  0],0.0
307.219601,9.0,102,0.0,6,6.0,[  3  87 133  50  84  45   0   0],0.0
307.219602,9.0,103,0.0,8,8.0,[239  11 138 112  62  51 109   9],0.0
307.219603,9.0,104,0.0,4,4.0,[ 73 245  25   0   0   0   0   0],0.0
307.219604,9.0,107,0.0,5,5.0,[11 24 64 42  0  0  0  0],0.0
307.41695,9.0,111,0.0,8,8.0,[135 212 175 196   9 230  47 129],0.0
307.41775,9.0,101,0.0,1,1.0,[83  0  0  0  0  0  0  0],0.0
307.417751,9.0,102,0.0,6,6.0,[  3  31 134  50  84  45   0   0],0.0
307.417752,9.0,103,0.0,8,8.0,[233  11 138  48  63  51 109   9],0.0
307.417753,9.0,104,0.0,4,4.0,[ 73 245  25   0   0   0   0   0],0.0
307.417754,9.0,107,0.0,5,5.0,[97 23 64 48  0  0  0  0],0.0
307.61494999999996,9.0,111,0.0,8,8.0,[137 220 111  68   9 234 239 128],0.0
307.6156,9.0,101,0.0,1,1.0,[75  0  0  0  0  0  0  0],0.0
307.61560099999997,9.0,102,0.0,6,6.0,[  3 231 134  50  84  45   0   0],0.0
307.61560199999997,9.0,103,0.0,8,8.0,[227  11 138 240  63  51 109   9],0.0
307.61560299999996,9.0,104,0.0,4,4.0,[ 71 245  25   0   0   0   0   0],0.0
307.61560399999996,9.0,107,0.0,5,5.0,[  9  21 224  52   0   0   0   0],0.0
307.81295,9.0,111,0.0,8,8.0,[139 220 143  68   6 238 207 128],0.0
307.81385,9.0,101,0.0,1,1.0,[75  0  0  0  0  0  0  0],0.0
307.813851,9.0,102,0.0,6,6.0,[  3 175 135  50  84  45   0   0],0.0
307.813852,9.0,103,0.0,8,8.0,[223  11 138 208  64  51 109   9],0.0
307.813853,9.0,104,0.0,4,4.0,[ 67 245  25   0   0   0   0   0],0.0
307.813854,9.0,107,0.0,5,5.0,[ 11  22 224  43   0   0   0   0],0.0
307.81624999999997,9.0,106,0.0,3,3.0,[221   4   0   0   0   0   0   0],0.0
308.01099999999997,9.0,111,0.0,8,8.0,[143 212  79  68   4 230 143 128],0.0
308.01185,9.0,101,0.0,1,1.0,[75  0  0  0  0  0  0  0],0.0
308.011851,9.0,102,0.0,6,6.0,[  3 119 136  50  84  45   0   0],0.0
308.011852,9.0,103,0.0,8,8.0,[215  11 138 144  65  51 109   9],0.0
308.011853,9.0,104,0.0,4,4.0,[ 63 245  25   0   0   0   0   0],0.0
308.01185399999997,9.0,107,0.0,5,5.0,[ 93  21 128  44   0   0   0   0],0.0
308.209,9.0,111,0.0,8,8.0,[139 196 111 196   1 242 111 128],0.0
308.20965,9.0,101,0.0,1,1.0,[75  0  0  0  0  0  0  0],0.0
308.209651,9.0,102,0.0,6,6.0,[  3  63 137  50  84  45   0   0],0.0
308.209652,9.0,103,0.0,8,8.0,[205  11 138  80  66  51 109   9],0.0
308.209653,9.0,104,0.0,4,4.0,[ 57 245  25   0   0   0   0   0],0.0
308.209654,9.0,107,0.0,5,5.0,[ 3 22 96 46  0  0  0  0],0.0
308.407,9.0,111,0.0,8,8.0,[137 212  47  68 255 217 175 127],0.0
308.4076,9.0,101,0.0,1,1.0,[75  0  0  0  0  0  0  0],0.0
308.407601,9.0,102,0.0,6,6.0,[  3   7 138  50  84  45   0   0],0.0
308.407602,9.0,103,0.0,8,8.0,[191  11 138 208  66  51 109   9],0.0
308.407603,9.0,104,0.0,4,4.0,[ 47 245  25   0   0   0   0   0],0.0
308.407604,9.0,107,0.0,5,5.0,[191  19 192  59   0   0   0   0],0.0
308.60499999999996,9.0,111,0.0,8,8.0,[143 220 175 195 249 241 207 127],0.0
308.60575,9.0,101,0.0,1,1.0,[75  0  0  0  0  0  0  0],0.0
308.605751,9.0,102,0.0,6,6.0,[  3 207 138  50  84  45   0   0],0.0
308.605752,9.0,103,0.0,8,8.0,[185  11 138 112  67  51 109   9],0.0
308.605753,9.0,104,0.0,4,4.0,[ 45 245  25   0   0   0   0   0],0.0
308.605754,9.0,107,0.0,5,5.0,[161  22  96  59   0   0   0   0],0.0
308.803,9.0,111,0.0,8,8.0,[145 220 175  67 249  21 176 126],0.0
308.8044,9.0,101,0.0,1,1.0,[75  0  0  0  0  0  0  0],0.0
308.804401,9.0,102,0.0,6,6.0,[  3 151 139  50  84  45   0   0],0.0
308.804402,9.0,103,0.0,8,8.0,[179  11 138  16  68  51 109   9],0.0
308.804403,9.0,104,0.0,4,4.0,[ 45 245  25   0   0   0   0   0],0.0
308.804404,9.0,107,0.0,5,5.0,[65 22 64 59  0  0  0  0],0.0
308.8069,9.0,106,0.0,3,3.0,[225   4   0   0   0   0   0   0],0.0
309.001,9.0,111,0.0,8,8.0,[129 220 143  67 252  21  80 126],0.0
309.00185,9.0,101,0.0,1,1.0,[67  0  0  0  0  0  0  0],0.0
309.001851,9.0,102,0.0,6,6.0,[  3  95 140  50  84  45   0   0],0.0
309.001852,9.0,103,0.0,8,8.0,[173  11 138 176  68  51 109   9],0.0
309.001853,9.0,104,0.0,4,4.0,[ 43 245  25   0   0   0   0   0],0.0
309.001854,9.0,107,0.0,5,5.0,[111  21 160  61   0   0   0   0],0.0
309.19894999999997,9.0,111,0.0,8,8.0,[135 204 143 196 251  17 112 128],0.0
309.19984999999997,9.0,101,0.0,1,1.0,[59  0  0  0  0  0  0  0],0.0
309.19985099999997,9.0,102,0.0,6,6.0,[  3  39 141  50  84  45   0   0],0.0
309.19985199999996,9.0,103,0.0,8,8.0,[167  11 138  80  69  51 109   9],0.0
309.19985299999996,9.0,104,0.0,4,4.0,[ 41 245  25   0   0   0   0   0],0.0
309.19985399999996,9.0,107,0.0,5,5.0,[171  20 192  65   0   0   0   0],0.0
309.39695,9.0,111,0.0,8,8.0,[137 212 111 196   0 238  79 128],0.0
309.39765,9.0,101,0.0,1,1.0,[51  0  0  0  0  0  0  0],0.0
309.397651,9.0,102,0.0,6,6.0,[  3 239 141  50  84  45   0   0],0.0
309.397652,9.0,103,0.0,8,8.0,[159  11 138 240  69  51 109   9],0.0
309.397653,9.0,104,0.0,4,4.0,[ 39 245  25   0   0   0   0   0],0.0
309.397654,9.0,107,0.0,5,5.0,[255  20   0  71   0   0   0   0],0.0
309.59499999999997,9.0,111,0.0,8,8.0,[145 220  79 196 254 241  47 128],0.0
309.59565,9.0,101,0.0,1,1.0,[59  0  0  0  0  0  0  0],0.0
309.595651,9.0,102,0.0,6,6.0,[  3 183 142  50  84  45   0   0],0.0
309.595652,9.0,103,0.0,8,8.0,[159  11 138 112  70  51 109   9],0.0
309.59565299999997,9.0,104,0.0,4,4.0,[ 41 245  25   0   0   0   0   0],0.0
309.59565399999997,9.0,107,0.0,5,5.0,[233  18  96  69   0   0   0   0],0.0
309.793,9.0,111,0.0,8,8.0,[141 212 143 196 255   9  16 128],0.0
309.79375,9.0,101,0.0,1,1.0,[43  0  0  0  0  0  0  0],0.0
309.793751,9.0,102,0.0,6,6.0,[  3 127 143  50  84  45   0   0],0.0
309.793752,9.0,103,0.0,8,8.0,[153  11 138  16  71  51 109   9],0.0
309.793753,9.0,104,0.0,4,4.0,[ 39 245  25   0   0   0   0   0],0.0
309.793754,9.0,107,0.0,5,5.0,[105  18  96  71   0   0   0   0],0.0
309.79685,9.0,106,0.0,3,3.0,[231   4   0   0   0   0   0   0],0.0
309.991,9.0,111,0.0,8,8.0,[139 252 111  68   0 234  15 128],0.0
309.9918,9.0,101,0.0,1,1.0,[43  0  0  0  0  0  0  0],0.0
309.991801,9.0,102,0.0,6,6.0,[  3  71 144  50  84  45   0   0],0.0
309.991802,9.0,103,0.0,8,8.0,[149  11 138 176  71  51 109   9],0.0
309.991803,9.0,104,0.0,4,4.0,[ 37 245  25   0   0   0   0   0],0.0
309.991804,9.0,107,0.0,5,5.0,[ 23  18 192  72   0   0   0   0],0.0
310.18899999999996,9.0,111,0.0,8,8.0,[153 132 239  68 253 217  15 128],0.0
310.1905,9.0,101,0.0,1,1.0,[43  0  0  0  0  0  0  0],0.0
310.190501,9.0,102,0.0,6,6.0,[  3  15 145  50  84  45   0   0],0.0
310.190502,9.0,103,0.0,8,8.0,[141  11 138  48  72  51 109  13],0.0
310.190503,9.0,104,0.0,4,4.0,[ 37 245  25   0   0   0   0   0],0.0
310.190504,9.0,107,0.0,5,5.0,[ 95  18 192  74   0   0   0   0],0.0
310.387,9.0,111,0.0,8,8.0,[135 220 207  67 254   1  16 129],0.0
310.3879,9.0,101,0.0,1,1.0,[43  0  0  0  0  0  0  0],0.0
310.387901,9.0,102,0.0,6,6.0,[  3 215 145  50  84  45   0   0],0.0
310.387902,9.0,103,0.0,8,8.0,[133  11 138 176  72  51 109  13],0.0
310.387903,9.0,104,0.0,4,4.0,[ 35 245  25   0   0   0   0   0],0.0
310.387904,9.0,107,0.0,5,5.0,[33 19 96 75  0  0  0  0],0.0
310.585,9.0,111,0.0,8,8.0,[139 204  79  68 255  13 112 127],0.0
310.5859,9.0,101,0.0,1,1.0,[0 0 0 0 0 0 0 0],0.0
310.585901,9.0,102,0.0,6,6.0,[  3 159 146  50  84  45   0   0],0.0
310.78299999999996,9.0,111,0.0,8,8.0,[141 220  15  68 254   9 240 127],0.0
310.78364999999997,9.0,101,0.0,1,1.0,[0 0 0 0 0 0 0 0],0.0
310.78365099999996,9.0,102,0.0,6,6.0,[  3 103 147  50  84  45   0   0],0.0
310.78585,9.0,106,0.0,3,3.0,[233   4   0   0   0   0   0   0],0.0
310.981,9.0,111,0.0,8,8.0,[135 212  47  68 254   1 240 127],0.0
310.98179999999996,9.0,101,0.0,1,1.0,[0 0 0 0 0 0 0 0],0.0
310.98180099999996,9.0,102,0.0,6,6.0,[  3  47 148  50  84  45   0   0],0.0
311.179,9.0,111,0.0,8,8.0,[141 212 111 196 253 241 207 127],0.0
311.18045,9.0,101,0.0,1,1.0,[0 0 0 0 0 0 0 0],0.0
311.180451,9.0,102,0.0,6,6.0,[  3 247 148  50  84  45   0   0],0.0
311.377,9.0,111,0.0,8,8.0,[141 196  15  68 253   9 112 128],0.0
311.378,9.0,101,0.0,1,1.0,[0 0 0 0 0 0 0 0],0.0
311.378001,9.0,102,0.0,6,6.0,[  3 191 149  50  84  45   0   0],0.0
311.575,9.0,111,0.0,8,8.0,[137 204  79 196   0   2 144 126],0.0
311.57579999999996,9.0,101,0.0,1,1.0,[0 0 0 0 0 0 0 0],0.0
311.575801,9.0,102,0.0,6,6.0,[  3 135 150  50  84  45   0   0],0.0
311.77299999999997,9.0,111,0.0,8,8.0,[147 228 143 196 253 253  47 128],0.0
311.77389999999997,9.0,101,0.0,1,1.0,[0 0 0 0 0 0 0 0],0.0
311.77390099999997,9.0,102,0.0,6,6.0,[  3  79 151  50  84  45   0   0],0.0
311.7765,9.0,106,0.0,3,3.0,[233   4   0   0   0   0   0   0],0.0
311.971,9.0,111,0.0,8,8.0,[137 204  15 196 255   1 144 127],0.0
311.97165,9.0,101,0.0,1,1.0,[0 0 0 0 0 0 0 0],0.0
311.971651,9.0,102,0.0,6,6.0,[  3  23 152  50  84  45   0   0],0.0
312.169,9.0,111,0.0,8,8.0,[143 196  79  68 255   1  48 128],0.0
312.1698,9.0,101,0.0,1,1.0,[0 0 0 0 0 0 0 0],0.0
312.169801,9.0,102,0.0,6,6.0,[  3 223 152  50  84  45   0   0],0.0
312.36705,9.0,111,0.0,8,8.0,[141 188  79  68 255   9  48 128],0.0
312.3678,9.0,101,0.0,1,1.0,[0 0 0 0 0 0 0 0],0.0
312.367801,9.0,102,0.0,6,6.0,[  3 167 153  50  84  45   0   0],0.0
312.56505,9.0,111,0.0,8,8.0,[139 188 111 196 255   1 208 127],0.0
312.56669999999997,9.0,101,0.0,1,1.0,[43  0  0  0  0  0  0  0],0.0
312.56670099999997,9.0,102,0.0,6,6.0,[  3 111 154  50  84  45   0   0],0.0
312.56670199999996,9.0,103,0.0,8,8.0,[ 71  11 138 240  77  51 109  21],0.0
312.56670299999996,9.0,104,0.0,4,4.0,[ 29 245  25   0   0   0   0   0],0.0
312.56670399999996,9.0,107,0.0,5,5.0,[247  14 192 122   0   0   0   0],0.0
312.76304999999996,9.0,111,0.0,8,8.0,[139 164  79 196 254 253 239 127],0.0
312.7639,9.0,101,0.0,1,1.0,[43  0  0  0  0  0  0  0],0.0
312.763901,9.0,102,0.0,6,6.0,[  3  55 155  50  84  45   0   0],0.0
312.763902,9.0,103,0.0,8,8.0,[ 71  11 138  48  78  51 109  21],0.0
312.76390299999997,9.0,104,0.0,4,4.0,[ 33 245  25   0   0   0   0   0],0.0
312.76390399999997,9.0,107,0.0,5,5.0,[ 81  14 128 103   0   0   0   0],0.0
312.76689999999996,9.0,106,0.0,3,3.0,[243   4   0   0   0   0   0   0],0.0
312.96105,9.0,111,0.0,8,8.0,[139 140  47 196 254 245  15 128],0.0
312.9619,9.0,101,0.0,1,1.0,[0 0 0 0 0 0 0 0],0.0
312.961901,9.0,102,0.0,6,6.0,[  3 255 155  50  84  45   0   0],0.0
313.15905,9.0,111,0.0,8,8.0,[139 180  47  68 255   5 240 127],0.0
313.16005,9.0,101,0.0,1,1.0,[0 0 0 0 0 0 0 0],0.0
313.160051,9.0,102,0.0,6,6.0,[  3 199 156  50  84  45   0   0],0.0
313.35704999999996,9.0,111,0.0,8,8.0,[137 180  79 196 255 245 239 127],0.0
313.3578,9.0,101,0.0,1,1.0,[0 0 0 0 0 0 0 0],0.0
313.357801,9.0,102,0.0,6,6.0,[  3 143 157  50  84  45   0   0],0.0
313.555,9.0,111,0.0,8,8.0,[139 180  47 196 254 245 239 127],0.0
313.5567,9.0,101,0.0,1,1.0,[0 0 0 0 0 0 0 0],0.0
313.556701,9.0,102,0.0,6,6.0,[  3  87 158  50  84  45   0   0],0.0
313.75305,9.0,111,0.0,8,8.0,[139 196  15  68 255 249 207 127],0.0
313.75405,9.0,101,0.0,1,1.0,[0 0 0 0 0 0 0 0],0.0
313.754051,9.0,102,0.0,6,6.0,[  3  31 159  50  84  45   0   0],0.0
313.75604999999996,9.0,106,0.0,3,3.0,[243   4   0   0   0   0   0   0],0.0
313.95105,9.0,111,0.0,8,8.0,[139 196  47  68 255 253 239 127],0.0
313.95205,9.0,101,0.0,1,1.0,[0 0 0 0 0 0 0 0],0.0
313.952051,9.0,102,0.0,6,6.0,[  3 231 159  50  84  45   0   0],0.0
314.14905,9.0,111,0.0,8,8.0,[139 196  47  68 255 253 239 127],0.0
314.1499,9.0,101,0.0,1,1.0,[0 0 0 0 0 0 0 0],0.0
314.149901,9.0,102,0.0,6,6.0,[  3 175 160  50  84  45   0   0],0.0
314.34704999999997,9.0,111,0.0,8,8.0,[139 196  79  68 255 253 239 127],0.0
314.34805,9.0,101,0.0,1,1.0,[0 0 0 0 0 0 0 0],0.0
314.348051,9.0,102,0.0,6,6.0,[  3 119 161  50  84  45   0   0],0.0
314.54505,9.0,111,0.0,8,8.0,[139 188  47  68 255 253 239 127],0.0
314.54605,9.0,101,0.0,1,1.0,[0 0 0 0 0 0 0 0],0.0
314.546051,9.0,102,0.0,6,6.0,[  3  63 162  50  84  45   0   0],0.0
314.74305,9.0,111,0.0,8,8.0,[139 196  79  68 255 253 239 127],0.0
314.74404999999996,9.0,101,0.0,1,1.0,[0 0 0 0 0 0 0 0],0.0
314.744051,9.0,102,0.0,6,6.0,[  3   7 163  50  84  45   0   0],0.0
314.74604999999997,9.0,106,0.0,3,3.0,[243   4   0   0   0   0   0   0],0.0
314.94104999999996,9.0,111,0.0,8,8.0,[139 212  47  68 255 253 207 127],0.0
314.94205,9.0,101,0.0,1,1.0,[0 0 0 0 0 0 0 0],0.0
314.942051,9.0,102,0.0,6,6.0,[  3 207 163  50  84  45   0   0],0.0
315.13905,9.0,111,0.0,8,8.0,[139 204  79 196 254 253 239 127],0.0
315.14009999999996,9.0,101,0.0,1,1.0,[0 0 0 0 0 0 0 0],0.0
315.14010099999996,9.0,102,0.0,6,6.0,[  3 151 164  50  84  45   0   0],0.0
315.33705,9.0,111,0.0,8,8.0,[141 236  79  68 255 253 239 127],0.0
315.3379,9.0,101,0.0,1,1.0,[0 0 0 0 0 0 0 0],0.0
315.337901,9.0,102,0.0,6,6.0,[  3  95 165  50  84  45   0   0],0.0
315.53505,9.0,111,0.0,8,8.0,[139 212  47  68 255 253 207 127],0.0
315.53605,9.0,101,0.0,1,1.0,[0 0 0 0 0 0 0 0],0.0
315.536051,9.0,102,0.0,6,6.0,[  3  39 166  50  84  45   0   0],0.0
315.73305,9.0,111,0.0,8,8.0,[141 228  79  68 255 253 207 127],0.0
315.73404999999997,9.0,101,0.0,1,1.0,[0 0 0 0 0 0 0 0],0.0
315.73405099999997,9.0,102,0.0,6,6.0,[  3 239 166  50  84  45   0   0],0.0
315.73605,9.0,106,0.0,3,3.0,[243   4   0   0   0   0   0   0],0.0
315.93104999999997,9.0,111,0.0,8,8.0,[139 220  47  68 255 253 239 127],0.0
315.93205,9.0,101,0.0,1,1.0,[0 0 0 0 0 0 0 0],0.0
315.932051,9.0,102,0.0,6,6.0,[  3 183 167  50  84  45   0   0],0.0
316.12905,9.0,111,0.0,8,8.0,[139 228  47 196 254 253 239 127],0.0
316.13005,9.0,101,0.0,1,1.0,[0 0 0 0 0 0 0 0],0.0
316.130051,9.0,102,0.0,6,6.0,[  3 127 168  50  84  45   0   0],0.0
316.32705,9.0,111,0.0,8,8.0,[139 220  47  68 255 253 239 127],0.0
316.32804999999996,9.0,101,0.0,1,1.0,[0 0 0 0 0 0 0 0],0.0
316.32805099999996,9.0,102,0.0,6,6.0,[  3  71 169  50  84  45   0   0],0.0
316.5251,9.0,111,0.0,8,8.0,[139 220  47  68 255 253 239 127],0.0
316.52619999999996,9.0,101,0.0,1,1.0,[0 0 0 0 0 0 0 0],0.0
316.52620099999996,9.0,102,0.0,6,6.0,[  3  15 170  50  84  45   0   0],0.0
316.7231,9.0,111,0.0,8,8.0,[139 220  47 196 254 253 239 127],0.0
316.92134999999996,9.0,101,0.0,1,1.0,[0 0 0 0 0 0 0 0],0.0
316.92135099999996,9.0,102,0.0,6,6.0,[  3 215 170  50  84  45   0   0],0.0
316.9233,9.0,106,0.0,3,3.0,[243   4   0   0   0   0   0   0],0.0
316.9237,9.0,111,0.0,8,8.0,[139 220  47 196 254 253 239 127],0.0
317.11955,9.0,101,0.0,1,1.0,[0 0 0 0 0 0 0 0],0.0
317.119551,9.0,102,0.0,6,6.0,[  3 159 171  50  84  45   0   0],0.0
317.12155,9.0,111,0.0,8,8.0,[139 220  47  68 255 249 239 127],0.0
317.31735,9.0,101,0.0,1,1.0,[0 0 0 0 0 0 0 0],0.0
317.317351,9.0,102,0.0,6,6.0,[  3 103 172  50  84  45   0   0],0.0
317.31955,9.0,111,0.0,8,8.0,[139 220  47  68 255 253 239 127],0.0
317.51535,9.0,101,0.0,1,1.0,[0 0 0 0 0 0 0 0],0.0
317.515351,9.0,102,0.0,6,6.0,[  3  47 173  50  84  45   0   0],0.0
317.51754999999997,9.0,111,0.0,8,8.0,[139 220  47  68 255 253 239 127],0.0
317.71335,9.0,101,0.0,1,1.0,[0 0 0 0 0 0 0 0],0.0
317.713351,9.0,102,0.0,6,6.0,[  3 247 173  50  84  45   0   0],0.0
317.71619999999996,9.0,111,0.0,8,8.0,[139 220  79  68 255 253 239 127],0.0
317.91134999999997,9.0,101,0.0,1,1.0,[0 0 0 0 0 0 0 0],0.0
317.91135099999997,9.0,102,0.0,6,6.0,[  3 191 174  50  84  45   0   0],0.0
317.91335,9.0,106,0.0,3,3.0,[243   4   0   0   0   0   0   0],0.0
317.9137,9.0,111,0.0,8,8.0,[139 220  47  68 255 253 239 127],0.0
318.10935,9.0,101,0.0,1,1.0,[0 0 0 0 0 0 0 0],0.0
318.109351,9.0,102,0.0,6,6.0,[  3 135 175  50  84  45   0   0],0.0
318.11154999999997,9.0,111,0.0,8,8.0,[139 220  47  68 255 253 239 127],0.0
318.3076,9.0,101,0.0,1,1.0,[0 0 0 0 0 0 0 0],0.0
318.307601,9.0,102,0.0,6,6.0,[  3  79 176  50  84  45   0   0],0.0
318.30955,9.0,111,0.0,8,8.0,[139 220  47  68 255 253 239 127],0.0
318.50534999999996,9.0,101,0.0,1,1.0,[0 0 0 0 0 0 0 0],0.0
318.50535099999996,9.0,102,0.0,6,6.0,[  3  23 177  50  84  45   0   0],0.0
318.50755,9.0,111,0.0,8,8.0,[139 220  47  68 255 249 239 127],0.0
318.70335,9.0,101,0.0,1,1.0,[0 0 0 0 0 0 0 0],0.0
318.703351,9.0,102,0.0,6,6.0,[  3 223 177  50  84  45   0   0],0.0
318.70554999999996,9.0,111,0.0,8,8.0,[141 220  47  68 255 253 239 127],0.0
318.90135,9.0,101,0.0,1,1.0,[0 0 0 0 0 0 0 0],0.0
318.901351,9.0,102,0.0,6,6.0,[  3 167 178  50  84  45   0   0],0.0
318.90335,9.0,106,0.0,3,3.0,[243   4   0   0   0   0   0   0],0.0
318.90369999999996,9.0,111,0.0,8,8.0,[139 220  47  68 255 253 239 127],0.0
319.0996,9.0,101,0.0,1,1.0,[0 0 0 0 0 0 0 0],0.0
319.099601,9.0,102,0.0,6,6.0,[  3 111 179  50  84  45   0   0],0.0
319.10224999999997,9.0,111,0.0,8,8.0,[139 220  47 196 254 253 239 127],0.0
319.29735,9.0,101,0.0,1,1.0,[0 0 0 0 0 0 0 0],0.0
319.297351,9.0,102,0.0,6,6.0,[  3  55 180  50  84  45   0   0],0.0
319.2996,9.0,111,0.0,8,8.0,[139 220  47  68 255 253 239 127],0.0
319.49559999999997,9.0,101,0.0,1,1.0,[0 0 0 0 0 0 0 0],0.0
319.49560099999997,9.0,102,0.0,6,6.0,[  3 255 180  50  84  45   0   0],0.0
319.4976,9.0,111,0.0,8,8.0,[139 220  47  68 255 253 239 127],0.0
319.6936,9.0,101,0.0,1,1.0,[0 0 0 0 0 0 0 0],0.0
319.693601,9.0,102,0.0,6,6.0,[  3 199 181  50  84  45   0   0],0.0
319.6956,9.0,111,0.0,8,8.0,[139 220  47 196 254 253 239 127],0.0
319.8914,9.0,101,0.0,1,1.0,[0 0 0 0 0 0 0 0],0.0
319.891401,9.0,102,0.0,6,6.0,[  3 143 182  50  84  45   0   0],0.0
319.89335,9.0,106,0.0,3,3.0,[243   4   0   0   0   0   0   0],0.0
319.89375,9.0,111,0.0,8,8.0,[139 220  47  68 255 253 239 127],0.0
320.0894,9.0,101,0.0,1,1.0,[0 0 0 0 0 0 0 0],0.0
320.089401,9.0,102,0.0,6,6.0,[  3  87 183  50  84  45   0   0],0.0
320.09159999999997,9.0,111,0.0,8,8.0,[139 220  79  68 255 253 239 127],0.0
320.2876,9.0,101,0.0,1,1.0,[0 0 0 0 0 0 0 0],0.0
320.287601,9.0,102,0.0,6,6.0,[  3  31 184  50  84  45   0   0],0.0
320.2896,9.0,111,0.0,8,8.0,[139 220  47  68 255 253 239 127],0.0
320.4856,9.0,101,0.0,1,1.0,[0 0 0 0 0 0 0 0],0.0
320.485601,9.0,102,0.0,6,6.0,[  3 231 184  50  84  45   0   0],0.0
320.48825,9.0,111,0.0,8,8.0,[139 220  79  68 255 253 239 127],0.0
320.6836,9.0,101,0.0,1,1.0,[0 0 0 0 0 0 0 0],0.0
320.683601,9.0,102,0.0,6,6.0,[  3 175 185  50  84  45   0   0],0.0
320.68559999999997,9.0,111,0.0,8,8.0,[139 220  47  68 255 253 239 127],0.0
320.8816,9.0,101,0.0,1,1.0,[0 0 0 0 0 0 0 0],0.0
320.881601,9.0,102,0.0,6,6.0,[  3 119 186  50  84  45   0   0],0.0
320.88349999999997,9.0,106,0.0,3,3.0,[243   4   0   0   0   0   0   0],0.0
320.88374999999996,9.0,111,0.0,8,8.0,[139 220  79  68 255 253 239 127],0.0
321.07939999999996,9.0,101,0.0,1,1.0,[0 0 0 0 0 0 0 0],0.0
321.07940099999996,9.0,102,0.0,6,6.0,[  3  63 187  50  84  45   0   0],0.0
321.08225,9.0,111,0.0,8,8.0,[141 220  47  68 255 253 239 127],0.0
321.2776,9.0,101,0.0,1,1.0,[0 0 0 0 0 0 0 0],0.0
321.277601,9.0,102,0.0,6,6.0,[  3   7 188  50  84  45   0   0],0.0
321.27959999999996,9.0,111,0.0,8,8.0,[139 228  79  68 255 253 239 127],0.0
321.4756,9.0,101,0.0,1,1.0,[0 0 0 0 0 0 0 0],0.0
321.475601,9.0,102,0.0,6,6.0,[  3 207 188  50  84  45   0   0],0.0
321.4776,9.0,111,0.0,8,8.0,[139 220  47  68 255 253 239 127],0.0
321.67359999999996,9.0,101,0.0,1,1.0,[0 0 0 0 0 0 0 0],0.0
321.67360099999996,9.0,102,0.0,6,6.0,[  3 151 189  50  84  45   0   0],0.0
321.67384999999996,9.0,111,0.0,8,8.0,[139 220  47  68 255 253 239 127],0.0
321.8716,9.0,101,0.0,1,1.0,[0 0 0 0 0 0 0 0],0.0
321.871601,9.0,102,0.0,6,6.0,[  3  95 190  50  84  45   0   0],0.0
321.8742,9.0,106,0.0,3,3.0,[243   4   0   0   0   0   0   0],0.0
321.8744,9.0,111,0.0,8,8.0,[139 220  47  68 255 249 207 127],0.0
322.0696,9.0,101,0.0,1,1.0,[0 0 0 0 0 0 0 0],0.0
322.069601,9.0,102,0.0,6,6.0,[  3  39 191  50  84  45   0   0],0.0
322.0716,9.0,111,0.0,8,8.0,[139 220  47  68 255 253 239 127],0.0
322.26765,9.0,101,0.0,1,1.0,[0 0 0 0 0 0 0 0],0.0
322.267651,9.0,102,0.0,6,6.0,[  3 239 191  50  84  45   0   0],0.0
322.26959999999997,9.0,111,0.0,8,8.0,[139 220  79  68 255 253 239 127],0.0
322.4656,9.0,101,0.0,1,1.0,[43  0  0  0  0  0  0  0],0.0
322.465601,9.0,102,0.0,6,6.0,[  3 183 192  50  84  45   0   0],0.0
322.465602,9.0,103,0.0,8,8.0,[ 25  11 138 208  93  51 109 105],0.0
322.465603,9.0,104,0.0,4,4.0,[  7 245  65   0   0   0   0   0],0.0
322.465604,9.0,107,0.0,5,5.0,[191   4 128 208   0   0   0   0],0.0
322.46864999999997,9.0,111,0.0,8,8.0,[139 220  47  68 255 253 239 127],0.0
322.66364999999996,9.0,101,0.0,1,1.0,[43  0  0  0  0  0  0  0],0.0
322.66365099999996,9.0,102,0.0,6,6.0,[  3 127 193  50  84  45   0   0],0.0
322.663652,9.0,103,0.0,8,8.0,[ 89  11 138  80  94  51 109  93],0.0
322.663653,9.0,104,0.0,4,4.0,[  9 245  65   0   0   0   0   0],0.0
322.663654,9.0,107,0.0,5,5.0,[ 43   4  64 220   0   0   0   0],0.0
322.66595,9.0,111,0.0,8,8.0,[139 220  47  68 255 253 239 127],0.0
322.86165,9.0,101,0.0,1,1.0,[43  0  0  0  0  0  0  0],0.0
322.861651,9.0,102,0.0,6,6.0,[  3  71 194  50  84  45   0   0],0.0
322.861652,9.0,103,0.0,8,8.0,[123  11 138 208  94  51 109  89],0.0
322.861653,9.0,104,0.0,4,4.0,[ 11 245  65   0   0   0   0   0],0.0
322.861654,9.0,107,0.0,5,5.0,[ 65   3 128 198   0   0   0   0],0.0
322.8625,9.0,111,0.0,8,8.0,[139 220  47  68 255 253 239 127],0.0
322.8648,9.0,106,0.0,3,3.0,[7 5 0 0 0 0 0 0],0.0
323.05915,9.0,111,0.0,8,8.0,[139 220  79  68 255 253 239 127],0.0
323.0598,9.0,101,0.0,1,1.0,[43  0  0  0  0  0  0  0],0.0
323.059801,9.0,102,0.0,6,6.0,[  3  15 195  50  84  45   0   0],0.0
323.059802,9.0,103,0.0,8,8.0,[159  11 138 176  96  51 109  85],0.0
323.059803,9.0,104,0.0,4,4.0,[  9 245  65   0   0   0   0   0],0.0
323.059804,9.0,107,0.0,5,5.0,[101   4 128 184   0   0   0   0],0.0
323.25765,9.0,101,0.0,1,1.0,[0 0 0 0 0 0 0 0],0.0
323.257651,9.0,102,0.0,6,6.0,[  3 215 195  50  84  45   0   0],0.0
323.25964999999997,9.0,111,0.0,8,8.0,[139 220  47 196 254 253 239 127],0.0
323.45565,9.0,101,0.0,1,1.0,[0 0 0 0 0 0 0 0],0.0
323.455651,9.0,102,0.0,6,6.0,[  3 159 196  50  84  45   0   0],0.0
323.45765,9.0,111,0.0,8,8.0,[139 220  47  68 255 249 239 127],0.0
323.65364999999997,9.0,101,0.0,1,1.0,[0 0 0 0 0 0 0 0],0.0
323.65365099999997,9.0,102,0.0,6,6.0,[  3 103 197  50  84  45   0   0],0.0
323.65565,9.0,111,0.0,8,8.0,[139 220  79  68 255 253 239 127],0.0
323.85159999999996,9.0,101,0.0,1,1.0,[0 0 0 0 0 0 0 0],0.0
323.85160099999996,9.0,102,0.0,6,6.0,[  3  47 198  50  84  45   0   0],0.0
323.8542,9.0,106,0.0,3,3.0,[7 5 0 0 0 0 0 0],0.0
323.85445,9.0,111,0.0,8,8.0,[141 220  47  68 255 253 239 127],0.0
324.04915,9.0,111,0.0,8,8.0,[139 220  79  68 255 253 239 127],0.0
324.0498,9.0,101,0.0,1,1.0,[0 0 0 0 0 0 0 0],0.0
324.049801,9.0,102,0.0,6,6.0,[  3 247 198  50  84  45   0   0],0.0
324.24715,9.0,111,0.0,8,8.0,[141 220  47  68 255 253 239 127],0.0
324.2478,9.0,101,0.0,1,1.0,[0 0 0 0 0 0 0 0],0.0
324.247801,9.0,102,0.0,6,6.0,[  3 191 199  50  84  45   0   0],0.0
324.44565,9.0,101,0.0,1,1.0,[0 0 0 0 0 0 0 0],0.0
324.445651,9.0,102,0.0,6,6.0,[  3 135 200  50  84  45   0   0],0.0
324.44829999999996,9.0,111,0.0,8,8.0,[139 220  79  68 255 249 239 127],0.0
324.64365,9.0,101,0.0,1,1.0,[0 0 0 0 0 0 0 0],0.0
324.643651,9.0,102,0.0,6,6.0,[  3  79 201  50  84  45   0   0],0.0
324.64385,9.0,111,0.0,8,8.0,[139 220  47  68 255 253 239 127],0.0
324.84114999999997,9.0,111,0.0,8,8.0,[139 220  47  68 255 253 239 127],0.0
324.8418,9.0,101,0.0,1,1.0,[0 0 0 0 0 0 0 0],0.0
324.841801,9.0,102,0.0,6,6.0,[  3  23 202  50  84  45   0   0],0.0
324.8438,9.0,106,0.0,3,3.0,[7 5 0 0 0 0 0 0],0.0
325.03965,9.0,101,0.0,1,1.0,[0 0 0 0 0 0 0 0],0.0
325.039651,9.0,102,0.0,6,6.0,[  3 223 202  50  84  45   0   0],0.0
325.04165,9.0,111,0.0,8,8.0,[139 220  47  68 255 253 239 127],0.0
325.2372,9.0,111,0.0,8,8.0,[139 220  79  68 255 253 239 127],0.0
325.2378,9.0,101,0.0,1,1.0,[0 0 0 0 0 0 0 0],0.0
325.237801,9.0,102,0.0,6,6.0,[  3 167 203  50  84  45   0   0],0.0
325.4352,9.0,111,0.0,8,8.0,[139 220  47  68 255 249 239 127],0.0
325.4358,9.0,101,0.0,1,1.0,[0 0 0 0 0 0 0 0],0.0
325.43580099999997,9.0,102,0.0,6,6.0,[  3 111 204  50  84  45   0   0],0.0
325.6332,9.0,111,0.0,8,8.0,[129 236  79  68 236  13 112 125],0.0
325.6338,9.0,101,0.0,1,1.0,[0 0 0 0 0 0 0 0],0.0
325.633801,9.0,102,0.0,6,6.0,[  3  55 205  50  84  45   0   0],0.0
325.83119999999997,9.0,111,0.0,8,8.0,[141 212  47 197 211  21  80 122],0.0
325.8318,9.0,101,0.0,1,1.0,[0 0 0 0 0 0 0 0],0.0
325.831801,9.0,102,0.0,6,6.0,[  3 255 205  50  84  45   0   0],0.0
325.83445,9.0,106,0.0,3,3.0,[7 5 0 0 0 0 0 0],0.0
326.02914999999996,9.0,111,0.0,8,8.0,[135 236 111  68 200  13 208 121],0.0
326.02979999999997,9.0,101,0.0,1,1.0,[0 0 0 0 0 0 0 0],0.0
326.02980099999996,9.0,102,0.0,6,6.0,[  3 199 206  50  84  45   0   0],0.0
326.22715,9.0,111,0.0,8,8.0,[137 228  47  69 168  25 176 118],0.0
326.2278,9.0,101,0.0,1,1.0,[0 0 0 0 0 0 0 0],0.0
326.227801,9.0,102,0.0,6,6.0,[  3 143 207  50  84  45   0   0],0.0
326.42519999999996,9.0,111,0.0,8,8.0,[133 252 175  68 142  41 144 115],0.0
326.42584999999997,9.0,101,0.0,1,1.0,[43  0  0  0  0  0  0  0],0.0
326.42585099999997,9.0,102,0.0,6,6.0,[  3  87 208  50  84  45   0   0],0.0
326.42585199999996,9.0,103,0.0,8,8.0,[179  11 138 112  96  51 109  97],0.0
326.42585299999996,9.0,104,0.0,4,4.0,[249 244  89   0   0   0   0   0],0.0
326.42585399999996,9.0,107,0.0,5,5.0,[ 31   2 128 222   0   0   0   0],0.0
326.6232,9.0,111,0.0,8,8.0,[159 236 111 195 168  41  80 118],0.0
326.62385,9.0,101,0.0,1,1.0,[51  0  0  0  0  0  0  0],0.0
326.623851,9.0,102,0.0,6,6.0,[  3  31 209  50  84  45   0   0],0.0
326.623852,9.0,103,0.0,8,8.0,[229  11 138 208  97  51 109  89],0.0
326.623853,9.0,104,0.0,4,4.0,[  1 245  81   0   0   0   0   0],0.0
326.623854,9.0,107,0.0,5,5.0,[239   2  32 209   0   0   0   0],0.0
326.8212,9.0,111,0.0,8,8.0,[143 244  15  67 191  29  80 121],0.0
326.82185,9.0,101,0.0,1,1.0,[51  0  0  0  0  0  0  0],0.0
326.821851,9.0,102,0.0,6,6.0,[  3 231 209  50  84  45   0   0],0.0
326.821852,9.0,103,0.0,8,8.0,[  1  12 138 144  95  51 109  81],0.0
326.821853,9.0,104,0.0,4,4.0,[231 244  81   0   0   0   0   0],0.0
326.821854,9.0,107,0.0,5,5.0,[ 49   1 192 124   0   0   0   0],0.0
326.82489999999996,9.0,106,0.0,3,3.0,[11  5  0  0  0  0  0  0],0.0
327.0192,9.0,111,0.0,8,8.0,[139 236 143 195 200  21 208 121],0.0
327.01984999999996,9.0,101,0.0,1,1.0,[51  0  0  0  0  0  0  0],0.0
327.01985099999996,9.0,102,0.0,6,6.0,[  3 175 210  50  84  45   0   0],0.0
327.01985199999996,9.0,103,0.0,8,8.0,[ 11  12 138 176  95  51 109  77],0.0
327.019853,9.0,104,0.0,4,4.0,[201 244  73   0   0   0   0   0],0.0
327.019854,9.0,107,0.0,5,5.0,[ 91   0 224  71   0   0   0   0],0.0
327.2172,9.0,111,0.0,8,8.0,[139 204  15 197 190  21 112 121],0.0
327.21785,9.0,101,0.0,1,1.0,[51  0  0  0  0  0  0  0],0.0
327.217851,9.0,102,0.0,6,6.0,[  3 119 211  50  84  45   0   0],0.0
327.217852,9.0,103,0.0,8,8.0,[ 27  12 138 240  95  51 109  73],0.0
327.217853,9.0,104,0.0,4,4.0,[195 244  73   0   0   0   0   0],0.0
327.217854,9.0,107,0.0,5,5.0,[189   1 160  73   0   0   0   0],0.0
327.41519999999997,9.0,111,0.0,8,8.0,[155 212  15  67 201  25 176 122],0.0
327.4161,9.0,101,0.0,1,1.0,[59  0  0  0  0  0  0  0],0.0
327.41610099999997,9.0,102,0.0,6,6.0,[  3  63 212  50  84  45   0   0],0.0
327.41610199999997,9.0,103,0.0,8,8.0,[ 35  12 138  80  94  51 109  65],0.0
327.41610299999996,9.0,104,0.0,4,4.0,[201 244  65   0   0   0   0   0],0.0
327.41610399999996,9.0,107,0.0,5,5.0,[195   0  32  72   0   0   0   0],0.0
327.6132,9.0,111,0.0,8,8.0,[159 188  47 196  39 242  47 132],0.0
327.61385,9.0,101,0.0,1,1.0,[59  0  0  0  0  0  0  0],0.0
327.613851,9.0,102,0.0,6,6.0,[  3   7 213  50  84  45   0   0],0.0
327.613852,9.0,103,0.0,8,8.0,[ 37  12 138  48  92  51 109  61],0.0
327.613853,9.0,104,0.0,4,4.0,[221 244  65   0   0   0   0   0],0.0
327.613854,9.0,107,0.0,5,5.0,[ 37   2 160  57   0   0   0   0],0.0
327.8112,9.0,111,0.0,8,8.0,[151 188 111  68  40 254  47 133],0.0
327.81185,9.0,101,0.0,1,1.0,[59  0  0  0  0  0  0  0],0.0
327.811851,9.0,102,0.0,6,6.0,[  3 207 213  50  84  45   0   0],0.0
327.811852,9.0,103,0.0,8,8.0,[ 37  12 138 112  90  51 109  57],0.0
327.811853,9.0,104,0.0,4,4.0,[213 244  65   0   0   0   0   0],0.0
327.811854,9.0,107,0.0,5,5.0,[237   1  96  54   0   0   0   0],0.0
327.81489999999997,9.0,106,0.0,3,3.0,[11  5  0  0  0  0  0  0],0.0
328.00919999999996,9.0,111,0.0,8,8.0,[121 212 175 196   8 254 207 128],0.0
328.01,9.0,101,0.0,1,1.0,[59  0  0  0  0  0  0  0],0.0
328.010001,9.0,102,0.0,6,6.0,[  3 151 214  50  84  45   0   0],0.0
328.010002,9.0,103,0.0,8,8.0,[ 29  12 138 144  88  51 109  49],0.0
328.010003,9.0,104,0.0,4,4.0,[209 244  57   0   0   0   0   0],0.0
328.010004,9.0,107,0.0,5,5.0,[147   1   0  66   0   0   0   0],0.0
328.2072,9.0,111,0.0,8,8.0,[141 196  15 197 241 253 143 126],0.0
328.20799999999997,9.0,101,0.0,1,1.0,[59  0  0  0  0  0  0  0],0.0
328.20800099999997,9.0,102,0.0,6,6.0,[  3  95 215  50  84  45   0   0],0.0
328.20800199999996,9.0,103,0.0,8,8.0,[ 23  12 138 144  86  51 109  49],0.0
328.20800299999996,9.0,104,0.0,4,4.0,[205 244  57   0   0   0   0   0],0.0
328.20800399999996,9.0,107,0.0,5,5.0,[101   1 160  65   0   0   0   0],0.0
328.4052,9.0,111,0.0,8,8.0,[133 204 111 196 229   9  80 125],0.0
328.40585,9.0,101,0.0,1,1.0,[59  0  0  0  0  0  0  0],0.0
328.405851,9.0,102,0.0,6,6.0,[  3  39 216  50  84  45   0   0],0.0
328.405852,9.0,103,0.0,8,8.0,[ 15  12 138  48  85  51 109  45],0.0
328.405853,9.0,104,0.0,4,4.0,[201 244  57   0   0   0   0   0],0.0
328.405854,9.0,107,0.0,5,5.0,[159   2 128  66   0   0   0   0],0.0
328.60319999999996,9.0,111,0.0,8,8.0,[149 212  47 195 233   1  80 125],0.0
328.60474999999997,9.0,101,0.0,1,1.0,[51  0  0  0  0  0  0  0],0.0
328.60475099999996,9.0,102,0.0,6,6.0,[  3 239 216  50  84  45   0   0],0.0
328.60475199999996,9.0,103,0.0,8,8.0,[ 15  12 138  16  84  51 109  45],0.0
328.60475299999996,9.0,104,0.0,4,4.0,[199 244  57   0   0   0   0   0],0.0
328.60475399999996,9.0,107,0.0,5,5.0,[  3   2 224  66   0   0   0   0],0.0
328.8012,9.0,111,0.0,8,8.0,[145 204  15 196  15 250 207 129],0.0
328.80185,9.0,101,0.0,1,1.0,[51  0  0  0  0  0  0  0],0.0
328.801851,9.0,102,0.0,6,6.0,[  3 183 217  50  84  45   0   0],0.0
328.801852,9.0,103,0.0,8,8.0,[ 15  12 138  16  83  51 109  45],0.0
328.801853,9.0,104,0.0,4,4.0,[193 244  57   0   0   0   0   0],0.0
328.801854,9.0,107,0.0,5,5.0,[125   1 224  64   0   0   0   0],0.0
328.80485,9.0,106,0.0,3,3.0,[11  5  0  0  0  0  0  0],0.0
328.9992,9.0,111,0.0,8,8.0,[135 196  79 196  10 254  47 129],0.0
328.99985,9.0,101,0.0,1,1.0,[51  0  0  0  0  0  0  0],0.0
328.999851,9.0,102,0.0,6,6.0,[  3 127 218  50  84  45   0   0],0.0
328.999852,9.0,103,0.0,8,8.0,[ 19  12 138 208  81  51 109  41],0.0
328.999853,9.0,104,0.0,4,4.0,[199 244  57   0   0   0   0   0],0.0
328.99985399999997,9.0,107,0.0,5,5.0,[119   1   0  69   0   0   0   0],0.0
329.19725,9.0,111,0.0,8,8.0,[135 196 111  68 245 249 207 126],0.0
329.198,9.0,101,0.0,1,1.0,[51  0  0  0  0  0  0  0],0.0
329.198001,9.0,102,0.0,6,6.0,[  3  71 219  50  84  45   0   0],0.0
329.198002,9.0,103,0.0,8,8.0,[ 27  12 138 208  80  51 109  41],0.0
329.19800299999997,9.0,104,0.0,4,4.0,[205 244  57   0   0   0   0   0],0.0
329.19800399999997,9.0,107,0.0,5,5.0,[ 15   2 160  76   0   0   0   0],0.0
329.39525,9.0,111,0.0,8,8.0,[143 204 239  67 250 253  79 127],0.0
329.39599999999996,9.0,101,0.0,1,1.0,[51  0  0  0  0  0  0  0],0.0
329.396001,9.0,102,0.0,6,6.0,[  3  15 220  50  84  45   0   0],0.0
329.396002,9.0,103,0.0,8,8.0,[ 31  12 138 208  79  51 109  41],0.0
329.396003,9.0,104,0.0,4,4.0,[205 244  57   0   0   0   0   0],0.0
329.396004,9.0,107,0.0,5,5.0,[ 5  1  0 65  0  0  0  0],0.0
329.59325,9.0,111,0.0,8,8.0,[145 204 239  67   0   2  80 128],0.0
329.594,9.0,101,0.0,1,1.0,[51  0  0  0  0  0  0  0],0.0
329.594001,9.0,102,0.0,6,6.0,[  3 215 220  50  84  45   0   0],0.0
329.594002,9.0,103,0.0,8,8.0,[ 33  12 138  16  79  51 109  41],0.0
329.594003,9.0,104,0.0,4,4.0,[209 244  57   0   0   0   0   0],0.0
329.594004,9.0,107,0.0,5,5.0,[157   2   0  71   0   0   0   0],0.0
329.79125,9.0,111,0.0,8,8.0,[139 204  15 196   2 254  47 128],0.0
329.7921,9.0,101,0.0,1,1.0,[51  0  0  0  0  0  0  0],0.0
329.792101,9.0,102,0.0,6,6.0,[  3 159 221  50  84  45   0   0],0.0
329.792102,9.0,103,0.0,8,8.0,[ 35  12 138  16  78  51 109  37],0.0
329.792103,9.0,104,0.0,4,4.0,[213 244  57   0   0   0   0   0],0.0
329.792104,9.0,107,0.0,5,5.0,[203   1 192  66   0   0   0   0],0.0
329.79435,9.0,106,0.0,3,3.0,[13  5  0  0  0  0  0  0],0.0
329.98924999999997,9.0,111,0.0,8,8.0,[139 204  47  68   1 254 239 127],0.0
329.99075,9.0,101,0.0,1,1.0,[51  0  0  0  0  0  0  0],0.0
329.990751,9.0,102,0.0,6,6.0,[  3 103 222  50  84  45   0   0],0.0
329.990752,9.0,103,0.0,8,8.0,[ 37  12 138 208  77  51 109  37],0.0
329.990753,9.0,104,0.0,4,4.0,[203 244  57   0   0   0   0   0],0.0
329.990754,9.0,107,0.0,5,5.0,[147   3 224  71   0   0   0   0],0.0
330.18725,9.0,111,0.0,8,8.0,[141 196  15  68 255 249 239 127],0.0
330.18784999999997,9.0,101,0.0,1,1.0,[51  0  0  0  0  0  0  0],0.0
330.18785099999997,9.0,102,0.0,6,6.0,[  3  47 223  50  84  45   0   0],0.0
330.18785199999996,9.0,103,0.0,8,8.0,[ 41  12 138  48  77  51 109  37],0.0
330.18785299999996,9.0,104,0.0,4,4.0,[207 244  57   0   0   0   0   0],0.0
330.18785399999996,9.0,107,0.0,5,5.0,[119   3 224  74   0   0   0   0],0.0
330.3852,9.0,111,0.0,8,8.0,[159 196  15  68 249  85 112 130],0.0
330.38599999999997,9.0,101,0.0,1,1.0,[51  0  0  0  0  0  0  0],0.0
330.38600099999996,9.0,102,0.0,6,6.0,[  3 247 223  50  84  45   0   0],0.0
330.38600199999996,9.0,103,0.0,8,8.0,[ 45  12 138 176  76  51 109  37],0.0
330.38600299999996,9.0,104,0.0,4,4.0,[205 244  49   0   0   0   0   0],0.0
330.38600399999996,9.0,107,0.0,5,5.0,[  3   3 224  81   0   0   0   0],0.0
330.58324999999996,9.0,111,0.0,8,8.0,[159  20 144  67   5  26 113 136],0.0
330.584,9.0,101,0.0,1,1.0,[51  0  0  0  0  0  0  0],0.0
330.584001,9.0,102,0.0,6,6.0,[  3 191 224  50  84  45   0   0],0.0
330.584002,9.0,103,0.0,8,8.0,[ 51  12 138  80  76  51 109  37],0.0
330.584003,9.0,104,0.0,4,4.0,[207 244  49   0   0   0   0   0],0.0
330.584004,9.0,107,0.0,5,5.0,[  5   5 128  90   0   0   0   0],0.0
330.78125,9.0,111,0.0,8,8.0,[131  52 111  65  41 118 197 143],0.0
330.78225,9.0,101,0.0,1,1.0,[43  0  0  0  0  0  0  0],0.0
330.782251,9.0,102,0.0,6,6.0,[  3 135 225  50  84  45   0   0],0.0
330.78225199999997,9.0,103,0.0,8,8.0,[ 55  12 138 176  75  51 109  37],0.0
330.78225299999997,9.0,104,0.0,4,4.0,[211 244  49   0   0   0   0   0],0.0
330.78225399999997,9.0,107,0.0,5,5.0,[111   3 192  96   0   0   0   0],0.0
330.7845,9.0,106,0.0,3,3.0,[13  5  0  0  0  0  0  0],0.0
330.97925,9.0,111,0.0,8,8.0,[127   4  79  66 245   0  64 136],0.0
330.9801,9.0,101,0.0,1,1.0,[43  0  0  0  0  0  0  0],0.0
330.980101,9.0,102,0.0,6,6.0,[  3  79 226  50  84  45   0   0],0.0
330.980102,9.0,103,0.0,8,8.0,[ 55  12 138  16  75  51 109  37],0.0
330.980103,9.0,104,0.0,4,4.0,[217 244  49   0   0   0   0   0],0.0
330.980104,9.0,107,0.0,5,5.0,[169   6  32  71   0   0   0   0],0.0
331.17724999999996,9.0,111,0.0,8,8.0,[105 228 175 183 102  61  14 142],0.0
331.1781,9.0,101,0.0,1,1.0,[51  0  0  0  0  0  0  0],0.0
331.17810099999997,9.0,102,0.0,6,6.0,[  3  23 227  50  84  45   0   0],0.0
331.17810199999997,9.0,103,0.0,8,8.0,[ 57  12 138 176  74  51 109  33],0.0
331.17810299999996,9.0,104,0.0,4,4.0,[223 244  49   0   0   0   0   0],0.0
331.17810399999996,9.0,107,0.0,5,5.0,[233   3 160  66   0   0   0   0],0.0
331.37525,9.0,111,0.0,8,8.0,[ 91 236  15 186 111 221 199 137],0.0
331.37615,9.0,101,0.0,1,1.0,[59  0  0  0  0  0  0  0],0.0
331.376151,9.0,102,0.0,6,6.0,[  3 223 227  50  84  45   0   0],0.0
331.376152,9.0,103,0.0,8,8.0,[ 55  12 138  48  74  51 109  33],0.0
331.376153,9.0,104,0.0,4,4.0,[225 244  49   0   0   0   0   0],0.0
331.376154,9.0,107,0.0,5,5.0,[107   3  96  86   0   0   0   0],0.0
331.57325,9.0,111,0.0,8,8.0,[ 65 204 239 185  13 146 178 157],0.0
331.57405,9.0,101,0.0,1,1.0,[51  0  0  0  0  0  0  0],0.0
331.574051,9.0,102,0.0,6,6.0,[  3 167 228  50  84  45   0   0],0.0
331.574052,9.0,103,0.0,8,8.0,[ 61  12 138 112  74  51 109  33],0.0
331.574053,9.0,104,0.0,4,4.0,[225 244  49   0   0   0   0   0],0.0
331.574054,9.0,107,0.0,5,5.0,[ 3  2  0 99  0  0  0  0],0.0
331.77125,9.0,111,0.0,8,8.0,[ 67 132  15 183 212 213 144 145],0.0
331.7727,9.0,101,0.0,1,1.0,[51  0  0  0  0  0  0  0],0.0
331.772701,9.0,102,0.0,6,6.0,[  3 111 229  50  84  45   0   0],0.0
331.772702,9.0,103,0.0,8,8.0,[ 65  12 138 208  74  51 109  33],0.0
331.772703,9.0,104,0.0,4,4.0,[221 244  49   0   0   0   0   0],0.0
331.772704,9.0,107,0.0,5,5.0,[ 95   1 192  85   0   0   0   0],0.0
331.775,9.0,106,0.0,3,3.0,[15  5  0  0  0  0  0  0],0.0
331.96925,9.0,111,0.0,8,8.0,[ 97 164 175 184 223  49 112 148],0.0
331.97024999999996,9.0,101,0.0,1,1.0,[51  0  0  0  0  0  0  0],0.0
331.97025099999996,9.0,102,0.0,6,6.0,[  3  55 230  50  84  45   0   0],0.0
331.97025199999996,9.0,103,0.0,8,8.0,[ 71  12 138  48  75  51 109  33],0.0
331.97025299999996,9.0,104,0.0,4,4.0,[217 244  49   0   0   0   0   0],0.0
331.970254,9.0,107,0.0,5,5.0,[13  1 64 54  0  0  0  0],0.0
332.16724999999997,9.0,111,0.0,8,8.0,[ 21  60 111  56 200  41 111 129],0.0
332.1681,9.0,101,0.0,1,1.0,[51  0  0  0  0  0  0  0],0.0
332.168101,9.0,102,0.0,6,6.0,[  3 255 230  50  84  45   0   0],0.0
332.168102,9.0,103,0.0,8,8.0,[ 77  12 138 112  75  51 109  33],0.0
332.168103,9.0,104,0.0,4,4.0,[215 244  49   0   0   0   0   0],0.0
332.16810399999997,9.0,107,0.0,5,5.0,[183   0   0  56   0   0   0   0],0.0
332.36525,9.0,111,0.0,8,8.0,[ 33  20  48  55 160 145 240  88],0.0
332.36609999999996,9.0,101,0.0,1,1.0,[51  0  0  0  0  0  0  0],0.0
332.36610099999996,9.0,102,0.0,6,6.0,[  3 199 231  50  84  45   0   0],0.0
332.366102,9.0,103,0.0,8,8.0,[ 77  12 138  48  76  51 109  33],0.0
332.366103,9.0,104,0.0,4,4.0,[205 244  49   0   0   0   0   0],0.0
332.366104,9.0,107,0.0,5,5.0,[139   3   0  78   0   0   0   0],0.0
332.56325,9.0,111,0.0,8,8.0,[ 55 188  15  56 232  53  16 117],0.0
332.56424999999996,9.0,101,0.0,1,1.0,[51  0  0  0  0  0  0  0],0.0
332.564251,9.0,102,0.0,6,6.0,[  3 143 232  50  84  45   0   0],0.0
332.564252,9.0,103,0.0,8,8.0,[ 79  12 138  48  76  51 109  33],0.0
332.564253,9.0,104,0.0,4,4.0,[203 244  49   0   0   0   0   0],0.0
332.564254,9.0,107,0.0,5,5.0,[141   2   0  67   0   0   0   0],0.0
332.76124999999996,9.0,111,0.0,8,8.0,[ 81  36 176  56  18 238  79 113],0.0
332.76205,9.0,101,0.0,1,1.0,[0 0 0 0 0 0 0 0],0.0
332.762051,9.0,102,0.0,6,6.0,[  3  87 233  50  84  45   0   0],0.0
332.7647,9.0,106,0.0,3,3.0,[15  5  0  0  0  0  0  0],0.0
332.95925,9.0,111,0.0,8,8.0,[ 87  76 208  54  51 166  80 146],0.0
332.96004999999997,9.0,101,0.0,1,1.0,[0 0 0 0 0 0 0 0],0.0
332.96005099999996,9.0,102,0.0,6,6.0,[  3  31 234  50  84  45   0   0],0.0
333.15725,9.0,111,0.0,8,8.0,[ 71  12  47 184  19 246  16 165],0.0
333.15825,9.0,101,0.0,1,1.0,[0 0 0 0 0 0 0 0],0.0
333.158251,9.0,102,0.0,6,6.0,[  3 231 234  50  84  45   0   0],0.0
333.3553,9.0,111,0.0,8,8.0,[109 204 239  56   5  14 177 144],0.0
333.35625,9.0,101,0.0,1,1.0,[0 0 0 0 0 0 0 0],0.0
333.356251,9.0,102,0.0,6,6.0,[  3 175 235  50  84  45   0   0],0.0
333.5533,9.0,111,0.0,8,8.0,[ 67  36 175 183  55  58 112 128],0.0
333.5548,9.0,101,0.0,1,1.0,[0 0 0 0 0 0 0 0],0.0
333.554801,9.0,102,0.0,6,6.0,[  3 119 236  50  84  45   0   0],0.0
333.75129999999996,9.0,111,0.0,8,8.0,[ 65  84  15 183 235  73 239 127],0.0
333.7523,9.0,101,0.0,1,1.0,[0 0 0 0 0 0 0 0],0.0
333.752301,9.0,102,0.0,6,6.0,[  3  63 237  50  84  45   0   0],0.0
333.75419999999997,9.0,106,0.0,3,3.0,[15  5  0  0  0  0  0  0],0.0
333.9493,9.0,111,0.0,8,8.0,[ 69 100  47 186 221  93 241 122],0.0
333.95029999999997,9.0,101,0.0,1,1.0,[0 0 0 0 0 0 0 0],0.0
333.95030099999997,9.0,102,0.0,6,6.0,[  3   7 238  50  84  45   0   0],0.0
334.1473,9.0,111,0.0,8,8.0,[ 95 100  15 183 217 125 238 118],0.0
334.14805,9.0,101,0.0,1,1.0,[0 0 0 0 0 0 0 0],0.0
334.148051,9.0,102,0.0,6,6.0,[  3 207 238  50  84  45   0   0],0.0
334.3453,9.0,111,0.0,8,8.0,[ 79 172 207  53 229  57 112 134],0.0
334.3463,9.0,101,0.0,1,1.0,[0 0 0 0 0 0 0 0],0.0
334.346301,9.0,102,0.0,6,6.0,[  3 151 239  50  84  45   0   0],0.0
334.54325,9.0,111,0.0,8,8.0,[ 99 156 239 182   9  86  47 115],0.0
334.54429999999996,9.0,101,0.0,1,1.0,[0 0 0 0 0 0 0 0],0.0
334.54430099999996,9.0,102,0.0,6,6.0,[  3  95 240  50  84  45   0   0],0.0
334.74125,9.0,111,0.0,8,8.0,[ 87 180 111 184   7  78  16 134],0.0
334.7423,9.0,101,0.0,1,1.0,[0 0 0 0 0 0 0 0],0.0
334.742301,9.0,102,0.0,6,6.0,[  3  39 241  50  84  45   0   0],0.0
334.7442,9.0,106,0.0,3,3.0,[15  5  0  0  0  0  0  0],0.0
334.9393,9.0,111,0.0,8,8.0,[ 93 140  47  57 244 109  18 127],0.0
334.9403,9.0,101,0.0,1,1.0,[0 0 0 0 0 0 0 0],0.0
334.940301,9.0,102,0.0,6,6.0,[  3 239 241  50  84  45   0   0],0.0
335.1373,9.0,111,0.0,8,8.0,[ 97 140 143  55 255 109 109 128],0.0
335.13829999999996,9.0,101,0.0,1,1.0,[0 0 0 0 0 0 0 0],0.0
335.138301,9.0,102,0.0,6,6.0,[  3 183 242  50  84  45   0   0],0.0
335.33529999999996,9.0,111,0.0,8,8.0,[119 236 175  53 253  17 142 119],0.0
335.3361,9.0,101,0.0,1,1.0,[0 0 0 0 0 0 0 0],0.0
335.336101,9.0,102,0.0,6,6.0,[  3 127 243  50  84  45   0   0],0.0
335.5333,9.0,111,0.0,8,8.0,[ 79 132 111  57  45  98 209 133],0.0
335.5343,9.0,101,0.0,1,1.0,[0 0 0 0 0 0 0 0],0.0
335.53430099999997,9.0,102,0.0,6,6.0,[  3  71 244  50  84  45   0   0],0.0
335.7313,9.0,111,0.0,8,8.0,[ 87 172 239  54  32 106 141 122],0.0
335.7323,9.0,101,0.0,1,1.0,[0 0 0 0 0 0 0 0],0.0
335.732301,9.0,102,0.0,6,6.0,[  3  15 245  50  84  45   0   0],0.0
335.7342,9.0,106,0.0,3,3.0,[15  5  0  0  0  0  0  0],0.0
335.9293,9.0,111,0.0,8,8.0,[ 47 100 207  56 222 173  79 136],0.0
335.9303,9.0,101,0.0,1,1.0,[0 0 0 0 0 0 0 0],0.0
335.930301,9.0,102,0.0,6,6.0,[  3 215 245  50  84  45   0   0],0.0
336.1273,9.0,111,0.0,8,8.0,[ 77  20  16 183 174 217 176  97],0.0
336.12829999999997,9.0,101,0.0,1,1.0,[0 0 0 0 0 0 0 0],0.0
336.12830099999996,9.0,102,0.0,6,6.0,[  3 159 246  50  84  45   0   0],0.0
