Time Stamp,ID,Extended,Dir,DLC,D1,D2,D3,D4,D5,D6,D7,D8
2.907600,0x065,0,0,1,0x00,0x00,0x00,0x00,0x00,0x00,0x00,0x00
2.908950,0x06F,0,0,8,0xEB,0x13,0x0F,0x4A,0xF9,0x59,0xD0,0x81
3.101750,0x065,0,0,1,0x00,0x00,0x00,0x00,0x00,0x00,0x00,0x00
3.102950,0x06F,0,0,8,0xE1,0x6B,0x2F,0xCA,0x0E,0xE2,0xCF,0x7F
3.299600,0x065,0,0,1,0x00,0x00,0x00,0x00,0x00,0x00,0x00,0x00
3.300850,0x06F,0,0,8,0xF9,0x23,0x2F,0xCA,0xFB,0x75,0xB0,0x82
3.499850,0x065,0,0,1,0x00,0x00,0x00,0x00,0x00,0x00,0x00,0x00
3.500800,0x06F,0,0,8,0xD3,0x7B,0xCF,0x48,0x40,0xBE,0x30,0x87
3.693850,0x065,0,0,1,0x00,0x00,0x00,0x00,0x00,0x00,0x00,0x00
3.694800,0x06F,0,0,8,0xCB,0x03,0x30,0xC9,0xE1,0x79,0x0F,0x7C
3.889350,0x06F,0,0,8,0xD9,0xA3,0xAF,0x49,0xFA,0x65,0xEF,0x83
3.890000,0x065,0,0,1,0x00,0x00,0x00,0x00,0x00,0x00,0x00,0x00
4.087850,0x065,0,0,1,0x00,0x00,0x00,0x00,0x00,0x00,0x00,0x00
4.088800,0x06F,0,0,8,0xD1,0xC3,0x8F,0xC9,0x11,0xA2,0xCF,0x84
4.285850,0x065,0,0,1,0x00,0x00,0x00,0x00,0x00,0x00,0x00,0x00
4.286800,0x06F,0,0,8,0xD1,0xBB,0xAF,0x49,0xDA,0xA1,0xCF,0x7F
4.483850,0x065,0,0,1,0x00,0x00,0x00,0x00,0x00,0x00,0x00,0x00
4.484800,0x06F,0,0,8,0xD1,0x13,0x90,0x48,0x02,0xEE,0x8F,0x83
4.681850,0x065,0,0,1,0x00,0x00,0x00,0x00,0x00,0x00,0x00,0x00
4.682800,0x06F,0,0,8,0xD3,0xAB,0xAF,0x49,0xFC,0xAD,0x0F,0x7E
4.879850,0x065,0,0,1,0x00,0x00,0x00,0x00,0x00,0x00,0x00,0x00
4.880950,0x06F,0,0,8,0xE5,0xE3,0x0E,0x49,0xDD,0x95,0x0F,0x82
5.077350,0x06F,0,0,8,0xE9,0x5B,0x4F,0xCA,0xF5,0xF9,0x2F,0x84
5.078000,0x065,0,0,1,0x00,0x00,0x00,0x00,0x00,0x00,0x00,0x00
5.275350,0x06F,0,0,8,0xD1,0xD3,0x8F,0xC8,0xE5,0xE9,0xEF,0x7C
5.276000,0x065,0,0,1,0x00,0x00,0x00,0x00,0x00,0x00,0x00,0x00
5.473900,0x065,0,0,1,0x00,0x00,0x00,0x00,0x00,0x00,0x00,0x00
5.474800,0x06F,0,0,8,0xDB,0x4B,0xAF,0x49,0xF3,0x45,0xB0,0x7B
5.671900,0x065,0,0,1,0x00,0x00,0x00,0x00,0x00,0x00,0x00,0x00
5.672000,0x06F,0,0,8,0xDF,0x53,0xCF,0x48,0x11,0xDA,0x2F,0x7E
5.869850,0x065,0,0,1,0x00,0x00,0x00,0x00,0x00,0x00,0x00,0x00
5.870950,0x06F,0,0,8,0xC7,0x6B,0x2F,0x4B,0xD8,0x1D,0x0D,0x5A
6.067850,0x065,0,0,1,0x00,0x00,0x00,0x00,0x00,0x00,0x00,0x00
6.068800,0x06F,0,0,8,0xE3,0x0B,0x30,0x48,0xD4,0xD5,0xAD,0x7C
6.265400,0x06F,0,0,8,0xFF,0xA3,0x6F,0x4A,0xE2,0x49,0xCE,0x9E
6.266000,0x065,0,0,1,0x00,0x00,0x00,0x00,0x00,0x00,0x00,0x00
6.463400,0x06F,0,0,8,0x05,0x74,0x0F,0xC9,0xA3,0xC1,0x91,0x97
6.464000,0x065,0,0,1,0x00,0x00,0x00,0x00,0x00,0x00,0x00,0x00
6.661850,0x065,0,0,1,0x00,0x00,0x00,0x00,0x00,0x00,0x00,0x00
6.662850,0x06F,0,0,8,0xF5,0x63,0xCF,0xC9,0xE2,0x45,0xD0,0x7C
6.859400,0x06F,0,0,8,0xFB,0x5B,0xEF,0x4A,0x31,0x02,0x90,0x8B
6.860050,0x065,0,0,1,0x00,0x00,0x00,0x00,0x00,0x00,0x00,0x00
7.058000,0x065,0,0,1,0x00,0x00,0x00,0x00,0x00,0x00,0x00,0x00
7.059150,0x06F,0,0,8,0xF9,0x9B,0xAF,0xC9,0xEA,0xC5,0x2F,0x95
7.255900,0x065,0,0,1,0x00,0x00,0x00,0x00,0x00,0x00,0x00,0x00
7.256050,0x06F,0,0,8,0xFD,0x53,0xEF,0xC8,0x17,0x8A,0xD0,0x7B
7.453400,0x06F,0,0,8,0xED,0xCB,0x2F,0x4A,0x19,0x8A,0x10,0x7E
7.454050,0x065,0,0,1,0x00,0x00,0x00,0x00,0x00,0x00,0x00,0x00
7.651400,0x06F,0,0,8,0xF3,0x9B,0x0F,0x49,0x18,0x3E,0x50,0x7A
7.652050,0x065,0,0,1,0x00,0x00,0x00,0x00,0x00,0x00,0x00,0x00
7.849400,0x06F,0,0,8,0xEB,0xC3,0x4F,0x49,0xF5,0x81,0x2F,0x85
7.850050,0x065,0,0,1,0x00,0x00,0x00,0x00,0x00,0x00,0x00,0x00
8.047400,0x06F,0,0,8,0x01,0x54,0x8F,0xCB,0x0F,0x4A,0x93,0x70
8.048050,0x065,0,0,1,0x00,0x00,0x00,0x00,0x00,0x00,0x00,0x00
8.245400,0x06F,0,0,8,0xEB,0x03,0xD0,0xC8,0x54,0xC6,0x72,0x7D
8.246050,0x065,0,0,1,0x00,0x00,0x00,0x00,0x00,0x00,0x00,0x00
8.443400,0x06F,0,0,8,0xEF,0xB3,0x6F,0x4A,0x0E,0x32,0xF0,0x7F
8.444250,0x065,0,0,1,0x00,0x00,0x00,0x00,0x00,0x00,0x00,0x00
8.641400,0x06F,0,0,8,0xE3,0x43,0xAF,0x49,0x37,0x4E,0x2F,0x88
8.642050,0x065,0,0,1,0x00,0x00,0x00,0x00,0x00,0x00,0x00,0x00
8.839400,0x06F,0,0,8,0xE5,0x8B,0xAF,0x48,0xD7,0x3D,0x4F,0x7E
8.840050,0x065,0,0,1,0x00,0x00,0x00,0x00,0x00,0x00,0x00,0x00
9.037400,0x06F,0,0,8,0xE9,0xCB,0x2F,0xCB,0x16,0xCE,0xB0,0x86
9.038050,0x065,0,0,1,0x00,0x00,0x00,0x00,0x00,0x00,0x00,0x00
9.235400,0x06F,0,0,8,0xE9,0x83,0x2F,0xCA,0xF7,0xC5,0x8F,0x79
9.236050,0x065,0,0,1,0x00,0x00,0x00,0x00,0x00,0x00,0x00,0x00
9.433400,0x06F,0,0,8,0xE9,0x83,0xEF,0x48,0xDF,0x39,0xF0,0x7C
9.434050,0x065,0,0,1,0x00,0x00,0x00,0x00,0x00,0x00,0x00,0x00
9.631400,0x06F,0,0,8,0xED,0x6B,0x8F,0x49,0x2A,0x1A,0xD0,0x7F
9.632300,0x065,0,0,1,0x00,0x00,0x00,0x00,0x00,0x00,0x00,0x00
9.829450,0x06F,0,0,8,0xE9,0x53,0xEF,0xC9,0x5D,0x8A,0xF0,0x87
9.830100,0x065,0,0,1,0x00,0x00,0x00,0x00,0x00,0x00,0x00,0x00
10.027450,0x06F,0,0,8,0xEB,0xB3,0x4F,0x49,0xEB,0x01,0x90,0x7F
10.028100,0x065,0,0,1,0x00,0x00,0x00,0x00,0x00,0x00,0x00,0x00
10.225450,0x06F,0,0,8,0xEB,0x53,0x2F,0xCA,0x8A,0x75,0x8F,0x7D
10.226050,0x065,0,0,1,0x00,0x00,0x00,0x00,0x00,0x00,0x00,0x00
10.423450,0x06F,0,0,8,0xED,0x4B,0x0F,0x4A,0xF2,0x89,0x90,0x7D
10.424200,0x065,0,0,1,0x00,0x00,0x00,0x00,0x00,0x00,0x00,0x00
10.621450,0x06F,0,0,8,0xEB,0x53,0xAF,0x48,0xD8,0x3D,0x2F,0x86
10.622050,0x065,0,0,1,0x00,0x00,0x00,0x00,0x00,0x00,0x00,0x00
10.819450,0x06F,0,0,8,0x45,0xFC,0xCE,0x47,0x55,0x31,0xD0,0x28
10.820300,0x065,0,0,1,0x00,0x00,0x00,0x00,0x00,0x00,0x00,0x00
11.017450,0x06F,0,0,8,0x2F,0x6C,0x4F,0xCA,0xBA,0x4A,0x90,0x7A
11.018300,0x065,0,0,1,0x00,0x00,0x00,0x00,0x00,0x00,0x00,0x00
11.215450,0x06F,0,0,8,0x01,0xFC,0x8E,0x4A,0x94,0x31,0xDC,0x04
11.216100,0x065,0,0,1,0x00,0x00,0x00,0x00,0x00,0x00,0x00,0x00
11.413450,0x06F,0,0,8,0x3B,0x5C,0x0E,0x46,0x00,0xD0,0x45,0x60
11.414200,0x065,0,0,1,0x00,0x00,0x00,0x00,0x00,0x00,0x00,0x00
11.611450,0x06F,0,0,8,0x47,0x24,0x8E,0xBC,0x85,0xD1,0x8D,0x7B
11.612200,0x065,0,0,1,0x00,0x00,0x00,0x00,0x00,0x00,0x00,0x00
11.809450,0x06F,0,0,8,0x4F,0x3C,0x6E,0xBF,0xFF,0xFF,0xBF,0x5E
11.810450,0x065,0,0,1,0x00,0x00,0x00,0x00,0x00,0x00,0x00,0x00
12.007450,0x06F,0,0,8,0xD1,0x4B,0xF0,0x4F,0xC9,0xF2,0x78,0x7A
12.008350,0x065,0,0,1,0x00,0x00,0x00,0x00,0x00,0x00,0x00,0x00
12.205450,0x06F,0,0,8,0x09,0x74,0x2E,0x45,0x3E,0x8C,0x73,0x2F
12.206350,0x065,0,0,1,0x00,0x00,0x00,0x00,0x00,0x00,0x00,0x00
12.403450,0x06F,0,0,8,0x2F,0xAC,0x8D,0x3F,0xE3,0x15,0xAF,0x78
12.404100,0x065,0,0,1,0x00,0x00,0x00,0x00,0x00,0x00,0x00,0x00
12.601450,0x06F,0,0,8,0x29,0xB4,0xED,0xC0,0x55,0x5E,0x6F,0x83
12.602250,0x065,0,0,1,0x00,0x00,0x00,0x00,0x00,0x00,0x00,0x00
12.799450,0x06F,0,0,8,0x0D,0x74,0xEE,0xC0,0xFF,0x1F,0x5C,0x8A
12.800250,0x065,0,0,1,0x00,0x00,0x00,0x00,0x00,0x00,0x00,0x00
12.997450,0x06F,0,0,8,0xD7,0x8B,0xF1,0xCA,0xD8,0x51,0xB0,0x70
12.998450,0x065,0,0,1,0x00,0x00,0x00,0x00,0x00,0x00,0x00,0x00
13.195450,0x06F,0,0,8,0xF9,0xD3,0x4F,0x4A,0x89,0x75,0x4A,0x78
13.196300,0x065,0,0,1,0x00,0x00,0x00,0x00,0x00,0x00,0x00,0x00
13.393450,0x06F,0,0,8,0x07,0x6C,0xD0,0x48,0x8C,0x2A,0xC7,0x7B
13.394350,0x065,0,0,1,0x00,0x00,0x00,0x00,0x00,0x00,0x00,0x00
13.591450,0x06F,0,0,8,0x01,0xBC,0x70,0xC9,0x00,0xFE,0xCF,0x7F
13.592450,0x065,0,0,1,0x00,0x00,0x00,0x00,0x00,0x00,0x00,0x00
13.789450,0x06F,0,0,8,0x01,0xBC,0x70,0xC9,0xFF,0xFD,0x4F,0x80
13.790250,0x065,0,0,1,0x00,0x00,0x00,0x00,0x00,0x00,0x00,0x00
13.987450,0x06F,0,0,8,0x01,0xBC,0x50,0x49,0xFF,0xFD,0xCF,0x7F
13.988250,0x065,0,0,1,0x00,0x00,0x00,0x00,0x00,0x00,0x00,0x00
14.185500,0x06F,0,0,8,0x01,0xBC,0x70,0x49,0xFF,0xFD,0xEF,0x7F
14.186500,0x065,0,0,1,0x00,0x00,0x00,0x00,0x00,0x00,0x00,0x00
14.383500,0x06F,0,0,8,0x01,0xBC,0x70,0x49,0xFF,0xFD,0xEF,0x7F
14.384500,0x065,0,0,1,0x00,0x00,0x00,0x00,0x00,0x00,0x00,0x00
14.581500,0x06F,0,0,8,0x01,0xBC,0x70,0x49,0xFF,0xFD,0xEF,0x7F
14.582350,0x065,0,0,1,0x00,0x00,0x00,0x00,0x00,0x00,0x00,0x00
14.779500,0x06F,0,0,8,0x01,0xBC,0x70,0xC9,0xFE,0xFD,0xEF,0x7F
14.780500,0x065,0,0,1,0x00,0x00,0x00,0x00,0x00,0x00,0x00,0x00
14.977500,0x06F,0,0,8,0x01,0xBC,0x70,0x49,0xFF,0xFD,0xEF,0x7F
14.978250,0x065,0,0,1,0x00,0x00,0x00,0x00,0x00,0x00,0x00,0x00
15.175500,0x06F,0,0,8,0x01,0xBC,0x70,0x49,0xFF,0xFD,0xEF,0x7F
15.176250,0x065,0,0,1,0x00,0x00,0x00,0x00,0x00,0x00,0x00,0x00
15.373450,0x06F,0,0,8,0x01,0xBC,0x70,0x49,0xFF,0xFD,0xEF,0x7F
15.374500,0x065,0,0,1,0x00,0x00,0x00,0x00,0x00,0x00,0x00,0x00
15.571500,0x06F,0,0,8,0x01,0xBC,0x70,0x49,0xFF,0xFD,0xEF,0x7F
15.572500,0x065,0,0,1,0x00,0x00,0x00,0x00,0x00,0x00,0x00,0x00
15.769500,0x06F,0,0,8,0x01,0xBC,0x70,0x49,0xFF,0xFD,0xEF,0x7F
15.770350,0x065,0,0,1,0x00,0x00,0x00,0x00,0x00,0x00,0x00,0x00
15.967500,0x06F,0,0,8,0x01,0xBC,0x70,0x49,0xFF,0xFD,0xEF,0x7F
15.968500,0x065,0,0,1,0x00,0x00,0x00,0x00,0x00,0x00,0x00,0x00
16.165500,0x06F,0,0,8,0x01,0xBC,0x70,0x49,0xFF,0xFD,0xEF,0x7F
16.166500,0x065,0,0,1,0x00,0x00,0x00,0x00,0x00,0x00,0x00,0x00
16.363500,0x06F,0,0,8,0x01,0xBC,0x70,0x49,0xFF,0xFD,0xEF,0x7F
16.364500,0x065,0,0,1,0x00,0x00,0x00,0x00,0x00,0x00,0x00,0x00
16.561500,0x06F,0,0,8,0x01,0xBC,0x70,0xC9,0xFE,0xFD,0xEF,0x7F
16.562500,0x065,0,0,1,0x00,0x00,0x00,0x00,0x00,0x00,0x00,0x00
16.759500,0x06F,0,0,8,0x01,0xBC,0x70,0x49,0xFF,0xFD,0xEF,0x7F
16.760500,0x065,0,0,1,0x00,0x00,0x00,0x00,0x00,0x00,0x00,0x00
16.957500,0x06F,0,0,8,0x01,0xBC,0x70,0x49,0xFF,0xFD,0xEF,0x7F
16.958550,0x065,0,0,1,0x00,0x00,0x00,0x00,0x00,0x00,0x00,0x00
17.155500,0x06F,0,0,8,0x01,0xBC,0x70,0x49,0xFF,0xFD,0xEF,0x7F
17.156500,0x065,0,0,1,0x00,0x00,0x00,0x00,0x00,0x00,0x00,0x00
17.353500,0x06F,0,0,8,0x01,0xBC,0x70,0xC9,0xFE,0xFD,0xEF,0x7F
17.354500,0x065,0,0,1,0x00,0x00,0x00,0x00,0x00,0x00,0x00,0x00
17.551500,0x06F,0,0,8,0x01,0xBC,0x70,0xC9,0xFE,0xFD,0xEF,0x7F
17.552500,0x065,0,0,1,0x00,0x00,0x00,0x00,0x00,0x00,0x00,0x00
17.749500,0x06F,0,0,8,0x01,0xBC,0x70,0x49,0xFF,0xFD,0xEF,0x7F
17.750500,0x065,0,0,1,0x00,0x00,0x00,0x00,0x00,0x00,0x00,0x00
17.947500,0x06F,0,0,8,0x01,0xBC,0x70,0xC9,0xFE,0xFD,0xEF,0x7F
17.949200,0x065,0,0,1,0x00,0x00,0x00,0x00,0x00,0x00,0x00,0x00
18.145500,0x06F,0,0,8,0x01,0xBC,0x70,0x49,0xFF,0xFD,0xEF,0x7F
18.146500,0x065,0,0,1,0x00,0x00,0x00,0x00,0x00,0x00,0x00,0x00
18.343550,0x06F,0,0,8,0x01,0xBC,0x70,0x49,0xFF,0xFD,0xEF,0x7F
18.344550,0x065,0,0,1,0x00,0x00,0x00,0x00,0x00,0x00,0x00,0x00
18.541550,0x06F,0,0,8,0x01,0xBC,0x70,0x49,0xFF,0xFD,0xEF,0x7F
18.739800,0x065,0,0,1,0x00,0x00,0x00,0x00,0x00,0x00,0x00,0x00
18.740950,0x06F,0,0,8,0x01,0xBC,0x70,0x49,0xFF,0xFD,0xEF,0x7F
18.937800,0x065,0,0,1,0x00,0x00,0x00,0x00,0x00,0x00,0x00,0x00
18.939100,0x06F,0,0,8,0x01,0xBC,0x70,0x49,0xFF,0xFD,0xEF,0x7F
19.135800,0x065,0,0,1,0x00,0x00,0x00,0x00,0x00,0x00,0x00,0x00
19.137000,0x06F,0,0,8,0x01,0xBC,0x70,0x49,0xFF,0xFD,0xEF,0x7F
19.333800,0x065,0,0,1,0x00,0x00,0x00,0x00,0x00,0x00,0x00,0x00
19.335000,0x06F,0,0,8,0x01,0xBC,0x70,0x49,0xFF,0xFD,0xEF,0x7F
19.532000,0x065,0,0,1,0x00,0x00,0x00,0x00,0x00,0x00,0x00,0x00
19.533000,0x06F,0,0,8,0x01,0xBC,0x70,0x49,0xFF,0xFD,0xEF,0x7F
19.729800,0x065,0,0,1,0x00,0x00,0x00,0x00,0x00,0x00,0x00,0x00
19.731000,0x06F,0,0,8,0x01,0xBC,0x70,0x49,0xFF,0xFD,0xEF,0x7F
19.928050,0x065,0,0,1,0x00,0x00,0x00,0x00,0x00,0x00,0x00,0x00
19.929150,0x06F,0,0,8,0x01,0xBC,0x70,0x49,0xFF,0xFD,0xEF,0x7F
20.125800,0x065,0,0,1,0x00,0x00,0x00,0x00,0x00,0x00,0x00,0x00
20.127000,0x06F,0,0,8,0x01,0xBC,0x70,0xC9,0xFE,0xFD,0xEF,0x7F
20.323800,0x065,0,0,1,0x00,0x00,0x00,0x00,0x00,0x00,0x00,0x00
20.325000,0x06F,0,0,8,0x01,0xBC,0x70,0x49,0xFF,0xFD,0xEF,0x7F
20.521800,0x065,0,0,1,0x00,0x00,0x00,0x00,0x00,0x00,0x00,0x00
20.523000,0x06F,0,0,8,0x01,0xBC,0x70,0x49,0xFF,0xFD,0xEF,0x7F
20.720050,0x065,0,0,1,0x00,0x00,0x00,0x00,0x00,0x00,0x00,0x00
20.721000,0x06F,0,0,8,0x01,0xBC,0x70,0x49,0xFF,0xFD,0xEF,0x7F
20.917800,0x065,0,0,1,0x00,0x00,0x00,0x00,0x00,0x00,0x00,0x00
20.919150,0x06F,0,0,8,0x01,0xBC,0x70,0x49,0xFF,0xFD,0xEF,0x7F
21.116050,0x065,0,0,1,0x00,0x00,0x00,0x00,0x00,0x00,0x00,0x00
21.117000,0x06F,0,0,8,0x01,0xBC,0x70,0x49,0xFF,0xFD,0xEF,0x7F
21.314050,0x065,0,0,1,0x00,0x00,0x00,0x00,0x00,0x00,0x00,0x00
21.315000,0x06F,0,0,8,0x01,0xBC,0x70,0x49,0xFF,0xFD,0xEF,0x7F
21.511800,0x065,0,0,1,0x00,0x00,0x00,0x00,0x00,0x00,0x00,0x00
21.513000,0x06F,0,0,8,0x01,0xBC,0x70,0x49,0xFF,0xFD,0xEF,0x7F
21.709850,0x065,0,0,1,0x00,0x00,0x00,0x00,0x00,0x00,0x00,0x00
21.711000,0x06F,0,0,8,0x01,0xBC,0x70,0x49,0xFF,0xFD,0xEF,0x7F
21.908050,0x065,0,0,1,0x00,0x00,0x00,0x00,0x00,0x00,0x00,0x00
21.909150,0x06F,0,0,8,0x01,0xBC,0x70,0x49,0xFF,0xFD,0xEF,0x7F
22.106050,0x065,0,0,1,0x00,0x00,0x00,0x00,0x00,0x00,0x00,0x00
22.107050,0x06F,0,0,8,0x01,0xBC,0x70,0x49,0xFF,0xFD,0xEF,0x7F
22.304050,0x065,0,0,1,0x00,0x00,0x00,0x00,0x00,0x00,0x00,0x00
22.305000,0x06F,0,0,8,0x01,0xBC,0x70,0x49,0xFF,0xFD,0xEF,0x7F
22.502100,0x065,0,0,1,0x00,0x00,0x00,0x00,0x00,0x00,0x00,0x00
22.503000,0x06F,0,0,8,0x01,0xBC,0x70,0x49,0xFF,0xFD,0xEF,0x7F
22.700050,0x065,0,0,1,0x00,0x00,0x00,0x00,0x00,0x00,0x00,0x00
22.701000,0x06F,0,0,8,0x01,0xBC,0x70,0x49,0xFF,0xFD,0xEF,0x7F
22.898050,0x065,0,0,1,0x00,0x00,0x00,0x00,0x00,0x00,0x00,0x00
22.899150,0x06F,0,0,8,0x01,0xBC,0x70,0x49,0xFF,0xFD,0xEF,0x7F
23.096050,0x065,0,0,1,0x00,0x00,0x00,0x00,0x00,0x00,0x00,0x00
23.097000,0x06F,0,0,8,0x01,0xBC,0x70,0xC9,0xFE,0xFD,0xEF,0x7F
23.294050,0x065,0,0,1,0x00,0x00,0x00,0x00,0x00,0x00,0x00,0x00
23.295050,0x06F,0,0,8,0x01,0xBC,0x70,0x49,0xFF,0xFD,0xEF,0x7F
23.491600,0x06F,0,0,8,0x01,0xBC,0x70,0x49,0xFF,0xFD,0xEF,0x7F
23.492200,0x065,0,0,1,0x00,0x00,0x00,0x00,0x00,0x00,0x00,0x00
23.690050,0x065,0,0,1,0x00,0x00,0x00,0x00,0x00,0x00,0x00,0x00
23.691050,0x06F,0,0,8,0x01,0xBC,0x70,0xC9,0xFE,0xFD,0xEF,0x7F
23.888050,0x065,0,0,1,0x00,0x00,0x00,0x00,0x00,0x00,0x00,0x00
23.889150,0x06F,0,0,8,0x01,0xBC,0x70,0x49,0xFF,0xFD,0xEF,0x7F
24.086050,0x065,0,0,1,0x00,0x00,0x00,0x00,0x00,0x00,0x00,0x00
24.087050,0x06F,0,0,8,0x01,0xBC,0x70,0x49,0xFF,0xFD,0xEF,0x7F
24.284050,0x065,0,0,1,0x00,0x00,0x00,0x00,0x00,0x00,0x00,0x00
24.285050,0x06F,0,0,8,0x01,0xBC,0x70,0x49,0xFF,0xFD,0xEF,0x7F
24.481600,0x06F,0,0,8,0x01,0xBC,0x70,0x49,0xFF,0xFD,0xEF,0x7F
24.482250,0x065,0,0,1,0x00,0x00,0x00,0x00,0x00,0x00,0x00,0x00
24.679600,0x06F,0,0,8,0x01,0xBC,0x70,0xC9,0xFE,0xFD,0xEF,0x7F
24.680250,0x065,0,0,1,0x00,0x00,0x00,0x00,0x00,0x00,0x00,0x00
24.878100,0x065,0,0,1,0x00,0x00,0x00,0x00,0x00,0x00,0x00,0x00
24.879350,0x06F,0,0,8,0x01,0xBC,0x70,0x49,0xFF,0xFD,0xEF,0x7F
25.076100,0x065,0,0,1,0x00,0x00,0x00,0x00,0x00,0x00,0x00,0x00
25.077050,0x06F,0,0,8,0x01,0xBC,0x70,0x49,0xFF,0xFD,0xEF,0x7F
25.273600,0x06F,0,0,8,0x01,0xBC,0x70,0x49,0xFF,0xFD,0xEF,0x7F
25.274250,0x065,0,0,1,0x00,0x00,0x00,0x00,0x00,0x00,0x00,0x00
25.472100,0x065,0,0,1,0x00,0x00,0x00,0x00,0x00,0x00,0x00,0x00
25.473050,0x06F,0,0,8,0x01,0xBC,0x70,0x49,0xFF,0xFD,0xEF,0x7F
25.669600,0x06F,0,0,8,0x01,0xBC,0x70,0xC9,0xFE,0xFD,0xEF,0x7F
25.670250,0x065,0,0,1,0x00,0x00,0x00,0x00,0x00,0x00,0x00,0x00
25.867600,0x06F,0,0,8,0x01,0xBC,0x70,0x49,0xFF,0xFD,0xEF,0x7F
25.868250,0x065,0,0,1,0x00,0x00,0x00,0x00,0x00,0x00,0x00,0x00
26.066100,0x065,0,0,1,0x00,0x00,0x00,0x00,0x00,0x00,0x00,0x00
26.067100,0x06F,0,0,8,0x01,0xBC,0x70,0x49,0xFF,0xFD,0xEF,0x7F
26.264100,0x065,0,0,1,0x00,0x00,0x00,0x00,0x00,0x00,0x00,0x00
26.265100,0x06F,0,0,8,0x01,0xBC,0x70,0x49,0xFF,0xFD,0xEF,0x7F
26.461600,0x06F,0,0,8,0x01,0xBC,0x70,0x49,0xFF,0xFD,0xEF,0x7F
26.462250,0x065,0,0,1,0x00,0x00,0x00,0x00,0x00,0x00,0x00,0x00
26.660100,0x065,0,0,1,0x00,0x00,0x00,0x00,0x00,0x00,0x00,0x00
26.661050,0x06F,0,0,8,0x01,0xBC,0x70,0x49,0xFF,0xFD,0xEF,0x7F
26.857650,0x06F,0,0,8,0x01,0xBC,0x70,0x49,0xFF,0xFD,0xEF,0x7F
26.858300,0x065,0,0,1,0x00,0x00,0x00,0x00,0x00,0x00,0x00,0x00
27.055650,0x06F,0,0,8,0x01,0xBC,0x70,0x49,0xFF,0xFD,0xEF,0x7F
27.056250,0x065,0,0,1,0x00,0x00,0x00,0x00,0x00,0x00,0x00,0x00
27.253650,0x06F,0,0,8,0x01,0xBC,0x70,0x49,0xFF,0xFD,0xEF,0x7F
27.254250,0x065,0,0,1,0x00,0x00,0x00,0x00,0x00,0x00,0x00,0x00
27.452100,0x065,0,0,1,0x00,0x00,0x00,0x00,0x00,0x00,0x00,0x00
27.452250,0x06F,0,0,8,0x01,0xBC,0x70,0x49,0xFF,0xFD,0xEF,0x7F
27.649650,0x06F,0,0,8,0x01,0xBC,0x70,0x49,0xFF,0xFD,0xEF,0x7F
27.650250,0x065,0,0,1,0x00,0x00,0x00,0x00,0x00,0x00,0x00,0x00
27.847650,0x06F,0,0,8,0x01,0xBC,0x70,0x49,0xFF,0xFD,0xEF,0x7F
27.848250,0x065,0,0,1,0x00,0x00,0x00,0x00,0x00,0x00,0x00,0x00
28.045600,0x06F,0,0,8,0x01,0xBC,0x70,0x49,0xFF,0xFD,0xEF,0x7F
28.046300,0x065,0,0,1,0x00,0x00,0x00,0x00,0x00,0x00,0x00,0x00
28.243650,0x06F,0,0,8,0x01,0xBC,0x70,0xC9,0xFE,0xFD,0xEF,0x7F
28.244300,0x065,0,0,1,0x00,0x00,0x00,0x00,0x00,0x00,0x00,0x00
28.441650,0x06F,0,0,8,0x01,0xBC,0x70,0xC9,0xFE,0xFD,0xEF,0x7F
28.442300,0x065,0,0,1,0x00,0x00,0x00,0x00,0x00,0x00,0x00,0x00
28.639650,0x06F,0,0,8,0x01,0xBC,0x70,0xC9,0xFE,0xFD,0xEF,0x7F
28.640400,0x065,0,0,1,0x00,0x00,0x00,0x00,0x00,0x00,0x00,0x00
28.837650,0x06F,0,0,8,0x01,0xBC,0x70,0x49,0xFF,0xFD,0xEF,0x7F
28.838300,0x065,0,0,1,0x00,0x00,0x00,0x00,0x00,0x00,0x00,0x00
29.035650,0x06F,0,0,8,0x01,0xBC,0x70,0x49,0xFF,0xFD,0xEF,0x7F
29.036300,0x065,0,0,1,0x00,0x00,0x00,0x00,0x00,0x00,0x00,0x00
29.233650,0x06F,0,0,8,0x01,0xBC,0x70,0x49,0xFF,0xFD,0xEF,0x7F
29.234300,0x065,0,0,1,0x00,0x00,0x00,0x00,0x00,0x00,0x00,0x00
29.431650,0x06F,0,0,8,0x01,0xBC,0x70,0x49,0xFF,0xFD,0xEF,0x7F
29.432300,0x065,0,0,1,0x00,0x00,0x00,0x00,0x00,0x00,0x00,0x00
29.629650,0x06F,0,0,8,0x01,0xBC,0x70,0x49,0xFF,0xFD,0xEF,0x7F
29.630300,0x065,0,0,1,0x00,0x00,0x00,0x00,0x00,0x00,0x00,0x00
29.827650,0x06F,0,0,8,0x01,0xBC,0x70,0x49,0xFF,0xFD,0xEF,0x7F
29.828450,0x065,0,0,1,0x00,0x00,0x00,0x00,0x00,0x00,0x00,0x00
30.025650,0x06F,0,0,8,0x01,0xBC,0x70,0x49,0xFF,0xFD,0xEF,0x7F
30.026300,0x065,0,0,1,0x00,0x00,0x00,0x00,0x00,0x00,0x00,0x00
30.223650,0x06F,0,0,8,0x01,0xBC,0x70,0x49,0xFF,0xFD,0xEF,0x7F
30.224500,0x065,0,0,1,0x00,0x00,0x00,0x00,0x00,0x00,0x00,0x00
30.421650,0x06F,0,0,8,0x01,0xBC,0x70,0x49,0xFF,0xFD,0xEF,0x7F
30.422550,0x065,0,0,1,0x00,0x00,0x00,0x00,0x00,0x00,0x00,0x00
30.619650,0x06F,0,0,8,0x01,0xBC,0x70,0x49,0xFF,0xFD,0xEF,0x7F
30.620300,0x065,0,0,1,0x00,0x00,0x00,0x00,0x00,0x00,0x00,0x00
30.817650,0x06F,0,0,8,0x01,0xBC,0x70,0xC9,0xFE,0xFD,0xEF,0x7F
30.818300,0x065,0,0,1,0x00,0x00,0x00,0x00,0x00,0x00,0x00,0x00
31.015700,0x06F,0,0,8,0x01,0xBC,0x70,0xC9,0xFE,0xFD,0xEF,0x7F
31.016450,0x065,0,0,1,0x00,0x00,0x00,0x00,0x00,0x00,0x00,0x00
31.213700,0x06F,0,0,8,0x01,0xBC,0x70,0x49,0xFF,0xFD,0xEF,0x7F
31.214450,0x065,0,0,1,0x00,0x00,0x00,0x00,0x00,0x00,0x00,0x00
31.411700,0x06F,0,0,8,0x01,0xBC,0x70,0x49,0xFF,0xFD,0xEF,0x7F
31.412550,0x065,0,0,1,0x00,0x00,0x00,0x00,0x00,0x00,0x00,0x00
31.609700,0x06F,0,0,8,0x01,0xBC,0x70,0x49,0xFF,0xFD,0xEF,0x7F
31.610550,0x065,0,0,1,0x00,0x00,0x00,0x00,0x00,0x00,0x00,0x00
31.807700,0x06F,0,0,8,0x01,0xBC,0x70,0x49,0xFF,0xFD,0xEF,0x7F
31.808300,0x065,0,0,1,0x00,0x00,0x00,0x00,0x00,0x00,0x00,0x00
32.005700,0x06F,0,0,8,0x01,0xBC,0x70,0x49,0xFF,0xFD,0xEF,0x7F
32.006450,0x065,0,0,1,0x00,0x00,0x00,0x00,0x00,0x00,0x00,0x00
32.203650,0x06F,0,0,8,0x01,0xBC,0x70,0x49,0xFF,0xFD,0xEF,0x7F
32.204450,0x065,0,0,1,0x00,0x00,0x00,0x00,0x00,0x00,0x00,0x00
32.401700,0x06F,0,0,8,0x01,0xBC,0x70,0x49,0xFF,0xFD,0xEF,0x7F
32.402450,0x065,0,0,1,0x00,0x00,0x00,0x00,0x00,0x00,0x00,0x00
32.599700,0x06F,0,0,8,0x01,0xBC,0x70,0x49,0xFF,0xFD,0xEF,0x7F
32.600550,0x065,0,0,1,0x00,0x00,0x00,0x00,0x00,0x00,0x00,0x00
32.797700,0x06F,0,0,8,0x01,0xBC,0x70,0x49,0xFF,0xFD,0xEF,0x7F
32.798550,0x065,0,0,1,0x00,0x00,0x00,0x00,0x00,0x00,0x00,0x00
32.995700,0x06F,0,0,8,0x01,0xBC,0x70,0x49,0xFF,0xFD,0xEF,0x7F
32.996550,0x065,0,0,1,0x00,0x00,0x00,0x00,0x00,0x00,0x00,0x00
33.193700,0x06F,0,0,8,0x01,0xBC,0x70,0xC9,0xFE,0xFD,0xEF,0x7F
33.194500,0x065,0,0,1,0x00,0x00,0x00,0x00,0x00,0x00,0x00,0x00
33.391700,0x06F,0,0,8,0x01,0xBC,0x70,0xC9,0xFE,0xFD,0xEF,0x7F
33.392500,0x065,0,0,1,0x00,0x00,0x00,0x00,0x00,0x00,0x00,0x00
33.589700,0x06F,0,0,8,0x01,0xBC,0x70,0x49,0xFF,0xFD,0xEF,0x7F
33.590700,0x065,0,0,1,0x00,0x00,0x00,0x00,0x00,0x00,0x00,0x00
33.787700,0x06F,0,0,8,0x01,0xBC,0x70,0x49,0xFF,0xFD,0xEF,0x7F
33.788700,0x065,0,0,1,0x00,0x00,0x00,0x00,0x00,0x00,0x00,0x00
33.985700,0x06F,0,0,8,0x01,0xBC,0x70,0x49,0xFF,0xFD,0xEF,0x7F
33.986550,0x065,0,0,1,0x00,0x00,0x00,0x00,0x00,0x00,0x00,0x00
34.183700,0x06F,0,0,8,0x01,0xBC,0x70,0x49,0xFF,0xFD,0xEF,0x7F
34.184550,0x065,0,0,1,0x00,0x00,0x00,0x00,0x00,0x00,0x00,0x00
34.381700,0x06F,0,0,8,0x01,0xBC,0x70,0x49,0xFF,0xFD,0xEF,0x7F
34.382700,0x065,0,0,1,0x00,0x00,0x00,0x00,0x00,0x00,0x00,0x00
34.579700,0x06F,0,0,8,0x01,0xBC,0x70,0x49,0xFF,0xFD,0xEF,0x7F
34.580500,0x065,0,0,1,0x00,0x00,0x00,0x00,0x00,0x00,0x00,0x00
34.777700,0x06F,0,0,8,0x01,0xBC,0x70,0x49,0xFF,0xFD,0xEF,0x7F
34.778700,0x065,0,0,1,0x00,0x00,0x00,0x00,0x00,0x00,0x00,0x00
34.975700,0x06F,0,0,8,0x01,0xBC,0x70,0x49,0xFF,0xFD,0xEF,0x7F
34.976700,0x065,0,0,1,0x00,0x00,0x00,0x00,0x00,0x00,0x00,0x00
35.173750,0x06F,0,0,8,0x01,0xBC,0x70,0xC9,0xFE,0xFD,0xEF,0x7F
35.174600,0x065,0,0,1,0x00,0x00,0x00,0x00,0x00,0x00,0x00,0x00
35.371750,0x06F,0,0,8,0x01,0xBC,0x70,0xC9,0xFE,0xFD,0xEF,0x7F
35.372600,0x065,0,0,1,0x00,0x00,0x00,0x00,0x00,0x00,0x00,0x00
35.569750,0x06F,0,0,8,0x01,0xBC,0x70,0x49,0xFF,0xFD,0xEF,0x7F
35.570750,0x065,0,0,1,0x00,0x00,0x00,0x00,0x00,0x00,0x00,0x00
35.767750,0x06F,0,0,8,0x01,0xBC,0x70,0x49,0xFF,0xFD,0xEF,0x7F
35.768500,0x065,0,0,1,0x00,0x00,0x00,0x00,0x00,0x00,0x00,0x00
35.965750,0x06F,0,0,8,0x01,0xBC,0x70,0x49,0xFF,0xFD,0xEF,0x7F
35.966750,0x065,0,0,1,0x00,0x00,0x00,0x00,0x00,0x00,0x00,0x00
36.163750,0x06F,0,0,8,0x01,0xBC,0x70,0x49,0xFF,0xFD,0xEF,0x7F
36.164750,0x065,0,0,1,0x00,0x00,0x00,0x00,0x00,0x00,0x00,0x00
36.361700,0x06F,0,0,8,0x01,0xBC,0x70,0x49,0xFF,0xFD,0xEF,0x7F
36.362750,0x065,0,0,1,0x00,0x00,0x00,0x00,0x00,0x00,0x00,0x00
36.559700,0x06F,0,0,8,0x01,0xBC,0x70,0x49,0xFF,0xFD,0xEF,0x7F
36.560750,0x065,0,0,1,0x00,0x00,0x00,0x00,0x00,0x00,0x00,0x00
36.757750,0x06F,0,0,8,0x01,0xBC,0x70,0x49,0xFF,0xFD,0xEF,0x7F
36.758750,0x065,0,0,1,0x00,0x00,0x00,0x00,0x00,0x00,0x00,0x00
36.955750,0x06F,0,0,8,0x01,0xBC,0x70,0x49,0xFF,0xFD,0xEF,0x7F
36.956750,0x065,0,0,1,0x00,0x00,0x00,0x00,0x00,0x00,0x00,0x00
37.153750,0x06F,0,0,8,0x01,0xBC,0x70,0x49,0xFF,0xFD,0xEF,0x7F
37.154750,0x065,0,0,1,0x00,0x00,0x00,0x00,0x00,0x00,0x00,0x00
37.351750,0x06F,0,0,8,0x01,0xBC,0x70,0x49,0xFF,0xFD,0xEF,0x7F
37.352750,0x065,0,0,1,0x00,0x00,0x00,0x00,0x00,0x00,0x00,0x00
37.549750,0x06F,0,0,8,0x01,0xBC,0x70,0x49,0xFF,0xFD,0xEF,0x7F
37.550750,0x065,0,0,1,0x00,0x00,0x00,0x00,0x00,0x00,0x00,0x00
37.747750,0x06F,0,0,8,0x01,0xBC,0x70,0x49,0xFF,0xFD,0xEF,0x7F
37.748900,0x065,0,0,1,0x00,0x00,0x00,0x00,0x00,0x00,0x00,0x00
37.945750,0x06F,0,0,8,0x01,0xBC,0x70,0x49,0xFF,0xFD,0xEF,0x7F
37.947400,0x065,0,0,1,0x00,0x00,0x00,0x00,0x00,0x00,0x00,0x00
38.143750,0x06F,0,0,8,0x01,0xBC,0x70,0x49,0xFF,0xFD,0xEF,0x7F
38.144900,0x065,0,0,1,0x00,0x00,0x00,0x00,0x00,0x00,0x00,0x00
38.341750,0x06F,0,0,8,0x01,0xBC,0x70,0x49,0xFF,0xFD,0xEF,0x7F
38.540000,0x065,0,0,1,0x00,0x00,0x00,0x00,0x00,0x00,0x00,0x00
38.541200,0x06F,0,0,8,0x01,0xBC,0x70,0x49,0xFF,0xFD,0xEF,0x7F
38.738050,0x065,0,0,1,0x00,0x00,0x00,0x00,0x00,0x00,0x00,0x00
38.739200,0x06F,0,0,8,0x01,0xBC,0x70,0x49,0xFF,0xFD,0xEF,0x7F
38.936050,0x065,0,0,1,0x00,0x00,0x00,0x00,0x00,0x00,0x00,0x00
38.937350,0x06F,0,0,8,0x01,0xBC,0x70,0x49,0xFF,0xFD,0xEF,0x7F
39.134050,0x065,0,0,1,0x00,0x00,0x00,0x00,0x00,0x00,0x00,0x00
39.135200,0x06F,0,0,8,0x01,0xBC,0x70,0x49,0xFF,0xFD,0xEF,0x7F
39.332050,0x065,0,0,1,0x00,0x00,0x00,0x00,0x00,0x00,0x00,0x00
39.333200,0x06F,0,0,8,0x01,0xBC,0x70,0x49,0xFF,0xFD,0xEF,0x7F
39.530250,0x065,0,0,1,0x00,0x00,0x00,0x00,0x00,0x00,0x00,0x00
39.531200,0x06F,0,0,8,0x01,0xBC,0x70,0x49,0xFF,0xFD,0xEF,0x7F
39.728050,0x065,0,0,1,0x00,0x00,0x00,0x00,0x00,0x00,0x00,0x00
39.729200,0x06F,0,0,8,0x01,0xBC,0x70,0xC9,0xFE,0xFD,0xEF,0x7F
39.926050,0x065,0,0,1,0x00,0x00,0x00,0x00,0x00,0x00,0x00,0x00
39.927350,0x06F,0,0,8,0x01,0xBC,0x70,0x49,0xFF,0xFD,0xEF,0x7F
40.124050,0x065,0,0,1,0x00,0x00,0x00,0x00,0x00,0x00,0x00,0x00
40.125200,0x06F,0,0,8,0x01,0xBC,0x70,0x49,0xFF,0xFD,0xEF,0x7F
40.322250,0x065,0,0,1,0x00,0x00,0x00,0x00,0x00,0x00,0x00,0x00
40.323250,0x06F,0,0,8,0x01,0xBC,0x70,0x49,0xFF,0xFD,0xEF,0x7F
40.520050,0x065,0,0,1,0x00,0x00,0x00,0x00,0x00,0x00,0x00,0x00
40.521250,0x06F,0,0,8,0x01,0xBC,0x70,0xC9,0xFE,0xFD,0xEF,0x7F
40.718250,0x065,0,0,1,0x00,0x00,0x00,0x00,0x00,0x00,0x00,0x00
40.719250,0x06F,0,0,8,0x01,0xBC,0x70,0x49,0xFF,0xFD,0xEF,0x7F
40.916050,0x065,0,0,1,0x00,0x00,0x00,0x00,0x00,0x00,0x00,0x00
40.917350,0x06F,0,0,8,0x01,0xBC,0x70,0x49,0xFF,0xFD,0xEF,0x7F
41.114050,0x065,0,0,1,0x00,0x00,0x00,0x00,0x00,0x00,0x00,0x00
41.115250,0x06F,0,0,8,0x01,0xBC,0x70,0x49,0xFF,0xFD,0xEF,0x7F
41.312300,0x065,0,0,1,0x00,0x00,0x00,0x00,0x00,0x00,0x00,0x00
41.313250,0x06F,0,0,8,0x01,0xBC,0x70,0xC9,0xFE,0xFD,0xEF,0x7F
41.510300,0x065,0,0,1,0x00,0x00,0x00,0x00,0x00,0x00,0x00,0x00
41.511250,0x06F,0,0,8,0x01,0xBC,0x70,0x49,0xFF,0xFD,0xEF,0x7F
41.708050,0x065,0,0,1,0x00,0x00,0x00,0x00,0x00,0x00,0x00,0x00
41.709250,0x06F,0,0,8,0x01,0xBC,0x70,0x49,0xFF,0xFD,0xEF,0x7F
41.906300,0x065,0,0,1,0x00,0x00,0x00,0x00,0x00,0x00,0x00,0x00
41.907400,0x06F,0,0,8,0x01,0xBC,0x70,0x49,0xFF,0xFD,0xEF,0x7F
42.104300,0x065,0,0,1,0x00,0x00,0x00,0x00,0x00,0x00,0x00,0x00
42.105250,0x06F,0,0,8,0x01,0xBC,0x70,0x49,0xFF,0xFD,0xEF,0x7F
42.302050,0x065,0,0,1,0x00,0x00,0x00,0x00,0x00,0x00,0x00,0x00
42.303250,0x06F,0,0,8,0x01,0xBC,0x70,0x49,0xFF,0xFD,0xEF,0x7F
42.500250,0x065,0,0,1,0x00,0x00,0x00,0x00,0x00,0x00,0x00,0x00
42.501250,0x06F,0,0,8,0x01,0xBC,0x70,0x49,0xFF,0xFD,0xEF,0x7F
42.698300,0x065,0,0,1,0x00,0x00,0x00,0x00,0x00,0x00,0x00,0x00
42.699250,0x06F,0,0,8,0x01,0xBC,0x70,0x49,0xFF,0xFD,0xEF,0x7F
42.895800,0x06F,0,0,8,0x01,0xBC,0x70,0x49,0xFF,0xFD,0xEF,0x7F
42.896450,0x065,0,0,1,0x00,0x00,0x00,0x00,0x00,0x00,0x00,0x00
43.094300,0x065,0,0,1,0x00,0x00,0x00,0x00,0x00,0x00,0x00,0x00
43.095300,0x06F,0,0,8,0x01,0xBC,0x70,0x49,0xFF,0xFD,0xEF,0x7F
43.292300,0x065,0,0,1,0x00,0x00,0x00,0x00,0x00,0x00,0x00,0x00
43.293250,0x06F,0,0,8,0x01,0xBC,0x70,0x49,0xFF,0xFD,0xEF,0x7F
43.490100,0x065,0,0,1,0x00,0x00,0x00,0x00,0x00,0x00,0x00,0x00
43.491250,0x06F,0,0,8,0x01,0xBC,0x70,0x49,0xFF,0xFD,0xEF,0x7F
43.688300,0x065,0,0,1,0x00,0x00,0x00,0x00,0x00,0x00,0x00,0x00
43.689250,0x06F,0,0,8,0x01,0xBC,0x70,0x49,0xFF,0xFD,0xEF,0x7F
43.886300,0x065,0,0,1,0x00,0x00,0x00,0x00,0x00,0x00,0x00,0x00
43.887400,0x06F,0,0,8,0x01,0xBC,0x70,0x49,0xFF,0xFD,0xEF,0x7F
44.083850,0x06F,0,0,8,0x01,0xBC,0x70,0x49,0xFF,0xFD,0xEF,0x7F
44.084450,0x065,0,0,1,0x00,0x00,0x00,0x00,0x00,0x00,0x00,0x00
44.282300,0x065,0,0,1,0x00,0x00,0x00,0x00,0x00,0x00,0x00,0x00
44.283250,0x06F,0,0,8,0x01,0xBC,0x70,0x49,0xFF,0xFD,0xEF,0x7F
44.480300,0x065,0,0,1,0x00,0x00,0x00,0x00,0x00,0x00,0x00,0x00
44.481300,0x06F,0,0,8,0x01,0xBC,0x70,0x49,0xFF,0xFD,0xEF,0x7F
44.678300,0x065,0,0,1,0x00,0x00,0x00,0x00,0x00,0x00,0x00,0x00
44.678450,0x06F,0,0,8,0x01,0xBC,0x70,0x49,0xFF,0xFD,0xEF,0x7F
44.876300,0x065,0,0,1,0x00,0x00,0x00,0x00,0x00,0x00,0x00,0x00
44.877400,0x06F,0,0,8,0x01,0xBC,0x70,0x49,0xFF,0xFD,0xEF,0x7F
45.074300,0x065,0,0,1,0x00,0x00,0x00,0x00,0x00,0x00,0x00,0x00
45.075300,0x06F,0,0,8,0x01,0xBC,0x70,0x49,0xFF,0xFD,0xEF,0x7F
45.271850,0x06F,0,0,8,0x01,0xBC,0x70,0x49,0xFF,0xFD,0xEF,0x7F
45.272500,0x065,0,0,1,0x00,0x00,0x00,0x00,0x00,0x00,0x00,0x00
45.469850,0x06F,0,0,8,0x01,0xBC,0x70,0x49,0xFF,0xFD,0xEF,0x7F
45.470500,0x065,0,0,1,0x00,0x00,0x00,0x00,0x00,0x00,0x00,0x00
45.668350,0x065,0,0,1,0x00,0x00,0x00,0x00,0x00,0x00,0x00,0x00
45.669300,0x06F,0,0,8,0x01,0xBC,0x70,0x49,0xFF,0xFD,0xEF,0x7F
45.865850,0x06F,0,0,8,0x01,0xBC,0x70,0x49,0xFF,0xFD,0xEF,0x7F
45.866500,0x065,0,0,1,0x00,0x00,0x00,0x00,0x00,0x00,0x00,0x00
46.064350,0x065,0,0,1,0x00,0x00,0x00,0x00,0x00,0x00,0x00,0x00
46.065300,0x06F,0,0,8,0x01,0xBC,0x70,0x49,0xFF,0xFD,0xEF,0x7F
46.262350,0x065,0,0,1,0x00,0x00,0x00,0x00,0x00,0x00,0x00,0x00
46.262500,0x06F,0,0,8,0x01,0xBC,0x70,0x49,0xFF,0xFD,0xEF,0x7F
46.459850,0x06F,0,0,8,0x01,0xBC,0x70,0x49,0xFF,0xF9,0xEF,0x7F
46.460500,0x065,0,0,1,0x00,0x00,0x00,0x00,0x00,0x00,0x00,0x00
46.657850,0x06F,0,0,8,0x01,0xBC,0x70,0x49,0xFF,0xFD,0xEF,0x7F
46.658500,0x065,0,0,1,0x00,0x00,0x00,0x00,0x00,0x00,0x00,0x00
46.856350,0x065,0,0,1,0x00,0x00,0x00,0x00,0x00,0x00,0x00,0x00
46.857450,0x06F,0,0,8,0x01,0xBC,0x70,0x49,0xFF,0xFD,0xEF,0x7F
47.053850,0x06F,0,0,8,0x01,0xBC,0x70,0x49,0xFF,0xFD,0xEF,0x7F
47.054500,0x065,0,0,1,0x00,0x00,0x00,0x00,0x00,0x00,0x00,0x00
47.251850,0x06F,0,0,8,0x01,0xBC,0x70,0x49,0xFF,0xFD,0xEF,0x7F
47.252500,0x065,0,0,1,0x00,0x00,0x00,0x00,0x00,0x00,0x00,0x00
47.449850,0x06F,0,0,8,0x01,0xBC,0x70,0x49,0xFF,0xFD,0xEF,0x7F
47.450500,0x065,0,0,1,0x00,0x00,0x00,0x00,0x00,0x00,0x00,0x00
47.647850,0x06F,0,0,8,0x01,0xBC,0x70,0x49,0xFF,0xFD,0xEF,0x7F
47.648500,0x065,0,0,1,0x00,0x00,0x00,0x00,0x00,0x00,0x00,0x00
47.845850,0x06F,0,0,8,0x01,0xBC,0x70,0x49,0xFF,0xFD,0xEF,0x7F
47.846550,0x065,0,0,1,0x00,0x00,0x00,0x00,0x00,0x00,0x00,0x00
48.043900,0x06F,0,0,8,0x01,0xBC,0x70,0x49,0xFF,0xFD,0xEF,0x7F
48.044550,0x065,0,0,1,0x00,0x00,0x00,0x00,0x00,0x00,0x00,0x00
48.241900,0x06F,0,0,8,0x01,0xBC,0x70,0x49,0xFF,0xFD,0xEF,0x7F
48.242500,0x065,0,0,1,0x00,0x00,0x00,0x00,0x00,0x00,0x00,0x00
48.439900,0x06F,0,0,8,0x01,0xBC,0x70,0x49,0xFF,0xFD,0xEF,0x7F
48.440500,0x065,0,0,1,0x00,0x00,0x00,0x00,0x00,0x00,0x00,0x00
48.637900,0x06F,0,0,8,0x01,0xBC,0x70,0x49,0xFF,0xFD,0xEF,0x7F
48.638750,0x065,0,0,1,0x00,0x00,0x00,0x00,0x00,0x00,0x00,0x00
48.835900,0x06F,0,0,8,0x01,0xBC,0x70,0x49,0xFF,0xFD,0xEF,0x7F
48.836500,0x065,0,0,1,0x00,0x00,0x00,0x00,0x00,0x00,0x00,0x00
49.033850,0x06F,0,0,8,0x01,0xBC,0x70,0x49,0xFF,0xFD,0xEF,0x7F
49.034500,0x065,0,0,1,0x00,0x00,0x00,0x00,0x00,0x00,0x00,0x00
49.231850,0x06F,0,0,8,0x01,0xBC,0x70,0x49,0xFF,0xFD,0xEF,0x7F
49.232650,0x065,0,0,1,0x00,0x00,0x00,0x00,0x00,0x00,0x00,0x00
49.429900,0x06F,0,0,8,0x01,0xBC,0x70,0x49,0xFF,0xFD,0xEF,0x7F
49.430550,0x065,0,0,1,0x00,0x00,0x00,0x00,0x00,0x00,0x00,0x00
49.627900,0x06F,0,0,8,0x01,0xBC,0x70,0x49,0xFF,0xFD,0xEF,0x7F
49.628550,0x065,0,0,1,0x00,0x00,0x00,0x00,0x00,0x00,0x00,0x00
49.825900,0x06F,0,0,8,0x01,0xBC,0x70,0x49,0xFF,0xFD,0xEF,0x7F
49.826750,0x065,0,0,1,0x00,0x00,0x00,0x00,0x00,0x00,0x00,0x00
50.023900,0x06F,0,0,8,0x01,0xBC,0x70,0x49,0xFF,0xFD,0xEF,0x7F
50.024550,0x065,0,0,1,0x00,0x00,0x00,0x00,0x00,0x00,0x00,0x00
50.221900,0x06F,0,0,8,0x01,0xBC,0x70,0x49,0xFF,0xFD,0xEF,0x7F
50.222550,0x065,0,0,1,0x00,0x00,0x00,0x00,0x00,0x00,0x00,0x00
50.419900,0x06F,0,0,8,0x01,0xBC,0x70,0xC9,0xFE,0xFD,0xEF,0x7F
50.420700,0x065,0,0,1,0x00,0x00,0x00,0x00,0x00,0x00,0x00,0x00
50.617900,0x06F,0,0,8,0x01,0xBC,0x70,0x49,0xFF,0xFD,0xEF,0x7F
50.618700,0x065,0,0,1,0x00,0x00,0x00,0x00,0x00,0x00,0x00,0x00
50.815900,0x06F,0,0,8,0x01,0xBC,0x70,0x49,0xFF,0xFD,0xEF,0x7F
50.816750,0x065,0,0,1,0x00,0x00,0x00,0x00,0x00,0x00,0x00,0x00
51.013900,0x06F,0,0,8,0x01,0xBC,0x70,0x49,0xFF,0xFD,0xEF,0x7F
51.014750,0x065,0,0,1,0x00,0x00,0x00,0x00,0x00,0x00,0x00,0x00
51.211900,0x06F,0,0,8,0x01,0xBC,0x70,0x49,0xFF,0xFD,0xEF,0x7F
51.212750,0x065,0,0,1,0x00,0x00,0x00,0x00,0x00,0x00,0x00,0x00
51.409900,0x06F,0,0,8,0x01,0xBC,0x70,0x49,0xFF,0xFD,0xEF,0x7F
51.410550,0x065,0,0,1,0x00,0x00,0x00,0x00,0x00,0x00,0x00,0x00
51.607900,0x06F,0,0,8,0x01,0xBC,0x70,0x49,0xFF,0xFD,0xEF,0x7F
51.608700,0x065,0,0,1,0x00,0x00,0x00,0x00,0x00,0x00,0x00,0x00
51.805900,0x06F,0,0,8,0x01,0xBC,0x70,0x49,0xFF,0xFD,0xEF,0x7F
51.806700,0x065,0,0,1,0x00,0x00,0x00,0x00,0x00,0x00,0x00,0x00
52.003900,0x06F,0,0,8,0x01,0xBC,0x70,0x49,0xFF,0xFD,0xEF,0x7F
52.004900,0x065,0,0,1,0x00,0x00,0x00,0x00,0x00,0x00,0x00,0x00
52.201950,0x06F,0,0,8,0x01,0xBC,0x70,0x49,0xFF,0xF9,0xEF,0x7F
52.202800,0x065,0,0,1,0x00,0x00,0x00,0x00,0x00,0x00,0x00,0x00
52.399950,0x06F,0,0,8,0x01,0xBC,0x70,0x49,0xFF,0xFD,0xEF,0x7F
52.400800,0x065,0,0,1,0x00,0x00,0x00,0x00,0x00,0x00,0x00,0x00
52.597950,0x06F,0,0,8,0x01,0xBC,0x70,0x49,0xFF,0xFD,0xEF,0x7F
52.598550,0x065,0,0,1,0x00,0x00,0x00,0x00,0x00,0x00,0x00,0x00
52.795950,0x06F,0,0,8,0x01,0xBC,0x70,0x49,0xFF,0xFD,0xEF,0x7F
52.796700,0x065,0,0,1,0x00,0x00,0x00,0x00,0x00,0x00,0x00,0x00
52.993950,0x06F,0,0,8,0x01,0xBC,0x70,0x49,0xFF,0xFD,0xEF,0x7F
52.994700,0x065,0,0,1,0x00,0x00,0x00,0x00,0x00,0x00,0x00,0x00
53.191950,0x06F,0,0,8,0x01,0xBC,0x70,0x49,0xFF,0xFD,0xEF,0x7F
53.192950,0x065,0,0,1,0x00,0x00,0x00,0x00,0x00,0x00,0x00,0x00
53.389900,0x06F,0,0,8,0x01,0xBC,0x70,0x49,0xFF,0xFD,0xEF,0x7F
53.390800,0x065,0,0,1,0x00,0x00,0x00,0x00,0x00,0x00,0x00,0x00
53.587950,0x06F,0,0,8,0x01,0xBC,0x70,0x49,0xFF,0xF9,0xEF,0x7F
53.588800,0x065,0,0,1,0x00,0x00,0x00,0x00,0x00,0x00,0x00,0x00
53.785950,0x06F,0,0,8,0x01,0xBC,0x70,0x49,0xFF,0xFD,0xEF,0x7F
53.786950,0x065,0,0,1,0x00,0x00,0x00,0x00,0x00,0x00,0x00,0x00
53.983950,0x06F,0,0,8,0x01,0xBC,0x70,0x49,0xFF,0xFD,0xEF,0x7F
53.984700,0x065,0,0,1,0x00,0x00,0x00,0x00,0x00,0x00,0x00,0x00
54.181950,0x06F,0,0,8,0x01,0xBC,0x70,0x49,0xFF,0xFD,0xEF,0x7F
54.182750,0x065,0,0,1,0x00,0x00,0x00,0x00,0x00,0x00,0x00,0x00
54.379950,0x06F,0,0,8,0x01,0xBC,0x70,0x49,0xFF,0xFD,0xEF,0x7F
54.380950,0x065,0,0,1,0x00,0x00,0x00,0x00,0x00,0x00,0x00,0x00
54.577950,0x06F,0,0,8,0x01,0xBC,0x70,0x49,0xFF,0xFD,0xEF,0x7F
54.578950,0x065,0,0,1,0x00,0x00,0x00,0x00,0x00,0x00,0x00,0x00
54.775950,0x06F,0,0,8,0x01,0xBC,0x70,0x49,0xFF,0xFD,0xEF,0x7F
54.776800,0x065,0,0,1,0x00,0x00,0x00,0x00,0x00,0x00,0x00,0x00
54.973950,0x06F,0,0,8,0x01,0xBC,0x70,0x49,0xFF,0xFD,0xEF,0x7F
54.975000,0x065,0,0,1,0x00,0x00,0x00,0x00,0x00,0x00,0x00,0x00
55.171950,0x06F,0,0,8,0x01,0xBC,0x70,0x49,0xFF,0xFD,0xEF,0x7F
55.172750,0x065,0,0,1,0x00,0x00,0x00,0x00,0x00,0x00,0x00,0x00
55.369950,0x06F,0,0,8,0x01,0xBC,0x70,0x49,0xFF,0xFD,0xEF,0x7F
55.370750,0x065,0,0,1,0x00,0x00,0x00,0x00,0x00,0x00,0x00,0x00
55.567950,0x06F,0,0,8,0x01,0xBC,0x70,0xC9,0xFE,0xFD,0xEF,0x7F
55.568950,0x065,0,0,1,0x00,0x00,0x00,0x00,0x00,0x00,0x00,0x00
55.765950,0x06F,0,0,8,0x01,0xBC,0x70,0x49,0xFF,0xFD,0xEF,0x7F
55.766950,0x065,0,0,1,0x00,0x00,0x00,0x00,0x00,0x00,0x00,0x00
55.963950,0x06F,0,0,8,0x01,0xBC,0x70,0x49,0xFF,0xFD,0xEF,0x7F
55.964850,0x065,0,0,1,0x00,0x00,0x00,0x00,0x00,0x00,0x00,0x00
56.161950,0x06F,0,0,8,0x01,0xBC,0x70,0x49,0xFF,0xFD,0xEF,0x7F
56.162950,0x065,0,0,1,0x00,0x00,0x00,0x00,0x00,0x00,0x00,0x00
56.360000,0x06F,0,0,8,0x01,0xBC,0x70,0x49,0xFF,0xFD,0xEF,0x7F
56.361000,0x065,0,0,1,0x00,0x00,0x00,0x00,0x00,0x00,0x00,0x00
56.558000,0x06F,0,0,8,0x01,0xBC,0x70,0x49,0xFF,0xFD,0xEF,0x7F
56.559000,0x065,0,0,1,0x00,0x00,0x00,0x00,0x00,0x00,0x00,0x00
56.756000,0x06F,0,0,8,0x01,0xBC,0x70,0x49,0xFF,0xFD,0xEF,0x7F
56.757000,0x065,0,0,1,0x00,0x00,0x00,0x00,0x00,0x00,0x00,0x00
56.954000,0x06F,0,0,8,0x01,0xBC,0x70,0x49,0xFF,0xFD,0xEF,0x7F
56.955000,0x065,0,0,1,0x00,0x00,0x00,0x00,0x00,0x00,0x00,0x00
57.152000,0x06F,0,0,8,0x01,0xBC,0x70,0x49,0xFF,0xFD,0xEF,0x7F
57.153000,0x065,0,0,1,0x00,0x00,0x00,0x00,0x00,0x00,0x00,0x00
57.350000,0x06F,0,0,8,0x01,0xBC,0x70,0x49,0xFF,0xFD,0xEF,0x7F
57.351000,0x065,0,0,1,0x00,0x00,0x00,0x00,0x00,0x00,0x00,0x00
57.547950,0x06F,0,0,8,0x01,0xBC,0x70,0x49,0xFF,0xFD,0xEF,0x7F
57.549000,0x065,0,0,1,0x00,0x00,0x00,0x00,0x00,0x00,0x00,0x00
57.746000,0x06F,0,0,8,0x01,0xBC,0x70,0x49,0xFF,0xFD,0xEF,0x7F
57.747000,0x065,0,0,1,0x00,0x00,0x00,0x00,0x00,0x00,0x00,0x00
57.944000,0x06F,0,0,8,0x01,0xBC,0x70,0x49,0xFF,0xFD,0xEF,0x7F
57.945700,0x065,0,0,1,0x00,0x00,0x00,0x00,0x00,0x00,0x00,0x00
58.142000,0x06F,0,0,8,0x01,0xBC,0x70,0x49,0xFF,0xFD,0xEF,0x7F
58.340250,0x065,0,0,1,0x00,0x00,0x00,0x00,0x00,0x00,0x00,0x00
58.341450,0x06F,0,0,8,0x01,0xBC,0x70,0x49,0xFF,0xFD,0xEF,0x7F
58.538250,0x065,0,0,1,0x00,0x00,0x00,0x00,0x00,0x00,0x00,0x00
58.539450,0x06F,0,0,8,0x01,0xBC,0x70,0x49,0xFF,0xFD,0xEF,0x7F
58.736250,0x065,0,0,1,0x00,0x00,0x00,0x00,0x00,0x00,0x00,0x00
58.737450,0x06F,0,0,8,0x01,0xBC,0x70,0x49,0xFF,0xFD,0xEF,0x7F
58.934500,0x065,0,0,1,0x00,0x00,0x00,0x00,0x00,0x00,0x00,0x00
58.935600,0x06F,0,0,8,0x01,0xBC,0x70,0x49,0xFF,0xFD,0xEF,0x7F
59.132250,0x065,0,0,1,0x00,0x00,0x00,0x00,0x00,0x00,0x00,0x00
59.133450,0x06F,0,0,8,0x01,0xBC,0x70,0x49,0xFF,0xFD,0xEF,0x7F
59.330250,0x065,0,0,1,0x00,0x00,0x00,0x00,0x00,0x00,0x00,0x00
59.331450,0x06F,0,0,8,0x01,0xBC,0x70,0xC9,0xFE,0xFD,0xEF,0x7F
59.528250,0x065,0,0,1,0x00,0x00,0x00,0x00,0x00,0x00,0x00,0x00
59.529450,0x06F,0,0,8,0x01,0xBC,0x70,0x49,0xFF,0xFD,0xEF,0x7F
59.726500,0x065,0,0,1,0x00,0x00,0x00,0x00,0x00,0x00,0x00,0x00
59.727450,0x06F,0,0,8,0x01,0xBC,0x70,0x49,0xFF,0xFD,0xEF,0x7F
59.924300,0x065,0,0,1,0x00,0x00,0x00,0x00,0x00,0x00,0x00,0x00
59.925600,0x06F,0,0,8,0x01,0xBC,0x70,0x49,0xFF,0xFD,0xEF,0x7F
60.122500,0x065,0,0,1,0x00,0x00,0x00,0x00,0x00,0x00,0x00,0x00
60.123450,0x06F,0,0,8,0x01,0xBC,0x70,0x49,0xFF,0xFD,0xEF,0x7F
60.320300,0x065,0,0,1,0x00,0x00,0x00,0x00,0x00,0x00,0x00,0x00
60.321450,0x06F,0,0,8,0x01,0xBC,0x70,0xC9,0xFE,0xFD,0xEF,0x7F
60.518300,0x065,0,0,1,0x00,0x00,0x00,0x00,0x00,0x00,0x00,0x00
60.519450,0x06F,0,0,8,0x01,0xBC,0x70,0x49,0xFF,0xFD,0xEF,0x7F
60.716300,0x065,0,0,1,0x00,0x00,0x00,0x00,0x00,0x00,0x00,0x00
60.717450,0x06F,0,0,8,0x01,0xBC,0x70,0x49,0xFF,0xFD,0xEF,0x7F
60.914500,0x065,0,0,1,0x00,0x00,0x00,0x00,0x00,0x00,0x00,0x00
60.915600,0x06F,0,0,8,0x01,0xBC,0x70,0x49,0xFF,0xFD,0xEF,0x7F
61.112500,0x065,0,0,1,0x00,0x00,0x00,0x00,0x00,0x00,0x00,0x00
61.113450,0x06F,0,0,8,0x01,0xBC,0x70,0x49,0xFF,0xFD,0xEF,0x7F
61.310500,0x065,0,0,1,0x00,0x00,0x00,0x00,0x00,0x00,0x00,0x00
61.311500,0x06F,0,0,8,0x01,0xBC,0x70,0x49,0xFF,0xFD,0xEF,0x7F
61.508500,0x065,0,0,1,0x00,0x00,0x00,0x00,0x00,0x00,0x00,0x00
61.509500,0x06F,0,0,8,0x01,0xBC,0x70,0x49,0xFF,0xFD,0xEF,0x7F
61.706300,0x065,0,0,1,0x00,0x00,0x00,0x00,0x00,0x00,0x00,0x00
61.707500,0x06F,0,0,8,0x01,0xBC,0x70,0x49,0xFF,0xFD,0xEF,0x7F
61.904500,0x065,0,0,1,0x00,0x00,0x00,0x00,0x00,0x00,0x00,0x00
61.905600,0x06F,0,0,8,0x01,0xBC,0x70,0xC9,0xFE,0xFD,0xEF,0x7F
62.102500,0x065,0,0,1,0x00,0x00,0x00,0x00,0x00,0x00,0x00,0x00
62.103500,0x06F,0,0,8,0x01,0xBC,0x70,0x49,0xFF,0xFD,0xEF,0x7F
62.300500,0x065,0,0,1,0x00,0x00,0x00,0x00,0x00,0x00,0x00,0x00
62.301500,0x06F,0,0,8,0x01,0xBC,0x70,0xC9,0xFE,0xFD,0xEF,0x7F
62.498550,0x065,0,0,1,0x00,0x00,0x00,0x00,0x00,0x00,0x00,0x00
62.499500,0x06F,0,0,8,0x01,0xBC,0x70,0x49,0xFF,0xFD,0xEF,0x7F
62.696550,0x065,0,0,1,0x00,0x00,0x00,0x00,0x00,0x00,0x00,0x00
62.697500,0x06F,0,0,8,0x01,0xBC,0x70,0x49,0xFF,0xF9,0xEF,0x7F
62.894550,0x065,0,0,1,0x00,0x00,0x00,0x00,0x00,0x00,0x00,0x00
62.895650,0x06F,0,0,8,0x01,0xBC,0x70,0xC9,0xFE,0xFD,0xEF,0x7F
63.092550,0x065,0,0,1,0x00,0x00,0x00,0x00,0x00,0x00,0x00,0x00
63.093500,0x06F,0,0,8,0x01,0xBC,0x70,0x49,0xFF,0xFD,0xEF,0x7F
63.290550,0x065,0,0,1,0x00,0x00,0x00,0x00,0x00,0x00,0x00,0x00
63.291500,0x06F,0,0,8,0x01,0xBC,0x70,0x49,0xFF,0xFD,0xEF,0x7F
63.488550,0x065,0,0,1,0x00,0x00,0x00,0x00,0x00,0x00,0x00,0x00
63.488700,0x06F,0,0,8,0x01,0xBC,0x70,0x49,0xFF,0xFD,0xEF,0x7F
63.686550,0x065,0,0,1,0x00,0x00,0x00,0x00,0x00,0x00,0x00,0x00
63.687500,0x06F,0,0,8,0x01,0xBC,0x70,0x49,0xFF,0xFD,0xEF,0x7F
63.884550,0x065,0,0,1,0x00,0x00,0x00,0x00,0x00,0x00,0x00,0x00
63.885650,0x06F,0,0,8,0x01,0xBC,0x70,0x49,0xFF,0xFD,0xEF,0x7F
64.082550,0x065,0,0,1,0x00,0x00,0x00,0x00,0x00,0x00,0x00,0x00
64.083500,0x06F,0,0,8,0x01,0xBC,0x70,0x49,0xFF,0xFD,0xEF,0x7F
64.280550,0x065,0,0,1,0x00,0x00,0x00,0x00,0x00,0x00,0x00,0x00
64.281500,0x06F,0,0,8,0x01,0xBC,0x70,0x49,0xFF,0xFD,0xEF,0x7F
64.478550,0x065,0,0,1,0x00,0x00,0x00,0x00,0x00,0x00,0x00,0x00
64.479500,0x06F,0,0,8,0x01,0xBC,0x70,0x49,0xFF,0xFD,0xEF,0x7F
64.676050,0x06F,0,0,8,0x01,0xBC,0x70,0x49,0xFF,0xFD,0xEF,0x7F
64.676750,0x065,0,0,1,0x00,0x00,0x00,0x00,0x00,0x00,0x00,0x00
64.874100,0x06F,0,0,8,0x01,0xBC,0x70,0xC9,0xFE,0xFD,0xEF,0x7F
64.874750,0x065,0,0,1,0x00,0x00,0x00,0x00,0x00,0x00,0x00,0x00
65.072550,0x065,0,0,1,0x00,0x00,0x00,0x00,0x00,0x00,0x00,0x00
65.073500,0x06F,0,0,8,0x01,0xBC,0x70,0x49,0xFF,0xFD,0xEF,0x7F
65.270550,0x065,0,0,1,0x00,0x00,0x00,0x00,0x00,0x00,0x00,0x00
65.271500,0x06F,0,0,8,0x01,0xBC,0x70,0x49,0xFF,0xFD,0xEF,0x7F
65.468100,0x06F,0,0,8,0x01,0xBC,0x70,0x49,0xFF,0xFD,0xEF,0x7F
65.468700,0x065,0,0,1,0x00,0x00,0x00,0x00,0x00,0x00,0x00,0x00
65.666550,0x065,0,0,1,0x00,0x00,0x00,0x00,0x00,0x00,0x00,0x00
65.667550,0x06F,0,0,8,0x01,0xBC,0x70,0x49,0xFF,0xFD,0xEF,0x7F
65.864050,0x06F,0,0,8,0x01,0xBC,0x70,0x49,0xFF,0xFD,0xEF,0x7F
65.864700,0x065,0,0,1,0x00,0x00,0x00,0x00,0x00,0x00,0x00,0x00
66.062050,0x06F,0,0,8,0x01,0xBC,0x70,0xC9,0xFE,0xFD,0xEF,0x7F
66.062750,0x065,0,0,1,0x00,0x00,0x00,0x00,0x00,0x00,0x00,0x00
66.260100,0x06F,0,0,8,0x01,0xBC,0x70,0xC9,0xFE,0xFD,0xEF,0x7F
66.260750,0x065,0,0,1,0x00,0x00,0x00,0x00,0x00,0x00,0x00,0x00
66.458600,0x065,0,0,1,0x00,0x00,0x00,0x00,0x00,0x00,0x00,0x00
66.458750,0x06F,0,0,8,0x01,0xBC,0x70,0x49,0xFF,0xFD,0xEF,0x7F
66.656100,0x06F,0,0,8,0x01,0xBC,0x70,0x49,0xFF,0xFD,0xEF,0x7F
66.656750,0x065,0,0,1,0x00,0x00,0x00,0x00,0x00,0x00,0x00,0x00
66.854600,0x065,0,0,1,0x00,0x00,0x00,0x00,0x00,0x00,0x00,0x00
66.855700,0x06F,0,0,8,0x01,0xBC,0x70,0xC9,0xFE,0xFD,0xEF,0x7F
67.052100,0x06F,0,0,8,0x01,0xBC,0x70,0x49,0xFF,0xFD,0xEF,0x7F
67.052750,0x065,0,0,1,0x00,0x00,0x00,0x00,0x00,0x00,0x00,0x00
67.250100,0x06F,0,0,8,0x01,0xBC,0x70,0x49,0xFF,0xFD,0xEF,0x7F
67.250750,0x065,0,0,1,0x00,0x00,0x00,0x00,0x00,0x00,0x00,0x00
67.448100,0x06F,0,0,8,0x01,0xBC,0x70,0x49,0xFF,0xFD,0xEF,0x7F
67.448750,0x065,0,0,1,0x00,0x00,0x00,0x00,0x00,0x00,0x00,0x00
67.646100,0x06F,0,0,8,0x01,0xBC,0x70,0x49,0xFF,0xFD,0xEF,0x7F
67.646750,0x065,0,0,1,0x00,0x00,0x00,0x00,0x00,0x00,0x00,0x00
67.844100,0x06F,0,0,8,0x01,0xBC,0x70,0x49,0xFF,0xFD,0xEF,0x7F
67.844750,0x065,0,0,1,0x00,0x00,0x00,0x00,0x00,0x00,0x00,0x00
68.042100,0x06F,0,0,8,0x01,0xBC,0x70,0x49,0xFF,0xFD,0xEF,0x7F
68.042750,0x065,0,0,1,0x00,0x00,0x00,0x00,0x00,0x00,0x00,0x00
68.240100,0x06F,0,0,8,0x01,0xBC,0x70,0x49,0xFF,0xFD,0xEF,0x7F
68.240750,0x065,0,0,1,0x00,0x00,0x00,0x00,0x00,0x00,0x00,0x00
68.438100,0x06F,0,0,8,0x01,0xBC,0x70,0x49,0xFF,0xFD,0xEF,0x7F
68.438750,0x065,0,0,1,0x00,0x00,0x00,0x00,0x00,0x00,0x00,0x00
68.636100,0x06F,0,0,8,0x01,0xBC,0x70,0x49,0xFF,0xFD,0xEF,0x7F
68.636750,0x065,0,0,1,0x00,0x00,0x00,0x00,0x00,0x00,0x00,0x00
68.834100,0x06F,0,0,8,0x01,0xBC,0x70,0x49,0xFF,0xFD,0xEF,0x7F
68.834900,0x065,0,0,1,0x00,0x00,0x00,0x00,0x00,0x00,0x00,0x00
69.032150,0x06F,0,0,8,0x01,0xBC,0x70,0x49,0xFF,0xFD,0xEF,0x7F
69.032800,0x065,0,0,1,0x00,0x00,0x00,0x00,0x00,0x00,0x00,0x00
69.230150,0x06F,0,0,8,0x01,0xBC,0x70,0x49,0xFF,0xFD,0xEF,0x7F
69.231000,0x065,0,0,1,0x00,0x00,0x00,0x00,0x00,0x00,0x00,0x00
69.428150,0x06F,0,0,8,0x01,0xBC,0x70,0xC9,0xFE,0xFD,0xEF,0x7F
69.428750,0x065,0,0,1,0x00,0x00,0x00,0x00,0x00,0x00,0x00,0x00
69.626150,0x06F,0,0,8,0x01,0xBC,0x70,0x49,0xFF,0xFD,0xEF,0x7F
69.626750,0x065,0,0,1,0x00,0x00,0x00,0x00,0x00,0x00,0x00,0x00
69.824150,0x06F,0,0,8,0x01,0xBC,0x70,0x49,0xFF,0xFD,0xEF,0x7F
69.824750,0x065,0,0,1,0x00,0x00,0x00,0x00,0x00,0x00,0x00,0x00
70.022150,0x06F,0,0,8,0x01,0xBC,0x70,0x49,0xFF,0xFD,0xEF,0x7F
70.022900,0x065,0,0,1,0x00,0x00,0x00,0x00,0x00,0x00,0x00,0x00
70.220750,0x065,0,0,1,0x00,0x00,0x00,0x00,0x00,0x00,0x00,0x00
70.221700,0x06F,0,0,8,0x01,0xBC,0x70,0x49,0xFF,0xFD,0xEF,0x7F
70.418150,0x06F,0,0,8,0x01,0xBC,0x70,0x49,0xFF,0xFD,0xEF,0x7F
70.419000,0x065,0,0,1,0x00,0x00,0x00,0x00,0x00,0x00,0x00,0x00
70.616150,0x06F,0,0,8,0x01,0xBC,0x70,0x49,0xFF,0xFD,0xEF,0x7F
70.617000,0x065,0,0,1,0x00,0x00,0x00,0x00,0x00,0x00,0x00,0x00
70.814150,0x06F,0,0,8,0x01,0xBC,0x70,0x49,0xFF,0xFD,0xEF,0x7F
70.814800,0x065,0,0,1,0x00,0x00,0x00,0x00,0x00,0x00,0x00,0x00
71.012150,0x06F,0,0,8,0x01,0xBC,0x70,0x49,0xFF,0xFD,0xEF,0x7F
71.012800,0x065,0,0,1,0x00,0x00,0x00,0x00,0x00,0x00,0x00,0x00
71.210150,0x06F,0,0,8,0x01,0xBC,0x70,0x49,0xFF,0xFD,0xEF,0x7F
71.210950,0x065,0,0,1,0x00,0x00,0x00,0x00,0x00,0x00,0x00,0x00
71.408150,0x06F,0,0,8,0x01,0xBC,0x70,0x49,0xFF,0xFD,0xEF,0x7F
71.408950,0x065,0,0,1,0x00,0x00,0x00,0x00,0x00,0x00,0x00,0x00
71.606150,0x06F,0,0,8,0x01,0xBC,0x70,0x49,0xFF,0xFD,0xEF,0x7F
71.607050,0x065,0,0,1,0x00,0x00,0x00,0x00,0x00,0x00,0x00,0x00
71.804150,0x06F,0,0,8,0x01,0xBC,0x70,0x49,0xFF,0xFD,0xEF,0x7F
71.805000,0x065,0,0,1,0x00,0x00,0x00,0x00,0x00,0x00,0x00,0x00
72.002150,0x06F,0,0,8,0x01,0xBC,0x70,0x49,0xFF,0xFD,0xEF,0x7F
72.002800,0x065,0,0,1,0x00,0x00,0x00,0x00,0x00,0x00,0x00,0x00
72.200150,0x06F,0,0,8,0x01,0xBC,0x70,0x49,0xFF,0xFD,0xEF,0x7F
72.200950,0x065,0,0,1,0x00,0x00,0x00,0x00,0x00,0x00,0x00,0x00
72.398150,0x06F,0,0,8,0x01,0xBC,0x70,0x49,0xFF,0xFD,0xEF,0x7F
72.398950,0x065,0,0,1,0x00,0x00,0x00,0x00,0x00,0x00,0x00,0x00
72.596150,0x06F,0,0,8,0x01,0xBC,0x70,0xC9,0xFE,0xFD,0xEF,0x7F
72.597150,0x065,0,0,1,0x00,0x00,0x00,0x00,0x00,0x00,0x00,0x00
72.794150,0x06F,0,0,8,0x01,0xBC,0x70,0x49,0xFF,0xFD,0xEF,0x7F
72.795050,0x065,0,0,1,0x00,0x00,0x00,0x00,0x00,0x00,0x00,0x00
72.992150,0x06F,0,0,8,0x01,0xBC,0x70,0xC9,0xFE,0xFD,0xEF,0x7F
72.993050,0x065,0,0,1,0x00,0x00,0x00,0x00,0x00,0x00,0x00,0x00
73.190200,0x06F,0,0,8,0x01,0xBC,0x70,0x49,0xFF,0xFD,0xEF,0x7F
73.191050,0x065,0,0,1,0x00,0x00,0x00,0x00,0x00,0x00,0x00,0x00
73.388200,0x06F,0,0,8,0x01,0xBC,0x70,0x49,0xFF,0xFD,0xEF,0x7F
73.388950,0x065,0,0,1,0x00,0x00,0x00,0x00,0x00,0x00,0x00,0x00
73.586200,0x06F,0,0,8,0x01,0xBC,0x70,0x49,0xFF,0xFD,0xEF,0x7F
73.586950,0x065,0,0,1,0x00,0x00,0x00,0x00,0x00,0x00,0x00,0x00
73.784200,0x06F,0,0,8,0x01,0xBC,0x70,0x49,0xFF,0xFD,0xEF,0x7F
73.785200,0x065,0,0,1,0x00,0x00,0x00,0x00,0x00,0x00,0x00,0x00
73.982200,0x06F,0,0,8,0x01,0xBC,0x70,0x49,0xFF,0xFD,0xEF,0x7F
73.983200,0x065,0,0,1,0x00,0x00,0x00,0x00,0x00,0x00,0x00,0x00
74.180200,0x06F,0,0,8,0x01,0xBC,0x70,0xC9,0xFE,0xFD,0xEF,0x7F
74.181050,0x065,0,0,1,0x00,0x00,0x00,0x00,0x00,0x00,0x00,0x00
74.378150,0x06F,0,0,8,0x01,0xBC,0x70,0x49,0xFF,0xFD,0xEF,0x7F
74.379050,0x065,0,0,1,0x00,0x00,0x00,0x00,0x00,0x00,0x00,0x00
74.576200,0x06F,0,0,8,0x01,0xBC,0x70,0x49,0xFF,0xFD,0xEF,0x7F
74.577200,0x065,0,0,1,0x00,0x00,0x00,0x00,0x00,0x00,0x00,0x00
74.774200,0x06F,0,0,8,0x01,0xBC,0x70,0x49,0xFF,0xFD,0xEF,0x7F
74.774950,0x065,0,0,1,0x00,0x00,0x00,0x00,0x00,0x00,0x00,0x00
74.972200,0x06F,0,0,8,0x01,0xBC,0x70,0x49,0xFF,0xFD,0xEF,0x7F
74.973200,0x065,0,0,1,0x00,0x00,0x00,0x00,0x00,0x00,0x00,0x00
75.170200,0x06F,0,0,8,0x01,0xBC,0x70,0x49,0xFF,0xFD,0xEF,0x7F
75.171200,0x065,0,0,1,0x00,0x00,0x00,0x00,0x00,0x00,0x00,0x00
75.368200,0x06F,0,0,8,0x01,0xBC,0x70,0x49,0xFF,0xFD,0xEF,0x7F
75.369100,0x065,0,0,1,0x00,0x00,0x00,0x00,0x00,0x00,0x00,0x00
75.566200,0x06F,0,0,8,0x01,0xBC,0x70,0xC9,0xFE,0xFD,0xEF,0x7F
75.567200,0x065,0,0,1,0x00,0x00,0x00,0x00,0x00,0x00,0x00,0x00
75.764200,0x06F,0,0,8,0x01,0xBC,0x70,0x49,0xFF,0xFD,0xEF,0x7F
75.765200,0x065,0,0,1,0x00,0x00,0x00,0x00,0x00,0x00,0x00,0x00
75.962200,0x06F,0,0,8,0x01,0xBC,0x70,0x49,0xFF,0xFD,0xEF,0x7F
75.963000,0x065,0,0,1,0x00,0x00,0x00,0x00,0x00,0x00,0x00,0x00
76.160200,0x06F,0,0,8,0x01,0xBC,0x70,0x49,0xFF,0xFD,0xEF,0x7F
76.161200,0x065,0,0,1,0x00,0x00,0x00,0x00,0x00,0x00,0x00,0x00
76.358200,0x06F,0,0,8,0x01,0xBC,0x70,0x49,0xFF,0xFD,0xEF,0x7F
76.359200,0x065,0,0,1,0x00,0x00,0x00,0x00,0x00,0x00,0x00,0x00
76.556200,0x06F,0,0,8,0x01,0xBC,0x70,0x49,0xFF,0xFD,0xEF,0x7F
76.557200,0x065,0,0,1,0x00,0x00,0x00,0x00,0x00,0x00,0x00,0x00
76.754200,0x06F,0,0,8,0x01,0xBC,0x70,0x49,0xFF,0xFD,0xEF,0x7F
76.755200,0x065,0,0,1,0x00,0x00,0x00,0x00,0x00,0x00,0x00,0x00
76.952200,0x06F,0,0,8,0x01,0xBC,0x70,0x49,0xFF,0xFD,0xEF,0x7F
76.953200,0x065,0,0,1,0x00,0x00,0x00,0x00,0x00,0x00,0x00,0x00
77.150200,0x06F,0,0,8,0x01,0xBC,0x70,0x49,0xFF,0xFD,0xEF,0x7F
77.151350,0x065,0,0,1,0x00,0x00,0x00,0x00,0x00,0x00,0x00,0x00
77.348250,0x06F,0,0,8,0x01,0xBC,0x70,0x49,0xFF,0xFD,0xEF,0x7F
77.349200,0x065,0,0,1,0x00,0x00,0x00,0x00,0x00,0x00,0x00,0x00
77.546250,0x06F,0,0,8,0x01,0xBC,0x70,0x49,0xFF,0xFD,0xEF,0x7F
77.547250,0x065,0,0,1,0x00,0x00,0x00,0x00,0x00,0x00,0x00,0x00
77.744250,0x06F,0,0,8,0x01,0xBC,0x70,0x49,0xFF,0xFD,0xEF,0x7F
77.745250,0x065,0,0,1,0x00,0x00,0x00,0x00,0x00,0x00,0x00,0x00
77.942250,0x06F,0,0,8,0x01,0xBC,0x70,0x49,0xFF,0xFD,0xEF,0x7F
77.944050,0x065,0,0,1,0x00,0x00,0x00,0x00,0x00,0x00,0x00,0x00
78.140250,0x06F,0,0,8,0x01,0xBC,0x70,0x49,0xFF,0xFD,0xEF,0x7F
78.338500,0x065,0,0,1,0x00,0x00,0x00,0x00,0x00,0x00,0x00,0x00
78.339700,0x06F,0,0,8,0x01,0xBC,0x70,0x49,0xFF,0xFD,0xEF,0x7F
78.536500,0x065,0,0,1,0x00,0x00,0x00,0x00,0x00,0x00,0x00,0x00
78.537700,0x06F,0,0,8,0x01,0xBC,0x70,0x49,0xFF,0xFD,0xEF,0x7F
78.734500,0x065,0,0,1,0x00,0x00,0x00,0x00,0x00,0x00,0x00,0x00
78.735700,0x06F,0,0,8,0x01,0xBC,0x70,0x49,0xFF,0xFD,0xEF,0x7F
78.932500,0x065,0,0,1,0x00,0x00,0x00,0x00,0x00,0x00,0x00,0x00
78.933800,0x06F,0,0,8,0x01,0xBC,0x70,0x49,0xFF,0xFD,0xEF,0x7F
79.130500,0x065,0,0,1,0x00,0x00,0x00,0x00,0x00,0x00,0x00,0x00
79.131700,0x06F,0,0,8,0x01,0xBC,0x70,0x49,0xFF,0xFD,0xEF,0x7F
79.328500,0x065,0,0,1,0x00,0x00,0x00,0x00,0x00,0x00,0x00,0x00
79.329700,0x06F,0,0,8,0x01,0xBC,0x70,0x49,0xFF,0xFD,0xEF,0x7F
79.526500,0x065,0,0,1,0x00,0x00,0x00,0x00,0x00,0x00,0x00,0x00
79.527700,0x06F,0,0,8,0x01,0xBC,0x70,0xC9,0xFE,0xFD,0xEF,0x7F
79.724750,0x065,0,0,1,0x00,0x00,0x00,0x00,0x00,0x00,0x00,0x00
79.725700,0x06F,0,0,8,0x01,0xBC,0x70,0x49,0xFF,0xFD,0xEF,0x7F
79.922500,0x065,0,0,1,0x00,0x00,0x00,0x00,0x00,0x00,0x00,0x00
79.923850,0x06F,0,0,8,0x01,0xBC,0x70,0x49,0xFF,0xFD,0xEF,0x7F
80.120500,0x065,0,0,1,0x00,0x00,0x00,0x00,0x00,0x00,0x00,0x00
80.121700,0x06F,0,0,8,0x01,0xBC,0x70,0x49,0xFF,0xFD,0xEF,0x7F
80.318750,0x065,0,0,1,0x00,0x00,0x00,0x00,0x00,0x00,0x00,0x00
80.319700,0x06F,0,0,8,0x01,0xBC,0x70,0x49,0xFF,0xFD,0xEF,0x7F
80.516700,0x065,0,0,1,0x00,0x00,0x00,0x00,0x00,0x00,0x00,0x00
80.517700,0x06F,0,0,8,0x01,0xBC,0x70,0x49,0xFF,0xFD,0xEF,0x7F
80.714500,0x065,0,0,1,0x00,0x00,0x00,0x00,0x00,0x00,0x00,0x00
80.715700,0x06F,0,0,8,0x01,0xBC,0x70,0x49,0xFF,0xFD,0xEF,0x7F
80.912750,0x065,0,0,1,0x00,0x00,0x00,0x00,0x00,0x00,0x00,0x00
80.913850,0x06F,0,0,8,0x01,0xBC,0x70,0x49,0xFF,0xFD,0xEF,0x7F
81.110550,0x065,0,0,1,0x00,0x00,0x00,0x00,0x00,0x00,0x00,0x00
81.111700,0x06F,0,0,8,0x01,0xBC,0x70,0x49,0xFF,0xFD,0xEF,0x7F
81.308550,0x065,0,0,1,0x00,0x00,0x00,0x00,0x00,0x00,0x00,0x00
81.309700,0x06F,0,0,8,0x01,0xBC,0x70,0x49,0xFF,0xFD,0xEF,0x7F
81.506750,0x065,0,0,1,0x00,0x00,0x00,0x00,0x00,0x00,0x00,0x00
81.507700,0x06F,0,0,8,0x01,0xBC,0x70,0x49,0xFF,0xFD,0xEF,0x7F
81.704750,0x065,0,0,1,0x00,0x00,0x00,0x00,0x00,0x00,0x00,0x00
81.705700,0x06F,0,0,8,0x01,0xBC,0x70,0x49,0xFF,0xFD,0xEF,0x7F
81.902750,0x065,0,0,1,0x00,0x00,0x00,0x00,0x00,0x00,0x00,0x00
81.903850,0x06F,0,0,8,0x01,0xBC,0x70,0x49,0xFF,0xFD,0xEF,0x7F
82.100750,0x065,0,0,1,0x00,0x00,0x00,0x00,0x00,0x00,0x00,0x00
82.101700,0x06F,0,0,8,0x01,0xBC,0x70,0x49,0xFF,0xFD,0xEF,0x7F
82.298750,0x065,0,0,1,0x00,0x00,0x00,0x00,0x00,0x00,0x00,0x00
82.299750,0x06F,0,0,8,0x01,0xBC,0x70,0x49,0xFF,0xFD,0xEF,0x7F
82.496550,0x065,0,0,1,0x00,0x00,0x00,0x00,0x00,0x00,0x00,0x00
82.497750,0x06F,0,0,8,0x01,0xBC,0x70,0x49,0xFF,0xFD,0xEF,0x7F
82.694750,0x065,0,0,1,0x00,0x00,0x00,0x00,0x00,0x00,0x00,0x00
82.695750,0x06F,0,0,8,0x01,0xBC,0x70,0x49,0xFF,0xFD,0xEF,0x7F
82.892750,0x065,0,0,1,0x00,0x00,0x00,0x00,0x00,0x00,0x00,0x00
82.893850,0x06F,0,0,8,0x01,0xBC,0x70,0x49,0xFF,0xFD,0xEF,0x7F
83.090300,0x06F,0,0,8,0x01,0xBC,0x70,0x49,0xFF,0xFD,0xEF,0x7F
83.090950,0x065,0,0,1,0x00,0x00,0x00,0x00,0x00,0x00,0x00,0x00
83.288800,0x065,0,0,1,0x00,0x00,0x00,0x00,0x00,0x00,0x00,0x00
83.289750,0x06F,0,0,8,0x01,0xBC,0x70,0x49,0xFF,0xFD,0xEF,0x7F
83.486800,0x065,0,0,1,0x00,0x00,0x00,0x00,0x00,0x00,0x00,0x00
83.487750,0x06F,0,0,8,0x01,0xBC,0x70,0x49,0xFF,0xFD,0xEF,0x7F
83.684550,0x065,0,0,1,0x00,0x00,0x00,0x00,0x00,0x00,0x00,0x00
83.685750,0x06F,0,0,8,0x01,0xBC,0x70,0xC9,0xFE,0xFD,0xEF,0x7F
83.882800,0x065,0,0,1,0x00,0x00,0x00,0x00,0x00,0x00,0x00,0x00
83.883900,0x06F,0,0,8,0x01,0xBC,0x70,0x49,0xFF,0xFD,0xEF,0x7F
84.080800,0x065,0,0,1,0x00,0x00,0x00,0x00,0x00,0x00,0x00,0x00
84.081750,0x06F,0,0,8,0x01,0xBC,0x70,0x49,0xFF,0xFD,0xEF,0x7F
84.278300,0x06F,0,0,8,0x01,0xBC,0x70,0x49,0xFF,0xFD,0xEF,0x7F
84.278950,0x065,0,0,1,0x00,0x00,0x00,0x00,0x00,0x00,0x00,0x00
84.476800,0x065,0,0,1,0x00,0x00,0x00,0x00,0x00,0x00,0x00,0x00
84.477750,0x06F,0,0,8,0x01,0xBC,0x70,0x49,0xFF,0xFD,0xEF,0x7F
84.674800,0x065,0,0,1,0x00,0x00,0x00,0x00,0x00,0x00,0x00,0x00
84.675750,0x06F,0,0,8,0x01,0xBC,0x70,0x49,0xFF,0xFD,0xEF,0x7F
84.872300,0x06F,0,0,8,0x01,0xBC,0x70,0x49,0xFF,0xFD,0xEF,0x7F
84.872950,0x065,0,0,1,0x00,0x00,0x00,0x00,0x00,0x00,0x00,0x00
85.070800,0x065,0,0,1,0x00,0x00,0x00,0x00,0x00,0x00,0x00,0x00
85.071750,0x06F,0,0,8,0x01,0xBC,0x70,0x49,0xFF,0xFD,0xEF,0x7F
85.268800,0x065,0,0,1,0x00,0x00,0x00,0x00,0x00,0x00,0x00,0x00
85.268950,0x06F,0,0,8,0x01,0xBC,0x70,0x49,0xFF,0xFD,0xEF,0x7F
85.466300,0x06F,0,0,8,0x01,0xBC,0x70,0x49,0xFF,0xFD,0xEF,0x7F
85.466950,0x065,0,0,1,0x00,0x00,0x00,0x00,0x00,0x00,0x00,0x00
85.664300,0x06F,0,0,8,0x01,0xBC,0x70,0x49,0xFF,0xFD,0xEF,0x7F
85.664950,0x065,0,0,1,0x00,0x00,0x00,0x00,0x00,0x00,0x00,0x00
85.862800,0x065,0,0,1,0x00,0x00,0x00,0x00,0x00,0x00,0x00,0x00
85.863900,0x06F,0,0,8,0x01,0xBC,0x70,0x49,0xFF,0xFD,0xEF,0x7F
86.060350,0x06F,0,0,8,0x01,0xBC,0x70,0xC9,0xFE,0xFD,0xEF,0x7F
86.060950,0x065,0,0,1,0x00,0x00,0x00,0x00,0x00,0x00,0x00,0x00
86.258350,0x06F,0,0,8,0x01,0xBC,0x70,0x49,0xFF,0xFD,0xEF,0x7F
86.258950,0x065,0,0,1,0x00,0x00,0x00,0x00,0x00,0x00,0x00,0x00
86.456350,0x06F,0,0,8,0x01,0xBC,0x70,0x49,0xFF,0xFD,0xEF,0x7F
86.456950,0x065,0,0,1,0x00,0x00,0x00,0x00,0x00,0x00,0x00,0x00
86.654350,0x06F,0,0,8,0x01,0xBC,0x70,0x49,0xFF,0xFD,0xEF,0x7F
86.654950,0x065,0,0,1,0x00,0x00,0x00,0x00,0x00,0x00,0x00,0x00
86.852350,0x06F,0,0,8,0x01,0xBC,0x70,0x49,0xFF,0xFD,0xEF,0x7F
86.852950,0x065,0,0,1,0x00,0x00,0x00,0x00,0x00,0x00,0x00,0x00
87.050800,0x065,0,0,1,0x00,0x00,0x00,0x00,0x00,0x00,0x00,0x00
87.051800,0x06F,0,0,8,0x01,0xBC,0x70,0x49,0xFF,0xFD,0xEF,0x7F
87.248350,0x06F,0,0,8,0x01,0xBC,0x70,0x49,0xFF,0xFD,0xEF,0x7F
87.249000,0x065,0,0,1,0x00,0x00,0x00,0x00,0x00,0x00,0x00,0x00
87.446350,0x06F,0,0,8,0x01,0xBC,0x70,0x49,0xFF,0xFD,0xEF,0x7F
87.447000,0x065,0,0,1,0x00,0x00,0x00,0x00,0x00,0x00,0x00,0x00
87.644350,0x06F,0,0,8,0x01,0xBC,0x70,0x49,0xFF,0xFD,0xEF,0x7F
87.645000,0x065,0,0,1,0x00,0x00,0x00,0x00,0x00,0x00,0x00,0x00
87.842350,0x06F,0,0,8,0x01,0xBC,0x70,0x49,0xFF,0xFD,0xEF,0x7F
87.843000,0x065,0,0,1,0x00,0x00,0x00,0x00,0x00,0x00,0x00,0x00
88.040350,0x06F,0,0,8,0x01,0xBC,0x70,0xC9,0xFE,0xFD,0xEF,0x7F
88.041000,0x065,0,0,1,0x00,0x00,0x00,0x00,0x00,0x00,0x00,0x00
88.238350,0x06F,0,0,8,0x01,0xBC,0x70,0x49,0xFF,0xFD,0xEF,0x7F
88.239150,0x065,0,0,1,0x00,0x00,0x00,0x00,0x00,0x00,0x00,0x00
88.436350,0x06F,0,0,8,0x01,0xBC,0x70,0xC9,0xFE,0xFD,0xEF,0x7F
88.437000,0x065,0,0,1,0x00,0x00,0x00,0x00,0x00,0x00,0x00,0x00
88.634350,0x06F,0,0,8,0x01,0xBC,0x70,0x49,0xFF,0xFD,0xEF,0x7F
88.635000,0x065,0,0,1,0x00,0x00,0x00,0x00,0x00,0x00,0x00,0x00
88.832350,0x06F,0,0,8,0x01,0xBC,0x70,0x49,0xFF,0xFD,0xEF,0x7F
88.833200,0x065,0,0,1,0x00,0x00,0x00,0x00,0x00,0x00,0x00,0x00
89.030350,0x06F,0,0,8,0x01,0xBC,0x70,0x49,0xFF,0xFD,0xEF,0x7F
89.031000,0x065,0,0,1,0x00,0x00,0x00,0x00,0x00,0x00,0x00,0x00
89.228350,0x06F,0,0,8,0x01,0xBC,0x70,0x49,0xFF,0xFD,0xEF,0x7F
89.229000,0x065,0,0,1,0x00,0x00,0x00,0x00,0x00,0x00,0x00,0x00
89.426350,0x06F,0,0,8,0x01,0xBC,0x70,0x49,0xFF,0xFD,0xEF,0x7F
89.427150,0x065,0,0,1,0x00,0x00,0x00,0x00,0x00,0x00,0x00,0x00
89.624350,0x06F,0,0,8,0x01,0xBC,0x70,0x49,0xFF,0xFD,0xEF,0x7F
89.625150,0x065,0,0,1,0x00,0x00,0x00,0x00,0x00,0x00,0x00,0x00
89.822350,0x06F,0,0,8,0x01,0xBC,0x70,0x49,0xFF,0xFD,0xEF,0x7F
89.823250,0x065,0,0,1,0x00,0x00,0x00,0x00,0x00,0x00,0x00,0x00
90.020400,0x06F,0,0,8,0x01,0xBC,0x70,0xC9,0xFE,0xFD,0xEF,0x7F
90.021250,0x065,0,0,1,0x00,0x00,0x00,0x00,0x00,0x00,0x00,0x00
90.218400,0x06F,0,0,8,0x01,0xBC,0x70,0x49,0xFF,0xFD,0xEF,0x7F
90.219000,0x065,0,0,1,0x00,0x00,0x00,0x00,0x00,0x00,0x00,0x00
90.416400,0x06F,0,0,8,0x01,0xBC,0x70,0xC9,0xFE,0xFD,0xEF,0x7F
90.417000,0x065,0,0,1,0x00,0x00,0x00,0x00,0x00,0x00,0x00,0x00
90.614400,0x06F,0,0,8,0x01,0xBC,0x70,0x49,0xFF,0xFD,0xEF,0x7F
90.615150,0x065,0,0,1,0x00,0x00,0x00,0x00,0x00,0x00,0x00,0x00
90.812400,0x06F,0,0,8,0x01,0xBC,0x70,0x49,0xFF,0xFD,0xEF,0x7F
90.813150,0x065,0,0,1,0x00,0x00,0x00,0x00,0x00,0x00,0x00,0x00
91.010400,0x06F,0,0,8,0x01,0xBC,0x70,0x49,0xFF,0xFD,0xEF,0x7F
91.011250,0x065,0,0,1,0x00,0x00,0x00,0x00,0x00,0x00,0x00,0x00
91.208350,0x06F,0,0,8,0x01,0xBC,0x70,0x49,0xFF,0xFD,0xEF,0x7F
91.209250,0x065,0,0,1,0x00,0x00,0x00,0x00,0x00,0x00,0x00,0x00
91.406400,0x06F,0,0,8,0x01,0xBC,0x70,0x49,0xFF,0xFD,0xEF,0x7F
91.407250,0x065,0,0,1,0x00,0x00,0x00,0x00,0x00,0x00,0x00,0x00
91.604400,0x06F,0,0,8,0x01,0xBC,0x70,0x49,0xFF,0xFD,0xEF,0x7F
91.605050,0x065,0,0,1,0x00,0x00,0x00,0x00,0x00,0x00,0x00,0x00
91.802700,0x06F,0,0,8,0x01,0xBC,0x70,0x49,0xFF,0xFD,0xEF,0x7F
91.803500,0x065,0,0,1,0x00,0x00,0x00,0x00,0x00,0x00,0x00,0x00
92.000400,0x06F,0,0,8,0x01,0xBC,0x70,0x49,0xFF,0xFD,0xEF,0x7F
92.001200,0x065,0,0,1,0x00,0x00,0x00,0x00,0x00,0x00,0x00,0x00
92.198400,0x06F,0,0,8,0x01,0xBC,0x70,0x49,0xFF,0xFD,0xEF,0x7F
92.199400,0x065,0,0,1,0x00,0x00,0x00,0x00,0x00,0x00,0x00,0x00
92.396400,0x06F,0,0,8,0x01,0xBC,0x70,0x49,0xFF,0xFD,0xEF,0x7F
92.397300,0x065,0,0,1,0x00,0x00,0x00,0x00,0x00,0x00,0x00,0x00
92.594400,0x06F,0,0,8,0x01,0xBC,0x70,0x49,0xFF,0xFD,0xEF,0x7F
92.595300,0x065,0,0,1,0x00,0x00,0x00,0x00,0x00,0x00,0x00,0x00
92.792400,0x06F,0,0,8,0x01,0xBC,0x70,0x49,0xFF,0xFD,0xEF,0x7F
92.793200,0x065,0,0,1,0x00,0x00,0x00,0x00,0x00,0x00,0x00,0x00
92.990400,0x06F,0,0,8,0x01,0xBC,0x70,0x49,0xFF,0xFD,0xEF,0x7F
92.991200,0x065,0,0,1,0x00,0x00,0x00,0x00,0x00,0x00,0x00,0x00
93.188400,0x06F,0,0,8,0x01,0xBC,0x70,0x49,0xFF,0xFD,0xEF,0x7F
93.189200,0x065,0,0,1,0x00,0x00,0x00,0x00,0x00,0x00,0x00,0x00
93.386400,0x06F,0,0,8,0x01,0xBC,0x70,0x49,0xFF,0xFD,0xEF,0x7F
93.387400,0x065,0,0,1,0x00,0x00,0x00,0x00,0x00,0x00,0x00,0x00
93.584400,0x06F,0,0,8,0x01,0xBC,0x70,0xC9,0xFE,0xFD,0xEF,0x7F
93.585300,0x065,0,0,1,0x00,0x00,0x00,0x00,0x00,0x00,0x00,0x00
93.782400,0x06F,0,0,8,0x01,0xBC,0x70,0x49,0xFF,0xFD,0xEF,0x7F
93.783300,0x065,0,0,1,0x00,0x00,0x00,0x00,0x00,0x00,0x00,0x00
93.980400,0x06F,0,0,8,0x01,0xBC,0x70,0x49,0xFF,0xFD,0xEF,0x7F
93.981400,0x065,0,0,1,0x00,0x00,0x00,0x00,0x00,0x00,0x00,0x00
94.178450,0x06F,0,0,8,0x01,0xBC,0x70,0x49,0xFF,0xFD,0xEF,0x7F
94.179200,0x065,0,0,1,0x00,0x00,0x00,0x00,0x00,0x00,0x00,0x00
94.376450,0x06F,0,0,8,0x01,0xBC,0x70,0xC9,0xFE,0xFD,0xEF,0x7F
94.377450,0x065,0,0,1,0x00,0x00,0x00,0x00,0x00,0x00,0x00,0x00
94.574450,0x06F,0,0,8,0x01,0xBC,0x70,0x49,0xFF,0xFD,0xEF,0x7F
94.575450,0x065,0,0,1,0x00,0x00,0x00,0x00,0x00,0x00,0x00,0x00
94.772450,0x06F,0,0,8,0x01,0xBC,0x70,0x49,0xFF,0xFD,0xEF,0x7F
94.773450,0x065,0,0,1,0x00,0x00,0x00,0x00,0x00,0x00,0x00,0x00
94.970450,0x06F,0,0,8,0x01,0xBC,0x70,0xC9,0xFE,0xFD,0xEF,0x7F
94.971300,0x065,0,0,1,0x00,0x00,0x00,0x00,0x00,0x00,0x00,0x00
95.168450,0x06F,0,0,8,0x01,0xBC,0x70,0x49,0xFF,0xFD,0xEF,0x7F
95.169450,0x065,0,0,1,0x00,0x00,0x00,0x00,0x00,0x00,0x00,0x00
95.366400,0x06F,0,0,8,0x01,0xBC,0x70,0x49,0xFF,0xFD,0xEF,0x7F
95.367200,0x065,0,0,1,0x00,0x00,0x00,0x00,0x00,0x00,0x00,0x00
95.564400,0x06F,0,0,8,0x01,0xBC,0x70,0x49,0xFF,0xFD,0xEF,0x7F
95.565450,0x065,0,0,1,0x00,0x00,0x00,0x00,0x00,0x00,0x00,0x00
95.762500,0x06F,0,0,8,0x01,0xBC,0x70,0x49,0xFF,0xFD,0xEF,0x7F
95.763500,0x065,0,0,1,0x00,0x00,0x00,0x00,0x00,0x00,0x00,0x00
95.960450,0x06F,0,0,8,0x01,0xBC,0x70,0x49,0xFF,0xFD,0xEF,0x7F
95.961450,0x065,0,0,1,0x00,0x00,0x00,0x00,0x00,0x00,0x00,0x00
96.158450,0x06F,0,0,8,0x01,0xBC,0x70,0x49,0xFF,0xFD,0xEF,0x7F
96.159300,0x065,0,0,1,0x00,0x00,0x00,0x00,0x00,0x00,0x00,0x00
96.356450,0x06F,0,0,8,0x01,0xBC,0x70,0x49,0xFF,0xFD,0xEF,0x7F
96.357450,0x065,0,0,1,0x00,0x00,0x00,0x00,0x00,0x00,0x00,0x00
96.554450,0x06F,0,0,8,0x01,0xBC,0x70,0xC9,0xFE,0xFD,0xEF,0x7F
96.555450,0x065,0,0,1,0x00,0x00,0x00,0x00,0x00,0x00,0x00,0x00
96.752450,0x06F,0,0,8,0x01,0xBC,0x70,0x49,0xFF,0xFD,0xEF,0x7F
96.753450,0x065,0,0,1,0x00,0x00,0x00,0x00,0x00,0x00,0x00,0x00
96.950450,0x06F,0,0,8,0x01,0xBC,0x70,0x49,0xFF,0xFD,0xEF,0x7F
96.951450,0x065,0,0,1,0x00,0x00,0x00,0x00,0x00,0x00,0x00,0x00
97.148450,0x06F,0,0,8,0x01,0xBC,0x70,0x49,0xFF,0xFD,0xEF,0x7F
97.149500,0x065,0,0,1,0x00,0x00,0x00,0x00,0x00,0x00,0x00,0x00
97.346450,0x06F,0,0,8,0x01,0xBC,0x70,0xC9,0xFE,0xFD,0xEF,0x7F
97.347600,0x065,0,0,1,0x00,0x00,0x00,0x00,0x00,0x00,0x00,0x00
97.544450,0x06F,0,0,8,0x01,0xBC,0x70,0x49,0xFF,0xFD,0xEF,0x7F
97.545450,0x065,0,0,1,0x00,0x00,0x00,0x00,0x00,0x00,0x00,0x00
97.742450,0x06F,0,0,8,0x01,0xBC,0x70,0x49,0xFF,0xFD,0xEF,0x7F
97.940750,0x065,0,0,1,0x00,0x00,0x00,0x00,0x00,0x00,0x00,0x00
97.942050,0x06F,0,0,8,0x01,0xBC,0x70,0x49,0xFF,0xFD,0xEF,0x7F
98.138750,0x065,0,0,1,0x00,0x00,0x00,0x00,0x00,0x00,0x00,0x00
98.139900,0x06F,0,0,8,0x01,0xBC,0x70,0x49,0xFF,0xFD,0xEF,0x7F
98.336750,0x065,0,0,1,0x00,0x00,0x00,0x00,0x00,0x00,0x00,0x00
98.337900,0x06F,0,0,8,0x01,0xBC,0x70,0x49,0xFF,0xFD,0xEF,0x7F
98.534750,0x065,0,0,1,0x00,0x00,0x00,0x00,0x00,0x00,0x00,0x00
98.535900,0x06F,0,0,8,0x01,0xBC,0x70,0x49,0xFF,0xFD,0xEF,0x7F
98.732750,0x065,0,0,1,0x00,0x00,0x00,0x00,0x00,0x00,0x00,0x00
98.733900,0x06F,0,0,8,0x01,0xBC,0x70,0x49,0xFF,0xFD,0xEF,0x7F
98.930750,0x065,0,0,1,0x00,0x00,0x00,0x00,0x00,0x00,0x00,0x00
98.932050,0x06F,0,0,8,0x01,0xBC,0x70,0x49,0xFF,0xFD,0xEF,0x7F
99.128950,0x065,0,0,1,0x00,0x00,0x00,0x00,0x00,0x00,0x00,0x00
99.129950,0x06F,0,0,8,0x01,0xBC,0x70,0x49,0xFF,0xFD,0xEF,0x7F
99.326750,0x065,0,0,1,0x00,0x00,0x00,0x00,0x00,0x00,0x00,0x00
99.327950,0x06F,0,0,8,0x01,0xBC,0x70,0x49,0xFF,0xFD,0xEF,0x7F
99.524750,0x065,0,0,1,0x00,0x00,0x00,0x00,0x00,0x00,0x00,0x00
99.525950,0x06F,0,0,8,0x01,0xBC,0x70,0x49,0xFF,0xFD,0xEF,0x7F
99.722800,0x065,0,0,1,0x00,0x00,0x00,0x00,0x00,0x00,0x00,0x00
99.723950,0x06F,0,0,8,0x01,0xBC,0x70,0x49,0xFF,0xFD,0xEF,0x7F
99.920950,0x065,0,0,1,0x00,0x00,0x00,0x00,0x00,0x00,0x00,0x00
99.922050,0x06F,0,0,8,0x01,0xBC,0x70,0x49,0xFF,0xFD,0xEF,0x7F
100.118750,0x065,0,0,1,0x00,0x00,0x00,0x00,0x00,0x00,0x00,0x00
100.119950,0x06F,0,0,8,0x01,0xBC,0x70,0xC9,0xFE,0xFD,0xEF,0x7F
100.317000,0x065,0,0,1,0x00,0x00,0x00,0x00,0x00,0x00,0x00,0x00
100.317950,0x06F,0,0,8,0x01,0xBC,0x70,0x49,0xFF,0xFD,0xEF,0x7F
100.515000,0x065,0,0,1,0x00,0x00,0x00,0x00,0x00,0x00,0x00,0x00
100.515950,0x06F,0,0,8,0x01,0xBC,0x70,0xC9,0xFE,0xFD,0xEF,0x7F
100.712750,0x065,0,0,1,0x00,0x00,0x00,0x00,0x00,0x00,0x00,0x00
100.713950,0x06F,0,0,8,0x01,0xBC,0x70,0x49,0xFF,0xFD,0xEF,0x7F
100.911000,0x065,0,0,1,0x00,0x00,0x00,0x00,0x00,0x00,0x00,0x00
100.912100,0x06F,0,0,8,0x01,0xBC,0x70,0x49,0xFF,0xFD,0xEF,0x7F
101.109000,0x065,0,0,1,0x00,0x00,0x00,0x00,0x00,0x00,0x00,0x00
101.109950,0x06F,0,0,8,0x01,0xBC,0x70,0x49,0xFF,0xFD,0xEF,0x7F
101.307000,0x065,0,0,1,0x00,0x00,0x00,0x00,0x00,0x00,0x00,0x00
101.307950,0x06F,0,0,8,0x01,0xBC,0x70,0x49,0xFF,0xFD,0xEF,0x7F
101.505000,0x065,0,0,1,0x00,0x00,0x00,0x00,0x00,0x00,0x00,0x00
101.505950,0x06F,0,0,8,0x01,0xBC,0x70,0x49,0xFF,0xFD,0xEF,0x7F
101.703000,0x065,0,0,1,0x00,0x00,0x00,0x00,0x00,0x00,0x00,0x00
101.703950,0x06F,0,0,8,0x01,0xBC,0x70,0xC9,0xFE,0xFD,0xEF,0x7F
101.900800,0x065,0,0,1,0x00,0x00,0x00,0x00,0x00,0x00,0x00,0x00
101.902100,0x06F,0,0,8,0x01,0xBC,0x70,0x49,0xFF,0xFD,0xEF,0x7F
102.099000,0x065,0,0,1,0x00,0x00,0x00,0x00,0x00,0x00,0x00,0x00
102.100000,0x06F,0,0,8,0x01,0xBC,0x70,0x49,0xFF,0xFD,0xEF,0x7F
102.297000,0x065,0,0,1,0x00,0x00,0x00,0x00,0x00,0x00,0x00,0x00
102.298250,0x06F,0,0,8,0x01,0xBC,0x70,0x49,0xFF,0xFD,0xEF,0x7F
102.495000,0x065,0,0,1,0x00,0x00,0x00,0x00,0x00,0x00,0x00,0x00
102.495150,0x06F,0,0,8,0x01,0xBC,0x70,0xC9,0xFE,0xFD,0xEF,0x7F
102.693000,0x065,0,0,1,0x00,0x00,0x00,0x00,0x00,0x00,0x00,0x00
102.693950,0x06F,0,0,8,0x01,0xBC,0x70,0x49,0xFF,0xFD,0xEF,0x7F
102.891000,0x065,0,0,1,0x00,0x00,0x00,0x00,0x00,0x00,0x00,0x00
102.892100,0x06F,0,0,8,0x01,0xBC,0x70,0x49,0xFF,0xFD,0xEF,0x7F
103.089000,0x065,0,0,1,0x00,0x00,0x00,0x00,0x00,0x00,0x00,0x00
103.089950,0x06F,0,0,8,0x01,0xBC,0x70,0xC9,0xFE,0xFD,0xEF,0x7F
103.287000,0x065,0,0,1,0x00,0x00,0x00,0x00,0x00,0x00,0x00,0x00
103.287950,0x06F,0,0,8,0x01,0xBC,0x70,0x49,0xFF,0xFD,0xEF,0x7F
103.485000,0x065,0,0,1,0x00,0x00,0x00,0x00,0x00,0x00,0x00,0x00
103.486000,0x06F,0,0,8,0x01,0xBC,0x70,0x49,0xFF,0xFD,0xEF,0x7F
103.682550,0x06F,0,0,8,0x01,0xBC,0x70,0x49,0xFF,0xFD,0xEF,0x7F
103.683150,0x065,0,0,1,0x00,0x00,0x00,0x00,0x00,0x00,0x00,0x00
103.880500,0x06F,0,0,8,0x01,0xBC,0x70,0x49,0xFF,0xFD,0xEF,0x7F
103.881150,0x065,0,0,1,0x00,0x00,0x00,0x00,0x00,0x00,0x00,0x00
104.079050,0x065,0,0,1,0x00,0x00,0x00,0x00,0x00,0x00,0x00,0x00
104.080000,0x06F,0,0,8,0x01,0xBC,0x70,0x49,0xFF,0xFD,0xEF,0x7F
104.277050,0x065,0,0,1,0x00,0x00,0x00,0x00,0x00,0x00,0x00,0x00
104.278000,0x06F,0,0,8,0x01,0xBC,0x70,0x49,0xFF,0xFD,0xEF,0x7F
104.475050,0x065,0,0,1,0x00,0x00,0x00,0x00,0x00,0x00,0x00,0x00
104.476000,0x06F,0,0,8,0x01,0xBC,0x70,0x49,0xFF,0xFD,0xEF,0x7F
104.673050,0x065,0,0,1,0x00,0x00,0x00,0x00,0x00,0x00,0x00,0x00
104.674000,0x06F,0,0,8,0x01,0xBC,0x70,0x49,0xFF,0xFD,0xEF,0x7F
104.870550,0x06F,0,0,8,0x01,0xBC,0x70,0x49,0xFD,0xF9,0xCF,0x7F
104.871200,0x065,0,0,1,0x00,0x00,0x00,0x00,0x00,0x00,0x00,0x00
105.068550,0x06F,0,0,8,0x07,0xB4,0x10,0x4A,0x00,0x0E,0x10,0x80
105.069200,0x065,0,0,1,0x00,0x00,0x00,0x00,0x00,0x00,0x00,0x00
105.267050,0x065,0,0,1,0x00,0x00,0x00,0x00,0x00,0x00,0x00,0x00
105.268000,0x06F,0,0,8,0x01,0xBC,0x70,0x49,0xFF,0x01,0xF0,0x7F
105.465050,0x065,0,0,1,0x00,0x00,0x00,0x00,0x00,0x00,0x00,0x00
105.465200,0x06F,0,0,8,0x01,0xBC,0x70,0x49,0xFF,0xFD,0xEF,0x7F
105.662550,0x06F,0,0,8,0x01,0xBC,0x70,0x49,0xFF,0xFD,0xEF,0x7F
105.663200,0x065,0,0,1,0x00,0x00,0x00,0x00,0x00,0x00,0x00,0x00
105.861050,0x065,0,0,1,0x00,0x00,0x00,0x00,0x00,0x00,0x00,0x00
105.862150,0x06F,0,0,8,0x01,0xBC,0x70,0x49,0xFF,0xFD,0xEF,0x7F
106.058550,0x06F,0,0,8,0x01,0xBC,0x70,0x49,0xFF,0xFD,0xEF,0x7F
106.059200,0x065,0,0,1,0x00,0x00,0x00,0x00,0x00,0x00,0x00,0x00
106.256550,0x06F,0,0,8,0x01,0xBC,0x70,0x49,0xFF,0xFD,0xEF,0x7F
106.257200,0x065,0,0,1,0x00,0x00,0x00,0x00,0x00,0x00,0x00,0x00
106.454550,0x06F,0,0,8,0x01,0xBC,0x70,0x49,0xFF,0xFD,0xEF,0x7F
106.455200,0x065,0,0,1,0x00,0x00,0x00,0x00,0x00,0x00,0x00,0x00
106.652550,0x06F,0,0,8,0x01,0xBC,0x70,0x49,0xFF,0xFD,0xEF,0x7F
106.653200,0x065,0,0,1,0x00,0x00,0x00,0x00,0x00,0x00,0x00,0x00
106.850600,0x06F,0,0,8,0x01,0xBC,0x70,0x49,0xFF,0xFD,0xEF,0x7F
106.851250,0x065,0,0,1,0x00,0x00,0x00,0x00,0x00,0x00,0x00,0x00
107.049050,0x065,0,0,1,0x00,0x00,0x00,0x00,0x00,0x00,0x00,0x00
107.049200,0x06F,0,0,8,0x01,0xBC,0x70,0x49,0xFF,0xFD,0xEF,0x7F
107.246600,0x06F,0,0,8,0x01,0xBC,0x70,0x49,0xFF,0xFD,0xEF,0x7F
107.247200,0x065,0,0,1,0x00,0x00,0x00,0x00,0x00,0x00,0x00,0x00
107.444600,0x06F,0,0,8,0x01,0xBC,0x70,0x49,0xFF,0xFD,0xEF,0x7F
107.445200,0x065,0,0,1,0x00,0x00,0x00,0x00,0x00,0x00,0x00,0x00
107.642600,0x06F,0,0,8,0x01,0xBC,0x70,0x49,0xFF,0xFD,0xEF,0x7F
107.643200,0x065,0,0,1,0x00,0x00,0x00,0x00,0x00,0x00,0x00,0x00
107.840600,0x06F,0,0,8,0x01,0xBC,0x70,0xC9,0xFE,0xFD,0xEF,0x7F
107.841200,0x065,0,0,1,0x00,0x00,0x00,0x00,0x00,0x00,0x00,0x00
108.038550,0x06F,0,0,8,0x01,0xBC,0x70,0x49,0xFF,0xFD,0xEF,0x7F
108.039200,0x065,0,0,1,0x00,0x00,0x00,0x00,0x00,0x00,0x00,0x00
108.236600,0x06F,0,0,8,0x01,0xBC,0x70,0x49,0xFF,0xFD,0xEF,0x7F
108.237450,0x065,0,0,1,0x00,0x00,0x00,0x00,0x00,0x00,0x00,0x00
108.434600,0x06F,0,0,8,0x01,0xBC,0x70,0x49,0xFF,0xFD,0xEF,0x7F
108.435250,0x065,0,0,1,0x00,0x00,0x00,0x00,0x00,0x00,0x00,0x00
108.632600,0x06F,0,0,8,0x01,0xBC,0x70,0x49,0xFF,0xFD,0xEF,0x7F
108.633250,0x065,0,0,1,0x00,0x00,0x00,0x00,0x00,0x00,0x00,0x00
108.830600,0x06F,0,0,8,0x01,0xBC,0x70,0x49,0xFF,0xFD,0xEF,0x7F
108.831250,0x065,0,0,1,0x00,0x00,0x00,0x00,0x00,0x00,0x00,0x00
109.028600,0x06F,0,0,8,0x01,0xBC,0x70,0x49,0xFF,0xFD,0xEF,0x7F
109.029400,0x065,0,0,1,0x00,0x00,0x00,0x00,0x00,0x00,0x00,0x00
109.226600,0x06F,0,0,8,0x01,0xBC,0x70,0x49,0xFF,0xFD,0xEF,0x7F
109.227250,0x065,0,0,1,0x00,0x00,0x00,0x00,0x00,0x00,0x00,0x00
109.424600,0x06F,0,0,8,0x01,0xBC,0x70,0x49,0xFF,0xFD,0xEF,0x7F
109.425500,0x065,0,0,1,0x00,0x00,0x00,0x00,0x00,0x00,0x00,0x00
109.623250,0x065,0,0,1,0x00,0x00,0x00,0x00,0x00,0x00,0x00,0x00
109.624350,0x06F,0,0,8,0x01,0xBC,0x70,0x49,0xFF,0xFD,0xEF,0x7F
109.820600,0x06F,0,0,8,0x01,0xBC,0x70,0x49,0xFF,0xFD,0xEF,0x7F
109.821250,0x065,0,0,1,0x00,0x00,0x00,0x00,0x00,0x00,0x00,0x00
110.018600,0x06F,0,0,8,0x01,0xBC,0x70,0x49,0xFF,0xFD,0xEF,0x7F
110.019250,0x065,0,0,1,0x00,0x00,0x00,0x00,0x00,0x00,0x00,0x00
110.216600,0x06F,0,0,8,0x01,0xBC,0x70,0x49,0xFF,0xFD,0xEF,0x7F
110.217400,0x065,0,0,1,0x00,0x00,0x00,0x00,0x00,0x00,0x00,0x00
110.414600,0x06F,0,0,8,0x01,0xBC,0x70,0x49,0xFF,0xFD,0xEF,0x7F
110.415250,0x065,0,0,1,0x00,0x00,0x00,0x00,0x00,0x00,0x00,0x00
110.612600,0x06F,0,0,8,0x01,0xBC,0x70,0x49,0xFF,0xFD,0xEF,0x7F
110.613500,0x065,0,0,1,0x00,0x00,0x00,0x00,0x00,0x00,0x00,0x00
110.810600,0x06F,0,0,8,0x01,0xBC,0x70,0x49,0xFF,0xFD,0xEF,0x7F
110.811500,0x065,0,0,1,0x00,0x00,0x00,0x00,0x00,0x00,0x00,0x00
111.008650,0x06F,0,0,8,0x01,0xBC,0x70,0x49,0xFF,0xFD,0xEF,0x7F
111.009300,0x065,0,0,1,0x00,0x00,0x00,0x00,0x00,0x00,0x00,0x00
111.206650,0x06F,0,0,8,0x01,0xBC,0x70,0x49,0xFF,0xFD,0xEF,0x7F
111.207400,0x065,0,0,1,0x00,0x00,0x00,0x00,0x00,0x00,0x00,0x00
111.404650,0x06F,0,0,8,0x01,0xBC,0x70,0x49,0xFF,0xFD,0xEF,0x7F
111.405500,0x065,0,0,1,0x00,0x00,0x00,0x00,0x00,0x00,0x00,0x00
111.602650,0x06F,0,0,8,0x01,0xBC,0x70,0x49,0xFF,0xFD,0xEF,0x7F
111.603650,0x065,0,0,1,0x00,0x00,0x00,0x00,0x00,0x00,0x00,0x00
111.800650,0x06F,0,0,8,0x01,0xBC,0x70,0xC9,0xFE,0xFD,0xEF,0x7F
111.801500,0x065,0,0,1,0x00,0x00,0x00,0x00,0x00,0x00,0x00,0x00
111.998650,0x06F,0,0,8,0x01,0xBC,0x70,0x49,0xFF,0xFD,0xEF,0x7F
111.999500,0x065,0,0,1,0x00,0x00,0x00,0x00,0x00,0x00,0x00,0x00
112.196600,0x06F,0,0,8,0x01,0xBC,0x70,0xC9,0xFE,0xFD,0xEF,0x7F
112.197500,0x065,0,0,1,0x00,0x00,0x00,0x00,0x00,0x00,0x00,0x00
112.394650,0x06F,0,0,8,0x01,0xBC,0x70,0x49,0xFF,0xFD,0xEF,0x7F
112.395400,0x065,0,0,1,0x00,0x00,0x00,0x00,0x00,0x00,0x00,0x00
112.592650,0x06F,0,0,8,0x01,0xBC,0x70,0x49,0xFF,0xFD,0xEF,0x7F
112.593450,0x065,0,0,1,0x00,0x00,0x00,0x00,0x00,0x00,0x00,0x00
112.790650,0x06F,0,0,8,0x01,0xBC,0x70,0x49,0xFF,0xFD,0xEF,0x7F
112.791650,0x065,0,0,1,0x00,0x00,0x00,0x00,0x00,0x00,0x00,0x00
112.988650,0x06F,0,0,8,0x01,0xBC,0x70,0xC9,0xFE,0xFD,0xEF,0x7F
112.989500,0x065,0,0,1,0x00,0x00,0x00,0x00,0x00,0x00,0x00,0x00
113.186650,0x06F,0,0,8,0x01,0xBC,0x70,0x49,0xFF,0xFD,0xEF,0x7F
113.187550,0x065,0,0,1,0x00,0x00,0x00,0x00,0x00,0x00,0x00,0x00
113.384650,0x06F,0,0,8,0x01,0xBC,0x70,0x49,0xFF,0xFD,0xEF,0x7F
113.385550,0x065,0,0,1,0x00,0x00,0x00,0x00,0x00,0x00,0x00,0x00
113.582650,0x06F,0,0,8,0x01,0xBC,0x70,0x49,0xFF,0xFD,0xEF,0x7F
113.583450,0x065,0,0,1,0x00,0x00,0x00,0x00,0x00,0x00,0x00,0x00
113.780650,0x06F,0,0,8,0x01,0xBC,0x70,0x49,0xFF,0xFD,0xEF,0x7F
113.781450,0x065,0,0,1,0x00,0x00,0x00,0x00,0x00,0x00,0x00,0x00
113.978650,0x06F,0,0,8,0x01,0xBC,0x70,0x49,0xFF,0xFD,0xEF,0x7F
113.979700,0x065,0,0,1,0x00,0x00,0x00,0x00,0x00,0x00,0x00,0x00
114.176650,0x06F,0,0,8,0x01,0xBC,0x70,0x49,0xFF,0xFD,0xEF,0x7F
114.177650,0x065,0,0,1,0x00,0x00,0x00,0x00,0x00,0x00,0x00,0x00
114.374650,0x06F,0,0,8,0x01,0xBC,0x70,0x49,0xFF,0xFD,0xEF,0x7F
114.375500,0x065,0,0,1,0x00,0x00,0x00,0x00,0x00,0x00,0x00,0x00
114.572650,0x06F,0,0,8,0x01,0xBC,0x70,0x49,0xFF,0xFD,0xEF,0x7F
114.573650,0x065,0,0,1,0x00,0x00,0x00,0x00,0x00,0x00,0x00,0x00
114.770650,0x06F,0,0,8,0x01,0xBC,0x70,0x49,0xFF,0xFD,0xEF,0x7F
114.771650,0x065,0,0,1,0x00,0x00,0x00,0x00,0x00,0x00,0x00,0x00
114.968650,0x06F,0,0,8,0x01,0xBC,0x70,0xC9,0xFE,0xFD,0xEF,0x7F
114.969450,0x065,0,0,1,0x00,0x00,0x00,0x00,0x00,0x00,0x00,0x00
115.166650,0x06F,0,0,8,0x01,0xBC,0x70,0x49,0xFF,0xFD,0xEF,0x7F
115.167650,0x065,0,0,1,0x00,0x00,0x00,0x00,0x00,0x00,0x00,0x00
115.364700,0x06F,0,0,8,0x01,0xBC,0x70,0x49,0xFF,0xFD,0xEF,0x7F
115.365700,0x065,0,0,1,0x00,0x00,0x00,0x00,0x00,0x00,0x00,0x00
115.562700,0x06F,0,0,8,0x01,0xBC,0x70,0xC9,0xFE,0xFD,0xEF,0x7F
115.563700,0x065,0,0,1,0x00,0x00,0x00,0x00,0x00,0x00,0x00,0x00
115.760700,0x06F,0,0,8,0x01,0xBC,0x70,0x49,0xFF,0xFD,0xEF,0x7F
115.761700,0x065,0,0,1,0x00,0x00,0x00,0x00,0x00,0x00,0x00,0x00
115.958700,0x06F,0,0,8,0x01,0xBC,0x70,0x49,0xFF,0xFD,0xEF,0x7F
115.959700,0x065,0,0,1,0x00,0x00,0x00,0x00,0x00,0x00,0x00,0x00
116.156700,0x06F,0,0,8,0x01,0xBC,0x70,0x49,0xFF,0xFD,0xEF,0x7F
116.157450,0x065,0,0,1,0x00,0x00,0x00,0x00,0x00,0x00,0x00,0x00
116.354700,0x06F,0,0,8,0x01,0xBC,0x70,0x49,0xFF,0xFD,0xEF,0x7F
116.355700,0x065,0,0,1,0x00,0x00,0x00,0x00,0x00,0x00,0x00,0x00
116.552650,0x06F,0,0,8,0x01,0xBC,0x70,0x49,0xFF,0xFD,0xEF,0x7F
116.553700,0x065,0,0,1,0x00,0x00,0x00,0x00,0x00,0x00,0x00,0x00
116.750700,0x06F,0,0,8,0x01,0xB4,0x70,0xC9,0xFF,0xF9,0xEF,0x7F
116.751700,0x065,0,0,1,0x00,0x00,0x00,0x00,0x00,0x00,0x00,0x00
116.948700,0x06F,0,0,8,0x01,0xB4,0x50,0xC9,0x02,0x4E,0xD0,0x7F
116.949700,0x065,0,0,1,0x00,0x00,0x00,0x00,0x00,0x00,0x00,0x00
117.146700,0x06F,0,0,8,0x01,0xB4,0x70,0x49,0x07,0x2E,0x50,0x77
117.147700,0x065,0,0,1,0x00,0x00,0x00,0x00,0x00,0x00,0x00,0x00
117.344700,0x06F,0,0,8,0x07,0xA4,0xD0,0x48,0x9B,0x91,0x6F,0x8A
117.345850,0x065,0,0,1,0x00,0x00,0x00,0x00,0x00,0x00,0x00,0x00
117.542700,0x06F,0,0,8,0xF9,0xAB,0x50,0x49,0xF2,0x05,0x90,0x7E
117.740950,0x065,0,0,1,0x00,0x00,0x00,0x00,0x00,0x00,0x00,0x00
117.742150,0x06F,0,0,8,0x01,0x94,0x70,0x49,0x09,0x22,0x2F,0x80
117.938950,0x065,0,0,1,0x00,0x00,0x00,0x00,0x00,0x00,0x00,0x00
117.940300,0x06F,0,0,8,0x19,0x7C,0xF0,0xC9,0x93,0x81,0xCB,0x85
118.136950,0x065,0,0,1,0x00,0x00,0x00,0x00,0x00,0x00,0x00,0x00
118.138150,0x06F,0,0,8,0x25,0xF4,0xAF,0x49,0xB8,0x35,0x8B,0x94
118.334950,0x065,0,0,1,0x00,0x00,0x00,0x00,0x00,0x00,0x00,0x00
118.336150,0x06F,0,0,8,0x37,0xE4,0xEF,0xC8,0x4C,0x72,0x91,0x88
118.532950,0x065,0,0,1,0x00,0x00,0x00,0x00,0x00,0x00,0x00,0x00
118.534150,0x06F,0,0,8,0x29,0xE4,0x2F,0xC9,0x05,0xEE,0x8E,0x88
118.731000,0x065,0,0,1,0x00,0x00,0x00,0x00,0x00,0x00,0x00,0x00
118.732150,0x06F,0,0,8,0x35,0x94,0xCF,0xC7,0xC7,0x1D,0xEE,0x82
118.929000,0x065,0,0,1,0x00,0x00,0x00,0x00,0x00,0x00,0x00,0x00
118.930300,0x06F,0,0,8,0x67,0x14,0xAF,0xC6,0x98,0x51,0x8E,0x81
119.127000,0x065,0,0,1,0x00,0x00,0x00,0x00,0x00,0x00,0x00,0x00
119.128150,0x06F,0,0,8,0x67,0x6C,0xCE,0xC7,0xB8,0x58,0xD1,0xA8
119.325200,0x065,0,0,1,0x00,0x00,0x00,0x00,0x00,0x00,0x00,0x00
119.326150,0x06F,0,0,8,0x37,0x04,0xCE,0x42,0xE6,0x20,0x4F,0xB1
119.523000,0x065,0,0,1,0x00,0x00,0x00,0x00,0x00,0x00,0x00,0x00
119.524150,0x06F,0,0,8,0x2D,0x1C,0x2E,0x40,0xD3,0x75,0x2F,0x79
119.721000,0x065,0,0,1,0x00,0x00,0x00,0x00,0x00,0x00,0x00,0x00
119.722150,0x06F,0,0,8,0x37,0xA4,0x2D,0xC0,0x0C,0x56,0x6F,0x79
119.919200,0x065,0,0,1,0x00,0x00,0x00,0x00,0x00,0x00,0x00,0x00
119.920300,0x06F,0,0,8,0x37,0xE4,0x4D,0x40,0x0A,0x66,0xAF,0x7E
120.117000,0x065,0,0,1,0x00,0x00,0x00,0x00,0x00,0x00,0x00,0x00
120.118150,0x06F,0,0,8,0x47,0x0C,0x0E,0x48,0xB8,0x4A,0xD4,0x58
120.315000,0x065,0,0,1,0x00,0x00,0x00,0x00,0x00,0x00,0x00,0x00
120.316200,0x06F,0,0,8,0x59,0x9C,0x0E,0xC8,0x51,0x6A,0xF3,0x79
120.513200,0x065,0,0,1,0x00,0x00,0x00,0x00,0x00,0x00,0x00,0x00
120.514200,0x06F,0,0,8,0x43,0x3C,0xCF,0x47,0x06,0x46,0x10,0x75
120.711200,0x065,0,0,1,0x00,0x00,0x00,0x00,0x00,0x00,0x00,0x00
120.712200,0x06F,0,0,8,0x4B,0xEC,0xAE,0xC8,0x0C,0x9A,0xF0,0x7A
120.909250,0x065,0,0,1,0x00,0x00,0x00,0x00,0x00,0x00,0x00,0x00
120.910300,0x06F,0,0,8,0x4D,0x24,0x2F,0xC9,0x0F,0x56,0x90,0x7B
121.107250,0x065,0,0,1,0x00,0x00,0x00,0x00,0x00,0x00,0x00,0x00
121.108200,0x06F,0,0,8,0x47,0x54,0xCF,0xC7,0x1B,0x4A,0xAF,0x7A
121.305000,0x065,0,0,1,0x00,0x00,0x00,0x00,0x00,0x00,0x00,0x00
121.306200,0x06F,0,0,8,0x27,0x3C,0x6F,0xC9,0xEC,0x4D,0x70,0x7B
121.503000,0x065,0,0,1,0x00,0x00,0x00,0x00,0x00,0x00,0x00,0x00
121.504200,0x06F,0,0,8,0x41,0x7C,0xAF,0x48,0x0A,0xD6,0x6F,0x7A
121.701250,0x065,0,0,1,0x00,0x00,0x00,0x00,0x00,0x00,0x00,0x00
121.702200,0x06F,0,0,8,0x35,0x44,0x4F,0x49,0xE8,0xF9,0x10,0x74
121.899250,0x065,0,0,1,0x00,0x00,0x00,0x00,0x00,0x00,0x00,0x00
121.900350,0x06F,0,0,8,0x57,0x5C,0x6F,0xC7,0x2E,0x56,0x2E,0x87
122.097250,0x065,0,0,1,0x00,0x00,0x00,0x00,0x00,0x00,0x00,0x00
122.098200,0x06F,0,0,8,0x45,0x54,0x2F,0xC9,0xFB,0x6D,0x10,0x80
122.295250,0x065,0,0,1,0x00,0x00,0x00,0x00,0x00,0x00,0x00,0x00
122.296200,0x06F,0,0,8,0x4B,0x6C,0xCF,0xC8,0x0B,0xEE,0x2F,0x7A
122.493250,0x065,0,0,1,0x00,0x00,0x00,0x00,0x00,0x00,0x00,0x00
122.494200,0x06F,0,0,8,0x37,0x9C,0x2F,0xC9,0xFD,0x15,0xF0,0x7F
122.691000,0x065,0,0,1,0x00,0x00,0x00,0x00,0x00,0x00,0x00,0x00
122.692200,0x06F,0,0,8,0x4B,0xB4,0x6F,0x48,0xFC,0x9D,0x8F,0x74
122.889250,0x065,0,0,1,0x00,0x00,0x00,0x00,0x00,0x00,0x00,0x00
122.890350,0x06F,0,0,8,0x47,0xB4,0x6F,0xC8,0x12,0x0E,0xD1,0x7E
123.087250,0x065,0,0,1,0x00,0x00,0x00,0x00,0x00,0x00,0x00,0x00
123.088250,0x06F,0,0,8,0x4B,0xB4,0xAF,0x48,0x18,0xF6,0x6F,0x87
123.284750,0x06F,0,0,8,0x4B,0xC4,0x8F,0x48,0xFD,0xA9,0xAF,0x7D
123.285400,0x065,0,0,1,0x00,0x00,0x00,0x00,0x00,0x00,0x00,0x00
123.483250,0x065,0,0,1,0x00,0x00,0x00,0x00,0x00,0x00,0x00,0x00
123.484200,0x06F,0,0,8,0x4B,0xC4,0xAF,0xC8,0x19,0xAA,0xCF,0x73
123.681250,0x065,0,0,1,0x00,0x00,0x00,0x00,0x00,0x00,0x00,0x00
123.682200,0x06F,0,0,8,0x57,0xC4,0xAF,0xC8,0xFD,0xF1,0x10,0x7C
123.878800,0x06F,0,0,8,0x41,0xE4,0x6F,0x48,0x05,0x8A,0x50,0x86
123.879450,0x065,0,0,1,0x00,0x00,0x00,0x00,0x00,0x00,0x00,0x00
124.077250,0x065,0,0,1,0x00,0x00,0x00,0x00,0x00,0x00,0x00,0x00
124.078200,0x06F,0,0,8,0x3D,0x04,0xF0,0x47,0x0E,0x72,0x8F,0x74
124.275250,0x065,0,0,1,0x00,0x00,0x00,0x00,0x00,0x00,0x00,0x00
124.275400,0x06F,0,0,8,0x4B,0x24,0x70,0x48,0x20,0x6A,0xF0,0x86
124.472800,0x06F,0,0,8,0x35,0x0C,0x70,0x49,0xFD,0x95,0xAF,0x7F
124.473400,0x065,0,0,1,0x00,0x00,0x00,0x00,0x00,0x00,0x00,0x00
124.671250,0x065,0,0,1,0x00,0x00,0x00,0x00,0x00,0x00,0x00,0x00
124.672250,0x06F,0,0,8,0x51,0xDC,0x0F,0x49,0x13,0xAE,0x2F,0x7B
124.869250,0x065,0,0,1,0x00,0x00,0x00,0x00,0x00,0x00,0x00,0x00
124.870350,0x06F,0,0,8,0x45,0x24,0x50,0xC8,0xE0,0x4D,0x50,0x7A
125.066800,0x06F,0,0,8,0x47,0xEC,0xCF,0x48,0x00,0x5A,0x4F,0x72
125.067450,0x065,0,0,1,0x00,0x00,0x00,0x00,0x00,0x00,0x00,0x00
125.265250,0x065,0,0,1,0x00,0x00,0x00,0x00,0x00,0x00,0x00,0x00
125.266250,0x06F,0,0,8,0x49,0x44,0xD0,0x47,0x00,0xDE,0x4F,0x7E
125.462800,0x06F,0,0,8,0x4B,0x14,0xB0,0xC8,0x02,0x66,0x90,0x84
125.463450,0x065,0,0,1,0x00,0x00,0x00,0x00,0x00,0x00,0x00,0x00
125.660800,0x06F,0,0,8,0x3D,0x14,0x50,0x49,0x06,0x82,0x0F,0x7C
125.661450,0x065,0,0,1,0x00,0x00,0x00,0x00,0x00,0x00,0x00,0x00
125.858800,0x06F,0,0,8,0x43,0xFC,0xEF,0x48,0xF7,0x99,0xF0,0x7E
125.859450,0x065,0,0,1,0x00,0x00,0x00,0x00,0x00,0x00,0x00,0x00
126.057300,0x065,0,0,1,0x00,0x00,0x00,0x00,0x00,0x00,0x00,0x00
126.058250,0x06F,0,0,8,0x3B,0x3C,0x70,0x48,0x09,0x46,0x2F,0x81
126.254800,0x06F,0,0,8,0x49,0x3C,0x90,0x48,0x03,0x02,0xB0,0x7F
126.255450,0x065,0,0,1,0x00,0x00,0x00,0x00,0x00,0x00,0x00,0x00
126.452800,0x06F,0,0,8,0x29,0x14,0x50,0x49,0x02,0xA6,0xAF,0x82
126.453450,0x065,0,0,1,0x00,0x00,0x00,0x00,0x00,0x00,0x00,0x00
126.650800,0x06F,0,0,8,0x59,0x14,0xF0,0xC7,0xF9,0xA5,0x0F,0x85
126.651450,0x065,0,0,1,0x00,0x00,0x00,0x00,0x00,0x00,0x00,0x00
126.848800,0x06F,0,0,8,0x4D,0x04,0xF0,0xC7,0x1C,0xD2,0x4F,0x7A
126.849450,0x065,0,0,1,0x00,0x00,0x00,0x00,0x00,0x00,0x00,0x00
127.046800,0x06F,0,0,8,0x5B,0xEC,0x4F,0xC9,0xE3,0xE1,0x50,0x89
127.047450,0x065,0,0,1,0x00,0x00,0x00,0x00,0x00,0x00,0x00,0x00
127.244800,0x06F,0,0,8,0x65,0xE4,0x2F,0x47,0x2E,0x4A,0xAD,0x7E
127.245450,0x065,0,0,1,0x00,0x00,0x00,0x00,0x00,0x00,0x00,0x00
127.442800,0x06F,0,0,8,0x59,0x14,0xF0,0xC7,0x0A,0x9E,0x4F,0x88
127.443450,0x065,0,0,1,0x00,0x00,0x00,0x00,0x00,0x00,0x00,0x00
127.640800,0x06F,0,0,8,0x59,0xB4,0xCF,0xC7,0x1C,0x16,0xB0,0x95
127.641450,0x065,0,0,1,0x00,0x00,0x00,0x00,0x00,0x00,0x00,0x00
127.838850,0x06F,0,0,8,0x3B,0xF4,0xAF,0x48,0x24,0xB2,0x10,0x87
127.839500,0x065,0,0,1,0x00,0x00,0x00,0x00,0x00,0x00,0x00,0x00
128.036850,0x06F,0,0,8,0xA7,0xEC,0xCF,0xD7,0xA8,0xB2,0x37,0x73
128.037500,0x065,0,0,1,0x00,0x00,0x00,0x00,0x00,0x00,0x00,0x00
128.234850,0x06F,0,0,8,0x25,0x24,0x70,0xC9,0x0A,0x1A,0x10,0x66
128.235450,0x065,0,0,1,0x00,0x00,0x00,0x00,0x00,0x00,0x00,0x00
128.432850,0x06F,0,0,8,0x33,0x3C,0x90,0xC8,0x5B,0x2E,0x31,0x83
128.433600,0x065,0,0,1,0x00,0x00,0x00,0x00,0x00,0x00,0x00,0x00
128.630850,0x06F,0,0,8,0x05,0xE4,0x50,0xCB,0x29,0xAB,0xFA,0x7C
128.631450,0x065,0,0,1,0x00,0x00,0x00,0x00,0x00,0x00,0x00,0x00
128.828850,0x06F,0,0,8,0x07,0xB4,0x70,0x49,0x05,0xF6,0xEF,0x82
128.829700,0x065,0,0,1,0x00,0x00,0x00,0x00,0x00,0x00,0x00,0x00
129.026800,0x06F,0,0,8,0x07,0xA4,0x90,0xC9,0xF8,0xF5,0x4F,0x80
129.027700,0x065,0,0,1,0x00,0x00,0x00,0x00,0x00,0x00,0x00,0x00
129.224850,0x06F,0,0,8,0x05,0xB4,0x70,0x49,0x00,0xFE,0xCF,0x7F
129.225500,0x065,0,0,1,0x00,0x00,0x00,0x00,0x00,0x00,0x00,0x00
129.422850,0x06F,0,0,8,0x07,0xAC,0x70,0x49,0xFF,0x01,0xD0,0x7F
129.423500,0x065,0,0,1,0x00,0x00,0x00,0x00,0x00,0x00,0x00,0x00
129.620850,0x06F,0,0,8,0x07,0xB4,0x70,0xC9,0xFF,0xFD,0x2F,0x80
129.621600,0x065,0,0,1,0x00,0x00,0x00,0x00,0x00,0x00,0x00,0x00
129.818850,0x06F,0,0,8,0x07,0xAC,0x70,0xC9,0xFF,0xFD,0xEF,0x7F
129.819650,0x065,0,0,1,0x00,0x00,0x00,0x00,0x00,0x00,0x00,0x00
130.016850,0x06F,0,0,8,0x07,0xB4,0x70,0xC9,0xFE,0xFD,0xCF,0x7F
130.017750,0x065,0,0,1,0x00,0x00,0x00,0x00,0x00,0x00,0x00,0x00
130.214850,0x06F,0,0,8,0x07,0xAC,0x70,0xC9,0x00,0xFE,0xEF,0x7F
130.215750,0x065,0,0,1,0x00,0x00,0x00,0x00,0x00,0x00,0x00,0x00
130.412850,0x06F,0,0,8,0x07,0xB4,0x70,0xC9,0xFE,0xFD,0xCF,0x7F
130.413500,0x065,0,0,1,0x00,0x00,0x00,0x00,0x00,0x00,0x00,0x00
130.610850,0x06F,0,0,8,0x07,0xB4,0x70,0x49,0xFF,0xFD,0xEF,0x7F
130.611500,0x065,0,0,1,0x00,0x00,0x00,0x00,0x00,0x00,0x00,0x00
130.808850,0x06F,0,0,8,0x07,0xB4,0x70,0x49,0xFF,0xFD,0xEF,0x7F
130.809650,0x065,0,0,1,0x00,0x00,0x00,0x00,0x00,0x00,0x00,0x00
131.006850,0x06F,0,0,8,0x07,0xB4,0x70,0xC9,0xFE,0xFD,0xEF,0x7F
131.007650,0x065,0,0,1,0x00,0x00,0x00,0x00,0x00,0x00,0x00,0x00
131.204850,0x06F,0,0,8,0x07,0xB4,0x70,0xC9,0xFE,0xFD,0xEF,0x7F
131.205700,0x065,0,0,1,0x00,0x00,0x00,0x00,0x00,0x00,0x00,0x00
131.402850,0x06F,0,0,8,0x07,0xB4,0x70,0x49,0xFF,0xFD,0xEF,0x7F
131.403750,0x065,0,0,1,0x00,0x00,0x00,0x00,0x00,0x00,0x00,0x00
131.600850,0x06F,0,0,8,0x07,0xB4,0x70,0x49,0xFF,0xFD,0xEF,0x7F
131.601750,0x065,0,0,1,0x00,0x00,0x00,0x00,0x00,0x00,0x00,0x00
131.798850,0x06F,0,0,8,0x07,0xB4,0x70,0x49,0xFF,0xFD,0xEF,0x7F
131.799650,0x065,0,0,1,0x00,0x00,0x00,0x00,0x00,0x00,0x00,0x00
131.996900,0x06F,0,0,8,0x07,0xB4,0x70,0x49,0xFF,0xFD,0xEF,0x7F
131.997650,0x065,0,0,1,0x00,0x00,0x00,0x00,0x00,0x00,0x00,0x00
132.194900,0x06F,0,0,8,0x07,0xB4,0x70,0xC9,0xFE,0xFD,0xEF,0x7F
132.195650,0x065,0,0,1,0x00,0x00,0x00,0x00,0x00,0x00,0x00,0x00
132.392900,0x06F,0,0,8,0x07,0xB4,0x70,0xC9,0xFE,0xFD,0xEF,0x7F
132.393900,0x065,0,0,1,0x00,0x00,0x00,0x00,0x00,0x00,0x00,0x00
132.590900,0x06F,0,0,8,0x07,0xB4,0x70,0x49,0xFF,0xFD,0xEF,0x7F
132.591750,0x065,0,0,1,0x00,0x00,0x00,0x00,0x00,0x00,0x00,0x00
132.788900,0x06F,0,0,8,0x07,0xB4,0x70,0x49,0xFF,0xFD,0xEF,0x7F
132.789750,0x065,0,0,1,0x00,0x00,0x00,0x00,0x00,0x00,0x00,0x00
132.986900,0x06F,0,0,8,0x07,0xB4,0x70,0x49,0xFF,0xFD,0xEF,0x7F
132.987650,0x065,0,0,1,0x00,0x00,0x00,0x00,0x00,0x00,0x00,0x00
133.184900,0x06F,0,0,8,0x07,0xB4,0x70,0x49,0xFF,0xFD,0xEF,0x7F
133.185650,0x065,0,0,1,0x00,0x00,0x00,0x00,0x00,0x00,0x00,0x00
133.382850,0x06F,0,0,8,0x07,0xB4,0x70,0x49,0xFF,0xFD,0xEF,0x7F
133.383900,0x065,0,0,1,0x00,0x00,0x00,0x00,0x00,0x00,0x00,0x00
133.580900,0x06F,0,0,8,0x07,0xB4,0x70,0x49,0xFF,0xFD,0xEF,0x7F
133.581900,0x065,0,0,1,0x00,0x00,0x00,0x00,0x00,0x00,0x00,0x00
133.779750,0x065,0,0,1,0x00,0x00,0x00,0x00,0x00,0x00,0x00,0x00
133.780900,0x06F,0,0,8,0x07,0xB4,0x70,0x49,0xFF,0xFD,0xEF,0x7F
133.976900,0x06F,0,0,8,0x07,0xB4,0x70,0x49,0xFF,0xFD,0xEF,0x7F
133.977750,0x065,0,0,1,0x00,0x00,0x00,0x00,0x00,0x00,0x00,0x00
134.174900,0x06F,0,0,8,0x07,0xB4,0x70,0xC9,0xFE,0xFD,0xEF,0x7F
134.175900,0x065,0,0,1,0x00,0x00,0x00,0x00,0x00,0x00,0x00,0x00
134.372900,0x06F,0,0,8,0x07,0xB4,0x70,0x49,0xFF,0xFD,0xEF,0x7F
134.373700,0x065,0,0,1,0x00,0x00,0x00,0x00,0x00,0x00,0x00,0x00
134.570900,0x06F,0,0,8,0x07,0xB4,0x70,0x49,0xFF,0xFD,0xEF,0x7F
134.571900,0x065,0,0,1,0x00,0x00,0x00,0x00,0x00,0x00,0x00,0x00
134.768900,0x06F,0,0,8,0x07,0xB4,0x70,0x49,0xFF,0xFD,0xEF,0x7F
134.769900,0x065,0,0,1,0x00,0x00,0x00,0x00,0x00,0x00,0x00,0x00
134.966900,0x06F,0,0,8,0x07,0xB4,0x70,0x49,0xFF,0xFD,0xEF,0x7F
134.967950,0x065,0,0,1,0x00,0x00,0x00,0x00,0x00,0x00,0x00,0x00
135.164900,0x06F,0,0,8,0x07,0xB4,0x70,0x49,0xFF,0xFD,0xEF,0x7F
135.165750,0x065,0,0,1,0x00,0x00,0x00,0x00,0x00,0x00,0x00,0x00
135.362900,0x06F,0,0,8,0x07,0xB4,0x70,0x49,0xFF,0xFD,0xEF,0x7F
135.363900,0x065,0,0,1,0x00,0x00,0x00,0x00,0x00,0x00,0x00,0x00
135.560900,0x06F,0,0,8,0x07,0xB4,0x70,0x49,0xFF,0xFD,0xEF,0x7F
135.561900,0x065,0,0,1,0x00,0x00,0x00,0x00,0x00,0x00,0x00,0x00
135.758900,0x06F,0,0,8,0x07,0xB4,0x70,0xC9,0xFE,0xFD,0xEF,0x7F
135.759900,0x065,0,0,1,0x00,0x00,0x00,0x00,0x00,0x00,0x00,0x00
135.956900,0x06F,0,0,8,0x07,0xB4,0x70,0x49,0xFF,0xFD,0xEF,0x7F
135.957900,0x065,0,0,1,0x00,0x00,0x00,0x00,0x00,0x00,0x00,0x00
136.154900,0x06F,0,0,8,0x07,0xB4,0x70,0x49,0xFF,0xFD,0xEF,0x7F
136.155900,0x065,0,0,1,0x00,0x00,0x00,0x00,0x00,0x00,0x00,0x00
136.352950,0x06F,0,0,8,0x07,0xB4,0x70,0x49,0xFF,0xFD,0xEF,0x7F
136.353950,0x065,0,0,1,0x00,0x00,0x00,0x00,0x00,0x00,0x00,0x00
136.550950,0x06F,0,0,8,0x07,0xB4,0x70,0x49,0xFF,0xFD,0xEF,0x7F
136.551950,0x065,0,0,1,0x00,0x00,0x00,0x00,0x00,0x00,0x00,0x00
136.748950,0x06F,0,0,8,0x07,0xB4,0x70,0x49,0xFF,0xFD,0xEF,0x7F
136.750100,0x065,0,0,1,0x00,0x00,0x00,0x00,0x00,0x00,0x00,0x00
136.946950,0x06F,0,0,8,0x07,0xB4,0x70,0x49,0xFF,0xFD,0xEF,0x7F
136.947950,0x065,0,0,1,0x00,0x00,0x00,0x00,0x00,0x00,0x00,0x00
137.144950,0x06F,0,0,8,0x07,0xB4,0x70,0xC9,0xFE,0xF9,0xEF,0x7F
137.145950,0x065,0,0,1,0x00,0x00,0x00,0x00,0x00,0x00,0x00,0x00
137.342950,0x06F,0,0,8,0x07,0xB4,0x70,0x49,0xFF,0xFD,0xEF,0x7F
137.343950,0x065,0,0,1,0x00,0x00,0x00,0x00,0x00,0x00,0x00,0x00
137.540900,0x06F,0,0,8,0x07,0xB4,0x70,0x49,0xFF,0xFD,0xEF,0x7F
137.739400,0x065,0,0,1,0x00,0x00,0x00,0x00,0x00,0x00,0x00,0x00
137.740500,0x06F,0,0,8,0x07,0xAC,0x50,0xC9,0x02,0xFE,0x0F,0x80
137.937200,0x065,0,0,1,0x00,0x00,0x00,0x00,0x00,0x00,0x00,0x00
137.938600,0x06F,0,0,8,0x0F,0xCC,0xB0,0x49,0x03,0x06,0xF0,0x7F
138.135450,0x065,0,0,1,0x00,0x00,0x00,0x00,0x00,0x00,0x00,0x00
138.136450,0x06F,0,0,8,0x09,0x9C,0xB0,0xC9,0x05,0x02,0xD0,0x80
138.333200,0x065,0,0,1,0x00,0x00,0x00,0x00,0x00,0x00,0x00,0x00
138.334450,0x06F,0,0,8,0x03,0x5C,0xB0,0x49,0xFE,0x01,0x10,0x80
138.531200,0x065,0,0,1,0x00,0x00,0x00,0x00,0x00,0x00,0x00,0x00
138.532450,0x06F,0,0,8,0x09,0xA4,0x90,0xC9,0x01,0x3A,0x30,0x6D
138.729200,0x065,0,0,1,0x00,0x00,0x00,0x00,0x00,0x00,0x00,0x00
138.730450,0x06F,0,0,8,0x05,0xAC,0xB0,0xC9,0xF6,0x19,0x50,0x7C
138.927450,0x065,0,0,1,0x00,0x00,0x00,0x00,0x00,0x00,0x00,0x00
138.928600,0x06F,0,0,8,0x03,0x9C,0x90,0xC9,0x02,0xF2,0xAF,0x7F
139.125200,0x065,0,0,1,0x00,0x00,0x00,0x00,0x00,0x00,0x00,0x00
139.126500,0x06F,0,0,8,0x07,0xA4,0xB0,0xCA,0x0F,0x02,0xD0,0x80
139.323450,0x065,0,0,1,0x00,0x00,0x00,0x00,0x00,0x00,0x00,0x00
139.324500,0x06F,0,0,8,0x0D,0x84,0x90,0x49,0xF2,0xED,0x6F,0x81
139.521200,0x065,0,0,1,0x00,0x00,0x00,0x00,0x00,0x00,0x00,0x00
139.522500,0x06F,0,0,8,0x05,0x8C,0x90,0xC9,0x02,0xFA,0x6F,0x7E
139.719250,0x065,0,0,1,0x00,0x00,0x00,0x00,0x00,0x00,0x00,0x00
139.720500,0x06F,0,0,8,0x03,0x8C,0x90,0x49,0xFE,0xFD,0x2F,0x7E
139.917250,0x065,0,0,1,0x00,0x00,0x00,0x00,0x00,0x00,0x00,0x00
139.918650,0x06F,0,0,8,0x05,0x8C,0x90,0xC9,0x00,0xFA,0xCF,0x7F
140.115450,0x065,0,0,1,0x00,0x00,0x00,0x00,0x00,0x00,0x00,0x00
140.116500,0x06F,0,0,8,0x05,0x8C,0x90,0x49,0x04,0xF6,0xAF,0x7F
140.313250,0x065,0,0,1,0x00,0x00,0x00,0x00,0x00,0x00,0x00,0x00
140.314500,0x06F,0,0,8,0x0B,0x8C,0x90,0x49,0x09,0xFE,0x4F,0x80
140.511450,0x065,0,0,1,0x00,0x00,0x00,0x00,0x00,0x00,0x00,0x00
140.512500,0x06F,0,0,8,0x09,0x9C,0x90,0x49,0x06,0xEE,0xEF,0x86
140.709450,0x065,0,0,1,0x00,0x00,0x00,0x00,0x00,0x00,0x00,0x00
140.710500,0x06F,0,0,8,0x09,0x94,0x90,0xC9,0xFC,0xF9,0xEF,0x7F
140.907250,0x065,0,0,1,0x00,0x00,0x00,0x00,0x00,0x00,0x00,0x00
140.908650,0x06F,0,0,8,0x09,0x9C,0x90,0xC9,0xFE,0xF9,0xEF,0x7F
141.105450,0x065,0,0,1,0x00,0x00,0x00,0x00,0x00,0x00,0x00,0x00
141.106500,0x06F,0,0,8,0x09,0x9C,0x90,0x49,0xFF,0xFD,0xEF,0x7F
141.303450,0x065,0,0,1,0x00,0x00,0x00,0x00,0x00,0x00,0x00,0x00
141.304500,0x06F,0,0,8,0x09,0x9C,0x90,0xC9,0xFE,0xFD,0xEF,0x7F
141.501450,0x065,0,0,1,0x00,0x00,0x00,0x00,0x00,0x00,0x00,0x00
141.501600,0x06F,0,0,8,0x09,0x9C,0x90,0x49,0xFF,0xFD,0xEF,0x7F
141.699450,0x065,0,0,1,0x00,0x00,0x00,0x00,0x00,0x00,0x00,0x00
141.700550,0x06F,0,0,8,0x09,0x9C,0x90,0x49,0xFF,0xFD,0xEF,0x7F
141.897500,0x065,0,0,1,0x00,0x00,0x00,0x00,0x00,0x00,0x00,0x00
141.898750,0x06F,0,0,8,0x09,0x9C,0x90,0x49,0xFF,0xFD,0xEF,0x7F
142.095250,0x065,0,0,1,0x00,0x00,0x00,0x00,0x00,0x00,0x00,0x00
142.096550,0x06F,0,0,8,0x09,0x9C,0x90,0x49,0xFF,0xFD,0xEF,0x7F
142.293500,0x065,0,0,1,0x00,0x00,0x00,0x00,0x00,0x00,0x00,0x00
142.294450,0x06F,0,0,8,0x07,0x9C,0x90,0x49,0xFF,0xFD,0xEF,0x7F
142.491500,0x065,0,0,1,0x00,0x00,0x00,0x00,0x00,0x00,0x00,0x00
142.492450,0x06F,0,0,8,0x09,0x9C,0x90,0x49,0xFF,0xFD,0xEF,0x7F
142.689000,0x06F,0,0,8,0x09,0x9C,0x90,0x49,0xFF,0xFD,0xEF,0x7F
142.689650,0x065,0,0,1,0x00,0x00,0x00,0x00,0x00,0x00,0x00,0x00
142.887500,0x065,0,0,1,0x00,0x00,0x00,0x00,0x00,0x00,0x00,0x00
142.888650,0x06F,0,0,8,0x09,0x9C,0x90,0x49,0xFF,0xFD,0xEF,0x7F
143.085500,0x065,0,0,1,0x00,0x00,0x00,0x00,0x00,0x00,0x00,0x00
143.086550,0x06F,0,0,8,0x09,0x9C,0x90,0x49,0xFF,0xFD,0xEF,0x7F
143.283500,0x065,0,0,1,0x00,0x00,0x00,0x00,0x00,0x00,0x00,0x00
143.284550,0x06F,0,0,8,0x09,0x9C,0x90,0x49,0xFF,0xFD,0xEF,0x7F
143.481500,0x065,0,0,1,0x00,0x00,0x00,0x00,0x00,0x00,0x00,0x00
143.482550,0x06F,0,0,8,0x09,0x9C,0x90,0x49,0xFF,0xFD,0xEF,0x7F
143.679500,0x065,0,0,1,0x00,0x00,0x00,0x00,0x00,0x00,0x00,0x00
143.680550,0x06F,0,0,8,0x09,0x9C,0x90,0x49,0xFF,0xFD,0xEF,0x7F
143.877000,0x06F,0,0,8,0x09,0x9C,0x90,0x49,0xFF,0xFD,0xEF,0x7F
143.877650,0x065,0,0,1,0x00,0x00,0x00,0x00,0x00,0x00,0x00,0x00
144.075000,0x06F,0,0,8,0x09,0x9C,0x90,0x49,0xFF,0xFD,0xEF,0x7F
144.075650,0x065,0,0,1,0x00,0x00,0x00,0x00,0x00,0x00,0x00,0x00
144.273500,0x065,0,0,1,0x00,0x00,0x00,0x00,0x00,0x00,0x00,0x00
144.274550,0x06F,0,0,8,0x09,0x9C,0x90,0x49,0xFF,0xFD,0xEF,0x7F
144.471500,0x065,0,0,1,0x00,0x00,0x00,0x00,0x00,0x00,0x00,0x00
144.471650,0x06F,0,0,8,0x09,0x9C,0x90,0x49,0xFF,0xFD,0xEF,0x7F
144.669500,0x065,0,0,1,0x00,0x00,0x00,0x00,0x00,0x00,0x00,0x00
144.670550,0x06F,0,0,8,0x09,0x9C,0x90,0x49,0xFF,0xFD,0xEF,0x7F
144.867500,0x065,0,0,1,0x00,0x00,0x00,0x00,0x00,0x00,0x00,0x00
144.868700,0x06F,0,0,8,0x09,0x9C,0x90,0x49,0xFF,0xFD,0xEF,0x7F
145.065050,0x06F,0,0,8,0x09,0x9C,0x90,0x49,0xFF,0xFD,0xEF,0x7F
145.065650,0x065,0,0,1,0x00,0x00,0x00,0x00,0x00,0x00,0x00,0x00
145.263050,0x06F,0,0,8,0x09,0x9C,0x90,0x49,0xFF,0xFD,0xEF,0x7F
145.263650,0x065,0,0,1,0x00,0x00,0x00,0x00,0x00,0x00,0x00,0x00
145.461500,0x065,0,0,1,0x00,0x00,0x00,0x00,0x00,0x00,0x00,0x00
145.462550,0x06F,0,0,8,0x09,0x9C,0x90,0x49,0xFF,0xFD,0xEF,0x7F
145.659050,0x06F,0,0,8,0x09,0x9C,0x90,0x49,0xFF,0xFD,0xEF,0x7F
145.659650,0x065,0,0,1,0x00,0x00,0x00,0x00,0x00,0x00,0x00,0x00
145.857050,0x06F,0,0,8,0x09,0x9C,0x90,0x49,0xFF,0xFD,0xEF,0x7F
145.857650,0x065,0,0,1,0x00,0x00,0x00,0x00,0x00,0x00,0x00,0x00
146.055050,0x06F,0,0,8,0x09,0x9C,0x90,0x49,0xFF,0xFD,0xEF,0x7F
146.055700,0x065,0,0,1,0x00,0x00,0x00,0x00,0x00,0x00,0x00,0x00
146.253050,0x06F,0,0,8,0x09,0x9C,0x90,0x49,0xFF,0xFD,0xEF,0x7F
146.253700,0x065,0,0,1,0x00,0x00,0x00,0x00,0x00,0x00,0x00,0x00
146.451050,0x06F,0,0,8,0x09,0x9C,0x90,0x49,0xFF,0xFD,0xEF,0x7F
146.451700,0x065,0,0,1,0x00,0x00,0x00,0x00,0x00,0x00,0x00,0x00
146.649050,0x06F,0,0,8,0x09,0x9C,0x90,0x49,0xFF,0xFD,0xEF,0x7F
146.649700,0x065,0,0,1,0x00,0x00,0x00,0x00,0x00,0x00,0x00,0x00
146.847050,0x06F,0,0,8,0x09,0x9C,0x90,0x49,0xFF,0xFD,0xEF,0x7F
146.847700,0x065,0,0,1,0x00,0x00,0x00,0x00,0x00,0x00,0x00,0x00
147.045050,0x06F,0,0,8,0x09,0x9C,0x90,0x49,0xFF,0xFD,0xEF,0x7F
147.045700,0x065,0,0,1,0x00,0x00,0x00,0x00,0x00,0x00,0x00,0x00
147.243050,0x06F,0,0,8,0x09,0x9C,0x90,0x49,0xFF,0x01,0xF0,0x7F
147.243700,0x065,0,0,1,0x00,0x00,0x00,0x00,0x00,0x00,0x00,0x00
147.441050,0x06F,0,0,8,0x09,0x9C,0x90,0x49,0xFF,0xFD,0xEF,0x7F
147.441700,0x065,0,0,1,0x00,0x00,0x00,0x00,0x00,0x00,0x00,0x00
147.639050,0x06F,0,0,8,0x09,0x9C,0x90,0x49,0xFF,0xFD,0xEF,0x7F
147.639700,0x065,0,0,1,0x00,0x00,0x00,0x00,0x00,0x00,0x00,0x00
147.837050,0x06F,0,0,8,0x09,0x9C,0x90,0x49,0xFF,0xFD,0xEF,0x7F
147.837700,0x065,0,0,1,0x00,0x00,0x00,0x00,0x00,0x00,0x00,0x00
148.035050,0x06F,0,0,8,0x09,0x9C,0x90,0xC9,0xFE,0xFD,0xEF,0x7F
148.035700,0x065,0,0,1,0x00,0x00,0x00,0x00,0x00,0x00,0x00,0x00
148.233050,0x06F,0,0,8,0x09,0x9C,0x90,0x49,0xFF,0xFD,0xEF,0x7F
148.233700,0x065,0,0,1,0x00,0x00,0x00,0x00,0x00,0x00,0x00,0x00
148.431050,0x06F,0,0,8,0x09,0x9C,0x90,0x49,0xFF,0xFD,0xEF,0x7F
148.432050,0x065,0,0,1,0x00,0x00,0x00,0x00,0x00,0x00,0x00,0x00
148.629050,0x06F,0,0,8,0x09,0x9C,0x90,0x49,0xFF,0xFD,0xEF,0x7F
148.629850,0x065,0,0,1,0x00,0x00,0x00,0x00,0x00,0x00,0x00,0x00
148.827100,0x06F,0,0,8,0x09,0x9C,0x90,0x49,0xFF,0xFD,0xEF,0x7F
148.827850,0x065,0,0,1,0x00,0x00,0x00,0x00,0x00,0x00,0x00,0x00
149.025100,0x06F,0,0,8,0x09,0x9C,0x90,0x49,0xFF,0xFD,0xEF,0x7F
149.026100,0x065,0,0,1,0x00,0x00,0x00,0x00,0x00,0x00,0x00,0x00
149.223100,0x06F,0,0,8,0x09,0x9C,0x90,0x49,0xFF,0xFD,0xEF,0x7F
149.224100,0x065,0,0,1,0x00,0x00,0x00,0x00,0x00,0x00,0x00,0x00
149.421100,0x06F,0,0,8,0x09,0x9C,0x90,0x49,0xFF,0xFD,0xEF,0x7F
149.421950,0x065,0,0,1,0x00,0x00,0x00,0x00,0x00,0x00,0x00,0x00
149.619100,0x06F,0,0,8,0x09,0x9C,0x90,0x49,0xFF,0xFD,0xEF,0x7F
149.620100,0x065,0,0,1,0x00,0x00,0x00,0x00,0x00,0x00,0x00,0x00
149.817100,0x06F,0,0,8,0x09,0x9C,0x90,0xC9,0xFE,0xF9,0xEF,0x7F
149.818100,0x065,0,0,1,0x00,0x00,0x00,0x00,0x00,0x00,0x00,0x00
150.015100,0x06F,0,0,8,0x09,0x9C,0x90,0x49,0xFF,0xFD,0xEF,0x7F
150.016100,0x065,0,0,1,0x00,0x00,0x00,0x00,0x00,0x00,0x00,0x00
150.213100,0x06F,0,0,8,0x09,0x9C,0x90,0x49,0xFF,0xFD,0xEF,0x7F
150.214100,0x065,0,0,1,0x00,0x00,0x00,0x00,0x00,0x00,0x00,0x00
150.411100,0x06F,0,0,8,0x09,0x9C,0x90,0x49,0xFF,0xFD,0xEF,0x7F
150.412100,0x065,0,0,1,0x00,0x00,0x00,0x00,0x00,0x00,0x00,0x00
150.609100,0x06F,0,0,8,0x09,0x9C,0x90,0x49,0xFF,0xFD,0xEF,0x7F
150.610100,0x065,0,0,1,0x00,0x00,0x00,0x00,0x00,0x00,0x00,0x00
150.807100,0x06F,0,0,8,0x09,0x9C,0x90,0x49,0xFF,0xFD,0xEF,0x7F
150.808100,0x065,0,0,1,0x00,0x00,0x00,0x00,0x00,0x00,0x00,0x00
151.005100,0x06F,0,0,8,0x07,0x9C,0x90,0x49,0xFF,0xFD,0xEF,0x7F
151.006100,0x065,0,0,1,0x00,0x00,0x00,0x00,0x00,0x00,0x00,0x00
151.203100,0x06F,0,0,8,0x09,0x9C,0x90,0x49,0xFF,0xFD,0xEF,0x7F
151.204100,0x065,0,0,1,0x00,0x00,0x00,0x00,0x00,0x00,0x00,0x00
151.401100,0x06F,0,0,8,0x09,0x9C,0x90,0x49,0xFF,0xFD,0xEF,0x7F
151.402100,0x065,0,0,1,0x00,0x00,0x00,0x00,0x00,0x00,0x00,0x00
151.599100,0x06F,0,0,8,0x09,0x9C,0x90,0x49,0xFF,0xFD,0xEF,0x7F
151.600150,0x065,0,0,1,0x00,0x00,0x00,0x00,0x00,0x00,0x00,0x00
151.797100,0x06F,0,0,8,0x09,0x9C,0x90,0x49,0xFF,0xFD,0xEF,0x7F
151.798150,0x065,0,0,1,0x00,0x00,0x00,0x00,0x00,0x00,0x00,0x00
151.995100,0x06F,0,0,8,0x09,0x9C,0x90,0x49,0xFF,0xFD,0xEF,0x7F
151.996100,0x065,0,0,1,0x00,0x00,0x00,0x00,0x00,0x00,0x00,0x00
152.193100,0x06F,0,0,8,0x09,0x9C,0x90,0x49,0xFF,0xFD,0xEF,0x7F
152.194100,0x065,0,0,1,0x00,0x00,0x00,0x00,0x00,0x00,0x00,0x00
152.391100,0x06F,0,0,8,0x09,0x9C,0x90,0x49,0xFF,0xFD,0xEF,0x7F
152.589400,0x065,0,0,1,0x00,0x00,0x00,0x00,0x00,0x00,0x00,0x00
152.590750,0x06F,0,0,8,0x09,0x9C,0x90,0x49,0xFF,0xFD,0xEF,0x7F
152.787400,0x065,0,0,1,0x00,0x00,0x00,0x00,0x00,0x00,0x00,0x00
152.788750,0x06F,0,0,8,0x09,0x9C,0x90,0x49,0xFF,0xFD,0xEF,0x7F
152.985400,0x065,0,0,1,0x00,0x00,0x00,0x00,0x00,0x00,0x00,0x00
152.986900,0x06F,0,0,8,0x09,0x9C,0x90,0xC9,0xFE,0xFD,0xEF,0x7F
153.183600,0x065,0,0,1,0x00,0x00,0x00,0x00,0x00,0x00,0x00,0x00
153.184700,0x06F,0,0,8,0x09,0x9C,0x90,0xC9,0xFE,0xFD,0xEF,0x7F
153.381400,0x065,0,0,1,0x00,0x00,0x00,0x00,0x00,0x00,0x00,0x00
153.382750,0x06F,0,0,8,0x09,0x9C,0x90,0xC9,0xFE,0xFD,0xEF,0x7F
153.579400,0x065,0,0,1,0x00,0x00,0x00,0x00,0x00,0x00,0x00,0x00
153.580750,0x06F,0,0,8,0x09,0x9C,0x90,0x49,0xFF,0xFD,0xEF,0x7F
153.777400,0x065,0,0,1,0x00,0x00,0x00,0x00,0x00,0x00,0x00,0x00
153.778750,0x06F,0,0,8,0x09,0x9C,0x90,0x49,0xFF,0xFD,0xEF,0x7F
153.975400,0x065,0,0,1,0x00,0x00,0x00,0x00,0x00,0x00,0x00,0x00
153.976850,0x06F,0,0,8,0x09,0x9C,0x90,0x49,0xFF,0xFD,0xEF,0x7F
154.173400,0x065,0,0,1,0x00,0x00,0x00,0x00,0x00,0x00,0x00,0x00
154.174750,0x06F,0,0,8,0x09,0x9C,0x90,0x49,0xFF,0xFD,0xEF,0x7F
154.371600,0x065,0,0,1,0x00,0x00,0x00,0x00,0x00,0x00,0x00,0x00
154.372750,0x06F,0,0,8,0x09,0x9C,0x90,0x49,0xFF,0xFD,0xEF,0x7F
154.569400,0x065,0,0,1,0x00,0x00,0x00,0x00,0x00,0x00,0x00,0x00
154.570750,0x06F,0,0,8,0x09,0x9C,0x90,0x49,0xFF,0xFD,0xEF,0x7F
154.767650,0x065,0,0,1,0x00,0x00,0x00,0x00,0x00,0x00,0x00,0x00
154.768750,0x06F,0,0,8,0x09,0x9C,0x90,0x49,0xFF,0xFD,0xEF,0x7F
154.965650,0x065,0,0,1,0x00,0x00,0x00,0x00,0x00,0x00,0x00,0x00
154.966900,0x06F,0,0,8,0x09,0x9C,0x90,0xC9,0xFE,0xFD,0xEF,0x7F
155.163400,0x065,0,0,1,0x00,0x00,0x00,0x00,0x00,0x00,0x00,0x00
155.164750,0x06F,0,0,8,0x09,0x9C,0x90,0x49,0xFF,0xFD,0xEF,0x7F
155.361400,0x065,0,0,1,0x00,0x00,0x00,0x00,0x00,0x00,0x00,0x00
155.362750,0x06F,0,0,8,0x09,0x9C,0x90,0x49,0xFF,0xFD,0xEF,0x7F
155.559650,0x065,0,0,1,0x00,0x00,0x00,0x00,0x00,0x00,0x00,0x00
155.560750,0x06F,0,0,8,0x09,0x9C,0x90,0x49,0xFF,0xFD,0xEF,0x7F
155.757650,0x065,0,0,1,0x00,0x00,0x00,0x00,0x00,0x00,0x00,0x00
155.758750,0x06F,0,0,8,0x09,0x9C,0x90,0xC9,0xFE,0xFD,0xEF,0x7F
155.955650,0x065,0,0,1,0x00,0x00,0x00,0x00,0x00,0x00,0x00,0x00
155.956900,0x06F,0,0,8,0x09,0x9C,0x90,0xC9,0xFE,0xFD,0xEF,0x7F
156.153650,0x065,0,0,1,0x00,0x00,0x00,0x00,0x00,0x00,0x00,0x00
156.154800,0x06F,0,0,8,0x09,0x9C,0x90,0x49,0xFF,0xFD,0xEF,0x7F
156.351450,0x065,0,0,1,0x00,0x00,0x00,0x00,0x00,0x00,0x00,0x00
156.352800,0x06F,0,0,8,0x09,0x9C,0x90,0x49,0xFF,0xFD,0xEF,0x7F
156.549650,0x065,0,0,1,0x00,0x00,0x00,0x00,0x00,0x00,0x00,0x00
156.550800,0x06F,0,0,8,0x09,0x9C,0x90,0x49,0xFF,0xFD,0xEF,0x7F
156.747650,0x065,0,0,1,0x00,0x00,0x00,0x00,0x00,0x00,0x00,0x00
156.748800,0x06F,0,0,8,0x09,0x9C,0x90,0x49,0xFF,0xFD,0xEF,0x7F
156.945650,0x065,0,0,1,0x00,0x00,0x00,0x00,0x00,0x00,0x00,0x00
156.946950,0x06F,0,0,8,0x09,0x9C,0x90,0x49,0xFF,0xFD,0xEF,0x7F
157.143650,0x065,0,0,1,0x00,0x00,0x00,0x00,0x00,0x00,0x00,0x00
157.144800,0x06F,0,0,8,0x09,0x9C,0x90,0x49,0xFF,0xFD,0xEF,0x7F
157.341650,0x065,0,0,1,0x00,0x00,0x00,0x00,0x00,0x00,0x00,0x00
157.342800,0x06F,0,0,8,0x09,0x9C,0x90,0x49,0xFF,0xFD,0xEF,0x7F
157.539650,0x065,0,0,1,0x00,0x00,0x00,0x00,0x00,0x00,0x00,0x00
157.540800,0x06F,0,0,8,0x09,0x9C,0x90,0x49,0xFF,0xFD,0xEF,0x7F
157.737650,0x065,0,0,1,0x00,0x00,0x00,0x00,0x00,0x00,0x00,0x00
157.738800,0x06F,0,0,8,0x09,0x9C,0x90,0x49,0xFF,0xFD,0xEF,0x7F
157.935650,0x065,0,0,1,0x00,0x00,0x00,0x00,0x00,0x00,0x00,0x00
157.937600,0x06F,0,0,8,0x09,0x9C,0x90,0x49,0xFF,0xFD,0xEF,0x7F
158.133200,0x06F,0,0,8,0x09,0x9C,0x90,0x49,0xFF,0xFD,0xEF,0x7F
158.133800,0x065,0,0,1,0x00,0x00,0x00,0x00,0x00,0x00,0x00,0x00
158.331200,0x06F,0,0,8,0x09,0x9C,0x90,0xC9,0xFE,0xFD,0xEF,0x7F
158.331800,0x065,0,0,1,0x00,0x00,0x00,0x00,0x00,0x00,0x00,0x00
158.529650,0x065,0,0,1,0x00,0x00,0x00,0x00,0x00,0x00,0x00,0x00
158.530800,0x06F,0,0,8,0x07,0x9C,0x90,0x49,0xFF,0xFD,0xEF,0x7F
158.727700,0x065,0,0,1,0x00,0x00,0x00,0x00,0x00,0x00,0x00,0x00
158.728800,0x06F,0,0,8,0x09,0x9C,0x90,0x49,0xFF,0xFD,0xEF,0x7F
158.925650,0x065,0,0,1,0x00,0x00,0x00,0x00,0x00,0x00,0x00,0x00
158.926950,0x06F,0,0,8,0x09,0x9C,0x90,0x49,0xFF,0xFD,0xEF,0x7F
159.123700,0x065,0,0,1,0x00,0x00,0x00,0x00,0x00,0x00,0x00,0x00
159.124800,0x06F,0,0,8,0x09,0x9C,0x90,0x49,0xFF,0xFD,0xEF,0x7F
159.321200,0x06F,0,0,8,0x09,0x9C,0x90,0x49,0xFF,0xFD,0xEF,0x7F
159.321850,0x065,0,0,1,0x00,0x00,0x00,0x00,0x00,0x00,0x00,0x00
159.519200,0x06F,0,0,8,0x09,0x9C,0x90,0x49,0xFF,0xFD,0xEF,0x7F
159.519850,0x065,0,0,1,0x00,0x00,0x00,0x00,0x00,0x00,0x00,0x00
159.717700,0x065,0,0,1,0x00,0x00,0x00,0x00,0x00,0x00,0x00,0x00
159.718800,0x06F,0,0,8,0x09,0x9C,0x90,0x49,0xFF,0xFD,0xEF,0x7F
159.915700,0x065,0,0,1,0x00,0x00,0x00,0x00,0x00,0x00,0x00,0x00
159.916950,0x06F,0,0,8,0x09,0x9C,0x90,0x49,0xFF,0xFD,0xEF,0x7F
160.113200,0x06F,0,0,8,0x09,0x9C,0x90,0xC9,0xFE,0xFD,0xEF,0x7F
160.113850,0x065,0,0,1,0x00,0x00,0x00,0x00,0x00,0x00,0x00,0x00
160.311700,0x065,0,0,1,0x00,0x00,0x00,0x00,0x00,0x00,0x00,0x00
160.312850,0x06F,0,0,8,0x09,0x9C,0x90,0x49,0xFF,0xFD,0xEF,0x7F
160.509200,0x06F,0,0,8,0x09,0x9C,0x90,0x49,0xFF,0xFD,0xEF,0x7F
160.509850,0x065,0,0,1,0x00,0x00,0x00,0x00,0x00,0x00,0x00,0x00
160.707200,0x06F,0,0,8,0x09,0x9C,0x90,0x49,0xFF,0xFD,0xEF,0x7F
160.707850,0x065,0,0,1,0x00,0x00,0x00,0x00,0x00,0x00,0x00,0x00
160.905200,0x06F,0,0,8,0x09,0x9C,0x90,0x49,0xFF,0xFD,0xEF,0x7F
160.905850,0x065,0,0,1,0x00,0x00,0x00,0x00,0x00,0x00,0x00,0x00
161.103200,0x06F,0,0,8,0x09,0x9C,0x90,0x49,0xFF,0xFD,0xEF,0x7F
161.103850,0x065,0,0,1,0x00,0x00,0x00,0x00,0x00,0x00,0x00,0x00
161.301850,0x065,0,0,1,0x00,0x00,0x00,0x00,0x00,0x00,0x00,0x00
161.303000,0x06F,0,0,8,0x09,0x9C,0x90,0x49,0xFF,0xFD,0xEF,0x7F
161.499250,0x06F,0,0,8,0x09,0x9C,0x90,0x49,0xFF,0xFD,0xEF,0x7F
161.499900,0x065,0,0,1,0x00,0x00,0x00,0x00,0x00,0x00,0x00,0x00
161.697250,0x06F,0,0,8,0x09,0x9C,0x90,0x49,0xFF,0xFD,0xEF,0x7F
161.697900,0x065,0,0,1,0x00,0x00,0x00,0x00,0x00,0x00,0x00,0x00
161.895250,0x06F,0,0,8,0x13,0x84,0x90,0xC9,0xFD,0xDD,0x4F,0x7F
161.895850,0x065,0,0,1,0x00,0x00,0x00,0x00,0x00,0x00,0x00,0x00
162.093250,0x06F,0,0,8,0x03,0xA4,0x90,0x49,0xFE,0xE1,0x6F,0x80
162.093850,0x065,0,0,1,0x00,0x00,0x00,0x00,0x00,0x00,0x00,0x00
162.291250,0x06F,0,0,8,0x09,0x9C,0x90,0x49,0xFF,0xF9,0xCF,0x7F
162.292000,0x065,0,0,1,0x00,0x00,0x00,0x00,0x00,0x00,0x00,0x00
162.489250,0x06F,0,0,8,0x09,0x9C,0x90,0x49,0xFF,0xFD,0xEF,0x7F
162.489850,0x065,0,0,1,0x00,0x00,0x00,0x00,0x00,0x00,0x00,0x00
162.687250,0x06F,0,0,8,0x07,0x9C,0x90,0xC9,0xFE,0xFD,0xEF,0x7F
162.687900,0x065,0,0,1,0x00,0x00,0x00,0x00,0x00,0x00,0x00,0x00
162.885250,0x06F,0,0,8,0x09,0x9C,0x90,0xC9,0xFE,0xFD,0xEF,0x7F
162.885900,0x065,0,0,1,0x00,0x00,0x00,0x00,0x00,0x00,0x00,0x00
163.083250,0x06F,0,0,8,0x07,0x9C,0x90,0x49,0xFF,0xFD,0xEF,0x7F
163.083900,0x065,0,0,1,0x00,0x00,0x00,0x00,0x00,0x00,0x00,0x00
163.281250,0x06F,0,0,8,0x07,0x94,0x90,0x49,0xFF,0xFD,0xEF,0x7F
163.281900,0x065,0,0,1,0x00,0x00,0x00,0x00,0x00,0x00,0x00,0x00
163.479250,0x06F,0,0,8,0x07,0x9C,0x90,0x49,0xFF,0xFD,0xEF,0x7F
163.480050,0x065,0,0,1,0x00,0x00,0x00,0x00,0x00,0x00,0x00,0x00
163.677250,0x06F,0,0,8,0x07,0x9C,0x90,0x49,0xFF,0xFD,0xEF,0x7F
163.677900,0x065,0,0,1,0x00,0x00,0x00,0x00,0x00,0x00,0x00,0x00
163.875250,0x06F,0,0,8,0x07,0x9C,0x90,0x49,0xFF,0xFD,0xEF,0x7F
163.876150,0x065,0,0,1,0x00,0x00,0x00,0x00,0x00,0x00,0x00,0x00
164.073250,0x06F,0,0,8,0x07,0x9C,0x90,0x49,0xFF,0xFD,0xEF,0x7F
164.074150,0x065,0,0,1,0x00,0x00,0x00,0x00,0x00,0x00,0x00,0x00
164.271250,0x06F,0,0,8,0x09,0x9C,0x90,0x49,0xFF,0xFD,0xEF,0x7F
164.271900,0x065,0,0,1,0x00,0x00,0x00,0x00,0x00,0x00,0x00,0x00
164.469250,0x06F,0,0,8,0x07,0x9C,0x90,0x49,0xFF,0xFD,0xEF,0x7F
164.469900,0x065,0,0,1,0x00,0x00,0x00,0x00,0x00,0x00,0x00,0x00
164.667250,0x06F,0,0,8,0x07,0x9C,0x90,0x49,0xFF,0xFD,0xEF,0x7F
164.668050,0x065,0,0,1,0x00,0x00,0x00,0x00,0x00,0x00,0x00,0x00
164.865250,0x06F,0,0,8,0x07,0x9C,0x90,0x49,0xFF,0xFD,0xEF,0x7F
164.866050,0x065,0,0,1,0x00,0x00,0x00,0x00,0x00,0x00,0x00,0x00
165.063250,0x06F,0,0,8,0x09,0x9C,0x90,0x49,0xFF,0xFD,0xEF,0x7F
165.064150,0x065,0,0,1,0x00,0x00,0x00,0x00,0x00,0x00,0x00,0x00
165.261250,0x06F,0,0,8,0x07,0x9C,0x90,0x49,0xFF,0xFD,0xEF,0x7F
165.262150,0x065,0,0,1,0x00,0x00,0x00,0x00,0x00,0x00,0x00,0x00
165.459250,0x06F,0,0,8,0x07,0x9C,0x90,0x49,0xFF,0xFD,0xEF,0x7F
165.459900,0x065,0,0,1,0x00,0x00,0x00,0x00,0x00,0x00,0x00,0x00
165.657300,0x06F,0,0,8,0x09,0x9C,0x90,0x49,0x01,0xFA,0x0F,0x80
165.657950,0x065,0,0,1,0x00,0x00,0x00,0x00,0x00,0x00,0x00,0x00
165.855300,0x06F,0,0,8,0x09,0x9C,0x90,0xC9,0xFE,0xF9,0xEF,0x7F
165.856050,0x065,0,0,1,0x00,0x00,0x00,0x00,0x00,0x00,0x00,0x00
166.053300,0x06F,0,0,8,0x09,0x9C,0x90,0x49,0xFF,0xFD,0xEF,0x7F
166.054050,0x065,0,0,1,0x00,0x00,0x00,0x00,0x00,0x00,0x00,0x00
166.251300,0x06F,0,0,8,0x09,0x9C,0x90,0x49,0xFF,0xFD,0xEF,0x7F
166.252150,0x065,0,0,1,0x00,0x00,0x00,0x00,0x00,0x00,0x00,0x00
166.449300,0x06F,0,0,8,0x09,0x9C,0x90,0x49,0xFF,0xFD,0xEF,0x7F
166.450150,0x065,0,0,1,0x00,0x00,0x00,0x00,0x00,0x00,0x00,0x00
166.647300,0x06F,0,0,8,0x09,0x9C,0x90,0x49,0xFF,0xFD,0xEF,0x7F
166.648150,0x065,0,0,1,0x00,0x00,0x00,0x00,0x00,0x00,0x00,0x00
166.845300,0x06F,0,0,8,0x09,0x9C,0x90,0x49,0xFF,0xFD,0xEF,0x7F
166.846050,0x065,0,0,1,0x00,0x00,0x00,0x00,0x00,0x00,0x00,0x00
167.043300,0x06F,0,0,8,0x09,0x9C,0x90,0x49,0xFF,0xFD,0xEF,0x7F
167.044050,0x065,0,0,1,0x00,0x00,0x00,0x00,0x00,0x00,0x00,0x00
167.241300,0x06F,0,0,8,0x09,0x9C,0x90,0xC9,0xFE,0xFD,0xEF,0x7F
167.242300,0x065,0,0,1,0x00,0x00,0x00,0x00,0x00,0x00,0x00,0x00
167.439300,0x06F,0,0,8,0x09,0x9C,0x90,0x49,0xFF,0xFD,0xEF,0x7F
167.440300,0x065,0,0,1,0x00,0x00,0x00,0x00,0x00,0x00,0x00,0x00
167.637300,0x06F,0,0,8,0x09,0x9C,0x90,0xC9,0xFE,0xFD,0xEF,0x7F
167.638150,0x065,0,0,1,0x00,0x00,0x00,0x00,0x00,0x00,0x00,0x00
167.835300,0x06F,0,0,8,0x09,0x9C,0x90,0x49,0xFF,0xFD,0xEF,0x7F
167.836200,0x065,0,0,1,0x00,0x00,0x00,0x00,0x00,0x00,0x00,0x00
168.033300,0x06F,0,0,8,0x09,0x9C,0x90,0xC9,0xFE,0xFD,0xEF,0x7F
168.034100,0x065,0,0,1,0x00,0x00,0x00,0x00,0x00,0x00,0x00,0x00
168.231300,0x06F,0,0,8,0x09,0x9C,0x90,0x49,0xFF,0xFD,0xEF,0x7F
168.232100,0x065,0,0,1,0x00,0x00,0x00,0x00,0x00,0x00,0x00,0x00
168.429300,0x06F,0,0,8,0x09,0x9C,0x90,0xC9,0xFF,0xF9,0xEF,0x7F
168.430350,0x065,0,0,1,0x00,0x00,0x00,0x00,0x00,0x00,0x00,0x00
168.627300,0x06F,0,0,8,0x09,0x9C,0x90,0xC9,0xFE,0xFD,0x0F,0x80
168.628350,0x065,0,0,1,0x00,0x00,0x00,0x00,0x00,0x00,0x00,0x00
168.825300,0x06F,0,0,8,0x09,0x9C,0x90,0x49,0xFE,0x01,0xD0,0x7F
168.826150,0x065,0,0,1,0x00,0x00,0x00,0x00,0x00,0x00,0x00,0x00
169.023300,0x06F,0,0,8,0x07,0x9C,0x90,0x49,0xFF,0xFD,0xEF,0x7F
169.024300,0x065,0,0,1,0x00,0x00,0x00,0x00,0x00,0x00,0x00,0x00
169.221300,0x06F,0,0,8,0x41,0x84,0xF0,0x49,0xDD,0x09,0x90,0x7D
169.222300,0x065,0,0,1,0x00,0x00,0x00,0x00,0x00,0x00,0x00,0x00
169.419300,0x06F,0,0,8,0x03,0xB4,0x90,0xC9,0x11,0xFE,0xAF,0x7E
169.420100,0x065,0,0,1,0x00,0x00,0x00,0x00,0x00,0x00,0x00,0x00
169.617300,0x06F,0,0,8,0x07,0xAC,0x90,0xC9,0xFF,0xFD,0x6F,0x7E
169.618300,0x065,0,0,1,0x00,0x00,0x00,0x00,0x00,0x00,0x00,0x00
169.815350,0x06F,0,0,8,0x07,0xA4,0x90,0xC9,0x04,0xEE,0x8F,0x80
169.816350,0x065,0,0,1,0x00,0x00,0x00,0x00,0x00,0x00,0x00,0x00
170.013350,0x06F,0,0,8,0x07,0x9C,0x90,0xC9,0xFF,0xFD,0xEF,0x7F
170.014350,0x065,0,0,1,0x00,0x00,0x00,0x00,0x00,0x00,0x00,0x00
170.211350,0x06F,0,0,8,0x1B,0x74,0xF0,0xC9,0xFF,0x19,0xD0,0x7F
170.212350,0x065,0,0,1,0x00,0x00,0x00,0x00,0x00,0x00,0x00,0x00
170.409350,0x06F,0,0,8,0x05,0x9C,0x90,0x49,0xFF,0xF9,0x0F,0x80
170.410350,0x065,0,0,1,0x00,0x00,0x00,0x00,0x00,0x00,0x00,0x00
170.607350,0x06F,0,0,8,0x07,0x9C,0x90,0xC9,0xFE,0xFD,0xCF,0x7F
170.608350,0x065,0,0,1,0x00,0x00,0x00,0x00,0x00,0x00,0x00,0x00
170.805350,0x06F,0,0,8,0x07,0x9C,0x90,0x49,0xFF,0xFD,0xCF,0x7F
170.806350,0x065,0,0,1,0x00,0x00,0x00,0x00,0x00,0x00,0x00,0x00
171.003350,0x06F,0,0,8,0x07,0x9C,0x90,0xC9,0xFF,0xF5,0x0F,0x80
171.004350,0x065,0,0,1,0x00,0x00,0x00,0x00,0x00,0x00,0x00,0x00
171.201350,0x06F,0,0,8,0x07,0x9C,0x90,0x49,0xFF,0x01,0xF0,0x7F
171.202350,0x065,0,0,1,0x00,0x00,0x00,0x00,0x00,0x00,0x00,0x00
171.399700,0x06F,0,0,8,0x07,0x9C,0x90,0x49,0xFF,0x01,0xD0,0x7F
171.400350,0x065,0,0,1,0x00,0x00,0x00,0x00,0x00,0x00,0x00,0x00
171.597350,0x06F,0,0,8,0x07,0x9C,0x90,0xC9,0xFE,0xF9,0x2F,0x80
171.598350,0x065,0,0,1,0x00,0x00,0x00,0x00,0x00,0x00,0x00,0x00
171.795350,0x06F,0,0,8,0x07,0x9C,0x90,0x49,0xFF,0xFD,0xEF,0x7F
171.796500,0x065,0,0,1,0x00,0x00,0x00,0x00,0x00,0x00,0x00,0x00
171.993350,0x06F,0,0,8,0x07,0x9C,0x90,0x49,0xFF,0xFD,0xEF,0x7F
172.191600,0x065,0,0,1,0x00,0x00,0x00,0x00,0x00,0x00,0x00,0x00
172.192950,0x06F,0,0,8,0x07,0x9C,0x90,0x49,0xFF,0xFD,0xEF,0x7F
172.389600,0x065,0,0,1,0x00,0x00,0x00,0x00,0x00,0x00,0x00,0x00
172.390950,0x06F,0,0,8,0x07,0x9C,0x90,0x49,0xFF,0xFD,0xEF,0x7F
172.587600,0x065,0,0,1,0x00,0x00,0x00,0x00,0x00,0x00,0x00,0x00
172.588950,0x06F,0,0,8,0x07,0x9C,0x90,0xC9,0xFE,0xFD,0xEF,0x7F
172.785600,0x065,0,0,1,0x00,0x00,0x00,0x00,0x00,0x00,0x00,0x00
172.787000,0x06F,0,0,8,0x07,0x9C,0x90,0x49,0xFF,0xFD,0xEF,0x7F
172.983600,0x065,0,0,1,0x00,0x00,0x00,0x00,0x00,0x00,0x00,0x00
172.985200,0x06F,0,0,8,0x07,0x9C,0x90,0x49,0xFF,0xFD,0xEF,0x7F
173.181850,0x065,0,0,1,0x00,0x00,0x00,0x00,0x00,0x00,0x00,0x00
173.183000,0x06F,0,0,8,0x07,0x9C,0x90,0xC9,0xFE,0xFD,0xEF,0x7F
173.379650,0x065,0,0,1,0x00,0x00,0x00,0x00,0x00,0x00,0x00,0x00
173.381000,0x06F,0,0,8,0x07,0x9C,0x90,0x49,0xFF,0xF9,0x0F,0x80
173.577650,0x065,0,0,1,0x00,0x00,0x00,0x00,0x00,0x00,0x00,0x00
173.579000,0x06F,0,0,8,0x07,0x9C,0x90,0x49,0xFF,0xF9,0xEF,0x7F
173.775850,0x065,0,0,1,0x00,0x00,0x00,0x00,0x00,0x00,0x00,0x00
173.777000,0x06F,0,0,8,0x07,0x9C,0x90,0xC9,0xFE,0xFD,0xCF,0x7F
173.973650,0x065,0,0,1,0x00,0x00,0x00,0x00,0x00,0x00,0x00,0x00
173.975200,0x06F,0,0,8,0x07,0x9C,0x90,0x49,0xFF,0xF9,0x0F,0x80
174.171650,0x065,0,0,1,0x00,0x00,0x00,0x00,0x00,0x00,0x00,0x00
174.173000,0x06F,0,0,8,0x07,0x9C,0x90,0x49,0xFF,0xFD,0xEF,0x7F
174.369850,0x065,0,0,1,0x00,0x00,0x00,0x00,0x00,0x00,0x00,0x00
174.371000,0x06F,0,0,8,0x07,0x9C,0x90,0x49,0xFF,0xFD,0xEF,0x7F
174.567650,0x065,0,0,1,0x00,0x00,0x00,0x00,0x00,0x00,0x00,0x00
174.569000,0x06F,0,0,8,0x07,0x9C,0x90,0xC9,0xFE,0xFD,0xCF,0x7F
174.765650,0x065,0,0,1,0x00,0x00,0x00,0x00,0x00,0x00,0x00,0x00
174.767000,0x06F,0,0,8,0x05,0x9C,0x90,0xC9,0xFE,0xF9,0x2F,0x80
174.963850,0x065,0,0,1,0x00,0x00,0x00,0x00,0x00,0x00,0x00,0x00
174.965200,0x06F,0,0,8,0x07,0x9C,0x90,0x49,0xFF,0xFD,0xCF,0x7F
175.161850,0x065,0,0,1,0x00,0x00,0x00,0x00,0x00,0x00,0x00,0x00
175.163100,0x06F,0,0,8,0x05,0x9C,0x90,0x49,0xFF,0xF9,0xEF,0x7F
175.359650,0x065,0,0,1,0x00,0x00,0x00,0x00,0x00,0x00,0x00,0x00
175.361100,0x06F,0,0,8,0x07,0x9C,0x90,0xC9,0xFF,0xF9,0x2F,0x80
175.557900,0x065,0,0,1,0x00,0x00,0x00,0x00,0x00,0x00,0x00,0x00
175.559100,0x06F,0,0,8,0x07,0x9C,0x90,0xC9,0xFF,0x01,0xB0,0x7F
175.755900,0x065,0,0,1,0x00,0x00,0x00,0x00,0x00,0x00,0x00,0x00
175.757100,0x06F,0,0,8,0x07,0x9C,0x90,0xC9,0xFE,0xF5,0x4F,0x80
175.953650,0x065,0,0,1,0x00,0x00,0x00,0x00,0x00,0x00,0x00,0x00
175.955250,0x06F,0,0,8,0x07,0x9C,0x90,0xC9,0xFE,0x01,0xB0,0x7F
176.151900,0x065,0,0,1,0x00,0x00,0x00,0x00,0x00,0x00,0x00,0x00
176.153100,0x06F,0,0,8,0x07,0x9C,0x90,0x49,0xFF,0xF9,0x2F,0x80
176.349900,0x065,0,0,1,0x00,0x00,0x00,0x00,0x00,0x00,0x00,0x00
176.351100,0x06F,0,0,8,0x07,0x9C,0x90,0xC9,0xFE,0x01,0xB0,0x7F
176.547900,0x065,0,0,1,0x00,0x00,0x00,0x00,0x00,0x00,0x00,0x00
176.548050,0x06F,0,0,8,0x05,0xA4,0x90,0xC9,0xFF,0xD9,0x8F,0x80
176.745900,0x065,0,0,1,0x00,0x00,0x00,0x00,0x00,0x00,0x00,0x00
176.747100,0x06F,0,0,8,0x07,0x9C,0x90,0x49,0xFF,0xFD,0xCF,0x7F
176.943900,0x065,0,0,1,0x00,0x00,0x00,0x00,0x00,0x00,0x00,0x00
176.945250,0x06F,0,0,8,0x07,0x9C,0x90,0x49,0xFF,0xF9,0x2F,0x80
177.141650,0x065,0,0,1,0x00,0x00,0x00,0x00,0x00,0x00,0x00,0x00
177.143100,0x06F,0,0,8,0x07,0x9C,0x90,0xC9,0xFE,0xFD,0xEF,0x7F
177.339900,0x065,0,0,1,0x00,0x00,0x00,0x00,0x00,0x00,0x00,0x00
177.341100,0x06F,0,0,8,0x07,0x9C,0x90,0xC9,0xFE,0xFD,0xCF,0x7F
177.537900,0x065,0,0,1,0x00,0x00,0x00,0x00,0x00,0x00,0x00,0x00
177.539100,0x06F,0,0,8,0x07,0x9C,0x90,0x49,0xFF,0xFD,0xEF,0x7F
177.735400,0x06F,0,0,8,0x07,0x9C,0x90,0x49,0xFF,0xFD,0xEF,0x7F
177.736050,0x065,0,0,1,0x00,0x00,0x00,0x00,0x00,0x00,0x00,0x00
