session,timestamp,kind,pid,pid_name,pid_unit,pid_group,value,value_kind,raw_hex
sd_2A73E1CC/00000012,1.1625999999999999,SF,652.0,SOC (BMS),%,Battery,68.0,numeric,04 62 02 8C AA AA AA AA
sd_2A73E1CC/00000012,1.26265,SF,7739.0,HV Battery voltage,V,Battery,368.25,numeric,05 62 1E 3B 05 C1 AA AA
sd_2A73E1CC/00000012,1.3629499999999999,FF,7741.0,HV Battery current,A,Battery,-4.96,partial,10 08 62 1E 3D 00 02 48
sd_2A73E1CC/00000012,1.46265,SF,10763.0,HV Battery temp (main value),°C,Battery,9.0,numeric,04 62 2A 0B 62 AA AA AA
sd_2A73E1CC/00000012,1.5626499999999999,SF,7694.0,HV Battery max temp and temp point,°C,Battery,9.875,numeric,07 62 1E 0E 02 78 00 01
sd_2A73E1CC/00000012,2.1626499999999997,SF,652.0,SOC (BMS),%,Battery,68.0,numeric,04 62 02 8C AA AA AA AA
sd_2A73E1CC/00000012,2.26305,SF,7739.0,HV Battery voltage,V,Battery,368.25,numeric,05 62 1E 3B 05 C1 AA AA
sd_2A73E1CC/00000012,2.3627,FF,7741.0,HV Battery current,A,Battery,-4.96,partial,10 08 62 1E 3D 00 02 48
sd_2A73E1CC/00000012,3.1630499999999997,SF,652.0,SOC (BMS),%,Battery,68.0,numeric,04 62 02 8C AA AA AA AA
sd_2A73E1CC/00000012,3.26275,SF,7739.0,HV Battery voltage,V,Battery,368.25,numeric,05 62 1E 3B 05 C1 AA AA
sd_2A73E1CC/00000012,3.3627499999999997,FF,7741.0,HV Battery current,A,Battery,-4.96,partial,10 08 62 1E 3D 00 02 48
sd_2A73E1CC/00000012,3.4627499999999998,SF,10763.0,HV Battery temp (main value),°C,Battery,9.0,numeric,04 62 2A 0B 62 AA AA AA
sd_2A73E1CC/00000012,3.56275,SF,7694.0,HV Battery max temp and temp point,°C,Battery,9.875,numeric,07 62 1E 0E 02 78 00 01
sd_2A73E1CC/00000012,4.1628,SF,652.0,SOC (BMS),%,Battery,68.0,numeric,04 62 02 8C AA AA AA AA
sd_2A73E1CC/00000012,4.2627999999999995,SF,7739.0,HV Battery voltage,V,Battery,368.25,numeric,05 62 1E 3B 05 C1 AA AA
sd_2A73E1CC/00000012,4.3628,FF,7741.0,HV Battery current,A,Battery,-4.96,partial,10 08 62 1E 3D 00 02 48
sd_2A73E1CC/00000012,5.16285,SF,652.0,SOC (BMS),%,Battery,68.0,numeric,04 62 02 8C AA AA AA AA
sd_2A73E1CC/00000012,5.2629,SF,7739.0,HV Battery voltage,V,Battery,368.5,numeric,05 62 1E 3B 05 C2 AA AA
sd_2A73E1CC/00000012,5.3629,FF,7741.0,HV Battery current,A,Battery,-4.96,partial,10 08 62 1E 3D 00 02 48
sd_2A73E1CC/00000012,5.4628499999999995,SF,10763.0,HV Battery temp (main value),°C,Battery,9.0,numeric,04 62 2A 0B 62 AA AA AA
sd_2A73E1CC/00000012,5.5629,SF,7694.0,HV Battery max temp and temp point,°C,Battery,9.875,numeric,07 62 1E 0E 02 78 00 01
sd_2A73E1CC/00000012,6.1629499999999995,SF,652.0,SOC (BMS),%,Battery,68.0,numeric,04 62 02 8C AA AA AA AA
sd_2A73E1CC/00000012,6.26295,SF,7739.0,HV Battery voltage,V,Battery,368.25,numeric,05 62 1E 3B 05 C1 AA AA
sd_2A73E1CC/00000012,6.36295,FF,7741.0,HV Battery current,A,Battery,-4.96,partial,10 08 62 1E 3D 00 02 48
sd_2A73E1CC/00000012,7.1629499999999995,SF,652.0,SOC (BMS),%,Battery,68.0,numeric,04 62 02 8C AA AA AA AA
sd_2A73E1CC/00000012,7.263,SF,7739.0,HV Battery voltage,V,Battery,368.25,numeric,05 62 1E 3B 05 C1 AA AA
sd_2A73E1CC/00000012,7.3629999999999995,FF,7741.0,HV Battery current,A,Battery,-4.96,partial,10 08 62 1E 3D 00 02 48
sd_2A73E1CC/00000012,7.463,SF,10763.0,HV Battery temp (main value),°C,Battery,9.0,numeric,04 62 2A 0B 62 AA AA AA
sd_2A73E1CC/00000012,7.563,SF,7694.0,HV Battery max temp and temp point,°C,Battery,9.875,numeric,07 62 1E 0E 02 78 00 01
sd_2A73E1CC/00000012,8.163,SF,652.0,SOC (BMS),%,Battery,68.0,numeric,04 62 02 8C AA AA AA AA
sd_2A73E1CC/00000012,8.26305,SF,7739.0,HV Battery voltage,V,Battery,368.25,numeric,05 62 1E 3B 05 C1 AA AA
sd_2A73E1CC/00000012,8.36305,FF,7741.0,HV Battery current,A,Battery,-4.96,partial,10 08 62 1E 3D 00 02 48
sd_2A73E1CC/00000012,9.1631,SF,652.0,SOC (BMS),%,Battery,68.0,numeric,04 62 02 8C AA AA AA AA
sd_2A73E1CC/00000012,9.2631,SF,7739.0,HV Battery voltage,V,Battery,368.25,numeric,05 62 1E 3B 05 C1 AA AA
sd_2A73E1CC/00000012,9.3631,FF,7741.0,HV Battery current,A,Battery,-4.96,partial,10 08 62 1E 3D 00 02 48
sd_2A73E1CC/00000012,9.46345,SF,10763.0,HV Battery temp (main value),°C,Battery,9.0,numeric,04 62 2A 0B 62 AA AA AA
sd_2A73E1CC/00000012,9.56315,SF,7694.0,HV Battery max temp and temp point,°C,Battery,9.875,numeric,07 62 1E 0E 02 78 00 01
sd_2A73E1CC/00000012,10.1632,SF,652.0,SOC (BMS),%,Battery,68.0,numeric,04 62 02 8C AA AA AA AA
sd_2A73E1CC/00000012,10.2632,SF,7739.0,HV Battery voltage,V,Battery,368.25,numeric,05 62 1E 3B 05 C1 AA AA
sd_2A73E1CC/00000012,10.3635,FF,7741.0,HV Battery current,A,Battery,-4.96,partial,10 08 62 1E 3D 00 02 48
sd_2A73E1CC/00000012,11.1632,SF,652.0,SOC (BMS),%,Battery,68.0,numeric,04 62 02 8C AA AA AA AA
sd_2A73E1CC/00000012,11.2636,SF,7739.0,HV Battery voltage,V,Battery,368.25,numeric,05 62 1E 3B 05 C1 AA AA
sd_2A73E1CC/00000012,11.363199999999999,FF,7741.0,HV Battery current,A,Battery,-4.96,partial,10 08 62 1E 3D 00 02 48
sd_2A73E1CC/00000012,11.463249999999999,SF,10763.0,HV Battery temp (main value),°C,Battery,9.0,numeric,04 62 2A 0B 62 AA AA AA
sd_2A73E1CC/00000012,11.5633,SF,7694.0,HV Battery max temp and temp point,°C,Battery,9.875,numeric,07 62 1E 0E 02 78 00 01
sd_2A73E1CC/00000012,12.163599999999999,SF,652.0,SOC (BMS),%,Battery,68.0,numeric,04 62 02 8C AA AA AA AA
sd_2A73E1CC/00000012,12.2633,SF,7739.0,HV Battery voltage,V,Battery,368.25,numeric,05 62 1E 3B 05 C1 AA AA
sd_2A73E1CC/00000012,12.363299999999999,FF,7741.0,HV Battery current,A,Battery,-4.96,partial,10 08 62 1E 3D 00 02 48
sd_2A73E1CC/00000012,13.16335,SF,652.0,SOC (BMS),%,Battery,68.0,numeric,04 62 02 8C AA AA AA AA
sd_2A73E1CC/00000012,13.263349999999999,SF,7739.0,HV Battery voltage,V,Battery,368.25,numeric,05 62 1E 3B 05 C1 AA AA
sd_2A73E1CC/00000012,13.363349999999999,FF,7741.0,HV Battery current,A,Battery,-4.96,partial,10 08 62 1E 3D 00 02 48
sd_2A73E1CC/00000012,13.46335,SF,10763.0,HV Battery temp (main value),°C,Battery,9.0,numeric,04 62 2A 0B 62 AA AA AA
sd_2A73E1CC/00000012,13.5634,SF,7694.0,HV Battery max temp and temp point,°C,Battery,9.875,numeric,07 62 1E 0E 02 78 00 01
sd_2A73E1CC/00000012,14.1634,SF,652.0,SOC (BMS),%,Battery,68.0,numeric,04 62 02 8C AA AA AA AA
sd_2A73E1CC/00000012,14.263449999999999,SF,7739.0,HV Battery voltage,V,Battery,368.25,numeric,05 62 1E 3B 05 C1 AA AA
sd_2A73E1CC/00000012,14.363449999999998,FF,7741.0,HV Battery current,A,Battery,-4.96,partial,10 08 62 1E 3D 00 02 48
sd_2A73E1CC/00000012,15.16345,SF,652.0,SOC (BMS),%,Battery,68.0,numeric,04 62 02 8C AA AA AA AA
sd_2A73E1CC/00000012,15.263499999999999,SF,7739.0,HV Battery voltage,V,Battery,368.25,numeric,05 62 1E 3B 05 C1 AA AA
sd_2A73E1CC/00000012,15.363449999999998,FF,7741.0,HV Battery current,A,Battery,-4.96,partial,10 08 62 1E 3D 00 02 48
sd_2A73E1CC/00000012,15.46345,SF,10763.0,HV Battery temp (main value),°C,Battery,9.0,numeric,04 62 2A 0B 62 AA AA AA
sd_2A73E1CC/00000012,15.5635,SF,7694.0,HV Battery max temp and temp point,°C,Battery,9.875,numeric,07 62 1E 0E 02 78 00 01
sd_2A73E1CC/00000012,16.1635,SF,652.0,SOC (BMS),%,Battery,68.0,numeric,04 62 02 8C AA AA AA AA
sd_2A73E1CC/00000012,16.26355,SF,7739.0,HV Battery voltage,V,Battery,368.25,numeric,05 62 1E 3B 05 C1 AA AA
sd_2A73E1CC/00000012,16.36355,FF,7741.0,HV Battery current,A,Battery,-2.4,partial,10 08 62 1E 3D 00 02 49
sd_2A73E1CC/00000012,17.16355,SF,652.0,SOC (BMS),%,Battery,68.0,numeric,04 62 02 8C AA AA AA AA
sd_2A73E1CC/00000012,17.2636,SF,7739.0,HV Battery voltage,V,Battery,368.25,numeric,05 62 1E 3B 05 C1 AA AA
sd_2A73E1CC/00000012,17.363599999999998,FF,7741.0,HV Battery current,A,Battery,-4.96,partial,10 08 62 1E 3D 00 02 48
sd_2A73E1CC/00000012,17.4636,SF,10763.0,HV Battery temp (main value),°C,Battery,9.0,numeric,04 62 2A 0B 62 AA AA AA
sd_2A73E1CC/00000012,17.56395,SF,7694.0,HV Battery max temp and temp point,°C,Battery,9.875,numeric,07 62 1E 0E 02 78 00 01
sd_2A73E1CC/00000012,18.16365,SF,652.0,SOC (BMS),%,Battery,68.0,numeric,04 62 02 8C AA AA AA AA
sd_2A73E1CC/00000012,18.26365,SF,7739.0,HV Battery voltage,V,Battery,368.25,numeric,05 62 1E 3B 05 C1 AA AA
sd_2A73E1CC/00000012,18.36365,FF,7741.0,HV Battery current,A,Battery,-4.96,partial,10 08 62 1E 3D 00 02 48
sd_2A73E1CC/00000012,19.16375,SF,652.0,SOC (BMS),%,Battery,68.0,numeric,04 62 02 8C AA AA AA AA
sd_2A73E1CC/00000012,19.263749999999998,SF,7739.0,HV Battery voltage,V,Battery,368.5,numeric,05 62 1E 3B 05 C2 AA AA
sd_2A73E1CC/00000012,19.36405,FF,7741.0,HV Battery current,A,Battery,-4.96,partial,10 08 62 1E 3D 00 02 48
sd_2A73E1CC/00000012,19.4638,SF,10763.0,HV Battery temp (main value),°C,Battery,9.0,numeric,04 62 2A 0B 62 AA AA AA
sd_2A73E1CC/00000012,19.56375,SF,7694.0,HV Battery max temp and temp point,°C,Battery,9.875,numeric,07 62 1E 0E 02 78 00 01
sd_2A73E1CC/00000012,20.1638,SF,652.0,SOC (BMS),%,Battery,68.0,numeric,04 62 02 8C AA AA AA AA
sd_2A73E1CC/00000012,20.26415,SF,7739.0,HV Battery voltage,V,Battery,368.25,numeric,05 62 1E 3B 05 C1 AA AA
sd_2A73E1CC/00000012,20.363799999999998,FF,7741.0,HV Battery current,A,Battery,-4.96,partial,10 08 62 1E 3D 00 02 48
sd_2A73E1CC/00000012,21.164199999999997,SF,652.0,SOC (BMS),%,Battery,68.0,numeric,04 62 02 8C AA AA AA AA
sd_2A73E1CC/00000012,21.263849999999998,SF,7739.0,HV Battery voltage,V,Battery,368.25,numeric,05 62 1E 3B 05 C1 AA AA
sd_2A73E1CC/00000012,21.36385,FF,7741.0,HV Battery current,A,Battery,-4.96,partial,10 08 62 1E 3D 00 02 48
sd_2A73E1CC/00000012,21.46385,SF,10763.0,HV Battery temp (main value),°C,Battery,9.0,numeric,04 62 2A 0B 62 AA AA AA
sd_2A73E1CC/00000012,21.5639,SF,7694.0,HV Battery max temp and temp point,°C,Battery,9.875,numeric,07 62 1E 0E 02 78 00 01
sd_2A73E1CC/00000012,22.163899999999998,SF,652.0,SOC (BMS),%,Battery,68.0,numeric,04 62 02 8C AA AA AA AA
sd_2A73E1CC/00000012,22.2639,SF,7739.0,HV Battery voltage,V,Battery,368.25,numeric,05 62 1E 3B 05 C1 AA AA
sd_2A73E1CC/00000012,22.363899999999997,FF,7741.0,HV Battery current,A,Battery,-4.96,partial,10 08 62 1E 3D 00 02 48
sd_2A73E1CC/00000012,23.16395,SF,652.0,SOC (BMS),%,Battery,68.0,numeric,04 62 02 8C AA AA AA AA
sd_2A73E1CC/00000012,23.264,SF,7739.0,HV Battery voltage,V,Battery,368.25,numeric,05 62 1E 3B 05 C1 AA AA
sd_2A73E1CC/00000012,23.36395,FF,7741.0,HV Battery current,A,Battery,-4.96,partial,10 08 62 1E 3D 00 02 48
sd_2A73E1CC/00000012,23.46395,SF,10763.0,HV Battery temp (main value),°C,Battery,9.0,numeric,04 62 2A 0B 62 AA AA AA
sd_2A73E1CC/00000012,23.564,SF,7694.0,HV Battery max temp and temp point,°C,Battery,9.875,numeric,07 62 1E 0E 02 78 00 01
sd_2A73E1CC/00000012,24.163999999999998,SF,652.0,SOC (BMS),%,Battery,68.0,numeric,04 62 02 8C AA AA AA AA
sd_2A73E1CC/00000012,24.264,SF,7739.0,HV Battery voltage,V,Battery,368.25,numeric,05 62 1E 3B 05 C1 AA AA
sd_2A73E1CC/00000012,24.363999999999997,FF,7741.0,HV Battery current,A,Battery,-4.96,partial,10 08 62 1E 3D 00 02 48
sd_2A73E1CC/00000012,25.164099999999998,SF,652.0,SOC (BMS),%,Battery,68.0,numeric,04 62 02 8C AA AA AA AA
sd_2A73E1CC/00000012,25.264049999999997,SF,7739.0,HV Battery voltage,V,Battery,368.25,numeric,05 62 1E 3B 05 C1 AA AA
sd_2A73E1CC/00000012,25.36415,FF,7741.0,HV Battery current,A,Battery,-4.96,partial,10 08 62 1E 3D 00 02 48
sd_2A73E1CC/00000012,25.4641,SF,10763.0,HV Battery temp (main value),°C,Battery,9.0,numeric,04 62 2A 0B 62 AA AA AA
sd_2A73E1CC/00000012,25.564149999999998,SF,7694.0,HV Battery max temp and temp point,°C,Battery,9.875,numeric,07 62 1E 0E 02 78 00 01
sd_2A73E1CC/00000012,26.164099999999998,SF,652.0,SOC (BMS),%,Battery,68.0,numeric,04 62 02 8C AA AA AA AA
sd_2A73E1CC/00000012,26.264149999999997,SF,7739.0,HV Battery voltage,V,Battery,368.25,numeric,05 62 1E 3B 05 C1 AA AA
sd_2A73E1CC/00000012,26.3642,FF,7741.0,HV Battery current,A,Battery,-4.96,partial,10 08 62 1E 3D 00 02 48
sd_2A73E1CC/00000012,27.164199999999997,SF,652.0,SOC (BMS),%,Battery,68.0,numeric,04 62 02 8C AA AA AA AA
sd_2A73E1CC/00000012,27.2642,SF,7739.0,HV Battery voltage,V,Battery,368.25,numeric,05 62 1E 3B 05 C1 AA AA
sd_2A73E1CC/00000012,27.3642,FF,7741.0,HV Battery current,A,Battery,-4.96,partial,10 08 62 1E 3D 00 02 48
sd_2A73E1CC/00000012,27.46465,SF,10763.0,HV Battery temp (main value),°C,Battery,9.0,numeric,04 62 2A 0B 62 AA AA AA
sd_2A73E1CC/00000012,27.564349999999997,SF,7694.0,HV Battery max temp and temp point,°C,Battery,9.875,numeric,07 62 1E 0E 02 78 00 01
sd_2A73E1CC/00000012,28.16435,SF,652.0,SOC (BMS),%,Battery,68.0,numeric,04 62 02 8C AA AA AA AA
sd_2A73E1CC/00000012,28.2643,SF,7739.0,HV Battery voltage,V,Battery,368.25,numeric,05 62 1E 3B 05 C1 AA AA
sd_2A73E1CC/00000012,28.3649,FF,7741.0,HV Battery current,A,Battery,-4.96,partial,10 08 62 1E 3D 00 02 48
sd_2A73E1CC/00000012,29.16435,SF,652.0,SOC (BMS),%,Battery,68.0,numeric,04 62 02 8C AA AA AA AA
sd_2A73E1CC/00000012,29.26475,SF,7739.0,HV Battery voltage,V,Battery,368.25,numeric,05 62 1E 3B 05 C1 AA AA
sd_2A73E1CC/00000012,29.3645,FF,7741.0,HV Battery current,A,Battery,-4.96,partial,10 08 62 1E 3D 00 02 48
sd_2A73E1CC/00000012,29.464299999999998,SF,10763.0,HV Battery temp (main value),°C,Battery,9.0,numeric,04 62 2A 0B 62 AA AA AA
sd_2A73E1CC/00000012,29.564449999999997,SF,7694.0,HV Battery max temp and temp point,°C,Battery,9.875,numeric,07 62 1E 0E 02 78 00 01
sd_2A73E1CC/00000012,30.165,SF,652.0,SOC (BMS),%,Battery,68.0,numeric,04 62 02 8C AA AA AA AA
sd_2A73E1CC/00000012,30.26445,SF,7739.0,HV Battery voltage,V,Battery,368.25,numeric,05 62 1E 3B 05 C1 AA AA
sd_2A73E1CC/00000012,30.364449999999998,FF,7741.0,HV Battery current,A,Battery,-4.96,partial,10 08 62 1E 3D 00 02 48
sd_2A73E1CC/00000012,31.16445,SF,652.0,SOC (BMS),%,Battery,68.0,numeric,04 62 02 8C AA AA AA AA
sd_2A73E1CC/00000012,31.264499999999998,SF,7739.0,HV Battery voltage,V,Battery,368.25,numeric,05 62 1E 3B 05 C1 AA AA
sd_2A73E1CC/00000012,31.3645,FF,7741.0,HV Battery current,A,Battery,-4.96,partial,10 08 62 1E 3D 00 02 48
sd_2A73E1CC/00000012,31.464499999999997,SF,10763.0,HV Battery temp (main value),°C,Battery,9.0,numeric,04 62 2A 0B 62 AA AA AA
sd_2A73E1CC/00000012,31.564549999999997,SF,7694.0,HV Battery max temp and temp point,°C,Battery,9.875,numeric,07 62 1E 0E 02 78 00 01
sd_2A73E1CC/00000012,32.1645,SF,652.0,SOC (BMS),%,Battery,68.0,numeric,04 62 02 8C AA AA AA AA
sd_2A73E1CC/00000012,32.26455,SF,7739.0,HV Battery voltage,V,Battery,368.25,numeric,05 62 1E 3B 05 C1 AA AA
sd_2A73E1CC/00000012,32.36455,FF,7741.0,HV Battery current,A,Battery,-4.96,partial,10 08 62 1E 3D 00 02 48
sd_2A73E1CC/00000012,33.1646,SF,652.0,SOC (BMS),%,Battery,68.0,numeric,04 62 02 8C AA AA AA AA
sd_2A73E1CC/00000012,33.2646,SF,7739.0,HV Battery voltage,V,Battery,368.25,numeric,05 62 1E 3B 05 C1 AA AA
sd_2A73E1CC/00000012,33.364599999999996,FF,7741.0,HV Battery current,A,Battery,-4.96,partial,10 08 62 1E 3D 00 02 48
sd_2A73E1CC/00000012,33.4646,SF,10763.0,HV Battery temp (main value),°C,Battery,9.0,numeric,04 62 2A 0B 62 AA AA AA
sd_2A73E1CC/00000012,33.56465,SF,7694.0,HV Battery max temp and temp point,°C,Battery,9.875,numeric,07 62 1E 0E 02 78 00 01
sd_2A73E1CC/00000012,34.16465,SF,652.0,SOC (BMS),%,Battery,68.0,numeric,04 62 02 8C AA AA AA AA
sd_2A73E1CC/00000012,34.264649999999996,SF,7739.0,HV Battery voltage,V,Battery,368.25,numeric,05 62 1E 3B 05 C1 AA AA
sd_2A73E1CC/00000012,34.36465,FF,7741.0,HV Battery current,A,Battery,-4.96,partial,10 08 62 1E 3D 00 02 48
sd_2A73E1CC/00000012,35.164699999999996,SF,652.0,SOC (BMS),%,Battery,68.0,numeric,04 62 02 8C AA AA AA AA
sd_2A73E1CC/00000012,35.2647,SF,7739.0,HV Battery voltage,V,Battery,368.25,numeric,05 62 1E 3B 05 C1 AA AA
sd_2A73E1CC/00000012,35.3647,FF,7741.0,HV Battery current,A,Battery,-4.96,partial,10 08 62 1E 3D 00 02 48
sd_2A73E1CC/00000012,35.4647,SF,10763.0,HV Battery temp (main value),°C,Battery,9.0,numeric,04 62 2A 0B 62 AA AA AA
sd_2A73E1CC/00000012,35.56545,SF,7694.0,HV Battery max temp and temp point,°C,Battery,9.875,numeric,07 62 1E 0E 02 78 00 01
sd_2A73E1CC/00000012,36.164699999999996,SF,652.0,SOC (BMS),%,Battery,68.0,numeric,04 62 02 8C AA AA AA AA
sd_2A73E1CC/00000012,36.26475,SF,7739.0,HV Battery voltage,V,Battery,368.25,numeric,05 62 1E 3B 05 C1 AA AA
sd_2A73E1CC/00000012,36.36475,FF,7741.0,HV Battery current,A,Battery,-4.96,partial,10 08 62 1E 3D 00 02 48
sd_2A73E1CC/00000013,1.17325,SF,652.0,SOC (BMS),%,Battery,67.6,numeric,04 62 02 8C A9 AA AA AA
sd_2A73E1CC/00000013,1.27315,SF,7739.0,HV Battery voltage,V,Battery,368.25,numeric,05 62 1E 3B 05 C1 AA AA
sd_2A73E1CC/00000013,1.3732499999999999,FF,7741.0,HV Battery current,A,Battery,-2.4,partial,10 08 62 1E 3D 00 02 49
sd_2A73E1CC/00000013,1.4731999999999998,SF,10763.0,HV Battery temp (main value),°C,Battery,9.5,numeric,04 62 2A 0B 63 AA AA AA
sd_2A73E1CC/00000013,1.57325,SF,7694.0,HV Battery max temp and temp point,°C,Battery,10.0,numeric,07 62 1E 0E 02 80 00 01
sd_2A73E1CC/00000013,1.6732,SF,29768.0,Car operation mode,logic,Technical,driving,enum,04 62 74 48 01 AA AA AA
sd_2A73E1CC/00000013,2.1733,SF,652.0,SOC (BMS),%,Battery,67.6,numeric,04 62 02 8C A9 AA AA AA
sd_2A73E1CC/00000013,2.2732,SF,7739.0,HV Battery voltage,V,Battery,368.25,numeric,05 62 1E 3B 05 C1 AA AA
sd_2A73E1CC/00000013,2.37325,FF,7741.0,HV Battery current,A,Battery,-4.96,partial,10 08 62 1E 3D 00 02 48
sd_2A73E1CC/00000013,3.1733499999999997,SF,652.0,SOC (BMS),%,Battery,67.6,numeric,04 62 02 8C A9 AA AA AA
sd_2A73E1CC/00000013,3.2733,SF,7739.0,HV Battery voltage,V,Battery,368.25,numeric,05 62 1E 3B 05 C1 AA AA
sd_2A73E1CC/00000013,3.3733,FF,7741.0,HV Battery current,A,Battery,-4.96,partial,10 08 62 1E 3D 00 02 48
sd_2A73E1CC/00000013,3.4733,SF,10763.0,HV Battery temp (main value),°C,Battery,9.5,numeric,04 62 2A 0B 63 AA AA AA
sd_2A73E1CC/00000013,3.57335,SF,7694.0,HV Battery max temp and temp point,°C,Battery,10.0,numeric,07 62 1E 0E 02 80 00 01
sd_2A73E1CC/00000013,3.6733,SF,29768.0,Car operation mode,logic,Technical,driving,enum,04 62 74 48 01 AA AA AA
sd_2A73E1CC/00000013,4.1734,SF,652.0,SOC (BMS),%,Battery,67.6,numeric,04 62 02 8C A9 AA AA AA
sd_2A73E1CC/00000013,4.27335,SF,7739.0,HV Battery voltage,V,Battery,368.25,numeric,05 62 1E 3B 05 C1 AA AA
sd_2A73E1CC/00000013,4.373349999999999,FF,7741.0,HV Battery current,A,Battery,-4.96,partial,10 08 62 1E 3D 00 02 48
sd_2A73E1CC/00000013,5.17345,SF,652.0,SOC (BMS),%,Battery,67.6,numeric,04 62 02 8C A9 AA AA AA
sd_2A73E1CC/00000013,5.2734,SF,7739.0,HV Battery voltage,V,Battery,368.25,numeric,05 62 1E 3B 05 C1 AA AA
sd_2A73E1CC/00000013,5.3734,FF,7741.0,HV Battery current,A,Battery,-4.96,partial,10 08 62 1E 3D 00 02 48
sd_2A73E1CC/00000013,5.4734,SF,10763.0,HV Battery temp (main value),°C,Battery,9.5,numeric,04 62 2A 0B 63 AA AA AA
sd_2A73E1CC/00000013,5.5735,SF,7694.0,HV Battery max temp and temp point,°C,Battery,10.0,numeric,07 62 1E 0E 02 80 00 01
sd_2A73E1CC/00000013,5.6734,SF,29768.0,Car operation mode,logic,Technical,driving,enum,04 62 74 48 01 AA AA AA
sd_2A73E1CC/00000013,6.1735,SF,652.0,SOC (BMS),%,Battery,67.6,numeric,04 62 02 8C A9 AA AA AA
sd_2A73E1CC/00000013,6.2734499999999995,SF,7739.0,HV Battery voltage,V,Battery,368.25,numeric,05 62 1E 3B 05 C1 AA AA
sd_2A73E1CC/00000013,6.37345,FF,7741.0,HV Battery current,A,Battery,-4.96,partial,10 08 62 1E 3D 00 02 48
sd_2A73E1CC/00000013,7.17355,SF,652.0,SOC (BMS),%,Battery,67.6,numeric,04 62 02 8C A9 AA AA AA
sd_2A73E1CC/00000013,7.2734499999999995,SF,7739.0,HV Battery voltage,V,Battery,368.25,numeric,05 62 1E 3B 05 C1 AA AA
sd_2A73E1CC/00000013,7.3735,FF,7741.0,HV Battery current,A,Battery,-4.96,partial,10 08 62 1E 3D 00 02 48
sd_2A73E1CC/00000013,7.4735,SF,10763.0,HV Battery temp (main value),°C,Battery,9.5,numeric,04 62 2A 0B 63 AA AA AA
sd_2A73E1CC/00000013,7.57355,SF,7694.0,HV Battery max temp and temp point,°C,Battery,10.0,numeric,07 62 1E 0E 02 80 00 01
sd_2A73E1CC/00000013,7.6735,SF,29768.0,Car operation mode,logic,Technical,driving,enum,04 62 74 48 01 AA AA AA
sd_2A73E1CC/00000013,8.1736,SF,652.0,SOC (BMS),%,Battery,67.6,numeric,04 62 02 8C A9 AA AA AA
sd_2A73E1CC/00000013,8.2735,SF,7739.0,HV Battery voltage,V,Battery,368.25,numeric,05 62 1E 3B 05 C1 AA AA
sd_2A73E1CC/00000013,8.37355,FF,7741.0,HV Battery current,A,Battery,-4.96,partial,10 08 62 1E 3D 00 02 48
sd_2A73E1CC/00000013,9.1737,SF,652.0,SOC (BMS),%,Battery,67.6,numeric,04 62 02 8C A9 AA AA AA
sd_2A73E1CC/00000013,9.2736,SF,7739.0,HV Battery voltage,V,Battery,368.25,numeric,05 62 1E 3B 05 C1 AA AA
sd_2A73E1CC/00000013,9.3736,FF,7741.0,HV Battery current,A,Battery,-4.96,partial,10 08 62 1E 3D 00 02 48
sd_2A73E1CC/00000013,9.4736,SF,10763.0,HV Battery temp (main value),°C,Battery,9.5,numeric,04 62 2A 0B 63 AA AA AA
sd_2A73E1CC/00000013,9.573649999999999,SF,7694.0,HV Battery max temp and temp point,°C,Battery,10.0,numeric,07 62 1E 0E 02 80 00 01
sd_2A73E1CC/00000013,9.6736,SF,29768.0,Car operation mode,logic,Technical,driving,enum,04 62 74 48 01 AA AA AA
sd_2A73E1CC/00000013,10.17375,SF,652.0,SOC (BMS),%,Battery,67.6,numeric,04 62 02 8C A9 AA AA AA
sd_2A73E1CC/00000013,10.2736,SF,7739.0,HV Battery voltage,V,Battery,368.25,numeric,05 62 1E 3B 05 C1 AA AA
sd_2A73E1CC/00000013,10.3737,FF,7741.0,HV Battery current,A,Battery,-4.96,partial,10 08 62 1E 3D 00 02 48
sd_2A73E1CC/00000013,11.17375,SF,652.0,SOC (BMS),%,Battery,67.6,numeric,04 62 02 8C A9 AA AA AA
sd_2A73E1CC/00000013,11.2737,SF,7739.0,HV Battery voltage,V,Battery,368.25,numeric,05 62 1E 3B 05 C1 AA AA
sd_2A73E1CC/00000013,11.3737,FF,7741.0,HV Battery current,A,Battery,-2.4,partial,10 08 62 1E 3D 00 02 49
sd_2A73E1CC/00000013,11.4737,SF,10763.0,HV Battery temp (main value),°C,Battery,9.5,numeric,04 62 2A 0B 63 AA AA AA
sd_2A73E1CC/00000013,11.573749999999999,SF,7694.0,HV Battery max temp and temp point,°C,Battery,10.0,numeric,07 62 1E 0E 02 80 00 01
sd_2A73E1CC/00000013,11.6737,SF,29768.0,Car operation mode,logic,Technical,driving,enum,04 62 74 48 01 AA AA AA
sd_2A73E1CC/00000013,12.17385,SF,652.0,SOC (BMS),%,Battery,67.6,numeric,04 62 02 8C A9 AA AA AA
sd_2A73E1CC/00000013,12.27375,SF,7739.0,HV Battery voltage,V,Battery,368.25,numeric,05 62 1E 3B 05 C1 AA AA
sd_2A73E1CC/00000013,12.37375,FF,7741.0,HV Battery current,A,Battery,-4.96,partial,10 08 62 1E 3D 00 02 48
sd_2A73E1CC/00000013,13.1739,SF,652.0,SOC (BMS),%,Battery,67.6,numeric,04 62 02 8C A9 AA AA AA
sd_2A73E1CC/00000013,13.27375,SF,7739.0,HV Battery voltage,V,Battery,368.25,numeric,05 62 1E 3B 05 C1 AA AA
sd_2A73E1CC/00000013,13.37385,FF,7741.0,HV Battery current,A,Battery,-4.96,partial,10 08 62 1E 3D 00 02 48
sd_2A73E1CC/00000013,13.473899999999999,SF,10763.0,HV Battery temp (main value),°C,Battery,9.5,numeric,04 62 2A 0B 63 AA AA AA
sd_2A73E1CC/00000013,13.57385,SF,7694.0,HV Battery max temp and temp point,°C,Battery,10.0,numeric,07 62 1E 0E 02 80 00 01
sd_2A73E1CC/00000013,13.67385,SF,29768.0,Car operation mode,logic,Technical,driving,enum,04 62 74 48 01 AA AA AA
sd_2A73E1CC/00000013,14.1739,SF,652.0,SOC (BMS),%,Battery,67.6,numeric,04 62 02 8C A9 AA AA AA
sd_2A73E1CC/00000013,14.27385,SF,7739.0,HV Battery voltage,V,Battery,368.25,numeric,05 62 1E 3B 05 C1 AA AA
sd_2A73E1CC/00000013,14.37385,FF,7741.0,HV Battery current,A,Battery,-4.96,partial,10 08 62 1E 3D 00 02 48
sd_2A73E1CC/00000013,15.174,SF,652.0,SOC (BMS),%,Battery,67.6,numeric,04 62 02 8C A9 AA AA AA
sd_2A73E1CC/00000013,15.2739,SF,7739.0,HV Battery voltage,V,Battery,368.25,numeric,05 62 1E 3B 05 C1 AA AA
sd_2A73E1CC/00000013,15.373949999999999,FF,7741.0,HV Battery current,A,Battery,-4.96,partial,10 08 62 1E 3D 00 02 48
sd_2A73E1CC/00000013,15.473949999999999,SF,10763.0,HV Battery temp (main value),°C,Battery,9.5,numeric,04 62 2A 0B 63 AA AA AA
sd_2A73E1CC/00000013,15.574,SF,7694.0,HV Battery max temp and temp point,°C,Battery,10.0,numeric,07 62 1E 0E 02 80 00 01
sd_2A73E1CC/00000013,15.6739,SF,29768.0,Car operation mode,logic,Technical,driving,enum,04 62 74 48 01 AA AA AA
sd_2A73E1CC/00000013,16.174049999999998,SF,652.0,SOC (BMS),%,Battery,67.6,numeric,04 62 02 8C A9 AA AA AA
sd_2A73E1CC/00000013,16.27395,SF,7739.0,HV Battery voltage,V,Battery,368.25,numeric,05 62 1E 3B 05 C1 AA AA
sd_2A73E1CC/00000013,16.374,FF,7741.0,HV Battery current,A,Battery,-4.96,partial,10 08 62 1E 3D 00 02 48
sd_2A73E1CC/00000013,17.1741,SF,652.0,SOC (BMS),%,Battery,67.6,numeric,04 62 02 8C A9 AA AA AA
sd_2A73E1CC/00000013,17.274,SF,7739.0,HV Battery voltage,V,Battery,368.25,numeric,05 62 1E 3B 05 C1 AA AA
sd_2A73E1CC/00000013,17.37405,FF,7741.0,HV Battery current,A,Battery,-4.96,partial,10 08 62 1E 3D 00 02 48
sd_2A73E1CC/00000013,17.474,SF,10763.0,HV Battery temp (main value),°C,Battery,9.5,numeric,04 62 2A 0B 63 AA AA AA
sd_2A73E1CC/00000013,17.57405,SF,7694.0,HV Battery max temp and temp point,°C,Battery,10.0,numeric,07 62 1E 0E 02 80 00 01
sd_2A73E1CC/00000013,17.674,SF,29768.0,Car operation mode,logic,Technical,driving,enum,04 62 74 48 01 AA AA AA
sd_2A73E1CC/00000013,18.17415,SF,652.0,SOC (BMS),%,Battery,67.6,numeric,04 62 02 8C A9 AA AA AA
sd_2A73E1CC/00000013,18.27405,SF,7739.0,HV Battery voltage,V,Battery,368.25,numeric,05 62 1E 3B 05 C1 AA AA
sd_2A73E1CC/00000013,18.3741,FF,7741.0,HV Battery current,A,Battery,-2.4,partial,10 08 62 1E 3D 00 02 49
sd_2A73E1CC/00000013,19.1743,SF,652.0,SOC (BMS),%,Battery,67.6,numeric,04 62 02 8C A9 AA AA AA
sd_2A73E1CC/00000013,19.27415,SF,7739.0,HV Battery voltage,V,Battery,368.25,numeric,05 62 1E 3B 05 C1 AA AA
sd_2A73E1CC/00000013,19.3742,FF,7741.0,HV Battery current,A,Battery,-2.4,partial,10 08 62 1E 3D 00 02 49
sd_2A73E1CC/00000013,19.474149999999998,SF,10763.0,HV Battery temp (main value),°C,Battery,9.5,numeric,04 62 2A 0B 63 AA AA AA
sd_2A73E1CC/00000013,19.57425,SF,7694.0,HV Battery max temp and temp point,°C,Battery,10.0,numeric,07 62 1E 0E 02 80 00 01
sd_2A73E1CC/00000013,19.674149999999997,SF,29768.0,Car operation mode,logic,Technical,driving,enum,04 62 74 48 01 AA AA AA
sd_2A73E1CC/00000013,20.1743,SF,652.0,SOC (BMS),%,Battery,67.6,numeric,04 62 02 8C A9 AA AA AA
sd_2A73E1CC/00000013,20.27415,SF,7739.0,HV Battery voltage,V,Battery,368.25,numeric,05 62 1E 3B 05 C1 AA AA
sd_2A73E1CC/00000013,20.37415,FF,7741.0,HV Battery current,A,Battery,-2.4,partial,10 08 62 1E 3D 00 02 49
sd_2A73E1CC/00000013,21.1743,SF,652.0,SOC (BMS),%,Battery,67.6,numeric,04 62 02 8C A9 AA AA AA
sd_2A73E1CC/00000013,21.27425,SF,7739.0,HV Battery voltage,V,Battery,368.25,numeric,05 62 1E 3B 05 C1 AA AA
sd_2A73E1CC/00000013,21.37425,FF,7741.0,HV Battery current,A,Battery,-4.96,partial,10 08 62 1E 3D 00 02 48
sd_2A73E1CC/00000013,21.474249999999998,SF,10763.0,HV Battery temp (main value),°C,Battery,9.5,numeric,04 62 2A 0B 63 AA AA AA
sd_2A73E1CC/00000013,21.574299999999997,SF,7694.0,HV Battery max temp and temp point,°C,Battery,10.0,numeric,07 62 1E 0E 02 80 00 01
sd_2A73E1CC/00000013,21.6743,SF,29768.0,Car operation mode,logic,Technical,driving,enum,04 62 74 48 01 AA AA AA
sd_2A73E1CC/00000013,22.1744,SF,652.0,SOC (BMS),%,Battery,67.6,numeric,04 62 02 8C A9 AA AA AA
sd_2A73E1CC/00000013,22.2743,SF,7739.0,HV Battery voltage,V,Battery,368.25,numeric,05 62 1E 3B 05 C1 AA AA
sd_2A73E1CC/00000013,22.37435,FF,7741.0,HV Battery current,A,Battery,-4.96,partial,10 08 62 1E 3D 00 02 48
sd_2A73E1CC/00000013,23.1744,SF,652.0,SOC (BMS),%,Battery,67.6,numeric,04 62 02 8C A9 AA AA AA
sd_2A73E1CC/00000013,23.2743,SF,7739.0,HV Battery voltage,V,Battery,368.25,numeric,05 62 1E 3B 05 C1 AA AA
sd_2A73E1CC/00000013,23.37435,FF,7741.0,HV Battery current,A,Battery,-4.96,partial,10 08 62 1E 3D 00 02 48
sd_2A73E1CC/00000013,23.474349999999998,SF,10763.0,HV Battery temp (main value),°C,Battery,9.5,numeric,04 62 2A 0B 63 AA AA AA
sd_2A73E1CC/00000013,23.5745,SF,7694.0,HV Battery max temp and temp point,°C,Battery,10.0,numeric,07 62 1E 0E 02 80 00 01
sd_2A73E1CC/00000013,23.67435,SF,29768.0,Car operation mode,logic,Technical,driving,enum,04 62 74 48 01 AA AA AA
sd_2A73E1CC/00000013,24.17445,SF,652.0,SOC (BMS),%,Battery,67.6,numeric,04 62 02 8C A9 AA AA AA
sd_2A73E1CC/00000013,24.27435,SF,7739.0,HV Battery voltage,V,Battery,368.25,numeric,05 62 1E 3B 05 C1 AA AA
sd_2A73E1CC/00000013,24.374399999999998,FF,7741.0,HV Battery current,A,Battery,-2.4,partial,10 08 62 1E 3D 00 02 49
sd_2A73E1CC/00000013,25.17455,SF,652.0,SOC (BMS),%,Battery,67.6,numeric,04 62 02 8C A9 AA AA AA
sd_2A73E1CC/00000013,25.2744,SF,7739.0,HV Battery voltage,V,Battery,368.25,numeric,05 62 1E 3B 05 C1 AA AA
sd_2A73E1CC/00000013,25.374399999999998,FF,7741.0,HV Battery current,A,Battery,-4.96,partial,10 08 62 1E 3D 00 02 48
sd_2A73E1CC/00000013,25.474449999999997,SF,10763.0,HV Battery temp (main value),°C,Battery,9.5,numeric,04 62 2A 0B 63 AA AA AA
sd_2A73E1CC/00000013,25.5745,SF,7694.0,HV Battery max temp and temp point,°C,Battery,10.0,numeric,07 62 1E 0E 02 80 00 01
sd_2A73E1CC/00000013,25.67445,SF,29768.0,Car operation mode,logic,Technical,driving,enum,04 62 74 48 01 AA AA AA
sd_2A73E1CC/00000013,26.174599999999998,SF,652.0,SOC (BMS),%,Battery,67.6,numeric,04 62 02 8C A9 AA AA AA
sd_2A73E1CC/00000013,26.2745,SF,7739.0,HV Battery voltage,V,Battery,368.25,numeric,05 62 1E 3B 05 C1 AA AA
sd_2A73E1CC/00000013,26.374499999999998,FF,7741.0,HV Battery current,A,Battery,-4.96,partial,10 08 62 1E 3D 00 02 48
sd_2A73E1CC/00000013,27.174599999999998,SF,652.0,SOC (BMS),%,Battery,67.6,numeric,04 62 02 8C A9 AA AA AA
sd_2A73E1CC/00000013,27.274549999999998,SF,7739.0,HV Battery voltage,V,Battery,368.25,numeric,05 62 1E 3B 05 C1 AA AA
sd_2A73E1CC/00000013,27.374699999999997,FF,7741.0,HV Battery current,A,Battery,-4.96,partial,10 08 62 1E 3D 00 02 48
sd_2A73E1CC/00000013,27.4746,SF,10763.0,HV Battery temp (main value),°C,Battery,9.5,numeric,04 62 2A 0B 63 AA AA AA
sd_2A73E1CC/00000013,27.5747,SF,7694.0,HV Battery max temp and temp point,°C,Battery,10.0,numeric,07 62 1E 0E 02 80 00 01
sd_2A73E1CC/00000013,27.67455,SF,29768.0,Car operation mode,logic,Technical,driving,enum,04 62 74 48 01 AA AA AA
sd_2A73E1CC/00000013,28.174699999999998,SF,652.0,SOC (BMS),%,Battery,67.6,numeric,04 62 02 8C A9 AA AA AA
sd_2A73E1CC/00000013,28.2746,SF,7739.0,HV Battery voltage,V,Battery,368.25,numeric,05 62 1E 3B 05 C1 AA AA
sd_2A73E1CC/00000013,28.374599999999997,FF,7741.0,HV Battery current,A,Battery,-4.96,partial,10 08 62 1E 3D 00 02 48
sd_2A73E1CC/00000013,29.17475,SF,652.0,SOC (BMS),%,Battery,67.6,numeric,04 62 02 8C A9 AA AA AA
sd_2A73E1CC/00000013,29.2747,SF,7739.0,HV Battery voltage,V,Battery,368.25,numeric,05 62 1E 3B 05 C1 AA AA
sd_2A73E1CC/00000013,29.374699999999997,FF,7741.0,HV Battery current,A,Battery,-4.96,partial,10 08 62 1E 3D 00 02 48
sd_2A73E1CC/00000013,29.47475,SF,10763.0,HV Battery temp (main value),°C,Battery,9.5,numeric,04 62 2A 0B 63 AA AA AA
sd_2A73E1CC/00000013,29.574749999999998,SF,7694.0,HV Battery max temp and temp point,°C,Battery,10.0,numeric,07 62 1E 0E 02 80 00 01
sd_2A73E1CC/00000013,29.674699999999998,SF,29768.0,Car operation mode,logic,Technical,driving,enum,04 62 74 48 01 AA AA AA
sd_2A73E1CC/00000013,30.174799999999998,SF,652.0,SOC (BMS),%,Battery,67.6,numeric,04 62 02 8C A9 AA AA AA
sd_2A73E1CC/00000013,30.2747,SF,7739.0,HV Battery voltage,V,Battery,368.25,numeric,05 62 1E 3B 05 C1 AA AA
sd_2A73E1CC/00000013,30.37485,FF,7741.0,HV Battery current,A,Battery,-4.96,partial,10 08 62 1E 3D 00 02 48
sd_2A73E1CC/00000013,31.174899999999997,SF,652.0,SOC (BMS),%,Battery,67.6,numeric,04 62 02 8C A9 AA AA AA
sd_2A73E1CC/00000013,31.2748,SF,7739.0,HV Battery voltage,V,Battery,368.25,numeric,05 62 1E 3B 05 C1 AA AA
sd_2A73E1CC/00000013,31.3749,FF,7741.0,HV Battery current,A,Battery,-4.96,partial,10 08 62 1E 3D 00 02 48
sd_2A73E1CC/00000013,31.474899999999998,SF,10763.0,HV Battery temp (main value),°C,Battery,9.5,numeric,04 62 2A 0B 63 AA AA AA
sd_2A73E1CC/00000013,31.5749,SF,7694.0,HV Battery max temp and temp point,°C,Battery,10.0,numeric,07 62 1E 0E 02 80 00 01
sd_2A73E1CC/00000013,31.67485,SF,29768.0,Car operation mode,logic,Technical,driving,enum,04 62 74 48 01 AA AA AA
sd_2A73E1CC/00000013,32.174949999999995,SF,652.0,SOC (BMS),%,Battery,67.6,numeric,04 62 02 8C A9 AA AA AA
sd_2A73E1CC/00000013,32.27485,SF,7739.0,HV Battery voltage,V,Battery,368.25,numeric,05 62 1E 3B 05 C1 AA AA
sd_2A73E1CC/00000013,32.3749,FF,7741.0,HV Battery current,A,Battery,-4.96,partial,10 08 62 1E 3D 00 02 48
sd_2A73E1CC/00000013,33.175,SF,652.0,SOC (BMS),%,Battery,67.6,numeric,04 62 02 8C A9 AA AA AA
sd_2A73E1CC/00000013,33.274899999999995,SF,7739.0,HV Battery voltage,V,Battery,368.25,numeric,05 62 1E 3B 05 C1 AA AA
sd_2A73E1CC/00000013,33.3749,FF,7741.0,HV Battery current,A,Battery,-4.96,partial,10 08 62 1E 3D 00 02 48
sd_2A73E1CC/00000013,33.475,SF,10763.0,HV Battery temp (main value),°C,Battery,9.5,numeric,04 62 2A 0B 63 AA AA AA
sd_2A73E1CC/00000013,33.57505,SF,7694.0,HV Battery max temp and temp point,°C,Battery,10.0,numeric,07 62 1E 0E 02 80 00 01
sd_2A73E1CC/00000013,33.6749,SF,29768.0,Car operation mode,logic,Technical,driving,enum,04 62 74 48 01 AA AA AA
sd_2A73E1CC/00000013,34.17505,SF,652.0,SOC (BMS),%,Battery,67.6,numeric,04 62 02 8C A9 AA AA AA
sd_2A73E1CC/00000013,34.27495,SF,7739.0,HV Battery voltage,V,Battery,368.25,numeric,05 62 1E 3B 05 C1 AA AA
sd_2A73E1CC/00000013,34.37505,FF,7741.0,HV Battery current,A,Battery,-4.96,partial,10 08 62 1E 3D 00 02 48
sd_2A73E1CC/00000013,35.1751,SF,652.0,SOC (BMS),%,Battery,67.6,numeric,04 62 02 8C A9 AA AA AA
sd_2A73E1CC/00000013,35.275,SF,7739.0,HV Battery voltage,V,Battery,368.25,numeric,05 62 1E 3B 05 C1 AA AA
sd_2A73E1CC/00000013,35.375,FF,7741.0,HV Battery current,A,Battery,-4.96,partial,10 08 62 1E 3D 00 02 48
sd_2A73E1CC/00000013,35.475049999999996,SF,10763.0,HV Battery temp (main value),°C,Battery,9.5,numeric,04 62 2A 0B 63 AA AA AA
sd_2A73E1CC/00000013,35.57515,SF,7694.0,HV Battery max temp and temp point,°C,Battery,10.0,numeric,07 62 1E 0E 02 80 00 01
sd_2A73E1CC/00000013,35.675,SF,29768.0,Car operation mode,logic,Technical,driving,enum,04 62 74 48 01 AA AA AA
sd_2A73E1CC/00000013,36.175149999999995,SF,652.0,SOC (BMS),%,Battery,67.6,numeric,04 62 02 8C A9 AA AA AA
sd_2A73E1CC/00000013,36.275,SF,7739.0,HV Battery voltage,V,Battery,368.25,numeric,05 62 1E 3B 05 C1 AA AA
sd_2A73E1CC/00000013,36.37505,FF,7741.0,HV Battery current,A,Battery,-4.96,partial,10 08 62 1E 3D 00 02 48
sd_2A73E1CC/00000013,37.1752,SF,652.0,SOC (BMS),%,Battery,67.6,numeric,04 62 02 8C A9 AA AA AA
sd_2A73E1CC/00000013,37.275099999999995,SF,7739.0,HV Battery voltage,V,Battery,368.25,numeric,05 62 1E 3B 05 C1 AA AA
sd_2A73E1CC/00000013,37.3752,FF,7741.0,HV Battery current,A,Battery,-4.96,partial,10 08 62 1E 3D 00 02 48
sd_2A73E1CC/00000013,37.4752,SF,10763.0,HV Battery temp (main value),°C,Battery,9.5,numeric,04 62 2A 0B 63 AA AA AA
sd_2A73E1CC/00000013,37.57525,SF,7694.0,HV Battery max temp and temp point,°C,Battery,10.0,numeric,07 62 1E 0E 02 80 00 01
sd_2A73E1CC/00000013,37.675149999999995,SF,29768.0,Car operation mode,logic,Technical,driving,enum,04 62 74 48 01 AA AA AA
sd_2A73E1CC/00000013,38.17525,SF,652.0,SOC (BMS),%,Battery,67.6,numeric,04 62 02 8C A9 AA AA AA
sd_2A73E1CC/00000013,38.27515,SF,7739.0,HV Battery voltage,V,Battery,368.25,numeric,05 62 1E 3B 05 C1 AA AA
sd_2A73E1CC/00000013,38.37525,FF,7741.0,HV Battery current,A,Battery,-4.96,partial,10 08 62 1E 3D 00 02 48
sd_2A73E1CC/00000013,39.1753,SF,652.0,SOC (BMS),%,Battery,67.6,numeric,04 62 02 8C A9 AA AA AA
sd_2A73E1CC/00000013,39.2752,SF,7739.0,HV Battery voltage,V,Battery,368.25,numeric,05 62 1E 3B 05 C1 AA AA
sd_2A73E1CC/00000013,39.37525,FF,7741.0,HV Battery current,A,Battery,-4.96,partial,10 08 62 1E 3D 00 02 48
sd_2A73E1CC/00000013,39.475249999999996,SF,10763.0,HV Battery temp (main value),°C,Battery,9.5,numeric,04 62 2A 0B 63 AA AA AA
sd_2A73E1CC/00000013,39.57535,SF,7694.0,HV Battery max temp and temp point,°C,Battery,10.0,numeric,07 62 1E 0E 02 80 00 01
sd_2A73E1CC/00000013,39.67525,SF,29768.0,Car operation mode,logic,Technical,driving,enum,04 62 74 48 01 AA AA AA
sd_2A73E1CC/00000013,40.17535,SF,652.0,SOC (BMS),%,Battery,67.6,numeric,04 62 02 8C A9 AA AA AA
sd_2A73E1CC/00000013,40.2752,SF,7739.0,HV Battery voltage,V,Battery,368.25,numeric,05 62 1E 3B 05 C1 AA AA
sd_2A73E1CC/00000013,40.37525,FF,7741.0,HV Battery current,A,Battery,-4.96,partial,10 08 62 1E 3D 00 02 48
sd_2A73E1CC/00000013,41.175399999999996,SF,652.0,SOC (BMS),%,Battery,67.6,numeric,04 62 02 8C A9 AA AA AA
sd_2A73E1CC/00000013,41.27525,SF,7739.0,HV Battery voltage,V,Battery,368.25,numeric,05 62 1E 3B 05 C1 AA AA
sd_2A73E1CC/00000013,41.37545,FF,7741.0,HV Battery current,A,Battery,-4.96,partial,10 08 62 1E 3D 00 02 48
sd_2A73E1CC/00000013,41.4753,SF,10763.0,HV Battery temp (main value),°C,Battery,9.5,numeric,04 62 2A 0B 63 AA AA AA
sd_2A73E1CC/00000013,41.575399999999995,SF,7694.0,HV Battery max temp and temp point,°C,Battery,10.0,numeric,07 62 1E 0E 02 80 00 01
sd_2A73E1CC/00000013,41.6753,SF,29768.0,Car operation mode,logic,Technical,driving,enum,04 62 74 48 01 AA AA AA
sd_2A73E1CC/00000013,42.17545,SF,652.0,SOC (BMS),%,Battery,67.6,numeric,04 62 02 8C A9 AA AA AA
sd_2A73E1CC/00000013,42.275349999999996,SF,7739.0,HV Battery voltage,V,Battery,368.25,numeric,05 62 1E 3B 05 C1 AA AA
sd_2A73E1CC/00000013,42.375499999999995,FF,7741.0,HV Battery current,A,Battery,-4.96,partial,10 08 62 1E 3D 00 02 48
sd_2A73E1CC/00000013,43.1755,SF,652.0,SOC (BMS),%,Battery,67.6,numeric,04 62 02 8C A9 AA AA AA
sd_2A73E1CC/00000013,43.2754,SF,7739.0,HV Battery voltage,V,Battery,368.25,numeric,05 62 1E 3B 05 C1 AA AA
sd_2A73E1CC/00000013,43.37545,FF,7741.0,HV Battery current,A,Battery,-4.96,partial,10 08 62 1E 3D 00 02 48
sd_2A73E1CC/00000013,43.4754,SF,10763.0,HV Battery temp (main value),°C,Battery,9.5,numeric,04 62 2A 0B 63 AA AA AA
sd_2A73E1CC/00000013,43.5759,SF,7694.0,HV Battery max temp and temp point,°C,Battery,10.0,numeric,07 62 1E 0E 02 80 00 01
sd_2A73E1CC/00000013,43.675399999999996,SF,29768.0,Car operation mode,logic,Technical,driving,enum,04 62 74 48 01 AA AA AA
sd_2A73E1CC/00000013,44.1757,SF,652.0,SOC (BMS),%,Battery,67.6,numeric,04 62 02 8C A9 AA AA AA
sd_2A73E1CC/00000013,44.2756,SF,7739.0,HV Battery voltage,V,Battery,368.25,numeric,05 62 1E 3B 05 C1 AA AA
sd_2A73E1CC/00000013,44.37555,FF,7741.0,HV Battery current,A,Battery,-4.96,partial,10 08 62 1E 3D 00 02 48
sd_2A73E1CC/00000013,45.175799999999995,SF,652.0,SOC (BMS),%,Battery,67.6,numeric,04 62 02 8C A9 AA AA AA
sd_2A73E1CC/00000013,45.27565,SF,7739.0,HV Battery voltage,V,Battery,368.25,numeric,05 62 1E 3B 05 C1 AA AA
sd_2A73E1CC/00000013,45.37565,FF,7741.0,HV Battery current,A,Battery,-4.96,partial,10 08 62 1E 3D 00 02 48
sd_2A73E1CC/00000013,45.475699999999996,SF,10763.0,HV Battery temp (main value),°C,Battery,9.5,numeric,04 62 2A 0B 63 AA AA AA
sd_2A73E1CC/00000013,45.5758,SF,7694.0,HV Battery max temp and temp point,°C,Battery,10.0,numeric,07 62 1E 0E 02 80 00 01
sd_2A73E1CC/00000013,45.6757,SF,29768.0,Car operation mode,logic,Technical,driving,enum,04 62 74 48 01 AA AA AA
sd_2A73E1CC/00000013,46.17585,SF,652.0,SOC (BMS),%,Battery,67.6,numeric,04 62 02 8C A9 AA AA AA
sd_2A73E1CC/00000013,46.275749999999995,SF,7739.0,HV Battery voltage,V,Battery,368.25,numeric,05 62 1E 3B 05 C1 AA AA
sd_2A73E1CC/00000013,46.37575,FF,7741.0,HV Battery current,A,Battery,-4.96,partial,10 08 62 1E 3D 00 02 48
sd_2A73E1CC/00000013,47.17585,SF,652.0,SOC (BMS),%,Battery,67.6,numeric,04 62 02 8C A9 AA AA AA
sd_2A73E1CC/00000013,47.2758,SF,7739.0,HV Battery voltage,V,Battery,368.25,numeric,05 62 1E 3B 05 C1 AA AA
sd_2A73E1CC/00000013,47.3758,FF,7741.0,HV Battery current,A,Battery,-4.96,partial,10 08 62 1E 3D 00 02 48
sd_2A73E1CC/00000013,47.47585,SF,10763.0,HV Battery temp (main value),°C,Battery,9.5,numeric,04 62 2A 0B 63 AA AA AA
sd_2A73E1CC/00000013,47.57595,SF,7694.0,HV Battery max temp and temp point,°C,Battery,10.0,numeric,07 62 1E 0E 02 80 00 01
sd_2A73E1CC/00000013,47.675799999999995,SF,29768.0,Car operation mode,logic,Technical,driving,enum,04 62 74 48 01 AA AA AA
sd_2A73E1CC/00000013,48.17635,SF,652.0,SOC (BMS),%,Battery,67.6,numeric,04 62 02 8C A9 AA AA AA
sd_2A73E1CC/00000013,48.27585,SF,7739.0,HV Battery voltage,V,Battery,368.25,numeric,05 62 1E 3B 05 C1 AA AA
sd_2A73E1CC/00000013,48.37575,FF,7741.0,HV Battery current,A,Battery,-4.96,partial,10 08 62 1E 3D 00 02 48
sd_2A73E1CC/00000013,49.175999999999995,SF,652.0,SOC (BMS),%,Battery,67.6,numeric,04 62 02 8C A9 AA AA AA
sd_2A73E1CC/00000013,49.275949999999995,SF,7739.0,HV Battery voltage,V,Battery,368.25,numeric,05 62 1E 3B 05 C1 AA AA
sd_2A73E1CC/00000013,49.3758,FF,7741.0,HV Battery current,A,Battery,-4.96,partial,10 08 62 1E 3D 00 02 48
sd_2A73E1CC/00000013,49.475899999999996,SF,10763.0,HV Battery temp (main value),°C,Battery,9.5,numeric,04 62 2A 0B 63 AA AA AA
sd_2A73E1CC/00000013,49.576,SF,7694.0,HV Battery max temp and temp point,°C,Battery,10.0,numeric,07 62 1E 0E 02 80 00 01
sd_2A73E1CC/00000013,49.67595,SF,29768.0,Car operation mode,logic,Technical,driving,enum,04 62 74 48 01 AA AA AA
sd_2A73E1CC/00000013,50.1766,SF,652.0,SOC (BMS),%,Battery,67.6,numeric,04 62 02 8C A9 AA AA AA
sd_2A73E1CC/00000013,50.275949999999995,SF,7739.0,HV Battery voltage,V,Battery,368.25,numeric,05 62 1E 3B 05 C1 AA AA
sd_2A73E1CC/00000013,50.375899999999994,FF,7741.0,HV Battery current,A,Battery,-4.96,partial,10 08 62 1E 3D 00 02 48
sd_2A73E1CC/00000013,51.1765,SF,652.0,SOC (BMS),%,Battery,67.6,numeric,04 62 02 8C A9 AA AA AA
sd_2A73E1CC/00000013,51.27605,SF,7739.0,HV Battery voltage,V,Battery,368.25,numeric,05 62 1E 3B 05 C1 AA AA
sd_2A73E1CC/00000013,51.376549999999995,FF,7741.0,HV Battery current,A,Battery,-2.4,partial,10 08 62 1E 3D 00 02 49
sd_2A73E1CC/00000013,51.476,SF,10763.0,HV Battery temp (main value),°C,Battery,9.5,numeric,04 62 2A 0B 63 AA AA AA
sd_2A73E1CC/00000013,51.57665,SF,7694.0,HV Battery max temp and temp point,°C,Battery,10.0,numeric,07 62 1E 0E 02 80 00 01
sd_2A73E1CC/00000013,51.67635,SF,29768.0,Car operation mode,logic,Technical,driving,enum,04 62 74 48 01 AA AA AA
sd_2A73E1CC/00000013,52.176649999999995,SF,652.0,SOC (BMS),%,Battery,67.6,numeric,04 62 02 8C A9 AA AA AA
sd_2A73E1CC/00000013,52.276399999999995,SF,7739.0,HV Battery voltage,V,Battery,368.25,numeric,05 62 1E 3B 05 C1 AA AA
sd_2A73E1CC/00000013,52.376599999999996,FF,7741.0,HV Battery current,A,Battery,-4.96,partial,10 08 62 1E 3D 00 02 48
sd_2A73E1CC/00000013,53.176649999999995,SF,652.0,SOC (BMS),%,Battery,67.6,numeric,04 62 02 8C A9 AA AA AA
sd_2A73E1CC/00000013,53.2761,SF,7739.0,HV Battery voltage,V,Battery,368.25,numeric,05 62 1E 3B 05 C1 AA AA
sd_2A73E1CC/00000013,53.37665,FF,7741.0,HV Battery current,A,Battery,-4.96,partial,10 08 62 1E 3D 00 02 48
sd_2A73E1CC/00000013,53.47625,SF,10763.0,HV Battery temp (main value),°C,Battery,9.5,numeric,04 62 2A 0B 63 AA AA AA
sd_2A73E1CC/00000013,53.5768,SF,7694.0,HV Battery max temp and temp point,°C,Battery,10.0,numeric,07 62 1E 0E 02 80 00 01
sd_2A73E1CC/00000013,53.676449999999996,SF,29768.0,Car operation mode,logic,Technical,driving,enum,04 62 74 48 01 AA AA AA
sd_2A73E1CC/00000013,54.176899999999996,SF,652.0,SOC (BMS),%,Battery,67.6,numeric,04 62 02 8C A9 AA AA AA
sd_2A73E1CC/00000013,54.2765,SF,7739.0,HV Battery voltage,V,Battery,368.25,numeric,05 62 1E 3B 05 C1 AA AA
sd_2A73E1CC/00000013,54.37695,FF,7741.0,HV Battery current,A,Battery,-2.4,partial,10 08 62 1E 3D 00 02 49
sd_2A73E1CC/00000013,55.1768,SF,652.0,SOC (BMS),%,Battery,67.6,numeric,04 62 02 8C A9 AA AA AA
sd_2A73E1CC/00000013,55.27655,SF,7739.0,HV Battery voltage,V,Battery,368.25,numeric,05 62 1E 3B 05 C1 AA AA
sd_2A73E1CC/00000013,55.376999999999995,FF,7741.0,HV Battery current,A,Battery,-4.96,partial,10 08 62 1E 3D 00 02 48
sd_2A73E1CC/00000013,55.47625,SF,10763.0,HV Battery temp (main value),°C,Battery,9.5,numeric,04 62 2A 0B 63 AA AA AA
sd_2A73E1CC/00000013,55.57685,SF,7694.0,HV Battery max temp and temp point,°C,Battery,10.0,numeric,07 62 1E 0E 02 80 00 01
sd_2A73E1CC/00000013,55.67655,SF,29768.0,Car operation mode,logic,Technical,driving,enum,04 62 74 48 01 AA AA AA
sd_2A73E1CC/00000013,56.177099999999996,SF,652.0,SOC (BMS),%,Battery,67.6,numeric,04 62 02 8C A9 AA AA AA
sd_2A73E1CC/00000013,56.276599999999995,SF,7739.0,HV Battery voltage,V,Battery,368.25,numeric,05 62 1E 3B 05 C1 AA AA
sd_2A73E1CC/00000013,56.37695,FF,7741.0,HV Battery current,A,Battery,-4.96,partial,10 08 62 1E 3D 00 02 48
sd_2A73E1CC/00000013,57.177049999999994,SF,652.0,SOC (BMS),%,Battery,67.6,numeric,04 62 02 8C A9 AA AA AA
sd_2A73E1CC/00000013,57.27665,SF,7739.0,HV Battery voltage,V,Battery,368.0,numeric,05 62 1E 3B 05 C0 AA AA
sd_2A73E1CC/00000013,57.37715,FF,7741.0,HV Battery current,A,Battery,-4.96,partial,10 08 62 1E 3D 00 02 48
sd_2A73E1CC/00000013,57.4764,SF,10763.0,HV Battery temp (main value),°C,Battery,9.5,numeric,04 62 2A 0B 63 AA AA AA
sd_2A73E1CC/00000013,57.57695,SF,7694.0,HV Battery max temp and temp point,°C,Battery,10.0,numeric,07 62 1E 0E 02 80 00 01
sd_2A73E1CC/00000013,57.676649999999995,SF,29768.0,Car operation mode,logic,Technical,driving,enum,04 62 74 48 01 AA AA AA
sd_2A73E1CC/00000013,58.17725,SF,652.0,SOC (BMS),%,Battery,67.6,numeric,04 62 02 8C A9 AA AA AA
sd_2A73E1CC/00000013,58.27675,SF,7739.0,HV Battery voltage,V,Battery,368.25,numeric,05 62 1E 3B 05 C1 AA AA
sd_2A73E1CC/00000013,58.3773,FF,7741.0,HV Battery current,A,Battery,-4.96,partial,10 08 62 1E 3D 00 02 48
sd_2A73E1CC/00000013,59.1772,SF,652.0,SOC (BMS),%,Battery,67.6,numeric,04 62 02 8C A9 AA AA AA
sd_2A73E1CC/00000013,59.27675,SF,7739.0,HV Battery voltage,V,Battery,368.0,numeric,05 62 1E 3B 05 C0 AA AA
sd_2A73E1CC/00000013,59.37725,FF,7741.0,HV Battery current,A,Battery,-4.96,partial,10 08 62 1E 3D 00 02 48
sd_2A73E1CC/00000013,59.4768,SF,10763.0,HV Battery temp (main value),°C,Battery,9.5,numeric,04 62 2A 0B 63 AA AA AA
sd_2A73E1CC/00000013,59.57675,SF,7694.0,HV Battery max temp and temp point,°C,Battery,10.0,numeric,07 62 1E 0E 02 80 00 01
sd_2A73E1CC/00000013,59.6768,SF,29768.0,Car operation mode,logic,Technical,driving,enum,04 62 74 48 01 AA AA AA
sd_2A73E1CC/00000013,60.17735,SF,652.0,SOC (BMS),%,Battery,67.6,numeric,04 62 02 8C A9 AA AA AA
sd_2A73E1CC/00000013,60.276799999999994,SF,7739.0,HV Battery voltage,V,Battery,368.25,numeric,05 62 1E 3B 05 C1 AA AA
sd_2A73E1CC/00000013,60.377199999999995,FF,7741.0,HV Battery current,A,Battery,-4.96,partial,10 08 62 1E 3D 00 02 48
sd_2A73E1CC/00000013,61.17735,SF,652.0,SOC (BMS),%,Battery,67.6,numeric,04 62 02 8C A9 AA AA AA
sd_2A73E1CC/00000013,61.2769,SF,7739.0,HV Battery voltage,V,Battery,368.0,numeric,05 62 1E 3B 05 C0 AA AA
sd_2A73E1CC/00000013,61.377449999999996,FF,7741.0,HV Battery current,A,Battery,-4.96,partial,10 08 62 1E 3D 00 02 48
sd_2A73E1CC/00000013,61.4769,SF,10763.0,HV Battery temp (main value),°C,Battery,9.5,numeric,04 62 2A 0B 63 AA AA AA
sd_2A73E1CC/00000013,61.57725,SF,7694.0,HV Battery max temp and temp point,°C,Battery,10.0,numeric,07 62 1E 0E 02 80 00 01
sd_2A73E1CC/00000013,61.676849999999995,SF,29768.0,Car operation mode,logic,Technical,driving,enum,04 62 74 48 01 AA AA AA
sd_2A73E1CC/00000013,62.17745,SF,652.0,SOC (BMS),%,Battery,67.6,numeric,04 62 02 8C A9 AA AA AA
sd_2A73E1CC/00000013,62.2769,SF,7739.0,HV Battery voltage,V,Battery,368.0,numeric,05 62 1E 3B 05 C0 AA AA
sd_2A73E1CC/00000013,62.377399999999994,FF,7741.0,HV Battery current,A,Battery,-4.96,partial,10 08 62 1E 3D 00 02 48
sd_2A73E1CC/00000013,63.17735,SF,652.0,SOC (BMS),%,Battery,67.6,numeric,04 62 02 8C A9 AA AA AA
sd_2A73E1CC/00000013,63.276999999999994,SF,7739.0,HV Battery voltage,V,Battery,368.25,numeric,05 62 1E 3B 05 C1 AA AA
sd_2A73E1CC/00000013,63.3777,FF,7741.0,HV Battery current,A,Battery,-4.96,partial,10 08 62 1E 3D 00 02 48
sd_2A73E1CC/00000013,63.476949999999995,SF,10763.0,HV Battery temp (main value),°C,Battery,9.5,numeric,04 62 2A 0B 63 AA AA AA
sd_2A73E1CC/00000013,63.5772,SF,7694.0,HV Battery max temp and temp point,°C,Battery,10.0,numeric,07 62 1E 0E 02 80 00 01
sd_2A73E1CC/00000013,63.677,SF,29768.0,Car operation mode,logic,Technical,driving,enum,04 62 74 48 01 AA AA AA
sd_2A73E1CC/00000013,64.17745,SF,652.0,SOC (BMS),%,Battery,67.6,numeric,04 62 02 8C A9 AA AA AA
sd_2A73E1CC/00000013,64.277,SF,7739.0,HV Battery voltage,V,Battery,368.0,numeric,05 62 1E 3B 05 C0 AA AA
sd_2A73E1CC/00000013,64.37755,FF,7741.0,HV Battery current,A,Battery,-4.96,partial,10 08 62 1E 3D 00 02 48
sd_2A73E1CC/00000013,65.1775,SF,652.0,SOC (BMS),%,Battery,67.6,numeric,04 62 02 8C A9 AA AA AA
sd_2A73E1CC/00000013,65.27705,SF,7739.0,HV Battery voltage,V,Battery,368.25,numeric,05 62 1E 3B 05 C1 AA AA
sd_2A73E1CC/00000013,65.3774,FF,7741.0,HV Battery current,A,Battery,-4.96,partial,10 08 62 1E 3D 00 02 48
sd_2A73E1CC/00000013,65.4771,SF,10763.0,HV Battery temp (main value),°C,Battery,9.5,numeric,04 62 2A 0B 63 AA AA AA
sd_2A73E1CC/00000013,65.57724999999999,SF,7694.0,HV Battery max temp and temp point,°C,Battery,10.0,numeric,07 62 1E 0E 02 80 00 01
sd_2A73E1CC/00000013,65.67705,SF,29768.0,Car operation mode,logic,Technical,driving,enum,04 62 74 48 01 AA AA AA
sd_2A73E1CC/00000013,66.17739999999999,SF,652.0,SOC (BMS),%,Battery,67.6,numeric,04 62 02 8C A9 AA AA AA
sd_2A73E1CC/00000013,66.27705,SF,7739.0,HV Battery voltage,V,Battery,368.25,numeric,05 62 1E 3B 05 C1 AA AA
sd_2A73E1CC/00000013,66.37785,FF,7741.0,HV Battery current,A,Battery,-4.96,partial,10 08 62 1E 3D 00 02 48
sd_2A73E1CC/00000013,67.17779999999999,SF,652.0,SOC (BMS),%,Battery,67.6,numeric,04 62 02 8C A9 AA AA AA
sd_2A73E1CC/00000013,67.27714999999999,SF,7739.0,HV Battery voltage,V,Battery,368.0,numeric,05 62 1E 3B 05 C0 AA AA
sd_2A73E1CC/00000013,67.37755,FF,7741.0,HV Battery current,A,Battery,-4.96,partial,10 08 62 1E 3D 00 02 48
sd_2A73E1CC/00000013,67.47715,SF,10763.0,HV Battery temp (main value),°C,Battery,9.5,numeric,04 62 2A 0B 63 AA AA AA
sd_2A73E1CC/00000013,67.57764999999999,SF,7694.0,HV Battery max temp and temp point,°C,Battery,10.0,numeric,07 62 1E 0E 02 80 00 01
sd_2A73E1CC/00000013,67.67715,SF,29768.0,Car operation mode,logic,Technical,driving,enum,04 62 74 48 01 AA AA AA
sd_2A73E1CC/00000013,68.1775,SF,652.0,SOC (BMS),%,Battery,67.6,numeric,04 62 02 8C A9 AA AA AA
sd_2A73E1CC/00000013,68.2772,SF,7739.0,HV Battery voltage,V,Battery,368.25,numeric,05 62 1E 3B 05 C1 AA AA
sd_2A73E1CC/00000013,68.37769999999999,FF,7741.0,HV Battery current,A,Battery,-4.96,partial,10 08 62 1E 3D 00 02 48
sd_2A73E1CC/00000013,69.17815,SF,652.0,SOC (BMS),%,Battery,67.6,numeric,04 62 02 8C A9 AA AA AA
sd_2A73E1CC/00000013,69.2772,SF,7739.0,HV Battery voltage,V,Battery,368.0,numeric,05 62 1E 3B 05 C0 AA AA
sd_2A73E1CC/00000013,69.378,FF,7741.0,HV Battery current,A,Battery,-4.96,partial,10 08 62 1E 3D 00 02 48
sd_2A73E1CC/00000013,69.47725,SF,10763.0,HV Battery temp (main value),°C,Battery,9.5,numeric,04 62 2A 0B 63 AA AA AA
sd_2A73E1CC/00000013,69.5778,SF,7694.0,HV Battery max temp and temp point,°C,Battery,10.0,numeric,07 62 1E 0E 02 80 00 01
sd_2A73E1CC/00000013,69.67734999999999,SF,29768.0,Car operation mode,logic,Technical,driving,enum,04 62 74 48 01 AA AA AA
sd_2A73E1CC/00000013,70.1779,SF,652.0,SOC (BMS),%,Battery,67.6,numeric,04 62 02 8C A9 AA AA AA
sd_2A73E1CC/00000013,70.2773,SF,7739.0,HV Battery voltage,V,Battery,368.25,numeric,05 62 1E 3B 05 C1 AA AA
sd_2A73E1CC/00000013,70.37814999999999,FF,7741.0,HV Battery current,A,Battery,-4.96,partial,10 08 62 1E 3D 00 02 48
sd_2A73E1CC/00000013,71.17815,SF,652.0,SOC (BMS),%,Battery,67.6,numeric,04 62 02 8C A9 AA AA AA
sd_2A73E1CC/00000013,71.2773,SF,7739.0,HV Battery voltage,V,Battery,368.0,numeric,05 62 1E 3B 05 C0 AA AA
sd_2A73E1CC/00000013,71.37795,FF,7741.0,HV Battery current,A,Battery,-4.96,partial,10 08 62 1E 3D 00 02 48
sd_2A73E1CC/00000013,71.47735,SF,10763.0,HV Battery temp (main value),°C,Battery,9.5,numeric,04 62 2A 0B 63 AA AA AA
sd_2A73E1CC/00000013,71.578,SF,7694.0,HV Battery max temp and temp point,°C,Battery,10.0,numeric,07 62 1E 0E 02 80 00 01
sd_2A73E1CC/00000013,71.67734999999999,SF,29768.0,Car operation mode,logic,Technical,driving,enum,04 62 74 48 01 AA AA AA
sd_2A73E1CC/00000013,72.17805,SF,652.0,SOC (BMS),%,Battery,67.6,numeric,04 62 02 8C A9 AA AA AA
sd_2A73E1CC/00000013,72.27759999999999,SF,7739.0,HV Battery voltage,V,Battery,368.25,numeric,05 62 1E 3B 05 C1 AA AA
sd_2A73E1CC/00000013,72.3781,FF,7741.0,HV Battery current,A,Battery,-4.96,partial,10 08 62 1E 3D 00 02 48
sd_2A73E1CC/00000013,73.17815,SF,652.0,SOC (BMS),%,Battery,67.6,numeric,04 62 02 8C A9 AA AA AA
sd_2A73E1CC/00000013,73.27775,SF,7739.0,HV Battery voltage,V,Battery,368.25,numeric,05 62 1E 3B 05 C1 AA AA
sd_2A73E1CC/00000013,73.3781,FF,7741.0,HV Battery current,A,Battery,-4.96,partial,10 08 62 1E 3D 00 02 48
sd_2A73E1CC/00000013,73.47765,SF,10763.0,HV Battery temp (main value),°C,Battery,9.5,numeric,04 62 2A 0B 63 AA AA AA
sd_2A73E1CC/00000013,73.57804999999999,SF,7694.0,HV Battery max temp and temp point,°C,Battery,10.0,numeric,07 62 1E 0E 02 80 00 01
sd_2A73E1CC/00000013,73.67779999999999,SF,29768.0,Car operation mode,logic,Technical,driving,enum,04 62 74 48 01 AA AA AA
sd_2A73E1CC/00000013,74.17824999999999,SF,652.0,SOC (BMS),%,Battery,67.6,numeric,04 62 02 8C A9 AA AA AA
sd_2A73E1CC/00000013,74.27775,SF,7739.0,HV Battery voltage,V,Battery,368.0,numeric,05 62 1E 3B 05 C0 AA AA
sd_2A73E1CC/00000013,74.378,FF,7741.0,HV Battery current,A,Battery,-4.96,partial,10 08 62 1E 3D 00 02 48
sd_2A73E1CC/00000013,75.17824999999999,SF,652.0,SOC (BMS),%,Battery,67.6,numeric,04 62 02 8C A9 AA AA AA
sd_2A73E1CC/00000013,75.27785,SF,7739.0,HV Battery voltage,V,Battery,368.25,numeric,05 62 1E 3B 05 C1 AA AA
sd_2A73E1CC/00000013,75.37814999999999,FF,7741.0,HV Battery current,A,Battery,-4.96,partial,10 08 62 1E 3D 00 02 48
sd_2A73E1CC/00000013,75.47775,SF,10763.0,HV Battery temp (main value),°C,Battery,9.5,numeric,04 62 2A 0B 63 AA AA AA
sd_2A73E1CC/00000013,75.578,SF,7694.0,HV Battery max temp and temp point,°C,Battery,10.0,numeric,07 62 1E 0E 02 80 00 01
sd_2A73E1CC/00000013,75.6779,SF,29768.0,Car operation mode,logic,Technical,driving,enum,04 62 74 48 01 AA AA AA
sd_2A73E1CC/00000013,76.178,SF,652.0,SOC (BMS),%,Battery,67.6,numeric,04 62 02 8C A9 AA AA AA
sd_2A73E1CC/00000013,76.2778,SF,7739.0,HV Battery voltage,V,Battery,368.0,numeric,05 62 1E 3B 05 C0 AA AA
sd_2A73E1CC/00000013,76.37814999999999,FF,7741.0,HV Battery current,A,Battery,-4.96,partial,10 08 62 1E 3D 00 02 48
sd_2A73E1CC/00000013,77.178,SF,652.0,SOC (BMS),%,Battery,67.6,numeric,04 62 02 8C A9 AA AA AA
sd_2A73E1CC/00000013,77.2779,SF,7739.0,HV Battery voltage,V,Battery,368.25,numeric,05 62 1E 3B 05 C1 AA AA
sd_2A73E1CC/00000013,77.378,FF,7741.0,HV Battery current,A,Battery,-4.96,partial,10 08 62 1E 3D 00 02 48
sd_2A73E1CC/00000013,77.4778,SF,10763.0,HV Battery temp (main value),°C,Battery,9.5,numeric,04 62 2A 0B 63 AA AA AA
sd_2A73E1CC/00000013,77.57795,SF,7694.0,HV Battery max temp and temp point,°C,Battery,10.0,numeric,07 62 1E 0E 02 80 00 01
sd_2A73E1CC/00000013,77.67805,SF,29768.0,Car operation mode,logic,Technical,driving,enum,04 62 74 48 01 AA AA AA
sd_2A73E1CC/00000013,78.178,SF,652.0,SOC (BMS),%,Battery,67.6,numeric,04 62 02 8C A9 AA AA AA
sd_2A73E1CC/00000013,78.27799999999999,SF,7739.0,HV Battery voltage,V,Battery,368.0,numeric,05 62 1E 3B 05 C0 AA AA
sd_2A73E1CC/00000013,78.37805,FF,7741.0,HV Battery current,A,Battery,-4.96,partial,10 08 62 1E 3D 00 02 48
sd_2A73E1CC/00000013,79.178,SF,652.0,SOC (BMS),%,Battery,67.6,numeric,04 62 02 8C A9 AA AA AA
sd_2A73E1CC/00000013,79.27805,SF,7739.0,HV Battery voltage,V,Battery,368.25,numeric,05 62 1E 3B 05 C1 AA AA
sd_2A73E1CC/00000013,79.37785,FF,7741.0,HV Battery current,A,Battery,-4.96,partial,10 08 62 1E 3D 00 02 48
sd_2A73E1CC/00000013,79.4781,SF,10763.0,HV Battery temp (main value),°C,Battery,9.5,numeric,04 62 2A 0B 63 AA AA AA
sd_2A73E1CC/00000013,79.5782,SF,7694.0,HV Battery max temp and temp point,°C,Battery,10.0,numeric,07 62 1E 0E 02 80 00 01
sd_2A73E1CC/00000013,79.67819999999999,SF,29768.0,Car operation mode,logic,Technical,driving,enum,04 62 74 48 01 AA AA AA
sd_2A73E1CC/00000013,80.17815,SF,652.0,SOC (BMS),%,Battery,67.6,numeric,04 62 02 8C A9 AA AA AA
sd_2A73E1CC/00000013,80.27815,SF,7739.0,HV Battery voltage,V,Battery,368.25,numeric,05 62 1E 3B 05 C1 AA AA
sd_2A73E1CC/00000013,80.378,FF,7741.0,HV Battery current,A,Battery,-4.96,partial,10 08 62 1E 3D 00 02 48
sd_2A73E1CC/00000013,81.17835,SF,652.0,SOC (BMS),%,Battery,67.6,numeric,04 62 02 8C A9 AA AA AA
sd_2A73E1CC/00000013,81.2783,SF,7739.0,HV Battery voltage,V,Battery,368.0,numeric,05 62 1E 3B 05 C0 AA AA
sd_2A73E1CC/00000013,81.37809999999999,FF,7741.0,HV Battery current,A,Battery,-4.96,partial,10 08 62 1E 3D 00 02 48
sd_2A73E1CC/00000013,81.4782,SF,10763.0,HV Battery temp (main value),°C,Battery,9.5,numeric,04 62 2A 0B 63 AA AA AA
sd_2A73E1CC/00000013,81.57795,SF,7694.0,HV Battery max temp and temp point,°C,Battery,10.0,numeric,07 62 1E 0E 02 80 00 01
sd_2A73E1CC/00000013,81.6783,SF,29768.0,Car operation mode,logic,Technical,driving,enum,04 62 74 48 01 AA AA AA
sd_2A73E1CC/00000013,82.1781,SF,652.0,SOC (BMS),%,Battery,67.6,numeric,04 62 02 8C A9 AA AA AA
sd_2A73E1CC/00000013,82.27815,SF,7739.0,HV Battery voltage,V,Battery,368.25,numeric,05 62 1E 3B 05 C1 AA AA
sd_2A73E1CC/00000013,82.37809999999999,FF,7741.0,HV Battery current,A,Battery,-4.96,partial,10 08 62 1E 3D 00 02 48
sd_2A73E1CC/00000013,83.17819999999999,SF,652.0,SOC (BMS),%,Battery,67.6,numeric,04 62 02 8C A9 AA AA AA
sd_2A73E1CC/00000013,83.27825,SF,7739.0,HV Battery voltage,V,Battery,368.0,numeric,05 62 1E 3B 05 C0 AA AA
sd_2A73E1CC/00000013,83.37795,FF,7741.0,HV Battery current,A,Battery,-4.96,partial,10 08 62 1E 3D 00 02 48
sd_2A73E1CC/00000013,83.47815,SF,10763.0,HV Battery temp (main value),°C,Battery,9.5,numeric,04 62 2A 0B 63 AA AA AA
sd_2A73E1CC/00000013,83.57809999999999,SF,7694.0,HV Battery max temp and temp point,°C,Battery,10.0,numeric,07 62 1E 0E 02 80 00 01
sd_2A73E1CC/00000013,83.6783,SF,29768.0,Car operation mode,logic,Technical,driving,enum,04 62 74 48 01 AA AA AA
sd_2A73E1CC/00000013,84.17819999999999,SF,652.0,SOC (BMS),%,Battery,67.6,numeric,04 62 02 8C A9 AA AA AA
sd_2A73E1CC/00000013,84.27825,SF,7739.0,HV Battery voltage,V,Battery,368.25,numeric,05 62 1E 3B 05 C1 AA AA
sd_2A73E1CC/00000013,84.37809999999999,FF,7741.0,HV Battery current,A,Battery,-4.96,partial,10 08 62 1E 3D 00 02 48
sd_2A73E1CC/00000013,85.17815,SF,652.0,SOC (BMS),%,Battery,67.6,numeric,04 62 02 8C A9 AA AA AA
sd_2A73E1CC/00000013,85.27839999999999,SF,7739.0,HV Battery voltage,V,Battery,368.25,numeric,05 62 1E 3B 05 C1 AA AA
sd_2A73E1CC/00000013,85.37814999999999,FF,7741.0,HV Battery current,A,Battery,-2.4,partial,10 08 62 1E 3D 00 02 49
sd_2A73E1CC/00000013,85.47829999999999,SF,10763.0,HV Battery temp (main value),°C,Battery,9.5,numeric,04 62 2A 0B 63 AA AA AA
sd_2A73E1CC/00000013,85.5783,SF,7694.0,HV Battery max temp and temp point,°C,Battery,10.0,numeric,07 62 1E 0E 02 80 00 01
sd_2A73E1CC/00000013,85.6784,SF,29768.0,Car operation mode,logic,Technical,driving,enum,04 62 74 48 01 AA AA AA
sd_2A73E1CC/00000013,86.17815,SF,652.0,SOC (BMS),%,Battery,67.6,numeric,04 62 02 8C A9 AA AA AA
sd_2A73E1CC/00000013,86.27825,SF,7739.0,HV Battery voltage,V,Battery,368.25,numeric,05 62 1E 3B 05 C1 AA AA
sd_2A73E1CC/00000013,86.37814999999999,FF,7741.0,HV Battery current,A,Battery,-2.4,partial,10 08 62 1E 3D 00 02 49
sd_2A73E1CC/00000013,87.17845,SF,652.0,SOC (BMS),%,Battery,67.6,numeric,04 62 02 8C A9 AA AA AA
sd_2A73E1CC/00000013,87.2785,SF,7739.0,HV Battery voltage,V,Battery,368.25,numeric,05 62 1E 3B 05 C1 AA AA
sd_2A73E1CC/00000013,87.37814999999999,FF,7741.0,HV Battery current,A,Battery,-2.4,partial,10 08 62 1E 3D 00 02 49
sd_2A73E1CC/00000013,87.47834999999999,SF,10763.0,HV Battery temp (main value),°C,Battery,9.5,numeric,04 62 2A 0B 63 AA AA AA
sd_2A73E1CC/00000013,87.57815,SF,7694.0,HV Battery max temp and temp point,°C,Battery,10.0,numeric,07 62 1E 0E 02 80 00 01
sd_2A73E1CC/00000013,87.6785,SF,29768.0,Car operation mode,logic,Technical,driving,enum,04 62 74 48 01 AA AA AA
sd_2A73E1CC/00000013,88.17824999999999,SF,652.0,SOC (BMS),%,Battery,67.6,numeric,04 62 02 8C A9 AA AA AA
sd_2A73E1CC/00000013,88.27839999999999,SF,7739.0,HV Battery voltage,V,Battery,368.25,numeric,05 62 1E 3B 05 C1 AA AA
sd_2A73E1CC/00000013,88.37809999999999,FF,7741.0,HV Battery current,A,Battery,-2.4,partial,10 08 62 1E 3D 00 02 49
sd_2A73E1CC/00000013,89.17845,SF,652.0,SOC (BMS),%,Battery,67.6,numeric,04 62 02 8C A9 AA AA AA
sd_2A73E1CC/00000013,89.27815,SF,7739.0,HV Battery voltage,V,Battery,368.25,numeric,05 62 1E 3B 05 C1 AA AA
sd_2A73E1CC/00000013,89.37819999999999,FF,7741.0,HV Battery current,A,Battery,-2.4,partial,10 08 62 1E 3D 00 02 49
sd_2A73E1CC/00000013,89.4784,SF,10763.0,HV Battery temp (main value),°C,Battery,9.5,numeric,04 62 2A 0B 63 AA AA AA
sd_2A73E1CC/00000013,89.5784,SF,7694.0,HV Battery max temp and temp point,°C,Battery,10.0,numeric,07 62 1E 0E 02 80 00 01
sd_2A73E1CC/00000013,89.6785,SF,29768.0,Car operation mode,logic,Technical,driving,enum,04 62 74 48 01 AA AA AA
sd_2A73E1CC/00000013,90.1785,SF,652.0,SOC (BMS),%,Battery,67.6,numeric,04 62 02 8C A9 AA AA AA
sd_2A73E1CC/00000013,90.27825,SF,7739.0,HV Battery voltage,V,Battery,368.25,numeric,05 62 1E 3B 05 C1 AA AA
sd_2A73E1CC/00000013,90.37845,FF,7741.0,HV Battery current,A,Battery,-2.4,partial,10 08 62 1E 3D 00 02 49
sd_2A73E1CC/00000013,91.1784,SF,652.0,SOC (BMS),%,Battery,67.6,numeric,04 62 02 8C A9 AA AA AA
sd_2A73E1CC/00000013,91.2783,SF,7739.0,HV Battery voltage,V,Battery,368.25,numeric,05 62 1E 3B 05 C1 AA AA
sd_2A73E1CC/00000013,91.3783,FF,7741.0,HV Battery current,A,Battery,-2.4,partial,10 08 62 1E 3D 00 02 49
sd_2A73E1CC/00000013,91.47855,SF,10763.0,HV Battery temp (main value),°C,Battery,9.5,numeric,04 62 2A 0B 63 AA AA AA
sd_2A73E1CC/00000013,91.57844999999999,SF,7694.0,HV Battery max temp and temp point,°C,Battery,10.0,numeric,07 62 1E 0E 02 80 00 01
sd_2A73E1CC/00000013,91.6783,SF,29768.0,Car operation mode,logic,Technical,driving,enum,04 62 74 48 01 AA AA AA
sd_2A73E1CC/00000013,92.17859999999999,SF,652.0,SOC (BMS),%,Battery,67.6,numeric,04 62 02 8C A9 AA AA AA
sd_2A73E1CC/00000013,92.27834999999999,SF,7739.0,HV Battery voltage,V,Battery,368.25,numeric,05 62 1E 3B 05 C1 AA AA
sd_2A73E1CC/00000013,92.37845,FF,7741.0,HV Battery current,A,Battery,-2.4,partial,10 08 62 1E 3D 00 02 49
sd_2A73E1CC/00000013,93.17864999999999,SF,652.0,SOC (BMS),%,Battery,67.6,numeric,04 62 02 8C A9 AA AA AA
sd_2A73E1CC/00000013,93.27844999999999,SF,7739.0,HV Battery voltage,V,Battery,368.25,numeric,05 62 1E 3B 05 C1 AA AA
sd_2A73E1CC/00000013,93.37854999999999,FF,7741.0,HV Battery current,A,Battery,-2.4,partial,10 08 62 1E 3D 00 02 49
sd_2A73E1CC/00000013,93.4784,SF,10763.0,HV Battery temp (main value),°C,Battery,9.5,numeric,04 62 2A 0B 63 AA AA AA
sd_2A73E1CC/00000013,93.57865,SF,7694.0,HV Battery max temp and temp point,°C,Battery,10.0,numeric,07 62 1E 0E 02 80 00 01
sd_2A73E1CC/00000013,93.67845,SF,29768.0,Car operation mode,logic,Technical,driving,enum,04 62 74 48 01 AA AA AA
sd_2A73E1CC/00000013,94.17855,SF,652.0,SOC (BMS),%,Battery,67.6,numeric,04 62 02 8C A9 AA AA AA
sd_2A73E1CC/00000013,94.27844999999999,SF,7739.0,HV Battery voltage,V,Battery,368.25,numeric,05 62 1E 3B 05 C1 AA AA
sd_2A73E1CC/00000013,94.37865,FF,7741.0,HV Battery current,A,Battery,-2.4,partial,10 08 62 1E 3D 00 02 49
sd_2A73E1CC/00000013,95.17875,SF,652.0,SOC (BMS),%,Battery,67.6,numeric,04 62 02 8C A9 AA AA AA
sd_2A73E1CC/00000013,95.27855,SF,7739.0,HV Battery voltage,V,Battery,368.25,numeric,05 62 1E 3B 05 C1 AA AA
sd_2A73E1CC/00000013,95.37865,FF,7741.0,HV Battery current,A,Battery,-2.4,partial,10 08 62 1E 3D 00 02 49
sd_2A73E1CC/00000013,95.4785,SF,10763.0,HV Battery temp (main value),°C,Battery,9.5,numeric,04 62 2A 0B 63 AA AA AA
sd_2A73E1CC/00000013,95.57865,SF,7694.0,HV Battery max temp and temp point,°C,Battery,10.0,numeric,07 62 1E 0E 02 80 00 01
sd_2A73E1CC/00000013,95.67859999999999,SF,29768.0,Car operation mode,logic,Technical,driving,enum,04 62 74 48 01 AA AA AA
sd_2A73E1CC/00000013,96.17875,SF,652.0,SOC (BMS),%,Battery,67.6,numeric,04 62 02 8C A9 AA AA AA
sd_2A73E1CC/00000013,96.2786,SF,7739.0,HV Battery voltage,V,Battery,368.25,numeric,05 62 1E 3B 05 C1 AA AA
sd_2A73E1CC/00000013,96.37875,FF,7741.0,HV Battery current,A,Battery,-2.4,partial,10 08 62 1E 3D 00 02 49
sd_2A73E1CC/00000013,97.17325,SF,652.0,SOC (BMS),%,Battery,67.6,numeric,04 62 02 8C A9 AA AA AA
sd_2A73E1CC/00000013,97.27865,SF,7739.0,HV Battery voltage,V,Battery,368.25,numeric,05 62 1E 3B 05 C1 AA AA
sd_2A73E1CC/00000013,97.37325,FF,7741.0,HV Battery current,A,Battery,-2.4,partial,10 08 62 1E 3D 00 02 49
sd_2A73E1CC/00000013,97.47354999999999,SF,10763.0,HV Battery temp (main value),°C,Battery,9.5,numeric,04 62 2A 0B 63 AA AA AA
sd_2A73E1CC/00000013,97.57325,SF,7694.0,HV Battery max temp and temp point,°C,Battery,10.0,numeric,07 62 1E 0E 02 80 00 01
sd_2A73E1CC/00000013,97.6733,SF,29768.0,Car operation mode,logic,Technical,driving,enum,04 62 74 48 01 AA AA AA
sd_2A73E1CC/00000013,98.1733,SF,652.0,SOC (BMS),%,Battery,67.6,numeric,04 62 02 8C A9 AA AA AA
sd_2A73E1CC/00000013,98.27329999999999,SF,7739.0,HV Battery voltage,V,Battery,368.25,numeric,05 62 1E 3B 05 C1 AA AA
sd_2A73E1CC/00000013,98.37365,FF,7741.0,HV Battery current,A,Battery,-2.4,partial,10 08 62 1E 3D 00 02 49
sd_2A73E1CC/00000013,99.17335,SF,652.0,SOC (BMS),%,Battery,67.6,numeric,04 62 02 8C A9 AA AA AA
sd_2A73E1CC/00000013,99.27369999999999,SF,7739.0,HV Battery voltage,V,Battery,368.25,numeric,05 62 1E 3B 05 C1 AA AA
sd_2A73E1CC/00000013,99.37339999999999,FF,7741.0,HV Battery current,A,Battery,-2.4,partial,10 08 62 1E 3D 00 02 49
sd_2A73E1CC/00000013,99.47335,SF,10763.0,HV Battery temp (main value),°C,Battery,9.5,numeric,04 62 2A 0B 63 AA AA AA
sd_2A73E1CC/00000013,99.57339999999999,SF,7694.0,HV Battery max temp and temp point,°C,Battery,10.0,numeric,07 62 1E 0E 02 80 00 01
sd_2A73E1CC/00000013,99.6734,SF,29768.0,Car operation mode,logic,Technical,driving,enum,04 62 74 48 01 AA AA AA
sd_2A73E1CC/00000013,100.17375,SF,652.0,SOC (BMS),%,Battery,67.6,numeric,04 62 02 8C A9 AA AA AA
sd_2A73E1CC/00000013,100.27345,SF,7739.0,HV Battery voltage,V,Battery,368.25,numeric,05 62 1E 3B 05 C1 AA AA
sd_2A73E1CC/00000013,100.37344999999999,FF,7741.0,HV Battery current,A,Battery,-2.4,partial,10 08 62 1E 3D 00 02 49
sd_2A73E1CC/00000013,101.17344999999999,SF,652.0,SOC (BMS),%,Battery,67.6,numeric,04 62 02 8C A9 AA AA AA
sd_2A73E1CC/00000013,101.27345,SF,7739.0,HV Battery voltage,V,Battery,368.25,numeric,05 62 1E 3B 05 C1 AA AA
sd_2A73E1CC/00000013,101.37344999999999,FF,7741.0,HV Battery current,A,Battery,-2.4,partial,10 08 62 1E 3D 00 02 49
sd_2A73E1CC/00000013,101.4735,SF,10763.0,HV Battery temp (main value),°C,Battery,9.5,numeric,04 62 2A 0B 63 AA AA AA
sd_2A73E1CC/00000013,101.5735,SF,7694.0,HV Battery max temp and temp point,°C,Battery,10.0,numeric,07 62 1E 0E 02 80 00 01
sd_2A73E1CC/00000013,101.67349999999999,SF,29768.0,Car operation mode,logic,Technical,driving,enum,04 62 74 48 01 AA AA AA
sd_2A73E1CC/00000013,102.17349999999999,SF,652.0,SOC (BMS),%,Battery,67.6,numeric,04 62 02 8C A9 AA AA AA
sd_2A73E1CC/00000013,102.27355,SF,7739.0,HV Battery voltage,V,Battery,368.25,numeric,05 62 1E 3B 05 C1 AA AA
sd_2A73E1CC/00000013,102.37355,FF,7741.0,HV Battery current,A,Battery,-2.4,partial,10 08 62 1E 3D 00 02 49
sd_2A73E1CC/00000013,103.17354999999999,SF,652.0,SOC (BMS),%,Battery,67.6,numeric,04 62 02 8C A9 AA AA AA
sd_2A73E1CC/00000013,103.27355,SF,7739.0,HV Battery voltage,V,Battery,368.25,numeric,05 62 1E 3B 05 C1 AA AA
sd_2A73E1CC/00000013,103.37355,FF,7741.0,HV Battery current,A,Battery,-2.4,partial,10 08 62 1E 3D 00 02 49
sd_2A73E1CC/00000013,103.47354999999999,SF,10763.0,HV Battery temp (main value),°C,Battery,9.5,numeric,04 62 2A 0B 63 AA AA AA
sd_2A73E1CC/00000013,103.5736,SF,7694.0,HV Battery max temp and temp point,°C,Battery,10.0,numeric,07 62 1E 0E 02 80 00 01
sd_2A73E1CC/00000013,103.6736,SF,29768.0,Car operation mode,logic,Technical,driving,enum,04 62 74 48 01 AA AA AA
sd_2A73E1CC/00000013,104.1736,SF,652.0,SOC (BMS),%,Battery,67.6,numeric,04 62 02 8C A9 AA AA AA
sd_2A73E1CC/00000013,104.2736,SF,7739.0,HV Battery voltage,V,Battery,368.25,numeric,05 62 1E 3B 05 C1 AA AA
sd_2A73E1CC/00000013,104.37365,FF,7741.0,HV Battery current,A,Battery,-2.4,partial,10 08 62 1E 3D 00 02 49
sd_2A73E1CC/00000013,105.17365,SF,652.0,SOC (BMS),%,Battery,67.6,numeric,04 62 02 8C A9 AA AA AA
sd_2A73E1CC/00000013,105.27369999999999,SF,7739.0,HV Battery voltage,V,Battery,368.25,numeric,05 62 1E 3B 05 C1 AA AA
sd_2A73E1CC/00000013,105.3737,FF,7741.0,HV Battery current,A,Battery,-2.4,partial,10 08 62 1E 3D 00 02 49
sd_2A73E1CC/00000013,105.4737,SF,10763.0,HV Battery temp (main value),°C,Battery,9.5,numeric,04 62 2A 0B 63 AA AA AA
sd_2A73E1CC/00000013,105.574,SF,7694.0,HV Battery max temp and temp point,°C,Battery,10.0,numeric,07 62 1E 0E 02 80 00 01
sd_2A73E1CC/00000013,105.6737,SF,29768.0,Car operation mode,logic,Technical,driving,enum,04 62 74 48 01 AA AA AA
sd_2A73E1CC/00000013,106.17375,SF,652.0,SOC (BMS),%,Battery,67.6,numeric,04 62 02 8C A9 AA AA AA
sd_2A73E1CC/00000013,106.27374999999999,SF,7739.0,HV Battery voltage,V,Battery,368.25,numeric,05 62 1E 3B 05 C1 AA AA
sd_2A73E1CC/00000013,106.37375,FF,7741.0,HV Battery current,A,Battery,-2.4,partial,10 08 62 1E 3D 00 02 49
sd_2A73E1CC/00000013,107.17375,SF,652.0,SOC (BMS),%,Battery,67.6,numeric,04 62 02 8C A9 AA AA AA
sd_2A73E1CC/00000013,107.2738,SF,7739.0,HV Battery voltage,V,Battery,368.25,numeric,05 62 1E 3B 05 C1 AA AA
sd_2A73E1CC/00000013,107.3741,FF,7741.0,HV Battery current,A,Battery,-2.4,partial,10 08 62 1E 3D 00 02 49
sd_2A73E1CC/00000013,107.4738,SF,10763.0,HV Battery temp (main value),°C,Battery,9.5,numeric,04 62 2A 0B 63 AA AA AA
sd_2A73E1CC/00000013,107.57379999999999,SF,7694.0,HV Battery max temp and temp point,°C,Battery,10.0,numeric,07 62 1E 0E 02 80 00 01
sd_2A73E1CC/00000013,107.67385,SF,29768.0,Car operation mode,logic,Technical,driving,enum,04 62 74 48 01 AA AA AA
sd_2A73E1CC/00000013,108.17385,SF,652.0,SOC (BMS),%,Battery,67.6,numeric,04 62 02 8C A9 AA AA AA
sd_2A73E1CC/00000013,108.27414999999999,SF,7739.0,HV Battery voltage,V,Battery,368.25,numeric,05 62 1E 3B 05 C1 AA AA
sd_2A73E1CC/00000013,108.37384999999999,FF,7741.0,HV Battery current,A,Battery,-2.4,partial,10 08 62 1E 3D 00 02 49
sd_2A73E1CC/00000013,109.1742,SF,652.0,SOC (BMS),%,Battery,67.6,numeric,04 62 02 8C A9 AA AA AA
sd_2A73E1CC/00000013,109.2739,SF,7739.0,HV Battery voltage,V,Battery,368.25,numeric,05 62 1E 3B 05 C1 AA AA
sd_2A73E1CC/00000013,109.37395,FF,7741.0,HV Battery current,A,Battery,-2.4,partial,10 08 62 1E 3D 00 02 49
sd_2A73E1CC/00000013,109.4739,SF,10763.0,HV Battery temp (main value),°C,Battery,9.5,numeric,04 62 2A 0B 63 AA AA AA
sd_2A73E1CC/00000013,109.57395,SF,7694.0,HV Battery max temp and temp point,°C,Battery,10.0,numeric,07 62 1E 0E 02 80 00 01
sd_2A73E1CC/00000013,109.67389999999999,SF,29768.0,Car operation mode,logic,Technical,driving,enum,04 62 74 48 01 AA AA AA
sd_2A73E1CC/00000013,110.17394999999999,SF,652.0,SOC (BMS),%,Battery,67.6,numeric,04 62 02 8C A9 AA AA AA
sd_2A73E1CC/00000013,110.27395,SF,7739.0,HV Battery voltage,V,Battery,368.25,numeric,05 62 1E 3B 05 C1 AA AA
sd_2A73E1CC/00000013,110.37395,FF,7741.0,HV Battery current,A,Battery,-2.4,partial,10 08 62 1E 3D 00 02 49
sd_2A73E1CC/00000013,111.17405,SF,652.0,SOC (BMS),%,Battery,67.6,numeric,04 62 02 8C A9 AA AA AA
sd_2A73E1CC/00000013,111.27404999999999,SF,7739.0,HV Battery voltage,V,Battery,368.25,numeric,05 62 1E 3B 05 C1 AA AA
sd_2A73E1CC/00000013,111.37405,FF,7741.0,HV Battery current,A,Battery,-2.4,partial,10 08 62 1E 3D 00 02 49
sd_2A73E1CC/00000013,111.47404999999999,SF,10763.0,HV Battery temp (main value),°C,Battery,9.5,numeric,04 62 2A 0B 63 AA AA AA
sd_2A73E1CC/00000013,111.57405,SF,7694.0,HV Battery max temp and temp point,°C,Battery,10.0,numeric,07 62 1E 0E 02 80 00 01
sd_2A73E1CC/00000013,111.67405,SF,29768.0,Car operation mode,logic,Technical,driving,enum,04 62 74 48 01 AA AA AA
sd_2A73E1CC/00000013,112.17405,SF,652.0,SOC (BMS),%,Battery,67.6,numeric,04 62 02 8C A9 AA AA AA
sd_2A73E1CC/00000013,112.27409999999999,SF,7739.0,HV Battery voltage,V,Battery,368.25,numeric,05 62 1E 3B 05 C1 AA AA
sd_2A73E1CC/00000013,112.3741,FF,7741.0,HV Battery current,A,Battery,-2.4,partial,10 08 62 1E 3D 00 02 49
sd_2A73E1CC/00000013,113.17415,SF,652.0,SOC (BMS),%,Battery,67.6,numeric,04 62 02 8C A9 AA AA AA
sd_2A73E1CC/00000013,113.27414999999999,SF,7739.0,HV Battery voltage,V,Battery,368.25,numeric,05 62 1E 3B 05 C1 AA AA
sd_2A73E1CC/00000013,113.37415,FF,7741.0,HV Battery current,A,Battery,-2.4,partial,10 08 62 1E 3D 00 02 49
sd_2A73E1CC/00000013,113.47415,SF,10763.0,HV Battery temp (main value),°C,Battery,9.5,numeric,04 62 2A 0B 63 AA AA AA
sd_2A73E1CC/00000013,113.57414999999999,SF,7694.0,HV Battery max temp and temp point,°C,Battery,10.0,numeric,07 62 1E 0E 02 80 00 01
sd_2A73E1CC/00000013,113.67445,SF,29768.0,Car operation mode,logic,Technical,driving,enum,04 62 74 48 01 AA AA AA
sd_2A73E1CC/00000013,114.1742,SF,652.0,SOC (BMS),%,Battery,67.6,numeric,04 62 02 8C A9 AA AA AA
sd_2A73E1CC/00000013,114.2742,SF,7739.0,HV Battery voltage,V,Battery,368.25,numeric,05 62 1E 3B 05 C1 AA AA
sd_2A73E1CC/00000013,114.3742,FF,7741.0,HV Battery current,A,Battery,-2.4,partial,10 08 62 1E 3D 00 02 49
sd_2A73E1CC/00000013,115.17425,SF,652.0,SOC (BMS),%,Battery,67.6,numeric,04 62 02 8C A9 AA AA AA
sd_2A73E1CC/00000013,115.27425,SF,7739.0,HV Battery voltage,V,Battery,368.25,numeric,05 62 1E 3B 05 C1 AA AA
sd_2A73E1CC/00000013,115.37424999999999,FF,7741.0,HV Battery current,A,Battery,-2.4,partial,10 08 62 1E 3D 00 02 49
sd_2A73E1CC/00000013,115.4746,SF,10763.0,HV Battery temp (main value),°C,Battery,9.5,numeric,04 62 2A 0B 63 AA AA AA
sd_2A73E1CC/00000013,115.5743,SF,7694.0,HV Battery max temp and temp point,°C,Battery,10.0,numeric,07 62 1E 0E 02 80 00 01
sd_2A73E1CC/00000013,115.67429999999999,SF,29768.0,Car operation mode,logic,Technical,driving,enum,04 62 74 48 01 AA AA AA
sd_2A73E1CC/00000013,116.17429999999999,SF,652.0,SOC (BMS),%,Battery,67.6,numeric,04 62 02 8C A9 AA AA AA
sd_2A73E1CC/00000013,116.2743,SF,7739.0,HV Battery voltage,V,Battery,368.25,numeric,05 62 1E 3B 05 C1 AA AA
sd_2A73E1CC/00000013,116.37464999999999,FF,7741.0,HV Battery current,A,Battery,-2.4,partial,10 08 62 1E 3D 00 02 49
sd_2A73E1CC/00000013,117.17439999999999,SF,652.0,SOC (BMS),%,Battery,67.6,numeric,04 62 02 8C A9 AA AA AA
sd_2A73E1CC/00000013,117.2747,SF,7739.0,HV Battery voltage,V,Battery,368.25,numeric,05 62 1E 3B 05 C1 AA AA
sd_2A73E1CC/00000013,117.3744,FF,7741.0,HV Battery current,A,Battery,-2.4,partial,10 08 62 1E 3D 00 02 49
sd_2A73E1CC/00000013,117.47439999999999,SF,10763.0,HV Battery temp (main value),°C,Battery,9.5,numeric,04 62 2A 0B 63 AA AA AA
sd_2A73E1CC/00000013,117.5744,SF,7694.0,HV Battery max temp and temp point,°C,Battery,10.0,numeric,07 62 1E 0E 02 80 00 01
sd_2A73E1CC/00000013,117.67439999999999,SF,29768.0,Car operation mode,logic,Technical,driving,enum,04 62 74 48 01 AA AA AA
sd_2A73E1CC/00000013,118.17474999999999,SF,652.0,SOC (BMS),%,Battery,67.6,numeric,04 62 02 8C A9 AA AA AA
sd_2A73E1CC/00000013,118.27445,SF,7739.0,HV Battery voltage,V,Battery,368.25,numeric,05 62 1E 3B 05 C1 AA AA
sd_2A73E1CC/00000013,118.37445,FF,7741.0,HV Battery current,A,Battery,-2.4,partial,10 08 62 1E 3D 00 02 49
sd_2A73E1CC/00000013,119.1745,SF,652.0,SOC (BMS),%,Battery,67.6,numeric,04 62 02 8C A9 AA AA AA
sd_2A73E1CC/00000013,119.27449999999999,SF,7739.0,HV Battery voltage,V,Battery,368.25,numeric,05 62 1E 3B 05 C1 AA AA
sd_2A73E1CC/00000013,119.3745,FF,7741.0,HV Battery current,A,Battery,-2.4,partial,10 08 62 1E 3D 00 02 49
sd_2A73E1CC/00000013,119.47449999999999,SF,10763.0,HV Battery temp (main value),°C,Battery,9.5,numeric,04 62 2A 0B 63 AA AA AA
sd_2A73E1CC/00000013,119.5745,SF,7694.0,HV Battery max temp and temp point,°C,Battery,10.0,numeric,07 62 1E 0E 02 80 00 01
sd_2A73E1CC/00000013,119.67455,SF,29768.0,Car operation mode,logic,Technical,driving,enum,04 62 74 48 01 AA AA AA
sd_2A73E1CC/00000013,120.17455,SF,652.0,SOC (BMS),%,Battery,67.6,numeric,04 62 02 8C A9 AA AA AA
sd_2A73E1CC/00000013,120.27454999999999,SF,7739.0,HV Battery voltage,V,Battery,368.25,numeric,05 62 1E 3B 05 C1 AA AA
sd_2A73E1CC/00000013,120.37455,FF,7741.0,HV Battery current,A,Battery,-2.4,partial,10 08 62 1E 3D 00 02 49
sd_2A73E1CC/00000013,121.1746,SF,652.0,SOC (BMS),%,Battery,67.6,numeric,04 62 02 8C A9 AA AA AA
sd_2A73E1CC/00000013,121.27465,SF,7739.0,HV Battery voltage,V,Battery,368.25,numeric,05 62 1E 3B 05 C1 AA AA
sd_2A73E1CC/00000013,121.37464999999999,FF,7741.0,HV Battery current,A,Battery,-2.4,partial,10 08 62 1E 3D 00 02 49
sd_2A73E1CC/00000013,121.4746,SF,10763.0,HV Battery temp (main value),°C,Battery,9.5,numeric,04 62 2A 0B 63 AA AA AA
sd_2A73E1CC/00000013,121.57469999999999,SF,7694.0,HV Battery max temp and temp point,°C,Battery,10.0,numeric,07 62 1E 0E 02 80 00 01
sd_2A73E1CC/00000013,121.67465,SF,29768.0,Car operation mode,logic,Technical,driving,enum,04 62 74 48 01 AA AA AA
sd_2A73E1CC/00000013,122.1747,SF,652.0,SOC (BMS),%,Battery,67.6,numeric,04 62 02 8C A9 AA AA AA
sd_2A73E1CC/00000013,122.27465,SF,7739.0,HV Battery voltage,V,Battery,368.25,numeric,05 62 1E 3B 05 C1 AA AA
sd_2A73E1CC/00000013,122.37464999999999,FF,7741.0,HV Battery current,A,Battery,-2.4,partial,10 08 62 1E 3D 00 02 49
sd_2A73E1CC/00000013,123.1747,SF,652.0,SOC (BMS),%,Battery,67.6,numeric,04 62 02 8C A9 AA AA AA
sd_2A73E1CC/00000013,123.2747,SF,7739.0,HV Battery voltage,V,Battery,368.25,numeric,05 62 1E 3B 05 C1 AA AA
sd_2A73E1CC/00000013,123.37474999999999,FF,7741.0,HV Battery current,A,Battery,-2.4,partial,10 08 62 1E 3D 00 02 49
sd_2A73E1CC/00000013,123.47475,SF,10763.0,HV Battery temp (main value),°C,Battery,9.5,numeric,04 62 2A 0B 63 AA AA AA
sd_2A73E1CC/00000013,123.57509999999999,SF,7694.0,HV Battery max temp and temp point,°C,Battery,10.0,numeric,07 62 1E 0E 02 80 00 01
sd_2A73E1CC/00000013,123.67474999999999,SF,29768.0,Car operation mode,logic,Technical,driving,enum,04 62 74 48 01 AA AA AA
sd_2A73E1CC/00000013,124.17474999999999,SF,652.0,SOC (BMS),%,Battery,67.6,numeric,04 62 02 8C A9 AA AA AA
sd_2A73E1CC/00000013,124.2748,SF,7739.0,HV Battery voltage,V,Battery,368.25,numeric,05 62 1E 3B 05 C1 AA AA
sd_2A73E1CC/00000013,124.3748,FF,7741.0,HV Battery current,A,Battery,-2.4,partial,10 08 62 1E 3D 00 02 49
sd_2A73E1CC/00000013,125.17484999999999,SF,652.0,SOC (BMS),%,Battery,67.6,numeric,04 62 02 8C A9 AA AA AA
sd_2A73E1CC/00000013,125.27485,SF,7739.0,HV Battery voltage,V,Battery,368.25,numeric,05 62 1E 3B 05 C1 AA AA
sd_2A73E1CC/00000013,125.37514999999999,FF,7741.0,HV Battery current,A,Battery,-2.4,partial,10 08 62 1E 3D 00 02 49
sd_2A73E1CC/00000013,125.47484999999999,SF,10763.0,HV Battery temp (main value),°C,Battery,9.5,numeric,04 62 2A 0B 63 AA AA AA
sd_2A73E1CC/00000013,125.5749,SF,7694.0,HV Battery max temp and temp point,°C,Battery,10.0,numeric,07 62 1E 0E 02 80 00 01
sd_2A73E1CC/00000013,125.67484999999999,SF,29768.0,Car operation mode,logic,Technical,driving,enum,04 62 74 48 01 AA AA AA
sd_2A73E1CC/00000013,126.1749,SF,652.0,SOC (BMS),%,Battery,67.6,numeric,04 62 02 8C A9 AA AA AA
sd_2A73E1CC/00000013,126.2752,SF,7739.0,HV Battery voltage,V,Battery,368.25,numeric,05 62 1E 3B 05 C1 AA AA
sd_2A73E1CC/00000013,126.3749,FF,7741.0,HV Battery current,A,Battery,-2.4,partial,10 08 62 1E 3D 00 02 49
sd_2A73E1CC/00000013,127.17524999999999,SF,652.0,SOC (BMS),%,Battery,67.6,numeric,04 62 02 8C A9 AA AA AA
sd_2A73E1CC/00000013,127.27494999999999,SF,7739.0,HV Battery voltage,V,Battery,368.25,numeric,05 62 1E 3B 05 C1 AA AA
sd_2A73E1CC/00000013,127.37495,FF,7741.0,HV Battery current,A,Battery,-2.4,partial,10 08 62 1E 3D 00 02 49
sd_2A73E1CC/00000013,127.475,SF,10763.0,HV Battery temp (main value),°C,Battery,9.5,numeric,04 62 2A 0B 63 AA AA AA
sd_2A73E1CC/00000013,127.57499999999999,SF,7694.0,HV Battery max temp and temp point,°C,Battery,10.0,numeric,07 62 1E 0E 02 80 00 01
sd_2A73E1CC/00000013,127.675,SF,29768.0,Car operation mode,logic,Technical,driving,enum,04 62 74 48 01 AA AA AA
sd_2A73E1CC/00000013,128.17499999999998,SF,652.0,SOC (BMS),%,Battery,67.6,numeric,04 62 02 8C A9 AA AA AA
sd_2A73E1CC/00000013,128.275,SF,7739.0,HV Battery voltage,V,Battery,368.25,numeric,05 62 1E 3B 05 C1 AA AA
sd_2A73E1CC/00000013,128.37505,FF,7741.0,HV Battery current,A,Battery,-2.4,partial,10 08 62 1E 3D 00 02 49
sd_2A73E1CC/00000013,129.1751,SF,652.0,SOC (BMS),%,Battery,67.6,numeric,04 62 02 8C A9 AA AA AA
sd_2A73E1CC/00000013,129.27509999999998,SF,7739.0,HV Battery voltage,V,Battery,368.25,numeric,05 62 1E 3B 05 C1 AA AA
sd_2A73E1CC/00000013,129.3751,FF,7741.0,HV Battery current,A,Battery,-2.4,partial,10 08 62 1E 3D 00 02 49
sd_2A73E1CC/00000013,129.4751,SF,10763.0,HV Battery temp (main value),°C,Battery,9.5,numeric,04 62 2A 0B 63 AA AA AA
sd_2A73E1CC/00000013,129.5751,SF,7694.0,HV Battery max temp and temp point,°C,Battery,10.0,numeric,07 62 1E 0E 02 80 00 01
sd_2A73E1CC/00000013,129.6751,SF,29768.0,Car operation mode,logic,Technical,driving,enum,04 62 74 48 01 AA AA AA
sd_2A73E1CC/00000013,130.17515,SF,652.0,SOC (BMS),%,Battery,67.6,numeric,04 62 02 8C A9 AA AA AA
sd_2A73E1CC/00000013,130.27515,SF,7739.0,HV Battery voltage,V,Battery,368.25,numeric,05 62 1E 3B 05 C1 AA AA
sd_2A73E1CC/00000013,130.37515,FF,7741.0,HV Battery current,A,Battery,-2.4,partial,10 08 62 1E 3D 00 02 49
sd_2A73E1CC/00000013,131.1752,SF,652.0,SOC (BMS),%,Battery,67.6,numeric,04 62 02 8C A9 AA AA AA
sd_2A73E1CC/00000013,131.27519999999998,SF,7739.0,HV Battery voltage,V,Battery,368.25,numeric,05 62 1E 3B 05 C1 AA AA
sd_2A73E1CC/00000013,131.3752,FF,7741.0,HV Battery current,A,Battery,-2.4,partial,10 08 62 1E 3D 00 02 49
sd_2A73E1CC/00000013,131.4752,SF,10763.0,HV Battery temp (main value),°C,Battery,9.5,numeric,04 62 2A 0B 63 AA AA AA
sd_2A73E1CC/00000013,131.57524999999998,SF,7694.0,HV Battery max temp and temp point,°C,Battery,10.0,numeric,07 62 1E 0E 02 80 00 01
sd_2A73E1CC/00000013,131.67555,SF,29768.0,Car operation mode,logic,Technical,driving,enum,04 62 74 48 01 AA AA AA
sd_2A73E1CC/00000013,132.1753,SF,652.0,SOC (BMS),%,Battery,67.6,numeric,04 62 02 8C A9 AA AA AA
sd_2A73E1CC/00000013,132.27525,SF,7739.0,HV Battery voltage,V,Battery,368.25,numeric,05 62 1E 3B 05 C1 AA AA
sd_2A73E1CC/00000013,132.37529999999998,FF,7741.0,HV Battery current,A,Battery,-2.4,partial,10 08 62 1E 3D 00 02 49
sd_2A73E1CC/00000013,133.1753,SF,652.0,SOC (BMS),%,Battery,67.6,numeric,04 62 02 8C A9 AA AA AA
sd_2A73E1CC/00000013,133.27535,SF,7739.0,HV Battery voltage,V,Battery,368.25,numeric,05 62 1E 3B 05 C1 AA AA
sd_2A73E1CC/00000013,133.37535,FF,7741.0,HV Battery current,A,Battery,-2.4,partial,10 08 62 1E 3D 00 02 49
sd_2A73E1CC/00000013,133.4756,SF,10763.0,HV Battery temp (main value),°C,Battery,9.5,numeric,04 62 2A 0B 63 AA AA AA
sd_2A73E1CC/00000013,133.57535,SF,7694.0,HV Battery max temp and temp point,°C,Battery,10.0,numeric,07 62 1E 0E 02 80 00 01
sd_2A73E1CC/00000013,133.67534999999998,SF,29768.0,Car operation mode,logic,Technical,driving,enum,04 62 74 48 01 AA AA AA
sd_2A73E1CC/00000013,134.17534999999998,SF,652.0,SOC (BMS),%,Battery,67.6,numeric,04 62 02 8C A9 AA AA AA
sd_2A73E1CC/00000013,134.2754,SF,7739.0,HV Battery voltage,V,Battery,368.25,numeric,05 62 1E 3B 05 C1 AA AA
sd_2A73E1CC/00000013,134.3758,FF,7741.0,HV Battery current,A,Battery,-2.4,partial,10 08 62 1E 3D 00 02 49
sd_2A73E1CC/00000013,135.17555,SF,652.0,SOC (BMS),%,Battery,67.6,numeric,04 62 02 8C A9 AA AA AA
sd_2A73E1CC/00000013,135.27575,SF,7739.0,HV Battery voltage,V,Battery,368.25,numeric,05 62 1E 3B 05 C1 AA AA
sd_2A73E1CC/00000013,135.37555,FF,7741.0,HV Battery current,A,Battery,-2.4,partial,10 08 62 1E 3D 00 02 49
sd_2A73E1CC/00000013,135.47545,SF,10763.0,HV Battery temp (main value),°C,Battery,9.5,numeric,04 62 2A 0B 63 AA AA AA
sd_2A73E1CC/00000013,135.57555,SF,7694.0,HV Battery max temp and temp point,°C,Battery,10.0,numeric,07 62 1E 0E 02 80 00 01
sd_2A73E1CC/00000013,135.6755,SF,29768.0,Car operation mode,logic,Technical,driving,enum,04 62 74 48 01 AA AA AA
sd_2A73E1CC/00000013,136.17595,SF,652.0,SOC (BMS),%,Battery,67.6,numeric,04 62 02 8C A9 AA AA AA
sd_2A73E1CC/00000013,136.2755,SF,7739.0,HV Battery voltage,V,Battery,368.25,numeric,05 62 1E 3B 05 C1 AA AA
sd_2A73E1CC/00000013,136.37555,FF,7741.0,HV Battery current,A,Battery,-2.4,partial,10 08 62 1E 3D 00 02 49
sd_2A73E1CC/00000013,137.17555,SF,652.0,SOC (BMS),%,Battery,67.6,numeric,04 62 02 8C A9 AA AA AA
sd_2A73E1CC/00000013,137.27554999999998,SF,7739.0,HV Battery voltage,V,Battery,368.25,numeric,05 62 1E 3B 05 C1 AA AA
sd_2A73E1CC/00000013,137.3756,FF,7741.0,HV Battery current,A,Battery,-2.4,partial,10 08 62 1E 3D 00 02 49
sd_2A73E1CC/00000013,137.47555,SF,10763.0,HV Battery temp (main value),°C,Battery,9.5,numeric,04 62 2A 0B 63 AA AA AA
sd_2A73E1CC/00000013,137.57559999999998,SF,7694.0,HV Battery max temp and temp point,°C,Battery,10.0,numeric,07 62 1E 0E 02 80 00 01
sd_2A73E1CC/00000013,137.67555,SF,29768.0,Car operation mode,logic,Technical,driving,enum,04 62 74 48 01 AA AA AA
sd_2A73E1CC/00000013,138.17565,SF,652.0,SOC (BMS),%,Battery,67.6,numeric,04 62 02 8C A9 AA AA AA
sd_2A73E1CC/00000013,138.2756,SF,7739.0,HV Battery voltage,V,Battery,368.25,numeric,05 62 1E 3B 05 C1 AA AA
sd_2A73E1CC/00000013,138.37565,FF,7741.0,HV Battery current,A,Battery,-2.4,partial,10 08 62 1E 3D 00 02 49
sd_2A73E1CC/00000013,139.1757,SF,652.0,SOC (BMS),%,Battery,67.6,numeric,04 62 02 8C A9 AA AA AA
sd_2A73E1CC/00000013,139.2757,SF,7739.0,HV Battery voltage,V,Battery,368.25,numeric,05 62 1E 3B 05 C1 AA AA
sd_2A73E1CC/00000013,139.3757,FF,7741.0,HV Battery current,A,Battery,-2.4,partial,10 08 62 1E 3D 00 02 49
sd_2A73E1CC/00000013,139.4757,SF,10763.0,HV Battery temp (main value),°C,Battery,9.5,numeric,04 62 2A 0B 63 AA AA AA
sd_2A73E1CC/00000013,139.57569999999998,SF,7694.0,HV Battery max temp and temp point,°C,Battery,10.0,numeric,07 62 1E 0E 02 80 00 01
sd_2A73E1CC/00000013,139.6757,SF,29768.0,Car operation mode,logic,Technical,driving,enum,04 62 74 48 01 AA AA AA
sd_2A73E1CC/00000013,140.17575,SF,652.0,SOC (BMS),%,Battery,67.6,numeric,04 62 02 8C A9 AA AA AA
sd_2A73E1CC/00000013,140.27575,SF,7739.0,HV Battery voltage,V,Battery,368.25,numeric,05 62 1E 3B 05 C1 AA AA
sd_2A73E1CC/00000013,140.37574999999998,FF,7741.0,HV Battery current,A,Battery,-2.4,partial,10 08 62 1E 3D 00 02 49
sd_2A73E1CC/00000013,141.17579999999998,SF,652.0,SOC (BMS),%,Battery,67.6,numeric,04 62 02 8C A9 AA AA AA
sd_2A73E1CC/00000013,141.2758,SF,7739.0,HV Battery voltage,V,Battery,368.25,numeric,05 62 1E 3B 05 C1 AA AA
sd_2A73E1CC/00000013,141.3758,FF,7741.0,HV Battery current,A,Battery,-2.4,partial,10 08 62 1E 3D 00 02 49
sd_2A73E1CC/00000013,141.4758,SF,10763.0,HV Battery temp (main value),°C,Battery,9.5,numeric,04 62 2A 0B 63 AA AA AA
sd_2A73E1CC/00000013,141.57625,SF,7694.0,HV Battery max temp and temp point,°C,Battery,10.0,numeric,07 62 1E 0E 02 80 00 01
sd_2A73E1CC/00000013,141.67585,SF,29768.0,Car operation mode,logic,Technical,driving,enum,04 62 74 48 01 AA AA AA
sd_2A73E1CC/00000013,142.17585,SF,652.0,SOC (BMS),%,Battery,67.6,numeric,04 62 02 8C A9 AA AA AA
sd_2A73E1CC/00000013,142.27585,SF,7739.0,HV Battery voltage,V,Battery,368.25,numeric,05 62 1E 3B 05 C1 AA AA
sd_2A73E1CC/00000013,142.3759,FF,7741.0,HV Battery current,A,Battery,-2.4,partial,10 08 62 1E 3D 00 02 49
sd_2A73E1CC/00000013,143.17589999999998,SF,652.0,SOC (BMS),%,Battery,67.6,numeric,04 62 02 8C A9 AA AA AA
sd_2A73E1CC/00000013,143.27595,SF,7739.0,HV Battery voltage,V,Battery,368.25,numeric,05 62 1E 3B 05 C1 AA AA
sd_2A73E1CC/00000013,143.37635,FF,7741.0,HV Battery current,A,Battery,-2.4,partial,10 08 62 1E 3D 00 02 49
sd_2A73E1CC/00000013,143.4759,SF,10763.0,HV Battery temp (main value),°C,Battery,9.5,numeric,04 62 2A 0B 63 AA AA AA
sd_2A73E1CC/00000013,143.57595,SF,7694.0,HV Battery max temp and temp point,°C,Battery,10.0,numeric,07 62 1E 0E 02 80 00 01
sd_2A73E1CC/00000013,143.67595,SF,29768.0,Car operation mode,logic,Technical,driving,enum,04 62 74 48 01 AA AA AA
sd_2A73E1CC/00000013,144.17605,SF,652.0,SOC (BMS),%,Battery,67.6,numeric,04 62 02 8C A9 AA AA AA
sd_2A73E1CC/00000013,144.27634999999998,SF,7739.0,HV Battery voltage,V,Battery,368.25,numeric,05 62 1E 3B 05 C1 AA AA
sd_2A73E1CC/00000013,144.37605,FF,7741.0,HV Battery current,A,Battery,-2.4,partial,10 08 62 1E 3D 00 02 49
sd_2A73E1CC/00000013,145.1764,SF,652.0,SOC (BMS),%,Battery,67.6,numeric,04 62 02 8C A9 AA AA AA
sd_2A73E1CC/00000013,145.27609999999999,SF,7739.0,HV Battery voltage,V,Battery,368.25,numeric,05 62 1E 3B 05 C1 AA AA
sd_2A73E1CC/00000013,145.37609999999998,FF,7741.0,HV Battery current,A,Battery,-2.4,partial,10 08 62 1E 3D 00 02 49
sd_2A73E1CC/00000013,145.4761,SF,10763.0,HV Battery temp (main value),°C,Battery,9.5,numeric,04 62 2A 0B 63 AA AA AA
sd_2A73E1CC/00000013,145.5761,SF,7694.0,HV Battery max temp and temp point,°C,Battery,10.0,numeric,07 62 1E 0E 02 80 00 01
sd_2A73E1CC/00000013,145.6761,SF,29768.0,Car operation mode,logic,Technical,driving,enum,04 62 74 48 01 AA AA AA
sd_2A73E1CC/00000013,146.1761,SF,652.0,SOC (BMS),%,Battery,67.6,numeric,04 62 02 8C A9 AA AA AA
sd_2A73E1CC/00000013,146.27609999999999,SF,7739.0,HV Battery voltage,V,Battery,368.25,numeric,05 62 1E 3B 05 C1 AA AA
sd_2A73E1CC/00000013,146.37615,FF,7741.0,HV Battery current,A,Battery,-2.4,partial,10 08 62 1E 3D 00 02 49
sd_2A73E1CC/00000013,147.17615,SF,652.0,SOC (BMS),%,Battery,67.6,numeric,04 62 02 8C A9 AA AA AA
sd_2A73E1CC/00000013,147.2762,SF,7739.0,HV Battery voltage,V,Battery,368.25,numeric,05 62 1E 3B 05 C1 AA AA
sd_2A73E1CC/00000013,147.37615,FF,7741.0,HV Battery current,A,Battery,-2.4,partial,10 08 62 1E 3D 00 02 49
sd_2A73E1CC/00000013,147.4762,SF,10763.0,HV Battery temp (main value),°C,Battery,9.5,numeric,04 62 2A 0B 63 AA AA AA
sd_2A73E1CC/00000013,147.5762,SF,7694.0,HV Battery max temp and temp point,°C,Battery,10.0,numeric,07 62 1E 0E 02 80 00 01
sd_2A73E1CC/00000013,147.6762,SF,29768.0,Car operation mode,logic,Technical,driving,enum,04 62 74 48 01 AA AA AA
sd_2A73E1CC/00000013,148.1762,SF,652.0,SOC (BMS),%,Battery,67.6,numeric,04 62 02 8C A9 AA AA AA
sd_2A73E1CC/00000013,148.2762,SF,7739.0,HV Battery voltage,V,Battery,368.25,numeric,05 62 1E 3B 05 C1 AA AA
sd_2A73E1CC/00000013,148.37625,FF,7741.0,HV Battery current,A,Battery,-2.4,partial,10 08 62 1E 3D 00 02 49
sd_2A73E1CC/00000013,149.17624999999998,SF,652.0,SOC (BMS),%,Battery,67.6,numeric,04 62 02 8C A9 AA AA AA
sd_2A73E1CC/00000013,149.2763,SF,7739.0,HV Battery voltage,V,Battery,368.25,numeric,05 62 1E 3B 05 C1 AA AA
sd_2A73E1CC/00000013,149.3763,FF,7741.0,HV Battery current,A,Battery,-2.4,partial,10 08 62 1E 3D 00 02 49
sd_2A73E1CC/00000013,149.47629999999998,SF,10763.0,HV Battery temp (main value),°C,Battery,9.5,numeric,04 62 2A 0B 63 AA AA AA
sd_2A73E1CC/00000013,149.5763,SF,7694.0,HV Battery max temp and temp point,°C,Battery,10.0,numeric,07 62 1E 0E 02 80 00 01
sd_2A73E1CC/00000013,149.67655,SF,29768.0,Car operation mode,logic,Technical,driving,enum,04 62 74 48 01 AA AA AA
sd_2A73E1CC/00000013,150.1763,SF,652.0,SOC (BMS),%,Battery,67.6,numeric,04 62 02 8C A9 AA AA AA
sd_2A73E1CC/00000013,150.2763,SF,7739.0,HV Battery voltage,V,Battery,368.25,numeric,05 62 1E 3B 05 C1 AA AA
sd_2A73E1CC/00000013,150.3763,FF,7741.0,HV Battery current,A,Battery,-4.96,partial,10 08 62 1E 3D 00 02 48
sd_2A73E1CC/00000013,151.1764,SF,652.0,SOC (BMS),%,Battery,67.6,numeric,04 62 02 8C A9 AA AA AA
sd_2A73E1CC/00000013,151.27634999999998,SF,7739.0,HV Battery voltage,V,Battery,368.25,numeric,05 62 1E 3B 05 C1 AA AA
sd_2A73E1CC/00000013,151.37635,FF,7741.0,HV Battery current,A,Battery,-4.96,partial,10 08 62 1E 3D 00 02 48
sd_2A73E1CC/00000013,151.47674999999998,SF,10763.0,HV Battery temp (main value),°C,Battery,9.5,numeric,04 62 2A 0B 63 AA AA AA
sd_2A73E1CC/00000013,151.5764,SF,7694.0,HV Battery max temp and temp point,°C,Battery,10.0,numeric,07 62 1E 0E 02 80 00 01
sd_2A73E1CC/00000013,151.6764,SF,29768.0,Car operation mode,logic,Technical,driving,enum,04 62 74 48 01 AA AA AA
sd_2A73E1CC/00000013,152.1764,SF,652.0,SOC (BMS),%,Battery,67.6,numeric,04 62 02 8C A9 AA AA AA
sd_2A73E1CC/00000013,152.27644999999998,SF,7739.0,HV Battery voltage,V,Battery,368.25,numeric,05 62 1E 3B 05 C1 AA AA
sd_2A73E1CC/00000013,152.37675,FF,7741.0,HV Battery current,A,Battery,-4.96,partial,10 08 62 1E 3D 00 02 48
sd_2A73E1CC/00000013,153.1765,SF,652.0,SOC (BMS),%,Battery,67.6,numeric,04 62 02 8C A9 AA AA AA
sd_2A73E1CC/00000013,153.27679999999998,SF,7739.0,HV Battery voltage,V,Battery,368.25,numeric,05 62 1E 3B 05 C1 AA AA
sd_2A73E1CC/00000013,153.3765,FF,7741.0,HV Battery current,A,Battery,-4.96,partial,10 08 62 1E 3D 00 02 48
sd_2A73E1CC/00000013,153.4765,SF,10763.0,HV Battery temp (main value),°C,Battery,9.5,numeric,04 62 2A 0B 63 AA AA AA
sd_2A73E1CC/00000013,153.57649999999998,SF,7694.0,HV Battery max temp and temp point,°C,Battery,10.0,numeric,07 62 1E 0E 02 80 00 01
sd_2A73E1CC/00000013,153.6765,SF,29768.0,Car operation mode,logic,Technical,driving,enum,04 62 74 48 01 AA AA AA
sd_2A73E1CC/00000013,154.17685,SF,652.0,SOC (BMS),%,Battery,67.6,numeric,04 62 02 8C A9 AA AA AA
sd_2A73E1CC/00000013,154.27655,SF,7739.0,HV Battery voltage,V,Battery,368.0,numeric,05 62 1E 3B 05 C0 AA AA
sd_2A73E1CC/00000013,154.37654999999998,FF,7741.0,HV Battery current,A,Battery,-4.96,partial,10 08 62 1E 3D 00 02 48
sd_2A73E1CC/00000013,155.17659999999998,SF,652.0,SOC (BMS),%,Battery,67.6,numeric,04 62 02 8C A9 AA AA AA
sd_2A73E1CC/00000013,155.2766,SF,7739.0,HV Battery voltage,V,Battery,368.25,numeric,05 62 1E 3B 05 C1 AA AA
sd_2A73E1CC/00000013,155.3766,FF,7741.0,HV Battery current,A,Battery,-4.96,partial,10 08 62 1E 3D 00 02 48
sd_2A73E1CC/00000013,155.4766,SF,10763.0,HV Battery temp (main value),°C,Battery,9.5,numeric,04 62 2A 0B 63 AA AA AA
sd_2A73E1CC/00000013,155.57665,SF,7694.0,HV Battery max temp and temp point,°C,Battery,10.0,numeric,07 62 1E 0E 02 80 00 01
sd_2A73E1CC/00000013,155.67665,SF,29768.0,Car operation mode,logic,Technical,driving,enum,04 62 74 48 01 AA AA AA
sd_2A73E1CC/00000013,156.17665,SF,652.0,SOC (BMS),%,Battery,67.6,numeric,04 62 02 8C A9 AA AA AA
sd_2A73E1CC/00000013,156.27675,SF,7739.0,HV Battery voltage,V,Battery,368.0,numeric,05 62 1E 3B 05 C0 AA AA
sd_2A73E1CC/00000013,156.3767,FF,7741.0,HV Battery current,A,Battery,-4.96,partial,10 08 62 1E 3D 00 02 48
sd_2A73E1CC/00000013,157.17675,SF,652.0,SOC (BMS),%,Battery,67.6,numeric,04 62 02 8C A9 AA AA AA
sd_2A73E1CC/00000013,157.27675,SF,7739.0,HV Battery voltage,V,Battery,368.25,numeric,05 62 1E 3B 05 C1 AA AA
sd_2A73E1CC/00000013,157.37675,FF,7741.0,HV Battery current,A,Battery,-4.96,partial,10 08 62 1E 3D 00 02 48
sd_2A73E1CC/00000013,157.47674999999998,SF,10763.0,HV Battery temp (main value),°C,Battery,9.5,numeric,04 62 2A 0B 63 AA AA AA
sd_2A73E1CC/00000013,157.57675,SF,7694.0,HV Battery max temp and temp point,°C,Battery,10.0,numeric,07 62 1E 0E 02 80 00 01
sd_2A73E1CC/00000013,157.67675,SF,29768.0,Car operation mode,logic,Technical,driving,enum,04 62 74 48 01 AA AA AA
sd_2A73E1CC/00000013,158.1768,SF,652.0,SOC (BMS),%,Battery,67.6,numeric,04 62 02 8C A9 AA AA AA
sd_2A73E1CC/00000013,158.27679999999998,SF,7739.0,HV Battery voltage,V,Battery,368.25,numeric,05 62 1E 3B 05 C1 AA AA
sd_2A73E1CC/00000013,158.3768,FF,7741.0,HV Battery current,A,Battery,-4.96,partial,10 08 62 1E 3D 00 02 48
sd_2A73E1CC/00000013,159.17685,SF,652.0,SOC (BMS),%,Battery,67.6,numeric,04 62 02 8C A9 AA AA AA
sd_2A73E1CC/00000013,159.27685,SF,7739.0,HV Battery voltage,V,Battery,368.25,numeric,05 62 1E 3B 05 C1 AA AA
sd_2A73E1CC/00000013,159.37685,FF,7741.0,HV Battery current,A,Battery,-4.96,partial,10 08 62 1E 3D 00 02 48
sd_2A73E1CC/00000013,159.47684999999998,SF,10763.0,HV Battery temp (main value),°C,Battery,9.5,numeric,04 62 2A 0B 63 AA AA AA
sd_2A73E1CC/00000013,159.5772,SF,7694.0,HV Battery max temp and temp point,°C,Battery,10.0,numeric,07 62 1E 0E 02 80 00 01
sd_2A73E1CC/00000013,159.6769,SF,29768.0,Car operation mode,logic,Technical,driving,enum,04 62 74 48 01 AA AA AA
sd_2A73E1CC/00000013,160.1769,SF,652.0,SOC (BMS),%,Battery,67.6,numeric,04 62 02 8C A9 AA AA AA
sd_2A73E1CC/00000013,160.27689999999998,SF,7739.0,HV Battery voltage,V,Battery,368.25,numeric,05 62 1E 3B 05 C1 AA AA
sd_2A73E1CC/00000013,160.3769,FF,7741.0,HV Battery current,A,Battery,-4.96,partial,10 08 62 1E 3D 00 02 48
sd_2A73E1CC/00000013,161.17695,SF,652.0,SOC (BMS),%,Battery,67.6,numeric,04 62 02 8C A9 AA AA AA
sd_2A73E1CC/00000013,161.27695,SF,7739.0,HV Battery voltage,V,Battery,368.25,numeric,05 62 1E 3B 05 C1 AA AA
sd_2A73E1CC/00000013,161.3773,FF,7741.0,HV Battery current,A,Battery,-4.96,partial,10 08 62 1E 3D 00 02 48
sd_2A73E1CC/00000013,161.47695,SF,10763.0,HV Battery temp (main value),°C,Battery,9.5,numeric,04 62 2A 0B 63 AA AA AA
sd_2A73E1CC/00000013,161.577,SF,7694.0,HV Battery max temp and temp point,°C,Battery,10.0,numeric,07 62 1E 0E 02 80 00 01
sd_2A73E1CC/00000013,161.677,SF,29768.0,Car operation mode,logic,Technical,driving,enum,04 62 74 48 01 AA AA AA
sd_2A73E1CC/00000013,162.177,SF,652.0,SOC (BMS),%,Battery,67.6,numeric,04 62 02 8C A9 AA AA AA
sd_2A73E1CC/00000013,162.2773,SF,7739.0,HV Battery voltage,V,Battery,368.25,numeric,05 62 1E 3B 05 C1 AA AA
sd_2A73E1CC/00000013,162.37705,FF,7741.0,HV Battery current,A,Battery,-4.96,partial,10 08 62 1E 3D 00 02 48
sd_2A73E1CC/00000013,163.1774,SF,652.0,SOC (BMS),%,Battery,67.6,numeric,04 62 02 8C A9 AA AA AA
sd_2A73E1CC/00000013,163.2771,SF,7739.0,HV Battery voltage,V,Battery,368.25,numeric,05 62 1E 3B 05 C1 AA AA
sd_2A73E1CC/00000013,163.37709999999998,FF,7741.0,HV Battery current,A,Battery,-2.4,partial,10 08 62 1E 3D 00 02 49
sd_2A73E1CC/00000013,163.47709999999998,SF,10763.0,HV Battery temp (main value),°C,Battery,9.5,numeric,04 62 2A 0B 63 AA AA AA
sd_2A73E1CC/00000013,163.5771,SF,7694.0,HV Battery max temp and temp point,°C,Battery,10.0,numeric,07 62 1E 0E 02 80 00 01
sd_2A73E1CC/00000013,163.6771,SF,29768.0,Car operation mode,logic,Technical,driving,enum,04 62 74 48 01 AA AA AA
sd_2A73E1CC/00000013,164.1771,SF,652.0,SOC (BMS),%,Battery,67.6,numeric,04 62 02 8C A9 AA AA AA
sd_2A73E1CC/00000013,164.27715,SF,7739.0,HV Battery voltage,V,Battery,368.25,numeric,05 62 1E 3B 05 C1 AA AA
sd_2A73E1CC/00000013,164.37715,FF,7741.0,HV Battery current,A,Battery,-2.4,partial,10 08 62 1E 3D 00 02 49
sd_2A73E1CC/00000013,165.1772,SF,652.0,SOC (BMS),%,Battery,67.6,numeric,04 62 02 8C A9 AA AA AA
sd_2A73E1CC/00000013,165.2772,SF,7739.0,HV Battery voltage,V,Battery,368.25,numeric,05 62 1E 3B 05 C1 AA AA
sd_2A73E1CC/00000013,165.37725,FF,7741.0,HV Battery current,A,Battery,-2.4,partial,10 08 62 1E 3D 00 02 49
sd_2A73E1CC/00000013,165.47719999999998,SF,10763.0,HV Battery temp (main value),°C,Battery,9.5,numeric,04 62 2A 0B 63 AA AA AA
sd_2A73E1CC/00000013,165.57725,SF,7694.0,HV Battery max temp and temp point,°C,Battery,10.0,numeric,07 62 1E 0E 02 80 00 01
sd_2A73E1CC/00000013,165.6772,SF,29768.0,Car operation mode,logic,Technical,driving,enum,04 62 74 48 01 AA AA AA
sd_2A73E1CC/00000013,166.17725,SF,652.0,SOC (BMS),%,Battery,67.6,numeric,04 62 02 8C A9 AA AA AA
sd_2A73E1CC/00000013,166.27724999999998,SF,7739.0,HV Battery voltage,V,Battery,368.25,numeric,05 62 1E 3B 05 C1 AA AA
sd_2A73E1CC/00000013,166.37725,FF,7741.0,HV Battery current,A,Battery,-2.4,partial,10 08 62 1E 3D 00 02 49
sd_2A73E1CC/00000013,167.1773,SF,652.0,SOC (BMS),%,Battery,67.6,numeric,04 62 02 8C A9 AA AA AA
sd_2A73E1CC/00000013,167.2773,SF,7739.0,HV Battery voltage,V,Battery,368.25,numeric,05 62 1E 3B 05 C1 AA AA
sd_2A73E1CC/00000013,167.37744999999998,FF,7741.0,HV Battery current,A,Battery,-2.4,partial,10 08 62 1E 3D 00 02 49
sd_2A73E1CC/00000013,167.47735,SF,10763.0,HV Battery temp (main value),°C,Battery,9.5,numeric,04 62 2A 0B 63 AA AA AA
sd_2A73E1CC/00000013,167.57735,SF,7694.0,HV Battery max temp and temp point,°C,Battery,10.0,numeric,07 62 1E 0E 02 80 00 01
sd_2A73E1CC/00000013,167.67765,SF,29768.0,Car operation mode,logic,Technical,driving,enum,04 62 74 48 01 AA AA AA
sd_2A73E1CC/00000013,168.17735,SF,652.0,SOC (BMS),%,Battery,67.6,numeric,04 62 02 8C A9 AA AA AA
sd_2A73E1CC/00000013,168.27734999999998,SF,7739.0,HV Battery voltage,V,Battery,368.25,numeric,05 62 1E 3B 05 C1 AA AA
sd_2A73E1CC/00000013,168.3774,FF,7741.0,HV Battery current,A,Battery,-2.4,partial,10 08 62 1E 3D 00 02 49
sd_2A73E1CC/00000013,169.17745,SF,652.0,SOC (BMS),%,Battery,67.6,numeric,04 62 02 8C A9 AA AA AA
sd_2A73E1CC/00000013,169.27745,SF,7739.0,HV Battery voltage,V,Battery,368.25,numeric,05 62 1E 3B 05 C1 AA AA
sd_2A73E1CC/00000013,169.37744999999998,FF,7741.0,HV Battery current,A,Battery,-2.4,partial,10 08 62 1E 3D 00 02 49
sd_2A73E1CC/00000013,169.47775,SF,10763.0,HV Battery temp (main value),°C,Battery,9.5,numeric,04 62 2A 0B 63 AA AA AA
sd_2A73E1CC/00000013,169.57745,SF,7694.0,HV Battery max temp and temp point,°C,Battery,10.0,numeric,07 62 1E 0E 02 80 00 01
sd_2A73E1CC/00000013,169.67745,SF,29768.0,Car operation mode,logic,Technical,driving,enum,04 62 74 48 01 AA AA AA
sd_2A73E1CC/00000013,170.17749999999998,SF,652.0,SOC (BMS),%,Battery,67.6,numeric,04 62 02 8C A9 AA AA AA
sd_2A73E1CC/00000013,170.2775,SF,7739.0,HV Battery voltage,V,Battery,368.25,numeric,05 62 1E 3B 05 C1 AA AA
sd_2A73E1CC/00000013,170.37779999999998,FF,7741.0,HV Battery current,A,Battery,-2.4,partial,10 08 62 1E 3D 00 02 49
sd_2A73E1CC/00000013,171.17755,SF,652.0,SOC (BMS),%,Battery,67.6,numeric,04 62 02 8C A9 AA AA AA
sd_2A73E1CC/00000013,171.27785,SF,7739.0,HV Battery voltage,V,Battery,368.25,numeric,05 62 1E 3B 05 C1 AA AA
sd_2A73E1CC/00000013,171.3776,FF,7741.0,HV Battery current,A,Battery,-2.4,partial,10 08 62 1E 3D 00 02 49
sd_2A73E1CC/00000013,171.47754999999998,SF,10763.0,HV Battery temp (main value),°C,Battery,9.5,numeric,04 62 2A 0B 63 AA AA AA
sd_2A73E1CC/00000013,171.5776,SF,7694.0,HV Battery max temp and temp point,°C,Battery,10.0,numeric,07 62 1E 0E 02 80 00 01
sd_2A73E1CC/00000013,171.67759999999998,SF,29768.0,Car operation mode,logic,Technical,driving,enum,04 62 74 48 01 AA AA AA
sd_2A73E1CC/00000013,172.1779,SF,652.0,SOC (BMS),%,Battery,67.6,numeric,04 62 02 8C A9 AA AA AA
sd_2A73E1CC/00000013,172.27759999999998,SF,7739.0,HV Battery voltage,V,Battery,368.25,numeric,05 62 1E 3B 05 C1 AA AA
sd_2A73E1CC/00000013,172.3776,FF,7741.0,HV Battery current,A,Battery,-2.4,partial,10 08 62 1E 3D 00 02 49
sd_2A73E1CC/00000013,173.17765,SF,652.0,SOC (BMS),%,Battery,67.6,numeric,04 62 02 8C A9 AA AA AA
sd_2A73E1CC/00000013,173.27769999999998,SF,7739.0,HV Battery voltage,V,Battery,368.25,numeric,05 62 1E 3B 05 C1 AA AA
sd_2A73E1CC/00000013,173.3777,FF,7741.0,HV Battery current,A,Battery,-2.4,partial,10 08 62 1E 3D 00 02 49
sd_2A73E1CC/00000013,173.4777,SF,10763.0,HV Battery temp (main value),°C,Battery,9.5,numeric,04 62 2A 0B 63 AA AA AA
sd_2A73E1CC/00000013,173.5777,SF,7694.0,HV Battery max temp and temp point,°C,Battery,10.0,numeric,07 62 1E 0E 02 80 00 01
sd_2A73E1CC/00000013,173.67775,SF,29768.0,Car operation mode,logic,Technical,driving,enum,04 62 74 48 01 AA AA AA
sd_2A73E1CC/00000013,174.17775,SF,652.0,SOC (BMS),%,Battery,67.6,numeric,04 62 02 8C A9 AA AA AA
sd_2A73E1CC/00000013,174.27775,SF,7739.0,HV Battery voltage,V,Battery,368.25,numeric,05 62 1E 3B 05 C1 AA AA
sd_2A73E1CC/00000013,174.37779999999998,FF,7741.0,HV Battery current,A,Battery,-2.4,partial,10 08 62 1E 3D 00 02 49
sd_2A73E1CC/00000013,175.17784999999998,SF,652.0,SOC (BMS),%,Battery,67.6,numeric,04 62 02 8C A9 AA AA AA
sd_2A73E1CC/00000013,175.27779999999998,SF,7739.0,HV Battery voltage,V,Battery,368.25,numeric,05 62 1E 3B 05 C1 AA AA
sd_2A73E1CC/00000013,175.37779999999998,FF,7741.0,HV Battery current,A,Battery,-2.4,partial,10 08 62 1E 3D 00 02 49
sd_2A73E1CC/00000013,175.4778,SF,10763.0,HV Battery temp (main value),°C,Battery,9.5,numeric,04 62 2A 0B 63 AA AA AA
sd_2A73E1CC/00000013,175.57784999999998,SF,7694.0,HV Battery max temp and temp point,°C,Battery,10.0,numeric,07 62 1E 0E 02 80 00 01
sd_2A73E1CC/00000013,175.67784999999998,SF,29768.0,Car operation mode,logic,Technical,driving,enum,04 62 74 48 01 AA AA AA
sd_2A73E1CC/00000013,176.17784999999998,SF,652.0,SOC (BMS),%,Battery,67.6,numeric,04 62 02 8C A9 AA AA AA
sd_2A73E1CC/00000017,1.1895,SF,652.0,SOC (BMS),%,Battery,66.8,numeric,04 62 02 8C A7 AA AA AA
sd_2A73E1CC/00000017,2.18955,SF,652.0,SOC (BMS),%,Battery,66.8,numeric,04 62 02 8C A7 AA AA AA
sd_2A73E1CC/00000017,3.1896,SF,652.0,SOC (BMS),%,Battery,66.8,numeric,04 62 02 8C A7 AA AA AA
sd_2A73E1CC/00000017,4.189649999999999,SF,652.0,SOC (BMS),%,Battery,66.8,numeric,04 62 02 8C A7 AA AA AA
sd_2A73E1CC/00000017,5.18975,SF,652.0,SOC (BMS),%,Battery,66.8,numeric,04 62 02 8C A7 AA AA AA
sd_2A73E1CC/00000017,6.1898,SF,652.0,SOC (BMS),%,Battery,66.8,numeric,04 62 02 8C A7 AA AA AA
sd_2A73E1CC/00000017,7.18985,SF,652.0,SOC (BMS),%,Battery,66.8,numeric,04 62 02 8C A7 AA AA AA
sd_2A73E1CC/00000017,8.1899,SF,652.0,SOC (BMS),%,Battery,66.8,numeric,04 62 02 8C A7 AA AA AA
sd_2A73E1CC/00000017,9.19005,SF,652.0,SOC (BMS),%,Battery,66.8,numeric,04 62 02 8C A7 AA AA AA
sd_2A73E1CC/00000017,10.19005,SF,652.0,SOC (BMS),%,Battery,66.8,numeric,04 62 02 8C A7 AA AA AA
sd_2A73E1CC/00000017,11.1901,SF,652.0,SOC (BMS),%,Battery,66.8,numeric,04 62 02 8C A7 AA AA AA
sd_2A73E1CC/00000017,12.19015,SF,652.0,SOC (BMS),%,Battery,66.8,numeric,04 62 02 8C A7 AA AA AA
sd_2A73E1CC/00000017,13.190199999999999,SF,652.0,SOC (BMS),%,Battery,66.8,numeric,04 62 02 8C A7 AA AA AA
sd_2A73E1CC/00000017,14.190299999999999,SF,652.0,SOC (BMS),%,Battery,66.8,numeric,04 62 02 8C A7 AA AA AA
sd_2A73E1CC/00000017,15.190349999999999,SF,652.0,SOC (BMS),%,Battery,66.8,numeric,04 62 02 8C A7 AA AA AA
sd_2A73E1CC/00000017,16.1904,SF,652.0,SOC (BMS),%,Battery,66.8,numeric,04 62 02 8C A7 AA AA AA
sd_2A73E1CC/00000017,17.19045,SF,652.0,SOC (BMS),%,Battery,66.8,numeric,04 62 02 8C A7 AA AA AA
sd_2A73E1CC/00000017,18.1905,SF,652.0,SOC (BMS),%,Battery,66.8,numeric,04 62 02 8C A7 AA AA AA
sd_2A73E1CC/00000017,19.1906,SF,652.0,SOC (BMS),%,Battery,66.8,numeric,04 62 02 8C A7 AA AA AA
sd_2A73E1CC/00000017,20.1906,SF,652.0,SOC (BMS),%,Battery,66.8,numeric,04 62 02 8C A7 AA AA AA
sd_2A73E1CC/00000017,21.1907,SF,652.0,SOC (BMS),%,Battery,66.8,numeric,04 62 02 8C A7 AA AA AA
sd_2A73E1CC/00000017,22.190749999999998,SF,652.0,SOC (BMS),%,Battery,66.8,numeric,04 62 02 8C A7 AA AA AA
sd_2A73E1CC/00000017,23.190849999999998,SF,652.0,SOC (BMS),%,Battery,66.8,numeric,04 62 02 8C A7 AA AA AA
sd_2A73E1CC/00000017,24.1909,SF,652.0,SOC (BMS),%,Battery,66.8,numeric,04 62 02 8C A7 AA AA AA
sd_2A73E1CC/00000017,25.190949999999997,SF,652.0,SOC (BMS),%,Battery,66.8,numeric,04 62 02 8C A7 AA AA AA
sd_2A73E1CC/00000017,26.191,SF,652.0,SOC (BMS),%,Battery,66.8,numeric,04 62 02 8C A7 AA AA AA
sd_2A73E1CC/00000017,27.191049999999997,SF,652.0,SOC (BMS),%,Battery,66.8,numeric,04 62 02 8C A7 AA AA AA
sd_2A73E1CC/00000017,28.1911,SF,652.0,SOC (BMS),%,Battery,66.8,numeric,04 62 02 8C A7 AA AA AA
sd_2A73E1CC/00000017,29.1912,SF,652.0,SOC (BMS),%,Battery,66.8,numeric,04 62 02 8C A7 AA AA AA
sd_2A73E1CC/00000017,30.19125,SF,652.0,SOC (BMS),%,Battery,66.8,numeric,04 62 02 8C A7 AA AA AA
sd_2A73E1CC/00000017,31.1913,SF,652.0,SOC (BMS),%,Battery,66.8,numeric,04 62 02 8C A7 AA AA AA
sd_2A73E1CC/00000017,32.19135,SF,652.0,SOC (BMS),%,Battery,66.8,numeric,04 62 02 8C A7 AA AA AA
sd_2A73E1CC/00000017,33.1914,SF,652.0,SOC (BMS),%,Battery,66.8,numeric,04 62 02 8C A7 AA AA AA
sd_2A73E1CC/00000017,34.191449999999996,SF,652.0,SOC (BMS),%,Battery,66.8,numeric,04 62 02 8C A7 AA AA AA
sd_2A73E1CC/00000017,35.19175,SF,652.0,SOC (BMS),%,Battery,66.8,numeric,04 62 02 8C A7 AA AA AA
sd_2A73E1CC/00000017,36.191849999999995,SF,652.0,SOC (BMS),%,Battery,66.8,numeric,04 62 02 8C A7 AA AA AA
sd_2A73E1CC/00000017,37.1919,SF,652.0,SOC (BMS),%,Battery,66.8,numeric,04 62 02 8C A7 AA AA AA
sd_2A73E1CC/00000017,38.19195,SF,652.0,SOC (BMS),%,Battery,66.8,numeric,04 62 02 8C A7 AA AA AA
sd_2A73E1CC/00000017,39.192099999999996,SF,652.0,SOC (BMS),%,Battery,66.8,numeric,04 62 02 8C A7 AA AA AA
sd_2A73E1CC/00000017,40.192099999999996,SF,652.0,SOC (BMS),%,Battery,66.8,numeric,04 62 02 8C A7 AA AA AA
sd_2A73E1CC/00000017,41.19215,SF,652.0,SOC (BMS),%,Battery,66.8,numeric,04 62 02 8C A7 AA AA AA
sd_2A73E1CC/00000017,42.19225,SF,652.0,SOC (BMS),%,Battery,66.8,numeric,04 62 02 8C A7 AA AA AA
sd_2A73E1CC/00000017,43.19265,SF,652.0,SOC (BMS),%,Battery,66.8,numeric,04 62 02 8C A7 AA AA AA
sd_2A73E1CC/00000017,44.19265,SF,652.0,SOC (BMS),%,Battery,66.8,numeric,04 62 02 8C A7 AA AA AA
sd_2A73E1CC/00000017,45.19265,SF,652.0,SOC (BMS),%,Battery,66.8,numeric,04 62 02 8C A7 AA AA AA
sd_2A73E1CC/00000017,46.19265,SF,652.0,SOC (BMS),%,Battery,66.8,numeric,04 62 02 8C A7 AA AA AA
sd_2A73E1CC/00000017,47.1924,SF,652.0,SOC (BMS),%,Battery,66.8,numeric,04 62 02 8C A7 AA AA AA
sd_2A73E1CC/00000017,48.19245,SF,652.0,SOC (BMS),%,Battery,66.8,numeric,04 62 02 8C A7 AA AA AA
sd_2A73E1CC/00000017,49.19245,SF,652.0,SOC (BMS),%,Battery,66.8,numeric,04 62 02 8C A7 AA AA AA
sd_2A73E1CC/00000017,50.19255,SF,652.0,SOC (BMS),%,Battery,66.8,numeric,04 62 02 8C A7 AA AA AA
sd_2A73E1CC/00000017,51.1926,SF,652.0,SOC (BMS),%,Battery,66.8,numeric,04 62 02 8C A7 AA AA AA
sd_2A73E1CC/00000017,52.19265,SF,652.0,SOC (BMS),%,Battery,66.8,numeric,04 62 02 8C A7 AA AA AA
sd_2A73E1CC/00000017,53.192699999999995,SF,652.0,SOC (BMS),%,Battery,66.8,numeric,04 62 02 8C A7 AA AA AA
sd_2A73E1CC/00000017,54.19275,SF,652.0,SOC (BMS),%,Battery,66.8,numeric,04 62 02 8C A7 AA AA AA
sd_2A73E1CC/00000017,55.19275,SF,652.0,SOC (BMS),%,Battery,66.8,numeric,04 62 02 8C A7 AA AA AA
sd_2A73E1CC/00000017,56.1928,SF,652.0,SOC (BMS),%,Battery,66.8,numeric,04 62 02 8C A7 AA AA AA
sd_2A73E1CC/00000017,57.193099999999994,SF,652.0,SOC (BMS),%,Battery,66.8,numeric,04 62 02 8C A7 AA AA AA
sd_2A73E1CC/00000017,58.193149999999996,SF,652.0,SOC (BMS),%,Battery,66.8,numeric,04 62 02 8C A7 AA AA AA
sd_2A73E1CC/00000017,59.1932,SF,652.0,SOC (BMS),%,Battery,66.8,numeric,04 62 02 8C A7 AA AA AA
sd_2A73E1CC/00000017,60.19325,SF,652.0,SOC (BMS),%,Battery,66.8,numeric,04 62 02 8C A7 AA AA AA
sd_2A73E1CC/00000017,61.1933,SF,652.0,SOC (BMS),%,Battery,66.8,numeric,04 62 02 8C A7 AA AA AA
sd_2A73E1CC/00000017,62.193349999999995,SF,652.0,SOC (BMS),%,Battery,66.8,numeric,04 62 02 8C A7 AA AA AA
sd_2A73E1CC/00000017,63.1934,SF,652.0,SOC (BMS),%,Battery,66.8,numeric,04 62 02 8C A7 AA AA AA
sd_2A73E1CC/00000017,64.19345,SF,652.0,SOC (BMS),%,Battery,66.8,numeric,04 62 02 8C A7 AA AA AA
sd_2A73E1CC/00000017,65.1935,SF,652.0,SOC (BMS),%,Battery,66.8,numeric,04 62 02 8C A7 AA AA AA
sd_2A73E1CC/00000017,66.19355,SF,652.0,SOC (BMS),%,Battery,66.8,numeric,04 62 02 8C A7 AA AA AA
sd_2A73E1CC/00000017,67.19355,SF,652.0,SOC (BMS),%,Battery,66.8,numeric,04 62 02 8C A7 AA AA AA
sd_2A73E1CC/00000017,68.1891,SF,652.0,SOC (BMS),%,Battery,66.8,numeric,04 62 02 8C A7 AA AA AA
sd_2A73E1CC/00000017,69.1891,SF,652.0,SOC (BMS),%,Battery,66.8,numeric,04 62 02 8C A7 AA AA AA
sd_2A73E1CC/00000017,70.18915,SF,652.0,SOC (BMS),%,Battery,66.8,numeric,04 62 02 8C A7 AA AA AA
sd_2A73E1CC/00000017,71.1892,SF,652.0,SOC (BMS),%,Battery,66.8,numeric,04 62 02 8C A7 AA AA AA
sd_2A73E1CC/00000017,72.18925,SF,652.0,SOC (BMS),%,Battery,66.8,numeric,04 62 02 8C A7 AA AA AA
sd_2A73E1CC/00000017,73.1893,SF,652.0,SOC (BMS),%,Battery,66.8,numeric,04 62 02 8C A7 AA AA AA
sd_2A73E1CC/00000017,74.18939999999999,SF,652.0,SOC (BMS),%,Battery,66.8,numeric,04 62 02 8C A7 AA AA AA
sd_2A73E1CC/00000017,75.18945,SF,652.0,SOC (BMS),%,Battery,66.8,numeric,04 62 02 8C A7 AA AA AA
sd_2A73E1CC/00000017,76.1895,SF,652.0,SOC (BMS),%,Battery,66.8,numeric,04 62 02 8C A7 AA AA AA
sd_2A73E1CC/00000017,77.1896,SF,652.0,SOC (BMS),%,Battery,66.8,numeric,04 62 02 8C A7 AA AA AA
sd_2A73E1CC/00000017,78.18955,SF,652.0,SOC (BMS),%,Battery,66.8,numeric,04 62 02 8C A7 AA AA AA
sd_2A73E1CC/00000017,79.1896,SF,652.0,SOC (BMS),%,Battery,66.8,numeric,04 62 02 8C A7 AA AA AA
sd_2A73E1CC/00000017,80.18965,SF,652.0,SOC (BMS),%,Battery,66.8,numeric,04 62 02 8C A7 AA AA AA
sd_2A73E1CC/00000017,81.18965,SF,652.0,SOC (BMS),%,Battery,66.8,numeric,04 62 02 8C A7 AA AA AA
sd_2A73E1CC/00000017,82.18974999999999,SF,652.0,SOC (BMS),%,Battery,66.8,numeric,04 62 02 8C A7 AA AA AA
sd_2A73E1CC/00000017,83.18979999999999,SF,652.0,SOC (BMS),%,Battery,66.8,numeric,04 62 02 8C A7 AA AA AA
sd_2A73E1CC/00000017,84.18984999999999,SF,652.0,SOC (BMS),%,Battery,66.8,numeric,04 62 02 8C A7 AA AA AA
sd_2A73E1CC/00000017,85.1899,SF,652.0,SOC (BMS),%,Battery,66.8,numeric,04 62 02 8C A7 AA AA AA
sd_2A73E1CC/00000017,86.18995,SF,652.0,SOC (BMS),%,Battery,66.8,numeric,04 62 02 8C A7 AA AA AA
sd_2A73E1CC/00000017,87.19005,SF,652.0,SOC (BMS),%,Battery,66.8,numeric,04 62 02 8C A7 AA AA AA
sd_2A73E1CC/00000017,88.1901,SF,652.0,SOC (BMS),%,Battery,66.8,numeric,04 62 02 8C A7 AA AA AA
sd_2A73E1CC/00000017,89.1901,SF,652.0,SOC (BMS),%,Battery,66.8,numeric,04 62 02 8C A7 AA AA AA
sd_2A73E1CC/00000017,90.19019999999999,SF,652.0,SOC (BMS),%,Battery,66.8,numeric,04 62 02 8C A7 AA AA AA
sd_2A73E1CC/00000017,91.1903,SF,652.0,SOC (BMS),%,Battery,66.8,numeric,04 62 02 8C A7 AA AA AA
sd_2A73E1CC/00000017,92.1903,SF,652.0,SOC (BMS),%,Battery,66.8,numeric,04 62 02 8C A7 AA AA AA
sd_2A73E1CC/00000017,93.1904,SF,652.0,SOC (BMS),%,Battery,66.8,numeric,04 62 02 8C A7 AA AA AA
sd_2A73E1CC/00000017,94.19045,SF,652.0,SOC (BMS),%,Battery,66.8,numeric,04 62 02 8C A7 AA AA AA
sd_2A73E1CC/00000017,95.19085,SF,652.0,SOC (BMS),%,Battery,66.8,numeric,04 62 02 8C A7 AA AA AA
sd_2A73E1CC/00000017,96.1909,SF,652.0,SOC (BMS),%,Battery,66.8,numeric,04 62 02 8C A7 AA AA AA
sd_2A73E1CC/00000017,97.19095,SF,652.0,SOC (BMS),%,Battery,66.8,numeric,04 62 02 8C A7 AA AA AA
sd_2A73E1CC/00000017,98.191,SF,652.0,SOC (BMS),%,Battery,66.8,numeric,04 62 02 8C A7 AA AA AA
sd_2A73E1CC/00000017,99.19104999999999,SF,652.0,SOC (BMS),%,Battery,66.8,numeric,04 62 02 8C A7 AA AA AA
sd_2A73E1CC/00000017,100.19115,SF,652.0,SOC (BMS),%,Battery,66.8,numeric,04 62 02 8C A7 AA AA AA
sd_2A73E1CC/00000017,101.19115,SF,652.0,SOC (BMS),%,Battery,66.8,numeric,04 62 02 8C A7 AA AA AA
sd_2A73E1CC/00000017,102.19125,SF,652.0,SOC (BMS),%,Battery,66.8,numeric,04 62 02 8C A7 AA AA AA
sd_2A73E1CC/00000017,103.1913,SF,652.0,SOC (BMS),%,Battery,66.8,numeric,04 62 02 8C A7 AA AA AA
sd_2A73E1CC/00000017,104.1913,SF,652.0,SOC (BMS),%,Battery,66.8,numeric,04 62 02 8C A7 AA AA AA
sd_2A73E1CC/00000017,105.19135,SF,652.0,SOC (BMS),%,Battery,66.8,numeric,04 62 02 8C A7 AA AA AA
sd_2A73E1CC/00000017,106.19144999999999,SF,652.0,SOC (BMS),%,Battery,66.8,numeric,04 62 02 8C A7 AA AA AA
sd_2A73E1CC/00000017,107.19149999999999,SF,652.0,SOC (BMS),%,Battery,66.8,numeric,04 62 02 8C A7 AA AA AA
sd_2A73E1CC/00000017,108.19154999999999,SF,652.0,SOC (BMS),%,Battery,66.8,numeric,04 62 02 8C A7 AA AA AA
sd_2A73E1CC/00000017,109.1916,SF,652.0,SOC (BMS),%,Battery,66.8,numeric,04 62 02 8C A7 AA AA AA
sd_2A73E1CC/00000017,110.19175,SF,652.0,SOC (BMS),%,Battery,66.8,numeric,04 62 02 8C A7 AA AA AA
sd_2A73E1CC/00000017,111.19175,SF,652.0,SOC (BMS),%,Battery,66.8,numeric,04 62 02 8C A7 AA AA AA
sd_2A73E1CC/00000017,112.19189999999999,SF,652.0,SOC (BMS),%,Battery,66.8,numeric,04 62 02 8C A7 AA AA AA
sd_2A73E1CC/00000017,113.19189999999999,SF,652.0,SOC (BMS),%,Battery,66.8,numeric,04 62 02 8C A7 AA AA AA
sd_2A73E1CC/00000017,114.192,SF,652.0,SOC (BMS),%,Battery,66.8,numeric,04 62 02 8C A7 AA AA AA
sd_2A73E1CC/00000017,115.192,SF,652.0,SOC (BMS),%,Battery,66.8,numeric,04 62 02 8C A7 AA AA AA
sd_2A73E1CC/00000017,116.1921,SF,652.0,SOC (BMS),%,Battery,66.8,numeric,04 62 02 8C A7 AA AA AA
sd_2A73E1CC/00000017,117.1921,SF,652.0,SOC (BMS),%,Battery,66.8,numeric,04 62 02 8C A7 AA AA AA
sd_2A73E1CC/00000017,118.19215,SF,652.0,SOC (BMS),%,Battery,66.8,numeric,04 62 02 8C A7 AA AA AA
sd_2A73E1CC/00000017,119.19215,SF,652.0,SOC (BMS),%,Battery,66.8,numeric,04 62 02 8C A7 AA AA AA
sd_2A73E1CC/00000017,120.1921,SF,652.0,SOC (BMS),%,Battery,66.8,numeric,04 62 02 8C A7 AA AA AA
sd_2A73E1CC/00000017,121.1922,SF,652.0,SOC (BMS),%,Battery,66.8,numeric,04 62 02 8C A7 AA AA AA
sd_2A73E1CC/00000017,122.1922,SF,652.0,SOC (BMS),%,Battery,66.8,numeric,04 62 02 8C A7 AA AA AA
sd_2A73E1CC/00000017,123.19229999999999,SF,652.0,SOC (BMS),%,Battery,66.8,numeric,04 62 02 8C A7 AA AA AA
sd_2A73E1CC/00000017,124.19234999999999,SF,652.0,SOC (BMS),%,Battery,66.8,numeric,04 62 02 8C A7 AA AA AA
sd_2A73E1CC/00000017,125.19239999999999,SF,652.0,SOC (BMS),%,Battery,66.8,numeric,04 62 02 8C A7 AA AA AA
sd_2A73E1CC/00000017,126.19245,SF,652.0,SOC (BMS),%,Battery,66.8,numeric,04 62 02 8C A7 AA AA AA
sd_2A73E1CC/00000017,127.19255,SF,652.0,SOC (BMS),%,Battery,66.8,numeric,04 62 02 8C A7 AA AA AA
sd_2A73E1CC/00000017,128.1926,SF,652.0,SOC (BMS),%,Battery,66.8,numeric,04 62 02 8C A7 AA AA AA
sd_2A73E1CC/00000017,129.19265,SF,652.0,SOC (BMS),%,Battery,66.8,numeric,04 62 02 8C A7 AA AA AA
sd_2A73E1CC/00000017,130.1927,SF,652.0,SOC (BMS),%,Battery,66.8,numeric,04 62 02 8C A7 AA AA AA
sd_2A73E1CC/00000017,131.1927,SF,652.0,SOC (BMS),%,Battery,66.8,numeric,04 62 02 8C A7 AA AA AA
sd_2A73E1CC/00000017,132.19275,SF,652.0,SOC (BMS),%,Battery,66.8,numeric,04 62 02 8C A7 AA AA AA
sd_2A73E1CC/00000017,133.1928,SF,652.0,SOC (BMS),%,Battery,66.8,numeric,04 62 02 8C A7 AA AA AA
sd_2A73E1CC/00000017,134.19285,SF,652.0,SOC (BMS),%,Battery,66.8,numeric,04 62 02 8C A7 AA AA AA
sd_2A73E1CC/00000017,135.19289999999998,SF,652.0,SOC (BMS),%,Battery,66.8,numeric,04 62 02 8C A7 AA AA AA
sd_2A73E1CC/00000017,136.19295,SF,652.0,SOC (BMS),%,Battery,66.8,numeric,04 62 02 8C A7 AA AA AA
sd_2A73E1CC/00000017,137.19299999999998,SF,652.0,SOC (BMS),%,Battery,66.8,numeric,04 62 02 8C A7 AA AA AA
sd_2A73E1CC/00000017,138.1931,SF,652.0,SOC (BMS),%,Battery,66.8,numeric,04 62 02 8C A7 AA AA AA
sd_2A73E1CC/00000017,139.19315,SF,652.0,SOC (BMS),%,Battery,66.8,numeric,04 62 02 8C A7 AA AA AA
sd_2A73E1CC/00000017,140.1932,SF,652.0,SOC (BMS),%,Battery,66.8,numeric,04 62 02 8C A7 AA AA AA
sd_2A73E1CC/00000017,141.19325,SF,652.0,SOC (BMS),%,Battery,66.8,numeric,04 62 02 8C A7 AA AA AA
sd_2A73E1CC/00000017,142.1933,SF,652.0,SOC (BMS),%,Battery,66.8,numeric,04 62 02 8C A7 AA AA AA
sd_2A73E1CC/00000017,143.19334999999998,SF,652.0,SOC (BMS),%,Battery,66.8,numeric,04 62 02 8C A7 AA AA AA
sd_2A73E1CC/00000017,144.1935,SF,652.0,SOC (BMS),%,Battery,66.8,numeric,04 62 02 8C A7 AA AA AA
sd_2A73E1CC/00000017,145.1935,SF,652.0,SOC (BMS),%,Battery,66.8,numeric,04 62 02 8C A7 AA AA AA
sd_2A73E1CC/00000017,146.19355,SF,652.0,SOC (BMS),%,Battery,66.8,numeric,04 62 02 8C A7 AA AA AA
sd_2A73E1CC/00000017,147.19365,SF,652.0,SOC (BMS),%,Battery,66.8,numeric,04 62 02 8C A7 AA AA AA
sd_2A73E1CC/00000017,148.19365,SF,652.0,SOC (BMS),%,Battery,66.8,numeric,04 62 02 8C A7 AA AA AA
sd_2A73E1CC/00000017,149.19375,SF,652.0,SOC (BMS),%,Battery,66.8,numeric,04 62 02 8C A7 AA AA AA
sd_2A73E1CC/00000017,150.19379999999998,SF,652.0,SOC (BMS),%,Battery,66.8,numeric,04 62 02 8C A7 AA AA AA
sd_2A73E1CC/00000017,151.19385,SF,652.0,SOC (BMS),%,Battery,66.8,numeric,04 62 02 8C A7 AA AA AA
sd_2A73E1CC/00000017,152.19395,SF,652.0,SOC (BMS),%,Battery,66.8,numeric,04 62 02 8C A7 AA AA AA
sd_2A73E1CC/00000017,153.19405,SF,652.0,SOC (BMS),%,Battery,66.8,numeric,04 62 02 8C A7 AA AA AA
sd_2A73E1CC/00000017,154.19405,SF,652.0,SOC (BMS),%,Battery,66.8,numeric,04 62 02 8C A7 AA AA AA
sd_2A73E1CC/00000017,155.1941,SF,652.0,SOC (BMS),%,Battery,66.8,numeric,04 62 02 8C A7 AA AA AA
sd_2A73E1CC/00000017,156.1942,SF,652.0,SOC (BMS),%,Battery,66.8,numeric,04 62 02 8C A7 AA AA AA
sd_2A73E1CC/00000017,157.1942,SF,652.0,SOC (BMS),%,Battery,66.8,numeric,04 62 02 8C A7 AA AA AA
sd_2A73E1CC/00000017,158.19435,SF,652.0,SOC (BMS),%,Battery,66.8,numeric,04 62 02 8C A7 AA AA AA
sd_2A73E1CC/00000017,159.19435,SF,652.0,SOC (BMS),%,Battery,66.8,numeric,04 62 02 8C A7 AA AA AA
sd_2A73E1CC/00000017,160.19435,SF,652.0,SOC (BMS),%,Battery,66.8,numeric,04 62 02 8C A7 AA AA AA
sd_2A73E1CC/00000017,161.19445,SF,652.0,SOC (BMS),%,Battery,66.8,numeric,04 62 02 8C A7 AA AA AA
sd_2A73E1CC/00000017,162.19455,SF,652.0,SOC (BMS),%,Battery,66.8,numeric,04 62 02 8C A7 AA AA AA
sd_2A73E1CC/00000017,163.19459999999998,SF,652.0,SOC (BMS),%,Battery,66.8,numeric,04 62 02 8C A7 AA AA AA
sd_2A73E1CC/00000017,164.19465,SF,652.0,SOC (BMS),%,Battery,66.8,numeric,04 62 02 8C A7 AA AA AA
sd_2A73E1CC/00000017,165.19469999999998,SF,652.0,SOC (BMS),%,Battery,66.8,numeric,04 62 02 8C A7 AA AA AA
sd_2A73E1CC/00000017,166.19475,SF,652.0,SOC (BMS),%,Battery,66.8,numeric,04 62 02 8C A7 AA AA AA
sd_2A73E1CC/00000017,167.1948,SF,652.0,SOC (BMS),%,Battery,66.8,numeric,04 62 02 8C A7 AA AA AA
sd_2A73E1CC/00000017,168.1949,SF,652.0,SOC (BMS),%,Battery,66.8,numeric,04 62 02 8C A7 AA AA AA
sd_2A73E1CC/00000017,169.1949,SF,652.0,SOC (BMS),%,Battery,66.8,numeric,04 62 02 8C A7 AA AA AA
sd_2A73E1CC/00000017,170.195,SF,652.0,SOC (BMS),%,Battery,66.8,numeric,04 62 02 8C A7 AA AA AA
sd_2A73E1CC/00000017,171.1951,SF,652.0,SOC (BMS),%,Battery,66.8,numeric,04 62 02 8C A7 AA AA AA
sd_2A73E1CC/00000017,172.1951,SF,652.0,SOC (BMS),%,Battery,66.8,numeric,04 62 02 8C A7 AA AA AA
sd_2A73E1CC/00000017,173.19514999999998,SF,652.0,SOC (BMS),%,Battery,66.8,numeric,04 62 02 8C A7 AA AA AA
sd_2A73E1CC/00000017,174.1952,SF,652.0,SOC (BMS),%,Battery,66.8,numeric,04 62 02 8C A7 AA AA AA
sd_2A73E1CC/00000017,175.1953,SF,652.0,SOC (BMS),%,Battery,66.8,numeric,04 62 02 8C A7 AA AA AA
sd_2A73E1CC/00000017,176.19539999999998,SF,652.0,SOC (BMS),%,Battery,66.8,numeric,04 62 02 8C A7 AA AA AA
sd_2A73E1CC/00000017,177.19545,SF,652.0,SOC (BMS),%,Battery,66.8,numeric,04 62 02 8C A7 AA AA AA
sd_2A73E1CC/00000017,178.19545,SF,652.0,SOC (BMS),%,Battery,66.8,numeric,04 62 02 8C A7 AA AA AA
sd_2A73E1CC/00000017,179.19555,SF,652.0,SOC (BMS),%,Battery,66.8,numeric,04 62 02 8C A7 AA AA AA
sd_2A73E1CC/00000017,180.19559999999998,SF,652.0,SOC (BMS),%,Battery,66.8,numeric,04 62 02 8C A7 AA AA AA
sd_2A73E1CC/00000017,181.19559999999998,SF,652.0,SOC (BMS),%,Battery,66.8,numeric,04 62 02 8C A7 AA AA AA
sd_2A73E1CC/00000017,182.1957,SF,652.0,SOC (BMS),%,Battery,66.8,numeric,04 62 02 8C A7 AA AA AA
sd_2A73E1CC/00000017,183.1958,SF,652.0,SOC (BMS),%,Battery,66.8,numeric,04 62 02 8C A7 AA AA AA
sd_2A73E1CC/00000017,184.19584999999998,SF,652.0,SOC (BMS),%,Battery,66.8,numeric,04 62 02 8C A7 AA AA AA
sd_2A73E1CC/00000017,185.1959,SF,652.0,SOC (BMS),%,Battery,66.8,numeric,04 62 02 8C A7 AA AA AA
sd_2A73E1CC/00000017,186.19084999999998,SF,652.0,SOC (BMS),%,Battery,66.8,numeric,04 62 02 8C A7 AA AA AA
sd_2A73E1CC/00000017,187.19084999999998,SF,652.0,SOC (BMS),%,Battery,66.8,numeric,04 62 02 8C A7 AA AA AA
sd_2A73E1CC/00000017,188.1909,SF,652.0,SOC (BMS),%,Battery,66.8,numeric,04 62 02 8C A7 AA AA AA
sd_2A73E1CC/00000017,189.19095,SF,652.0,SOC (BMS),%,Battery,66.8,numeric,04 62 02 8C A7 AA AA AA
sd_2A73E1CC/00000017,190.191,SF,652.0,SOC (BMS),%,Battery,66.8,numeric,04 62 02 8C A7 AA AA AA
sd_2A73E1CC/00000017,191.19105,SF,652.0,SOC (BMS),%,Battery,66.8,numeric,04 62 02 8C A7 AA AA AA
sd_2A73E1CC/00000017,192.19115,SF,652.0,SOC (BMS),%,Battery,66.8,numeric,04 62 02 8C A7 AA AA AA
sd_2A73E1CC/00000017,193.19115,SF,652.0,SOC (BMS),%,Battery,66.8,numeric,04 62 02 8C A7 AA AA AA
sd_2A73E1CC/00000017,194.19205,SF,652.0,SOC (BMS),%,Battery,66.8,numeric,04 62 02 8C A7 AA AA AA
sd_2A73E1CC/00000017,195.19125,SF,652.0,SOC (BMS),%,Battery,66.8,numeric,04 62 02 8C A7 AA AA AA
sd_2A73E1CC/00000017,196.19135,SF,652.0,SOC (BMS),%,Battery,66.8,numeric,04 62 02 8C A7 AA AA AA
sd_2A73E1CC/00000017,197.1914,SF,652.0,SOC (BMS),%,Battery,66.8,numeric,04 62 02 8C A7 AA AA AA
sd_2A73E1CC/00000017,198.1916,SF,652.0,SOC (BMS),%,Battery,66.8,numeric,04 62 02 8C A7 AA AA AA
sd_2A73E1CC/00000017,199.1917,SF,652.0,SOC (BMS),%,Battery,66.8,numeric,04 62 02 8C A7 AA AA AA
sd_2A73E1CC/00000017,200.1916,SF,652.0,SOC (BMS),%,Battery,66.8,numeric,04 62 02 8C A7 AA AA AA
sd_2A73E1CC/00000017,201.1918,SF,652.0,SOC (BMS),%,Battery,66.8,numeric,04 62 02 8C A7 AA AA AA
sd_2A73E1CC/00000017,202.1918,SF,652.0,SOC (BMS),%,Battery,66.8,numeric,04 62 02 8C A7 AA AA AA
sd_2A73E1CC/00000017,203.19254999999998,SF,652.0,SOC (BMS),%,Battery,66.8,numeric,04 62 02 8C A7 AA AA AA
sd_2A73E1CC/00000017,204.19235,SF,652.0,SOC (BMS),%,Battery,66.8,numeric,04 62 02 8C A7 AA AA AA
sd_2A73E1CC/00000017,205.19195,SF,652.0,SOC (BMS),%,Battery,66.8,numeric,04 62 02 8C A7 AA AA AA
sd_2A73E1CC/00000017,206.19199999999998,SF,652.0,SOC (BMS),%,Battery,66.8,numeric,04 62 02 8C A7 AA AA AA
sd_2A73E1CC/00000017,207.19199999999998,SF,652.0,SOC (BMS),%,Battery,66.8,numeric,04 62 02 8C A7 AA AA AA
sd_2A73E1CC/00000017,208.19254999999998,SF,652.0,SOC (BMS),%,Battery,66.8,numeric,04 62 02 8C A7 AA AA AA
sd_2A73E1CC/00000017,209.1923,SF,652.0,SOC (BMS),%,Battery,66.8,numeric,04 62 02 8C A7 AA AA AA
sd_2A73E1CC/00000017,210.19265,SF,652.0,SOC (BMS),%,Battery,66.8,numeric,04 62 02 8C A7 AA AA AA
sd_2A73E1CC/00000017,211.19244999999998,SF,652.0,SOC (BMS),%,Battery,66.8,numeric,04 62 02 8C A7 AA AA AA
sd_2A73E1CC/00000017,212.19279999999998,SF,652.0,SOC (BMS),%,Battery,66.8,numeric,04 62 02 8C A7 AA AA AA
sd_2A73E1CC/00000017,213.19244999999998,SF,652.0,SOC (BMS),%,Battery,66.8,numeric,04 62 02 8C A7 AA AA AA
sd_2A73E1CC/00000017,214.19244999999998,SF,652.0,SOC (BMS),%,Battery,66.8,numeric,04 62 02 8C A7 AA AA AA
sd_2A73E1CC/00000017,215.19244999999998,SF,652.0,SOC (BMS),%,Battery,66.8,numeric,04 62 02 8C A7 AA AA AA
sd_2A73E1CC/00000017,216.19265,SF,652.0,SOC (BMS),%,Battery,66.8,numeric,04 62 02 8C A7 AA AA AA
sd_2A73E1CC/00000017,217.19279999999998,SF,652.0,SOC (BMS),%,Battery,66.8,numeric,04 62 02 8C A7 AA AA AA
sd_2A73E1CC/00000018,1.14065,SF,652.0,SOC (BMS),%,Battery,66.8,numeric,04 62 02 8C A7 AA AA AA
sd_2A73E1CC/00000018,2.14065,SF,652.0,SOC (BMS),%,Battery,66.8,numeric,04 62 02 8C A7 AA AA AA
sd_2A73E1CC/00000018,3.1407499999999997,SF,652.0,SOC (BMS),%,Battery,66.8,numeric,04 62 02 8C A7 AA AA AA
sd_2A73E1CC/00000018,4.14075,SF,652.0,SOC (BMS),%,Battery,66.8,numeric,04 62 02 8C A7 AA AA AA
sd_2A73E1CC/00000018,5.1408499999999995,SF,652.0,SOC (BMS),%,Battery,66.8,numeric,04 62 02 8C A7 AA AA AA
sd_2A73E1CC/00000018,6.1408499999999995,SF,652.0,SOC (BMS),%,Battery,66.8,numeric,04 62 02 8C A7 AA AA AA
sd_2A73E1CC/00000018,7.140949999999999,SF,652.0,SOC (BMS),%,Battery,66.8,numeric,04 62 02 8C A7 AA AA AA
sd_2A73E1CC/00000018,8.141,SF,652.0,SOC (BMS),%,Battery,66.8,numeric,04 62 02 8C A7 AA AA AA
sd_2A73E1CC/00000018,9.141,SF,652.0,SOC (BMS),%,Battery,66.8,numeric,04 62 02 8C A7 AA AA AA
sd_2A73E1CC/00000018,10.1411,SF,652.0,SOC (BMS),%,Battery,66.8,numeric,04 62 02 8C A7 AA AA AA
sd_2A73E1CC/00000018,11.14115,SF,652.0,SOC (BMS),%,Battery,66.8,numeric,04 62 02 8C A7 AA AA AA
sd_2A73E1CC/00000018,12.14115,SF,652.0,SOC (BMS),%,Battery,66.8,numeric,04 62 02 8C A7 AA AA AA
sd_2A73E1CC/00000018,13.14125,SF,652.0,SOC (BMS),%,Battery,66.8,numeric,04 62 02 8C A7 AA AA AA
sd_2A73E1CC/00000018,14.14135,SF,652.0,SOC (BMS),%,Battery,66.8,numeric,04 62 02 8C A7 AA AA AA
sd_2A73E1CC/00000018,15.14135,SF,652.0,SOC (BMS),%,Battery,66.8,numeric,04 62 02 8C A7 AA AA AA
sd_2A73E1CC/00000018,16.1414,SF,652.0,SOC (BMS),%,Battery,66.8,numeric,04 62 02 8C A7 AA AA AA
sd_2A73E1CC/00000018,17.1415,SF,652.0,SOC (BMS),%,Battery,66.8,numeric,04 62 02 8C A7 AA AA AA
sd_2A73E1CC/00000018,18.14155,SF,652.0,SOC (BMS),%,Battery,66.8,numeric,04 62 02 8C A7 AA AA AA
sd_2A73E1CC/00000018,19.1416,SF,652.0,SOC (BMS),%,Battery,66.8,numeric,04 62 02 8C A7 AA AA AA
sd_2A73E1CC/00000018,20.1417,SF,652.0,SOC (BMS),%,Battery,66.8,numeric,04 62 02 8C A7 AA AA AA
sd_2A73E1CC/00000018,21.1417,SF,652.0,SOC (BMS),%,Battery,66.8,numeric,04 62 02 8C A7 AA AA AA
sd_2A73E1CC/00000018,22.14175,SF,652.0,SOC (BMS),%,Battery,66.8,numeric,04 62 02 8C A7 AA AA AA
sd_2A73E1CC/00000018,23.1419,SF,652.0,SOC (BMS),%,Battery,66.8,numeric,04 62 02 8C A7 AA AA AA
sd_2A73E1CC/00000018,24.142049999999998,SF,652.0,SOC (BMS),%,Battery,66.8,numeric,04 62 02 8C A7 AA AA AA
sd_2A73E1CC/00000018,25.141949999999998,SF,652.0,SOC (BMS),%,Battery,66.8,numeric,04 62 02 8C A7 AA AA AA
sd_2A73E1CC/00000018,26.142049999999998,SF,652.0,SOC (BMS),%,Battery,66.8,numeric,04 62 02 8C A7 AA AA AA
sd_2A73E1CC/00000018,27.1421,SF,652.0,SOC (BMS),%,Battery,66.8,numeric,04 62 02 8C A7 AA AA AA
sd_2A73E1CC/00000018,28.1422,SF,652.0,SOC (BMS),%,Battery,66.8,numeric,04 62 02 8C A7 AA AA AA
sd_2A73E1CC/00000018,29.1422,SF,652.0,SOC (BMS),%,Battery,66.8,numeric,04 62 02 8C A7 AA AA AA
sd_2A73E1CC/00000018,30.142249999999997,SF,652.0,SOC (BMS),%,Battery,66.8,numeric,04 62 02 8C A7 AA AA AA
sd_2A73E1CC/00000018,31.142349999999997,SF,652.0,SOC (BMS),%,Battery,66.8,numeric,04 62 02 8C A7 AA AA AA
sd_2A73E1CC/00000018,32.1424,SF,652.0,SOC (BMS),%,Battery,66.8,numeric,04 62 02 8C A7 AA AA AA
sd_2A73E1CC/00000018,33.14245,SF,652.0,SOC (BMS),%,Battery,66.8,numeric,04 62 02 8C A7 AA AA AA
sd_2A73E1CC/00000018,34.14255,SF,652.0,SOC (BMS),%,Battery,66.8,numeric,04 62 02 8C A7 AA AA AA
sd_2A73E1CC/00000018,35.1426,SF,652.0,SOC (BMS),%,Battery,66.8,numeric,04 62 02 8C A7 AA AA AA
sd_2A73E1CC/00000018,36.1426,SF,652.0,SOC (BMS),%,Battery,66.8,numeric,04 62 02 8C A7 AA AA AA
sd_2A73E1CC/00000018,37.142649999999996,SF,652.0,SOC (BMS),%,Battery,66.8,numeric,04 62 02 8C A7 AA AA AA
sd_2A73E1CC/00000018,38.14275,SF,652.0,SOC (BMS),%,Battery,66.8,numeric,04 62 02 8C A7 AA AA AA
sd_2A73E1CC/00000018,39.1428,SF,652.0,SOC (BMS),%,Battery,66.8,numeric,04 62 02 8C A7 AA AA AA
sd_2A73E1CC/00000018,40.142849999999996,SF,652.0,SOC (BMS),%,Battery,66.8,numeric,04 62 02 8C A7 AA AA AA
sd_2A73E1CC/00000018,41.1429,SF,652.0,SOC (BMS),%,Battery,66.8,numeric,04 62 02 8C A7 AA AA AA
sd_2A73E1CC/00000018,42.14295,SF,652.0,SOC (BMS),%,Battery,66.8,numeric,04 62 02 8C A7 AA AA AA
sd_2A73E1CC/00000018,43.1431,SF,652.0,SOC (BMS),%,Battery,66.8,numeric,04 62 02 8C A7 AA AA AA
sd_2A73E1CC/00000018,44.14315,SF,652.0,SOC (BMS),%,Battery,66.8,numeric,04 62 02 8C A7 AA AA AA
sd_2A73E1CC/00000018,45.1432,SF,652.0,SOC (BMS),%,Battery,66.8,numeric,04 62 02 8C A7 AA AA AA
sd_2A73E1CC/00000018,46.143299999999996,SF,652.0,SOC (BMS),%,Battery,66.8,numeric,04 62 02 8C A7 AA AA AA
sd_2A73E1CC/00000018,47.143299999999996,SF,652.0,SOC (BMS),%,Battery,66.8,numeric,04 62 02 8C A7 AA AA AA
sd_2A73E1CC/00000018,48.14335,SF,652.0,SOC (BMS),%,Battery,66.8,numeric,04 62 02 8C A7 AA AA AA
sd_2A73E1CC/00000018,49.143449999999994,SF,652.0,SOC (BMS),%,Battery,66.8,numeric,04 62 02 8C A7 AA AA AA
sd_2A73E1CC/00000018,50.143499999999996,SF,652.0,SOC (BMS),%,Battery,66.8,numeric,04 62 02 8C A7 AA AA AA
sd_2A73E1CC/00000018,51.1436,SF,652.0,SOC (BMS),%,Battery,66.8,numeric,04 62 02 8C A7 AA AA AA
sd_2A73E1CC/00000018,52.1436,SF,652.0,SOC (BMS),%,Battery,66.8,numeric,04 62 02 8C A7 AA AA AA
sd_2A73E1CC/00000018,53.14365,SF,652.0,SOC (BMS),%,Battery,66.8,numeric,04 62 02 8C A7 AA AA AA
sd_2A73E1CC/00000018,54.14375,SF,652.0,SOC (BMS),%,Battery,66.8,numeric,04 62 02 8C A7 AA AA AA
sd_2A73E1CC/00000018,55.1438,SF,652.0,SOC (BMS),%,Battery,66.8,numeric,04 62 02 8C A7 AA AA AA
sd_2A73E1CC/00000018,56.14385,SF,652.0,SOC (BMS),%,Battery,66.8,numeric,04 62 02 8C A7 AA AA AA
sd_2A73E1CC/00000018,57.14395,SF,652.0,SOC (BMS),%,Battery,66.8,numeric,04 62 02 8C A7 AA AA AA
sd_2A73E1CC/00000018,58.144,SF,652.0,SOC (BMS),%,Battery,66.8,numeric,04 62 02 8C A7 AA AA AA
sd_2A73E1CC/00000018,59.14405,SF,652.0,SOC (BMS),%,Battery,66.8,numeric,04 62 02 8C A7 AA AA AA
sd_2A73E1CC/00000018,60.144099999999995,SF,652.0,SOC (BMS),%,Battery,66.8,numeric,04 62 02 8C A7 AA AA AA
sd_2A73E1CC/00000018,61.144149999999996,SF,652.0,SOC (BMS),%,Battery,66.8,numeric,04 62 02 8C A7 AA AA AA
sd_2A73E1CC/00000018,62.1442,SF,652.0,SOC (BMS),%,Battery,66.8,numeric,04 62 02 8C A7 AA AA AA
sd_2A73E1CC/00000018,63.144299999999994,SF,652.0,SOC (BMS),%,Battery,66.8,numeric,04 62 02 8C A7 AA AA AA
sd_2A73E1CC/00000018,64.14435,SF,652.0,SOC (BMS),%,Battery,66.8,numeric,04 62 02 8C A7 AA AA AA
sd_2A73E1CC/00000018,65.14439999999999,SF,652.0,SOC (BMS),%,Battery,66.8,numeric,04 62 02 8C A7 AA AA AA
sd_2A73E1CC/00000018,66.14444999999999,SF,652.0,SOC (BMS),%,Battery,66.8,numeric,04 62 02 8C A7 AA AA AA
sd_2A73E1CC/00000018,67.14455,SF,652.0,SOC (BMS),%,Battery,66.8,numeric,04 62 02 8C A7 AA AA AA
sd_2A73E1CC/00000018,68.14455,SF,652.0,SOC (BMS),%,Battery,66.8,numeric,04 62 02 8C A7 AA AA AA
sd_2A73E1CC/00000018,69.1446,SF,652.0,SOC (BMS),%,Battery,66.8,numeric,04 62 02 8C A7 AA AA AA
sd_2A73E1CC/00000018,70.14495,SF,652.0,SOC (BMS),%,Battery,66.8,numeric,04 62 02 8C A7 AA AA AA
sd_2A73E1CC/00000018,71.14489999999999,SF,652.0,SOC (BMS),%,Battery,66.8,numeric,04 62 02 8C A7 AA AA AA
sd_2A73E1CC/00000018,72.14495,SF,652.0,SOC (BMS),%,Battery,66.8,numeric,04 62 02 8C A7 AA AA AA
sd_2A73E1CC/00000018,73.14495,SF,652.0,SOC (BMS),%,Battery,66.8,numeric,04 62 02 8C A7 AA AA AA
sd_2A73E1CC/00000018,74.145,SF,652.0,SOC (BMS),%,Battery,66.8,numeric,04 62 02 8C A7 AA AA AA
sd_2A73E1CC/00000018,75.145,SF,652.0,SOC (BMS),%,Battery,66.8,numeric,04 62 02 8C A7 AA AA AA
sd_2A73E1CC/00000018,76.1451,SF,652.0,SOC (BMS),%,Battery,66.8,numeric,04 62 02 8C A7 AA AA AA
sd_2A73E1CC/00000018,77.14515,SF,652.0,SOC (BMS),%,Battery,66.8,numeric,04 62 02 8C A7 AA AA AA
sd_2A73E1CC/00000018,78.14524999999999,SF,652.0,SOC (BMS),%,Battery,66.8,numeric,04 62 02 8C A7 AA AA AA
sd_2A73E1CC/00000018,79.14524999999999,SF,652.0,SOC (BMS),%,Battery,66.8,numeric,04 62 02 8C A7 AA AA AA
sd_2A73E1CC/00000018,80.14529999999999,SF,652.0,SOC (BMS),%,Battery,66.8,numeric,04 62 02 8C A7 AA AA AA
sd_2A73E1CC/00000018,81.14535,SF,652.0,SOC (BMS),%,Battery,66.8,numeric,04 62 02 8C A7 AA AA AA
sd_2A73E1CC/00000018,82.1454,SF,652.0,SOC (BMS),%,Battery,66.8,numeric,04 62 02 8C A7 AA AA AA
sd_2A73E1CC/00000018,83.1455,SF,652.0,SOC (BMS),%,Battery,66.8,numeric,04 62 02 8C A7 AA AA AA
sd_2A73E1CC/00000018,84.14555,SF,652.0,SOC (BMS),%,Battery,66.8,numeric,04 62 02 8C A7 AA AA AA
sd_2A73E1CC/00000018,85.14569999999999,SF,652.0,SOC (BMS),%,Battery,66.8,numeric,04 62 02 8C A7 AA AA AA
sd_2A73E1CC/00000018,86.14564999999999,SF,652.0,SOC (BMS),%,Battery,66.8,numeric,04 62 02 8C A7 AA AA AA
sd_2A73E1CC/00000018,87.14135,SF,652.0,SOC (BMS),%,Battery,66.8,numeric,04 62 02 8C A7 AA AA AA
sd_2A73E1CC/00000018,88.14139999999999,SF,652.0,SOC (BMS),%,Battery,66.8,numeric,04 62 02 8C A7 AA AA AA
sd_2A73E1CC/00000018,89.14144999999999,SF,652.0,SOC (BMS),%,Battery,66.8,numeric,04 62 02 8C A7 AA AA AA
sd_2A73E1CC/00000018,90.1415,SF,652.0,SOC (BMS),%,Battery,66.8,numeric,04 62 02 8C A7 AA AA AA
sd_2A73E1CC/00000018,91.14155,SF,652.0,SOC (BMS),%,Battery,66.8,numeric,04 62 02 8C A7 AA AA AA
sd_2A73E1CC/00000018,92.1416,SF,652.0,SOC (BMS),%,Battery,66.8,numeric,04 62 02 8C A7 AA AA AA
sd_2A73E1CC/00000018,93.14155,SF,652.0,SOC (BMS),%,Battery,66.8,numeric,04 62 02 8C A7 AA AA AA
sd_2A73E1CC/00000018,94.14165,SF,652.0,SOC (BMS),%,Battery,66.8,numeric,04 62 02 8C A7 AA AA AA
sd_2A73E1CC/00000018,95.1417,SF,652.0,SOC (BMS),%,Battery,66.8,numeric,04 62 02 8C A7 AA AA AA
sd_2A73E1CC/00000018,96.14175,SF,652.0,SOC (BMS),%,Battery,66.8,numeric,04 62 02 8C A7 AA AA AA
sd_2A73E1CC/00000018,97.14184999999999,SF,652.0,SOC (BMS),%,Battery,66.8,numeric,04 62 02 8C A7 AA AA AA
sd_2A73E1CC/00000018,98.14184999999999,SF,652.0,SOC (BMS),%,Battery,66.8,numeric,04 62 02 8C A7 AA AA AA
sd_2A73E1CC/00000018,99.14195,SF,652.0,SOC (BMS),%,Battery,66.8,numeric,04 62 02 8C A7 AA AA AA
sd_2A73E1CC/00000018,100.14205,SF,652.0,SOC (BMS),%,Battery,66.8,numeric,04 62 02 8C A7 AA AA AA
sd_2A73E1CC/00000018,101.142,SF,652.0,SOC (BMS),%,Battery,66.8,numeric,04 62 02 8C A7 AA AA AA
sd_2A73E1CC/00000018,102.14195,SF,652.0,SOC (BMS),%,Battery,66.8,numeric,04 62 02 8C A7 AA AA AA
sd_2A73E1CC/00000018,103.142,SF,652.0,SOC (BMS),%,Battery,66.8,numeric,04 62 02 8C A7 AA AA AA
sd_2A73E1CC/00000018,104.14205,SF,652.0,SOC (BMS),%,Battery,66.8,numeric,04 62 02 8C A7 AA AA AA
sd_2A73E1CC/00000018,105.14219999999999,SF,652.0,SOC (BMS),%,Battery,66.8,numeric,04 62 02 8C A7 AA AA AA
sd_2A73E1CC/00000018,106.14224999999999,SF,652.0,SOC (BMS),%,Battery,66.8,numeric,04 62 02 8C A7 AA AA AA
sd_2A73E1CC/00000018,107.1424,SF,652.0,SOC (BMS),%,Battery,66.8,numeric,04 62 02 8C A7 AA AA AA
sd_2A73E1CC/00000018,108.14235,SF,652.0,SOC (BMS),%,Battery,66.8,numeric,04 62 02 8C A7 AA AA AA
sd_2A73E1CC/00000018,109.14245,SF,652.0,SOC (BMS),%,Battery,66.8,numeric,04 62 02 8C A7 AA AA AA
sd_2A73E1CC/00000018,110.1426,SF,652.0,SOC (BMS),%,Battery,66.8,numeric,04 62 02 8C A7 AA AA AA
sd_2A73E1CC/00000018,111.1426,SF,652.0,SOC (BMS),%,Battery,66.8,numeric,04 62 02 8C A7 AA AA AA
sd_2A73E1CC/00000018,112.14264999999999,SF,652.0,SOC (BMS),%,Battery,66.8,numeric,04 62 02 8C A7 AA AA AA
sd_2A73E1CC/00000018,113.14274999999999,SF,652.0,SOC (BMS),%,Battery,66.8,numeric,04 62 02 8C A7 AA AA AA
sd_2A73E1CC/00000018,114.1428,SF,652.0,SOC (BMS),%,Battery,66.8,numeric,04 62 02 8C A7 AA AA AA
sd_2A73E1CC/00000018,115.14285,SF,652.0,SOC (BMS),%,Battery,66.8,numeric,04 62 02 8C A7 AA AA AA
sd_2A73E1CC/00000018,116.1429,SF,652.0,SOC (BMS),%,Battery,66.8,numeric,04 62 02 8C A7 AA AA AA
sd_2A73E1CC/00000018,117.14295,SF,652.0,SOC (BMS),%,Battery,66.8,numeric,04 62 02 8C A7 AA AA AA
sd_2A73E1CC/00000018,118.14304999999999,SF,652.0,SOC (BMS),%,Battery,66.8,numeric,04 62 02 8C A7 AA AA AA
sd_2A73E1CC/00000018,119.14304999999999,SF,652.0,SOC (BMS),%,Battery,66.8,numeric,04 62 02 8C A7 AA AA AA
sd_2A73E1CC/00000018,120.14314999999999,SF,652.0,SOC (BMS),%,Battery,66.8,numeric,04 62 02 8C A7 AA AA AA
sd_2A73E1CC/00000018,121.14325,SF,652.0,SOC (BMS),%,Battery,66.8,numeric,04 62 02 8C A7 AA AA AA
sd_2A73E1CC/00000018,122.14335,SF,652.0,SOC (BMS),%,Battery,66.8,numeric,04 62 02 8C A7 AA AA AA
sd_2A73E1CC/00000018,123.1433,SF,652.0,SOC (BMS),%,Battery,66.8,numeric,04 62 02 8C A7 AA AA AA
sd_2A73E1CC/00000018,124.14335,SF,652.0,SOC (BMS),%,Battery,66.8,numeric,04 62 02 8C A7 AA AA AA
sd_2A73E1CC/00000018,125.14345,SF,652.0,SOC (BMS),%,Battery,66.8,numeric,04 62 02 8C A7 AA AA AA
sd_2A73E1CC/00000018,126.14344999999999,SF,652.0,SOC (BMS),%,Battery,66.8,numeric,04 62 02 8C A7 AA AA AA
sd_2A73E1CC/00000018,127.14349999999999,SF,652.0,SOC (BMS),%,Battery,66.8,numeric,04 62 02 8C A7 AA AA AA
sd_2A73E1CC/00000018,128.1436,SF,652.0,SOC (BMS),%,Battery,66.8,numeric,04 62 02 8C A7 AA AA AA
sd_2A73E1CC/00000018,129.14365,SF,652.0,SOC (BMS),%,Battery,66.8,numeric,04 62 02 8C A7 AA AA AA
sd_2A73E1CC/00000018,130.1437,SF,652.0,SOC (BMS),%,Battery,66.8,numeric,04 62 02 8C A7 AA AA AA
sd_2A73E1CC/00000018,131.14374999999998,SF,652.0,SOC (BMS),%,Battery,66.8,numeric,04 62 02 8C A7 AA AA AA
sd_2A73E1CC/00000018,132.14385,SF,652.0,SOC (BMS),%,Battery,66.8,numeric,04 62 02 8C A7 AA AA AA
sd_2A73E1CC/00000018,133.14385,SF,652.0,SOC (BMS),%,Battery,66.8,numeric,04 62 02 8C A7 AA AA AA
sd_2A73E1CC/00000018,134.1439,SF,652.0,SOC (BMS),%,Battery,66.8,numeric,04 62 02 8C A7 AA AA AA
sd_2A73E1CC/00000018,135.1439,SF,652.0,SOC (BMS),%,Battery,66.8,numeric,04 62 02 8C A7 AA AA AA
sd_2A73E1CC/00000018,136.144,SF,652.0,SOC (BMS),%,Battery,66.8,numeric,04 62 02 8C A7 AA AA AA
sd_2A73E1CC/00000018,137.14409999999998,SF,652.0,SOC (BMS),%,Battery,66.8,numeric,04 62 02 8C A7 AA AA AA
sd_2A73E1CC/00000018,138.14415,SF,652.0,SOC (BMS),%,Battery,66.8,numeric,04 62 02 8C A7 AA AA AA
sd_2A73E1CC/00000018,139.14445,SF,652.0,SOC (BMS),%,Battery,66.8,numeric,04 62 02 8C A7 AA AA AA
sd_2A73E1CC/00000018,140.14464999999998,SF,652.0,SOC (BMS),%,Battery,66.8,numeric,04 62 02 8C A7 AA AA AA
sd_2A73E1CC/00000018,141.14464999999998,SF,652.0,SOC (BMS),%,Battery,66.8,numeric,04 62 02 8C A7 AA AA AA
sd_2A73E1CC/00000018,142.14464999999998,SF,652.0,SOC (BMS),%,Battery,66.8,numeric,04 62 02 8C A7 AA AA AA
sd_2A73E1CC/00000018,143.14464999999998,SF,652.0,SOC (BMS),%,Battery,66.8,numeric,04 62 02 8C A7 AA AA AA
sd_2A73E1CC/00000018,144.1446,SF,652.0,SOC (BMS),%,Battery,66.8,numeric,04 62 02 8C A7 AA AA AA
sd_2A73E1CC/00000018,145.1446,SF,652.0,SOC (BMS),%,Battery,66.8,numeric,04 62 02 8C A7 AA AA AA
sd_2A73E1CC/00000018,146.1446,SF,652.0,SOC (BMS),%,Battery,66.8,numeric,04 62 02 8C A7 AA AA AA
sd_2A73E1CC/00000018,147.14475,SF,652.0,SOC (BMS),%,Battery,66.8,numeric,04 62 02 8C A7 AA AA AA
sd_2A73E1CC/00000018,148.1448,SF,652.0,SOC (BMS),%,Battery,66.8,numeric,04 62 02 8C A7 AA AA AA
sd_2A73E1CC/00000018,149.14485,SF,652.0,SOC (BMS),%,Battery,66.8,numeric,04 62 02 8C A7 AA AA AA
sd_2A73E1CC/00000018,150.14495,SF,652.0,SOC (BMS),%,Battery,66.8,numeric,04 62 02 8C A7 AA AA AA
sd_2A73E1CC/00000018,151.14499999999998,SF,652.0,SOC (BMS),%,Battery,66.8,numeric,04 62 02 8C A7 AA AA AA
sd_2A73E1CC/00000018,152.14509999999999,SF,652.0,SOC (BMS),%,Battery,66.8,numeric,04 62 02 8C A7 AA AA AA
sd_2A73E1CC/00000018,153.14515,SF,652.0,SOC (BMS),%,Battery,66.8,numeric,04 62 02 8C A7 AA AA AA
sd_2A73E1CC/00000018,154.1452,SF,652.0,SOC (BMS),%,Battery,66.8,numeric,04 62 02 8C A7 AA AA AA
sd_2A73E1CC/00000018,155.14525,SF,652.0,SOC (BMS),%,Battery,66.8,numeric,04 62 02 8C A7 AA AA AA
sd_2A73E1CC/00000018,156.1453,SF,652.0,SOC (BMS),%,Battery,66.8,numeric,04 62 02 8C A7 AA AA AA
sd_2A73E1CC/00000018,157.14534999999998,SF,652.0,SOC (BMS),%,Battery,66.8,numeric,04 62 02 8C A7 AA AA AA
sd_2A73E1CC/00000018,158.1454,SF,652.0,SOC (BMS),%,Battery,66.8,numeric,04 62 02 8C A7 AA AA AA
sd_2A73E1CC/00000018,159.1455,SF,652.0,SOC (BMS),%,Battery,66.8,numeric,04 62 02 8C A7 AA AA AA
sd_2A73E1CC/00000018,160.14555,SF,652.0,SOC (BMS),%,Battery,66.8,numeric,04 62 02 8C A7 AA AA AA
sd_2A73E1CC/00000018,161.14555,SF,652.0,SOC (BMS),%,Battery,66.8,numeric,04 62 02 8C A7 AA AA AA
sd_2A73E1CC/00000018,162.1456,SF,652.0,SOC (BMS),%,Battery,66.8,numeric,04 62 02 8C A7 AA AA AA
sd_2A73E1CC/00000018,163.1457,SF,652.0,SOC (BMS),%,Battery,66.8,numeric,04 62 02 8C A7 AA AA AA
sd_2A73E1CC/00000018,164.14575,SF,652.0,SOC (BMS),%,Battery,66.8,numeric,04 62 02 8C A7 AA AA AA
sd_2A73E1CC/00000018,165.14579999999998,SF,652.0,SOC (BMS),%,Battery,66.8,numeric,04 62 02 8C A7 AA AA AA
sd_2A73E1CC/00000018,166.14585,SF,652.0,SOC (BMS),%,Battery,66.8,numeric,04 62 02 8C A7 AA AA AA
sd_2A73E1CC/00000018,167.14595,SF,652.0,SOC (BMS),%,Battery,66.8,numeric,04 62 02 8C A7 AA AA AA
