kind,sid,length,raw_bytes,timestamp,raw_hex,session,pid,value_bytes,pid_name,pid_unit,pid_group,value,value_kind,total_length,partial
OTHER,80.0,6.0,b'\x06P\x03\x00\x1e\x01\xe5',1.0733,06 50 03 00 1E 01 E5 AA,sd_2A73E1CC/00000013,,,,,,,,,
OTHER,126.0,2.0,b'\x02~\x00',1.1231499999999999,02 7E 00 AA AA AA AA AA,sd_2A73E1CC/00000013,,,,,,,,,
SF,,4.0,,1.17325,04 62 02 8C A9 AA AA AA,sd_2A73E1CC/00000013,652.0,b'\xa9',SOC (BMS),%,Battery,67.6,numeric,,
SF,,5.0,,1.27315,05 62 1E 3B 05 C1 AA AA,sd_2A73E1CC/00000013,7739.0,b'\x05\xc1',HV Battery voltage,V,Battery,368.25,numeric,,
FF,,,,1.3732499999999999,10 08 62 1E 3D 00 02 49,sd_2A73E1CC/00000013,7741.0,b'\x00\x02I',HV Battery current,A,Battery,-2.4,partial,8.0,True
SF,,4.0,,1.4731999999999998,04 62 2A 0B 63 AA AA AA,sd_2A73E1CC/00000013,10763.0,b'c',HV Battery temp (main value),°C,Battery,9.5,numeric,,
SF,,7.0,,1.57325,07 62 1E 0E 02 80 00 01,sd_2A73E1CC/00000013,7694.0,b'\x02\x80\x00\x01',HV Battery max temp and temp point,°C,Battery,10.0,numeric,,
SF,,4.0,,1.6732,04 62 74 48 01 AA AA AA,sd_2A73E1CC/00000013,29768.0,b'\x01',Car operation mode,logic,Technical,driving,enum,,
SF,,4.0,,2.1733,04 62 02 8C A9 AA AA AA,sd_2A73E1CC/00000013,652.0,b'\xa9',SOC (BMS),%,Battery,67.6,numeric,,
SF,,5.0,,2.2732,05 62 1E 3B 05 C1 AA AA,sd_2A73E1CC/00000013,7739.0,b'\x05\xc1',HV Battery voltage,V,Battery,368.25,numeric,,
FF,,,,2.37325,10 08 62 1E 3D 00 02 48,sd_2A73E1CC/00000013,7741.0,b'\x00\x02H',HV Battery current,A,Battery,-4.96,partial,8.0,True
OTHER,80.0,6.0,b'\x06P\x03\x00\x1e\x01\xe5',3.07325,06 50 03 00 1E 01 E5 AA,sd_2A73E1CC/00000013,,,,,,,,,
OTHER,126.0,2.0,b'\x02~\x00',3.1232499999999996,02 7E 00 AA AA AA AA AA,sd_2A73E1CC/00000013,,,,,,,,,
SF,,4.0,,3.1733499999999997,04 62 02 8C A9 AA AA AA,sd_2A73E1CC/00000013,652.0,b'\xa9',SOC (BMS),%,Battery,67.6,numeric,,
SF,,5.0,,3.2733,05 62 1E 3B 05 C1 AA AA,sd_2A73E1CC/00000013,7739.0,b'\x05\xc1',HV Battery voltage,V,Battery,368.25,numeric,,
FF,,,,3.3733,10 08 62 1E 3D 00 02 48,sd_2A73E1CC/00000013,7741.0,b'\x00\x02H',HV Battery current,A,Battery,-4.96,partial,8.0,True
SF,,4.0,,3.4733,04 62 2A 0B 63 AA AA AA,sd_2A73E1CC/00000013,10763.0,b'c',HV Battery temp (main value),°C,Battery,9.5,numeric,,
SF,,7.0,,3.57335,07 62 1E 0E 02 80 00 01,sd_2A73E1CC/00000013,7694.0,b'\x02\x80\x00\x01',HV Battery max temp and temp point,°C,Battery,10.0,numeric,,
SF,,4.0,,3.6733,04 62 74 48 01 AA AA AA,sd_2A73E1CC/00000013,29768.0,b'\x01',Car operation mode,logic,Technical,driving,enum,,
SF,,4.0,,4.1734,04 62 02 8C A9 AA AA AA,sd_2A73E1CC/00000013,652.0,b'\xa9',SOC (BMS),%,Battery,67.6,numeric,,
SF,,5.0,,4.27335,05 62 1E 3B 05 C1 AA AA,sd_2A73E1CC/00000013,7739.0,b'\x05\xc1',HV Battery voltage,V,Battery,368.25,numeric,,
FF,,,,4.373349999999999,10 08 62 1E 3D 00 02 48,sd_2A73E1CC/00000013,7741.0,b'\x00\x02H',HV Battery current,A,Battery,-4.96,partial,8.0,True
OTHER,80.0,6.0,b'\x06P\x03\x00\x1e\x01\xe5',5.07335,06 50 03 00 1E 01 E5 AA,sd_2A73E1CC/00000013,,,,,,,,,
OTHER,126.0,2.0,b'\x02~\x00',5.123349999999999,02 7E 00 AA AA AA AA AA,sd_2A73E1CC/00000013,,,,,,,,,
SF,,4.0,,5.17345,04 62 02 8C A9 AA AA AA,sd_2A73E1CC/00000013,652.0,b'\xa9',SOC (BMS),%,Battery,67.6,numeric,,
SF,,5.0,,5.2734,05 62 1E 3B 05 C1 AA AA,sd_2A73E1CC/00000013,7739.0,b'\x05\xc1',HV Battery voltage,V,Battery,368.25,numeric,,
FF,,,,5.3734,10 08 62 1E 3D 00 02 48,sd_2A73E1CC/00000013,7741.0,b'\x00\x02H',HV Battery current,A,Battery,-4.96,partial,8.0,True
SF,,4.0,,5.4734,04 62 2A 0B 63 AA AA AA,sd_2A73E1CC/00000013,10763.0,b'c',HV Battery temp (main value),°C,Battery,9.5,numeric,,
SF,,7.0,,5.5735,07 62 1E 0E 02 80 00 01,sd_2A73E1CC/00000013,7694.0,b'\x02\x80\x00\x01',HV Battery max temp and temp point,°C,Battery,10.0,numeric,,
SF,,4.0,,5.6734,04 62 74 48 01 AA AA AA,sd_2A73E1CC/00000013,29768.0,b'\x01',Car operation mode,logic,Technical,driving,enum,,
SF,,4.0,,6.1735,04 62 02 8C A9 AA AA AA,sd_2A73E1CC/00000013,652.0,b'\xa9',SOC (BMS),%,Battery,67.6,numeric,,
SF,,5.0,,6.2734499999999995,05 62 1E 3B 05 C1 AA AA,sd_2A73E1CC/00000013,7739.0,b'\x05\xc1',HV Battery voltage,V,Battery,368.25,numeric,,
FF,,,,6.37345,10 08 62 1E 3D 00 02 48,sd_2A73E1CC/00000013,7741.0,b'\x00\x02H',HV Battery current,A,Battery,-4.96,partial,8.0,True
OTHER,80.0,6.0,b'\x06P\x03\x00\x1e\x01\xe5',7.0735,06 50 03 00 1E 01 E5 AA,sd_2A73E1CC/00000013,,,,,,,,,
OTHER,126.0,2.0,b'\x02~\x00',7.12345,02 7E 00 AA AA AA AA AA,sd_2A73E1CC/00000013,,,,,,,,,
SF,,4.0,,7.17355,04 62 02 8C A9 AA AA AA,sd_2A73E1CC/00000013,652.0,b'\xa9',SOC (BMS),%,Battery,67.6,numeric,,
SF,,5.0,,7.2734499999999995,05 62 1E 3B 05 C1 AA AA,sd_2A73E1CC/00000013,7739.0,b'\x05\xc1',HV Battery voltage,V,Battery,368.25,numeric,,
FF,,,,7.3735,10 08 62 1E 3D 00 02 48,sd_2A73E1CC/00000013,7741.0,b'\x00\x02H',HV Battery current,A,Battery,-4.96,partial,8.0,True
SF,,4.0,,7.4735,04 62 2A 0B 63 AA AA AA,sd_2A73E1CC/00000013,10763.0,b'c',HV Battery temp (main value),°C,Battery,9.5,numeric,,
SF,,7.0,,7.57355,07 62 1E 0E 02 80 00 01,sd_2A73E1CC/00000013,7694.0,b'\x02\x80\x00\x01',HV Battery max temp and temp point,°C,Battery,10.0,numeric,,
SF,,4.0,,7.6735,04 62 74 48 01 AA AA AA,sd_2A73E1CC/00000013,29768.0,b'\x01',Car operation mode,logic,Technical,driving,enum,,
SF,,4.0,,8.1736,04 62 02 8C A9 AA AA AA,sd_2A73E1CC/00000013,652.0,b'\xa9',SOC (BMS),%,Battery,67.6,numeric,,
SF,,5.0,,8.2735,05 62 1E 3B 05 C1 AA AA,sd_2A73E1CC/00000013,7739.0,b'\x05\xc1',HV Battery voltage,V,Battery,368.25,numeric,,
FF,,,,8.37355,10 08 62 1E 3D 00 02 48,sd_2A73E1CC/00000013,7741.0,b'\x00\x02H',HV Battery current,A,Battery,-4.96,partial,8.0,True
OTHER,80.0,6.0,b'\x06P\x03\x00\x1e\x01\xe5',9.073599999999999,06 50 03 00 1E 01 E5 AA,sd_2A73E1CC/00000013,,,,,,,,,
OTHER,126.0,2.0,b'\x02~\x00',9.12355,02 7E 00 AA AA AA AA AA,sd_2A73E1CC/00000013,,,,,,,,,
SF,,4.0,,9.1737,04 62 02 8C A9 AA AA AA,sd_2A73E1CC/00000013,652.0,b'\xa9',SOC (BMS),%,Battery,67.6,numeric,,
SF,,5.0,,9.2736,05 62 1E 3B 05 C1 AA AA,sd_2A73E1CC/00000013,7739.0,b'\x05\xc1',HV Battery voltage,V,Battery,368.25,numeric,,
FF,,,,9.3736,10 08 62 1E 3D 00 02 48,sd_2A73E1CC/00000013,7741.0,b'\x00\x02H',HV Battery current,A,Battery,-4.96,partial,8.0,True
SF,,4.0,,9.4736,04 62 2A 0B 63 AA AA AA,sd_2A73E1CC/00000013,10763.0,b'c',HV Battery temp (main value),°C,Battery,9.5,numeric,,
SF,,7.0,,9.573649999999999,07 62 1E 0E 02 80 00 01,sd_2A73E1CC/00000013,7694.0,b'\x02\x80\x00\x01',HV Battery max temp and temp point,°C,Battery,10.0,numeric,,
SF,,4.0,,9.6736,04 62 74 48 01 AA AA AA,sd_2A73E1CC/00000013,29768.0,b'\x01',Car operation mode,logic,Technical,driving,enum,,
SF,,4.0,,10.17375,04 62 02 8C A9 AA AA AA,sd_2A73E1CC/00000013,652.0,b'\xa9',SOC (BMS),%,Battery,67.6,numeric,,
SF,,5.0,,10.2736,05 62 1E 3B 05 C1 AA AA,sd_2A73E1CC/00000013,7739.0,b'\x05\xc1',HV Battery voltage,V,Battery,368.25,numeric,,
FF,,,,10.3737,10 08 62 1E 3D 00 02 48,sd_2A73E1CC/00000013,7741.0,b'\x00\x02H',HV Battery current,A,Battery,-4.96,partial,8.0,True
OTHER,80.0,6.0,b'\x06P\x03\x00\x1e\x01\xe5',11.073699999999999,06 50 03 00 1E 01 E5 AA,sd_2A73E1CC/00000013,,,,,,,,,
OTHER,126.0,2.0,b'\x02~\x00',11.12365,02 7E 00 AA AA AA AA AA,sd_2A73E1CC/00000013,,,,,,,,,
SF,,4.0,,11.17375,04 62 02 8C A9 AA AA AA,sd_2A73E1CC/00000013,652.0,b'\xa9',SOC (BMS),%,Battery,67.6,numeric,,
SF,,5.0,,11.2737,05 62 1E 3B 05 C1 AA AA,sd_2A73E1CC/00000013,7739.0,b'\x05\xc1',HV Battery voltage,V,Battery,368.25,numeric,,
FF,,,,11.3737,10 08 62 1E 3D 00 02 49,sd_2A73E1CC/00000013,7741.0,b'\x00\x02I',HV Battery current,A,Battery,-2.4,partial,8.0,True
SF,,4.0,,11.4737,04 62 2A 0B 63 AA AA AA,sd_2A73E1CC/00000013,10763.0,b'c',HV Battery temp (main value),°C,Battery,9.5,numeric,,
SF,,7.0,,11.573749999999999,07 62 1E 0E 02 80 00 01,sd_2A73E1CC/00000013,7694.0,b'\x02\x80\x00\x01',HV Battery max temp and temp point,°C,Battery,10.0,numeric,,
SF,,4.0,,11.6737,04 62 74 48 01 AA AA AA,sd_2A73E1CC/00000013,29768.0,b'\x01',Car operation mode,logic,Technical,driving,enum,,
SF,,4.0,,12.17385,04 62 02 8C A9 AA AA AA,sd_2A73E1CC/00000013,652.0,b'\xa9',SOC (BMS),%,Battery,67.6,numeric,,
SF,,5.0,,12.27375,05 62 1E 3B 05 C1 AA AA,sd_2A73E1CC/00000013,7739.0,b'\x05\xc1',HV Battery voltage,V,Battery,368.25,numeric,,
FF,,,,12.37375,10 08 62 1E 3D 00 02 48,sd_2A73E1CC/00000013,7741.0,b'\x00\x02H',HV Battery current,A,Battery,-4.96,partial,8.0,True
OTHER,80.0,6.0,b'\x06P\x03\x00\x1e\x01\xe5',13.073799999999999,06 50 03 00 1E 01 E5 AA,sd_2A73E1CC/00000013,,,,,,,,,
OTHER,126.0,2.0,b'\x02~\x00',13.1238,02 7E 00 AA AA AA AA AA,sd_2A73E1CC/00000013,,,,,,,,,
SF,,4.0,,13.1739,04 62 02 8C A9 AA AA AA,sd_2A73E1CC/00000013,652.0,b'\xa9',SOC (BMS),%,Battery,67.6,numeric,,
SF,,5.0,,13.27375,05 62 1E 3B 05 C1 AA AA,sd_2A73E1CC/00000013,7739.0,b'\x05\xc1',HV Battery voltage,V,Battery,368.25,numeric,,
FF,,,,13.37385,10 08 62 1E 3D 00 02 48,sd_2A73E1CC/00000013,7741.0,b'\x00\x02H',HV Battery current,A,Battery,-4.96,partial,8.0,True
SF,,4.0,,13.473899999999999,04 62 2A 0B 63 AA AA AA,sd_2A73E1CC/00000013,10763.0,b'c',HV Battery temp (main value),°C,Battery,9.5,numeric,,
SF,,7.0,,13.57385,07 62 1E 0E 02 80 00 01,sd_2A73E1CC/00000013,7694.0,b'\x02\x80\x00\x01',HV Battery max temp and temp point,°C,Battery,10.0,numeric,,
SF,,4.0,,13.67385,04 62 74 48 01 AA AA AA,sd_2A73E1CC/00000013,29768.0,b'\x01',Car operation mode,logic,Technical,driving,enum,,
SF,,4.0,,14.1739,04 62 02 8C A9 AA AA AA,sd_2A73E1CC/00000013,652.0,b'\xa9',SOC (BMS),%,Battery,67.6,numeric,,
SF,,5.0,,14.27385,05 62 1E 3B 05 C1 AA AA,sd_2A73E1CC/00000013,7739.0,b'\x05\xc1',HV Battery voltage,V,Battery,368.25,numeric,,
FF,,,,14.37385,10 08 62 1E 3D 00 02 48,sd_2A73E1CC/00000013,7741.0,b'\x00\x02H',HV Battery current,A,Battery,-4.96,partial,8.0,True
OTHER,80.0,6.0,b'\x06P\x03\x00\x1e\x01\xe5',15.0739,06 50 03 00 1E 01 E5 AA,sd_2A73E1CC/00000013,,,,,,,,,
OTHER,126.0,2.0,b'\x02~\x00',15.12385,02 7E 00 AA AA AA AA AA,sd_2A73E1CC/00000013,,,,,,,,,
SF,,4.0,,15.174,04 62 02 8C A9 AA AA AA,sd_2A73E1CC/00000013,652.0,b'\xa9',SOC (BMS),%,Battery,67.6,numeric,,
SF,,5.0,,15.2739,05 62 1E 3B 05 C1 AA AA,sd_2A73E1CC/00000013,7739.0,b'\x05\xc1',HV Battery voltage,V,Battery,368.25,numeric,,
FF,,,,15.373949999999999,10 08 62 1E 3D 00 02 48,sd_2A73E1CC/00000013,7741.0,b'\x00\x02H',HV Battery current,A,Battery,-4.96,partial,8.0,True
SF,,4.0,,15.473949999999999,04 62 2A 0B 63 AA AA AA,sd_2A73E1CC/00000013,10763.0,b'c',HV Battery temp (main value),°C,Battery,9.5,numeric,,
SF,,7.0,,15.574,07 62 1E 0E 02 80 00 01,sd_2A73E1CC/00000013,7694.0,b'\x02\x80\x00\x01',HV Battery max temp and temp point,°C,Battery,10.0,numeric,,
SF,,4.0,,15.6739,04 62 74 48 01 AA AA AA,sd_2A73E1CC/00000013,29768.0,b'\x01',Car operation mode,logic,Technical,driving,enum,,
SF,,4.0,,16.174049999999998,04 62 02 8C A9 AA AA AA,sd_2A73E1CC/00000013,652.0,b'\xa9',SOC (BMS),%,Battery,67.6,numeric,,
SF,,5.0,,16.27395,05 62 1E 3B 05 C1 AA AA,sd_2A73E1CC/00000013,7739.0,b'\x05\xc1',HV Battery voltage,V,Battery,368.25,numeric,,
FF,,,,16.374,10 08 62 1E 3D 00 02 48,sd_2A73E1CC/00000013,7741.0,b'\x00\x02H',HV Battery current,A,Battery,-4.96,partial,8.0,True
OTHER,80.0,6.0,b'\x06P\x03\x00\x1e\x01\xe5',17.073999999999998,06 50 03 00 1E 01 E5 AA,sd_2A73E1CC/00000013,,,,,,,,,
OTHER,126.0,2.0,b'\x02~\x00',17.12405,02 7E 00 AA AA AA AA AA,sd_2A73E1CC/00000013,,,,,,,,,
SF,,4.0,,17.1741,04 62 02 8C A9 AA AA AA,sd_2A73E1CC/00000013,652.0,b'\xa9',SOC (BMS),%,Battery,67.6,numeric,,
SF,,5.0,,17.274,05 62 1E 3B 05 C1 AA AA,sd_2A73E1CC/00000013,7739.0,b'\x05\xc1',HV Battery voltage,V,Battery,368.25,numeric,,
FF,,,,17.37405,10 08 62 1E 3D 00 02 48,sd_2A73E1CC/00000013,7741.0,b'\x00\x02H',HV Battery current,A,Battery,-4.96,partial,8.0,True
SF,,4.0,,17.474,04 62 2A 0B 63 AA AA AA,sd_2A73E1CC/00000013,10763.0,b'c',HV Battery temp (main value),°C,Battery,9.5,numeric,,
SF,,7.0,,17.57405,07 62 1E 0E 02 80 00 01,sd_2A73E1CC/00000013,7694.0,b'\x02\x80\x00\x01',HV Battery max temp and temp point,°C,Battery,10.0,numeric,,
SF,,4.0,,17.674,04 62 74 48 01 AA AA AA,sd_2A73E1CC/00000013,29768.0,b'\x01',Car operation mode,logic,Technical,driving,enum,,
SF,,4.0,,18.17415,04 62 02 8C A9 AA AA AA,sd_2A73E1CC/00000013,652.0,b'\xa9',SOC (BMS),%,Battery,67.6,numeric,,
SF,,5.0,,18.27405,05 62 1E 3B 05 C1 AA AA,sd_2A73E1CC/00000013,7739.0,b'\x05\xc1',HV Battery voltage,V,Battery,368.25,numeric,,
FF,,,,18.3741,10 08 62 1E 3D 00 02 49,sd_2A73E1CC/00000013,7741.0,b'\x00\x02I',HV Battery current,A,Battery,-2.4,partial,8.0,True
OTHER,80.0,6.0,b'\x06P\x03\x00\x1e\x01\xe5',19.074199999999998,06 50 03 00 1E 01 E5 AA,sd_2A73E1CC/00000013,,,,,,,,,
OTHER,126.0,2.0,b'\x02~\x00',19.1242,02 7E 00 AA AA AA AA AA,sd_2A73E1CC/00000013,,,,,,,,,
SF,,4.0,,19.1743,04 62 02 8C A9 AA AA AA,sd_2A73E1CC/00000013,652.0,b'\xa9',SOC (BMS),%,Battery,67.6,numeric,,
SF,,5.0,,19.27415,05 62 1E 3B 05 C1 AA AA,sd_2A73E1CC/00000013,7739.0,b'\x05\xc1',HV Battery voltage,V,Battery,368.25,numeric,,
FF,,,,19.3742,10 08 62 1E 3D 00 02 49,sd_2A73E1CC/00000013,7741.0,b'\x00\x02I',HV Battery current,A,Battery,-2.4,partial,8.0,True
SF,,4.0,,19.474149999999998,04 62 2A 0B 63 AA AA AA,sd_2A73E1CC/00000013,10763.0,b'c',HV Battery temp (main value),°C,Battery,9.5,numeric,,
SF,,7.0,,19.57425,07 62 1E 0E 02 80 00 01,sd_2A73E1CC/00000013,7694.0,b'\x02\x80\x00\x01',HV Battery max temp and temp point,°C,Battery,10.0,numeric,,
SF,,4.0,,19.674149999999997,04 62 74 48 01 AA AA AA,sd_2A73E1CC/00000013,29768.0,b'\x01',Car operation mode,logic,Technical,driving,enum,,
SF,,4.0,,20.1743,04 62 02 8C A9 AA AA AA,sd_2A73E1CC/00000013,652.0,b'\xa9',SOC (BMS),%,Battery,67.6,numeric,,
SF,,5.0,,20.27415,05 62 1E 3B 05 C1 AA AA,sd_2A73E1CC/00000013,7739.0,b'\x05\xc1',HV Battery voltage,V,Battery,368.25,numeric,,
FF,,,,20.37415,10 08 62 1E 3D 00 02 49,sd_2A73E1CC/00000013,7741.0,b'\x00\x02I',HV Battery current,A,Battery,-2.4,partial,8.0,True
OTHER,80.0,6.0,b'\x06P\x03\x00\x1e\x01\xe5',21.074299999999997,06 50 03 00 1E 01 E5 AA,sd_2A73E1CC/00000013,,,,,,,,,
OTHER,126.0,2.0,b'\x02~\x00',21.1242,02 7E 00 AA AA AA AA AA,sd_2A73E1CC/00000013,,,,,,,,,
SF,,4.0,,21.1743,04 62 02 8C A9 AA AA AA,sd_2A73E1CC/00000013,652.0,b'\xa9',SOC (BMS),%,Battery,67.6,numeric,,
SF,,5.0,,21.27425,05 62 1E 3B 05 C1 AA AA,sd_2A73E1CC/00000013,7739.0,b'\x05\xc1',HV Battery voltage,V,Battery,368.25,numeric,,
FF,,,,21.37425,10 08 62 1E 3D 00 02 48,sd_2A73E1CC/00000013,7741.0,b'\x00\x02H',HV Battery current,A,Battery,-4.96,partial,8.0,True
SF,,4.0,,21.474249999999998,04 62 2A 0B 63 AA AA AA,sd_2A73E1CC/00000013,10763.0,b'c',HV Battery temp (main value),°C,Battery,9.5,numeric,,
SF,,7.0,,21.574299999999997,07 62 1E 0E 02 80 00 01,sd_2A73E1CC/00000013,7694.0,b'\x02\x80\x00\x01',HV Battery max temp and temp point,°C,Battery,10.0,numeric,,
SF,,4.0,,21.6743,04 62 74 48 01 AA AA AA,sd_2A73E1CC/00000013,29768.0,b'\x01',Car operation mode,logic,Technical,driving,enum,,
SF,,4.0,,22.1744,04 62 02 8C A9 AA AA AA,sd_2A73E1CC/00000013,652.0,b'\xa9',SOC (BMS),%,Battery,67.6,numeric,,
SF,,5.0,,22.2743,05 62 1E 3B 05 C1 AA AA,sd_2A73E1CC/00000013,7739.0,b'\x05\xc1',HV Battery voltage,V,Battery,368.25,numeric,,
FF,,,,22.37435,10 08 62 1E 3D 00 02 48,sd_2A73E1CC/00000013,7741.0,b'\x00\x02H',HV Battery current,A,Battery,-4.96,partial,8.0,True
OTHER,80.0,6.0,b'\x06P\x03\x00\x1e\x01\xe5',23.07435,06 50 03 00 1E 01 E5 AA,sd_2A73E1CC/00000013,,,,,,,,,
OTHER,126.0,2.0,b'\x02~\x00',23.12435,02 7E 00 AA AA AA AA AA,sd_2A73E1CC/00000013,,,,,,,,,
SF,,4.0,,23.1744,04 62 02 8C A9 AA AA AA,sd_2A73E1CC/00000013,652.0,b'\xa9',SOC (BMS),%,Battery,67.6,numeric,,
SF,,5.0,,23.2743,05 62 1E 3B 05 C1 AA AA,sd_2A73E1CC/00000013,7739.0,b'\x05\xc1',HV Battery voltage,V,Battery,368.25,numeric,,
FF,,,,23.37435,10 08 62 1E 3D 00 02 48,sd_2A73E1CC/00000013,7741.0,b'\x00\x02H',HV Battery current,A,Battery,-4.96,partial,8.0,True
SF,,4.0,,23.474349999999998,04 62 2A 0B 63 AA AA AA,sd_2A73E1CC/00000013,10763.0,b'c',HV Battery temp (main value),°C,Battery,9.5,numeric,,
SF,,7.0,,23.5745,07 62 1E 0E 02 80 00 01,sd_2A73E1CC/00000013,7694.0,b'\x02\x80\x00\x01',HV Battery max temp and temp point,°C,Battery,10.0,numeric,,
SF,,4.0,,23.67435,04 62 74 48 01 AA AA AA,sd_2A73E1CC/00000013,29768.0,b'\x01',Car operation mode,logic,Technical,driving,enum,,
SF,,4.0,,24.17445,04 62 02 8C A9 AA AA AA,sd_2A73E1CC/00000013,652.0,b'\xa9',SOC (BMS),%,Battery,67.6,numeric,,
SF,,5.0,,24.27435,05 62 1E 3B 05 C1 AA AA,sd_2A73E1CC/00000013,7739.0,b'\x05\xc1',HV Battery voltage,V,Battery,368.25,numeric,,
FF,,,,24.374399999999998,10 08 62 1E 3D 00 02 49,sd_2A73E1CC/00000013,7741.0,b'\x00\x02I',HV Battery current,A,Battery,-2.4,partial,8.0,True
OTHER,80.0,6.0,b'\x06P\x03\x00\x1e\x01\xe5',25.07445,06 50 03 00 1E 01 E5 AA,sd_2A73E1CC/00000013,,,,,,,,,
OTHER,126.0,2.0,b'\x02~\x00',25.12445,02 7E 00 AA AA AA AA AA,sd_2A73E1CC/00000013,,,,,,,,,
SF,,4.0,,25.17455,04 62 02 8C A9 AA AA AA,sd_2A73E1CC/00000013,652.0,b'\xa9',SOC (BMS),%,Battery,67.6,numeric,,
SF,,5.0,,25.2744,05 62 1E 3B 05 C1 AA AA,sd_2A73E1CC/00000013,7739.0,b'\x05\xc1',HV Battery voltage,V,Battery,368.25,numeric,,
FF,,,,25.374399999999998,10 08 62 1E 3D 00 02 48,sd_2A73E1CC/00000013,7741.0,b'\x00\x02H',HV Battery current,A,Battery,-4.96,partial,8.0,True
SF,,4.0,,25.474449999999997,04 62 2A 0B 63 AA AA AA,sd_2A73E1CC/00000013,10763.0,b'c',HV Battery temp (main value),°C,Battery,9.5,numeric,,
SF,,7.0,,25.5745,07 62 1E 0E 02 80 00 01,sd_2A73E1CC/00000013,7694.0,b'\x02\x80\x00\x01',HV Battery max temp and temp point,°C,Battery,10.0,numeric,,
SF,,4.0,,25.67445,04 62 74 48 01 AA AA AA,sd_2A73E1CC/00000013,29768.0,b'\x01',Car operation mode,logic,Technical,driving,enum,,
SF,,4.0,,26.174599999999998,04 62 02 8C A9 AA AA AA,sd_2A73E1CC/00000013,652.0,b'\xa9',SOC (BMS),%,Battery,67.6,numeric,,
SF,,5.0,,26.2745,05 62 1E 3B 05 C1 AA AA,sd_2A73E1CC/00000013,7739.0,b'\x05\xc1',HV Battery voltage,V,Battery,368.25,numeric,,
FF,,,,26.374499999999998,10 08 62 1E 3D 00 02 48,sd_2A73E1CC/00000013,7741.0,b'\x00\x02H',HV Battery current,A,Battery,-4.96,partial,8.0,True
OTHER,80.0,6.0,b'\x06P\x03\x00\x1e\x01\xe5',27.07455,06 50 03 00 1E 01 E5 AA,sd_2A73E1CC/00000013,,,,,,,,,
OTHER,126.0,2.0,b'\x02~\x00',27.124599999999997,02 7E 00 AA AA AA AA AA,sd_2A73E1CC/00000013,,,,,,,,,
SF,,4.0,,27.174599999999998,04 62 02 8C A9 AA AA AA,sd_2A73E1CC/00000013,652.0,b'\xa9',SOC (BMS),%,Battery,67.6,numeric,,
SF,,5.0,,27.274549999999998,05 62 1E 3B 05 C1 AA AA,sd_2A73E1CC/00000013,7739.0,b'\x05\xc1',HV Battery voltage,V,Battery,368.25,numeric,,
FF,,,,27.374699999999997,10 08 62 1E 3D 00 02 48,sd_2A73E1CC/00000013,7741.0,b'\x00\x02H',HV Battery current,A,Battery,-4.96,partial,8.0,True
SF,,4.0,,27.4746,04 62 2A 0B 63 AA AA AA,sd_2A73E1CC/00000013,10763.0,b'c',HV Battery temp (main value),°C,Battery,9.5,numeric,,
SF,,7.0,,27.5747,07 62 1E 0E 02 80 00 01,sd_2A73E1CC/00000013,7694.0,b'\x02\x80\x00\x01',HV Battery max temp and temp point,°C,Battery,10.0,numeric,,
SF,,4.0,,27.67455,04 62 74 48 01 AA AA AA,sd_2A73E1CC/00000013,29768.0,b'\x01',Car operation mode,logic,Technical,driving,enum,,
SF,,4.0,,28.174699999999998,04 62 02 8C A9 AA AA AA,sd_2A73E1CC/00000013,652.0,b'\xa9',SOC (BMS),%,Battery,67.6,numeric,,
SF,,5.0,,28.2746,05 62 1E 3B 05 C1 AA AA,sd_2A73E1CC/00000013,7739.0,b'\x05\xc1',HV Battery voltage,V,Battery,368.25,numeric,,
FF,,,,28.374599999999997,10 08 62 1E 3D 00 02 48,sd_2A73E1CC/00000013,7741.0,b'\x00\x02H',HV Battery current,A,Battery,-4.96,partial,8.0,True
OTHER,80.0,6.0,b'\x06P\x03\x00\x1e\x01\xe5',29.0747,06 50 03 00 1E 01 E5 AA,sd_2A73E1CC/00000013,,,,,,,,,
OTHER,126.0,2.0,b'\x02~\x00',29.12475,02 7E 00 AA AA AA AA AA,sd_2A73E1CC/00000013,,,,,,,,,
SF,,4.0,,29.17475,04 62 02 8C A9 AA AA AA,sd_2A73E1CC/00000013,652.0,b'\xa9',SOC (BMS),%,Battery,67.6,numeric,,
SF,,5.0,,29.2747,05 62 1E 3B 05 C1 AA AA,sd_2A73E1CC/00000013,7739.0,b'\x05\xc1',HV Battery voltage,V,Battery,368.25,numeric,,
FF,,,,29.374699999999997,10 08 62 1E 3D 00 02 48,sd_2A73E1CC/00000013,7741.0,b'\x00\x02H',HV Battery current,A,Battery,-4.96,partial,8.0,True
SF,,4.0,,29.47475,04 62 2A 0B 63 AA AA AA,sd_2A73E1CC/00000013,10763.0,b'c',HV Battery temp (main value),°C,Battery,9.5,numeric,,
SF,,7.0,,29.574749999999998,07 62 1E 0E 02 80 00 01,sd_2A73E1CC/00000013,7694.0,b'\x02\x80\x00\x01',HV Battery max temp and temp point,°C,Battery,10.0,numeric,,
SF,,4.0,,29.674699999999998,04 62 74 48 01 AA AA AA,sd_2A73E1CC/00000013,29768.0,b'\x01',Car operation mode,logic,Technical,driving,enum,,
SF,,4.0,,30.174799999999998,04 62 02 8C A9 AA AA AA,sd_2A73E1CC/00000013,652.0,b'\xa9',SOC (BMS),%,Battery,67.6,numeric,,
SF,,5.0,,30.2747,05 62 1E 3B 05 C1 AA AA,sd_2A73E1CC/00000013,7739.0,b'\x05\xc1',HV Battery voltage,V,Battery,368.25,numeric,,
FF,,,,30.37485,10 08 62 1E 3D 00 02 48,sd_2A73E1CC/00000013,7741.0,b'\x00\x02H',HV Battery current,A,Battery,-4.96,partial,8.0,True
OTHER,80.0,6.0,b'\x06P\x03\x00\x1e\x01\xe5',31.074749999999998,06 50 03 00 1E 01 E5 AA,sd_2A73E1CC/00000013,,,,,,,,,
OTHER,126.0,2.0,b'\x02~\x00',31.12485,02 7E 00 AA AA AA AA AA,sd_2A73E1CC/00000013,,,,,,,,,
SF,,4.0,,31.174899999999997,04 62 02 8C A9 AA AA AA,sd_2A73E1CC/00000013,652.0,b'\xa9',SOC (BMS),%,Battery,67.6,numeric,,
SF,,5.0,,31.2748,05 62 1E 3B 05 C1 AA AA,sd_2A73E1CC/00000013,7739.0,b'\x05\xc1',HV Battery voltage,V,Battery,368.25,numeric,,
FF,,,,31.3749,10 08 62 1E 3D 00 02 48,sd_2A73E1CC/00000013,7741.0,b'\x00\x02H',HV Battery current,A,Battery,-4.96,partial,8.0,True
SF,,4.0,,31.474899999999998,04 62 2A 0B 63 AA AA AA,sd_2A73E1CC/00000013,10763.0,b'c',HV Battery temp (main value),°C,Battery,9.5,numeric,,
SF,,7.0,,31.5749,07 62 1E 0E 02 80 00 01,sd_2A73E1CC/00000013,7694.0,b'\x02\x80\x00\x01',HV Battery max temp and temp point,°C,Battery,10.0,numeric,,
SF,,4.0,,31.67485,04 62 74 48 01 AA AA AA,sd_2A73E1CC/00000013,29768.0,b'\x01',Car operation mode,logic,Technical,driving,enum,,
SF,,4.0,,32.174949999999995,04 62 02 8C A9 AA AA AA,sd_2A73E1CC/00000013,652.0,b'\xa9',SOC (BMS),%,Battery,67.6,numeric,,
SF,,5.0,,32.27485,05 62 1E 3B 05 C1 AA AA,sd_2A73E1CC/00000013,7739.0,b'\x05\xc1',HV Battery voltage,V,Battery,368.25,numeric,,
FF,,,,32.3749,10 08 62 1E 3D 00 02 48,sd_2A73E1CC/00000013,7741.0,b'\x00\x02H',HV Battery current,A,Battery,-4.96,partial,8.0,True
OTHER,80.0,6.0,b'\x06P\x03\x00\x1e\x01\xe5',33.0749,06 50 03 00 1E 01 E5 AA,sd_2A73E1CC/00000013,,,,,,,,,
OTHER,126.0,2.0,b'\x02~\x00',33.12495,02 7E 00 AA AA AA AA AA,sd_2A73E1CC/00000013,,,,,,,,,
SF,,4.0,,33.175,04 62 02 8C A9 AA AA AA,sd_2A73E1CC/00000013,652.0,b'\xa9',SOC (BMS),%,Battery,67.6,numeric,,
SF,,5.0,,33.274899999999995,05 62 1E 3B 05 C1 AA AA,sd_2A73E1CC/00000013,7739.0,b'\x05\xc1',HV Battery voltage,V,Battery,368.25,numeric,,
FF,,,,33.3749,10 08 62 1E 3D 00 02 48,sd_2A73E1CC/00000013,7741.0,b'\x00\x02H',HV Battery current,A,Battery,-4.96,partial,8.0,True
SF,,4.0,,33.475,04 62 2A 0B 63 AA AA AA,sd_2A73E1CC/00000013,10763.0,b'c',HV Battery temp (main value),°C,Battery,9.5,numeric,,
SF,,7.0,,33.57505,07 62 1E 0E 02 80 00 01,sd_2A73E1CC/00000013,7694.0,b'\x02\x80\x00\x01',HV Battery max temp and temp point,°C,Battery,10.0,numeric,,
SF,,4.0,,33.6749,04 62 74 48 01 AA AA AA,sd_2A73E1CC/00000013,29768.0,b'\x01',Car operation mode,logic,Technical,driving,enum,,
SF,,4.0,,34.17505,04 62 02 8C A9 AA AA AA,sd_2A73E1CC/00000013,652.0,b'\xa9',SOC (BMS),%,Battery,67.6,numeric,,
SF,,5.0,,34.27495,05 62 1E 3B 05 C1 AA AA,sd_2A73E1CC/00000013,7739.0,b'\x05\xc1',HV Battery voltage,V,Battery,368.25,numeric,,
FF,,,,34.37505,10 08 62 1E 3D 00 02 48,sd_2A73E1CC/00000013,7741.0,b'\x00\x02H',HV Battery current,A,Battery,-4.96,partial,8.0,True
OTHER,80.0,6.0,b'\x06P\x03\x00\x1e\x01\xe5',35.074999999999996,06 50 03 00 1E 01 E5 AA,sd_2A73E1CC/00000013,,,,,,,,,
OTHER,126.0,2.0,b'\x02~\x00',35.12505,02 7E 00 AA AA AA AA AA,sd_2A73E1CC/00000013,,,,,,,,,
SF,,4.0,,35.1751,04 62 02 8C A9 AA AA AA,sd_2A73E1CC/00000013,652.0,b'\xa9',SOC (BMS),%,Battery,67.6,numeric,,
SF,,5.0,,35.275,05 62 1E 3B 05 C1 AA AA,sd_2A73E1CC/00000013,7739.0,b'\x05\xc1',HV Battery voltage,V,Battery,368.25,numeric,,
FF,,,,35.375,10 08 62 1E 3D 00 02 48,sd_2A73E1CC/00000013,7741.0,b'\x00\x02H',HV Battery current,A,Battery,-4.96,partial,8.0,True
SF,,4.0,,35.475049999999996,04 62 2A 0B 63 AA AA AA,sd_2A73E1CC/00000013,10763.0,b'c',HV Battery temp (main value),°C,Battery,9.5,numeric,,
SF,,7.0,,35.57515,07 62 1E 0E 02 80 00 01,sd_2A73E1CC/00000013,7694.0,b'\x02\x80\x00\x01',HV Battery max temp and temp point,°C,Battery,10.0,numeric,,
SF,,4.0,,35.675,04 62 74 48 01 AA AA AA,sd_2A73E1CC/00000013,29768.0,b'\x01',Car operation mode,logic,Technical,driving,enum,,
SF,,4.0,,36.175149999999995,04 62 02 8C A9 AA AA AA,sd_2A73E1CC/00000013,652.0,b'\xa9',SOC (BMS),%,Battery,67.6,numeric,,
SF,,5.0,,36.275,05 62 1E 3B 05 C1 AA AA,sd_2A73E1CC/00000013,7739.0,b'\x05\xc1',HV Battery voltage,V,Battery,368.25,numeric,,
FF,,,,36.37505,10 08 62 1E 3D 00 02 48,sd_2A73E1CC/00000013,7741.0,b'\x00\x02H',HV Battery current,A,Battery,-4.96,partial,8.0,True
OTHER,80.0,6.0,b'\x06P\x03\x00\x1e\x01\xe5',37.07515,06 50 03 00 1E 01 E5 AA,sd_2A73E1CC/00000013,,,,,,,,,
OTHER,126.0,2.0,b'\x02~\x00',37.12515,02 7E 00 AA AA AA AA AA,sd_2A73E1CC/00000013,,,,,,,,,
SF,,4.0,,37.1752,04 62 02 8C A9 AA AA AA,sd_2A73E1CC/00000013,652.0,b'\xa9',SOC (BMS),%,Battery,67.6,numeric,,
SF,,5.0,,37.275099999999995,05 62 1E 3B 05 C1 AA AA,sd_2A73E1CC/00000013,7739.0,b'\x05\xc1',HV Battery voltage,V,Battery,368.25,numeric,,
FF,,,,37.3752,10 08 62 1E 3D 00 02 48,sd_2A73E1CC/00000013,7741.0,b'\x00\x02H',HV Battery current,A,Battery,-4.96,partial,8.0,True
SF,,4.0,,37.4752,04 62 2A 0B 63 AA AA AA,sd_2A73E1CC/00000013,10763.0,b'c',HV Battery temp (main value),°C,Battery,9.5,numeric,,
SF,,7.0,,37.57525,07 62 1E 0E 02 80 00 01,sd_2A73E1CC/00000013,7694.0,b'\x02\x80\x00\x01',HV Battery max temp and temp point,°C,Battery,10.0,numeric,,
SF,,4.0,,37.675149999999995,04 62 74 48 01 AA AA AA,sd_2A73E1CC/00000013,29768.0,b'\x01',Car operation mode,logic,Technical,driving,enum,,
SF,,4.0,,38.17525,04 62 02 8C A9 AA AA AA,sd_2A73E1CC/00000013,652.0,b'\xa9',SOC (BMS),%,Battery,67.6,numeric,,
SF,,5.0,,38.27515,05 62 1E 3B 05 C1 AA AA,sd_2A73E1CC/00000013,7739.0,b'\x05\xc1',HV Battery voltage,V,Battery,368.25,numeric,,
FF,,,,38.37525,10 08 62 1E 3D 00 02 48,sd_2A73E1CC/00000013,7741.0,b'\x00\x02H',HV Battery current,A,Battery,-4.96,partial,8.0,True
OTHER,80.0,6.0,b'\x06P\x03\x00\x1e\x01\xe5',39.075199999999995,06 50 03 00 1E 01 E5 AA,sd_2A73E1CC/00000013,,,,,,,,,
OTHER,126.0,2.0,b'\x02~\x00',39.12525,02 7E 00 AA AA AA AA AA,sd_2A73E1CC/00000013,,,,,,,,,
SF,,4.0,,39.1753,04 62 02 8C A9 AA AA AA,sd_2A73E1CC/00000013,652.0,b'\xa9',SOC (BMS),%,Battery,67.6,numeric,,
SF,,5.0,,39.2752,05 62 1E 3B 05 C1 AA AA,sd_2A73E1CC/00000013,7739.0,b'\x05\xc1',HV Battery voltage,V,Battery,368.25,numeric,,
FF,,,,39.37525,10 08 62 1E 3D 00 02 48,sd_2A73E1CC/00000013,7741.0,b'\x00\x02H',HV Battery current,A,Battery,-4.96,partial,8.0,True
SF,,4.0,,39.475249999999996,04 62 2A 0B 63 AA AA AA,sd_2A73E1CC/00000013,10763.0,b'c',HV Battery temp (main value),°C,Battery,9.5,numeric,,
SF,,7.0,,39.57535,07 62 1E 0E 02 80 00 01,sd_2A73E1CC/00000013,7694.0,b'\x02\x80\x00\x01',HV Battery max temp and temp point,°C,Battery,10.0,numeric,,
SF,,4.0,,39.67525,04 62 74 48 01 AA AA AA,sd_2A73E1CC/00000013,29768.0,b'\x01',Car operation mode,logic,Technical,driving,enum,,
SF,,4.0,,40.17535,04 62 02 8C A9 AA AA AA,sd_2A73E1CC/00000013,652.0,b'\xa9',SOC (BMS),%,Battery,67.6,numeric,,
SF,,5.0,,40.2752,05 62 1E 3B 05 C1 AA AA,sd_2A73E1CC/00000013,7739.0,b'\x05\xc1',HV Battery voltage,V,Battery,368.25,numeric,,
FF,,,,40.37525,10 08 62 1E 3D 00 02 48,sd_2A73E1CC/00000013,7741.0,b'\x00\x02H',HV Battery current,A,Battery,-4.96,partial,8.0,True
OTHER,80.0,6.0,b'\x06P\x03\x00\x1e\x01\xe5',41.07535,06 50 03 00 1E 01 E5 AA,sd_2A73E1CC/00000013,,,,,,,,,
OTHER,126.0,2.0,b'\x02~\x00',41.12545,02 7E 00 AA AA AA AA AA,sd_2A73E1CC/00000013,,,,,,,,,
SF,,4.0,,41.175399999999996,04 62 02 8C A9 AA AA AA,sd_2A73E1CC/00000013,652.0,b'\xa9',SOC (BMS),%,Battery,67.6,numeric,,
SF,,5.0,,41.27525,05 62 1E 3B 05 C1 AA AA,sd_2A73E1CC/00000013,7739.0,b'\x05\xc1',HV Battery voltage,V,Battery,368.25,numeric,,
FF,,,,41.37545,10 08 62 1E 3D 00 02 48,sd_2A73E1CC/00000013,7741.0,b'\x00\x02H',HV Battery current,A,Battery,-4.96,partial,8.0,True
SF,,4.0,,41.4753,04 62 2A 0B 63 AA AA AA,sd_2A73E1CC/00000013,10763.0,b'c',HV Battery temp (main value),°C,Battery,9.5,numeric,,
SF,,7.0,,41.575399999999995,07 62 1E 0E 02 80 00 01,sd_2A73E1CC/00000013,7694.0,b'\x02\x80\x00\x01',HV Battery max temp and temp point,°C,Battery,10.0,numeric,,
SF,,4.0,,41.6753,04 62 74 48 01 AA AA AA,sd_2A73E1CC/00000013,29768.0,b'\x01',Car operation mode,logic,Technical,driving,enum,,
SF,,4.0,,42.17545,04 62 02 8C A9 AA AA AA,sd_2A73E1CC/00000013,652.0,b'\xa9',SOC (BMS),%,Battery,67.6,numeric,,
SF,,5.0,,42.275349999999996,05 62 1E 3B 05 C1 AA AA,sd_2A73E1CC/00000013,7739.0,b'\x05\xc1',HV Battery voltage,V,Battery,368.25,numeric,,
FF,,,,42.375499999999995,10 08 62 1E 3D 00 02 48,sd_2A73E1CC/00000013,7741.0,b'\x00\x02H',HV Battery current,A,Battery,-4.96,partial,8.0,True
OTHER,80.0,6.0,b'\x06P\x03\x00\x1e\x01\xe5',43.0755,06 50 03 00 1E 01 E5 AA,sd_2A73E1CC/00000013,,,,,,,,,
OTHER,126.0,2.0,b'\x02~\x00',43.125699999999995,02 7E 00 AA AA AA AA AA,sd_2A73E1CC/00000013,,,,,,,,,
SF,,4.0,,43.1755,04 62 02 8C A9 AA AA AA,sd_2A73E1CC/00000013,652.0,b'\xa9',SOC (BMS),%,Battery,67.6,numeric,,
SF,,5.0,,43.2754,05 62 1E 3B 05 C1 AA AA,sd_2A73E1CC/00000013,7739.0,b'\x05\xc1',HV Battery voltage,V,Battery,368.25,numeric,,
FF,,,,43.37545,10 08 62 1E 3D 00 02 48,sd_2A73E1CC/00000013,7741.0,b'\x00\x02H',HV Battery current,A,Battery,-4.96,partial,8.0,True
SF,,4.0,,43.4754,04 62 2A 0B 63 AA AA AA,sd_2A73E1CC/00000013,10763.0,b'c',HV Battery temp (main value),°C,Battery,9.5,numeric,,
SF,,7.0,,43.5759,07 62 1E 0E 02 80 00 01,sd_2A73E1CC/00000013,7694.0,b'\x02\x80\x00\x01',HV Battery max temp and temp point,°C,Battery,10.0,numeric,,
SF,,4.0,,43.675399999999996,04 62 74 48 01 AA AA AA,sd_2A73E1CC/00000013,29768.0,b'\x01',Car operation mode,logic,Technical,driving,enum,,
SF,,4.0,,44.1757,04 62 02 8C A9 AA AA AA,sd_2A73E1CC/00000013,652.0,b'\xa9',SOC (BMS),%,Battery,67.6,numeric,,
SF,,5.0,,44.2756,05 62 1E 3B 05 C1 AA AA,sd_2A73E1CC/00000013,7739.0,b'\x05\xc1',HV Battery voltage,V,Battery,368.25,numeric,,
FF,,,,44.37555,10 08 62 1E 3D 00 02 48,sd_2A73E1CC/00000013,7741.0,b'\x00\x02H',HV Battery current,A,Battery,-4.96,partial,8.0,True
OTHER,80.0,6.0,b'\x06P\x03\x00\x1e\x01\xe5',45.0757,06 50 03 00 1E 01 E5 AA,sd_2A73E1CC/00000013,,,,,,,,,
OTHER,126.0,2.0,b'\x02~\x00',45.12575,02 7E 00 AA AA AA AA AA,sd_2A73E1CC/00000013,,,,,,,,,
SF,,4.0,,45.175799999999995,04 62 02 8C A9 AA AA AA,sd_2A73E1CC/00000013,652.0,b'\xa9',SOC (BMS),%,Battery,67.6,numeric,,
SF,,5.0,,45.27565,05 62 1E 3B 05 C1 AA AA,sd_2A73E1CC/00000013,7739.0,b'\x05\xc1',HV Battery voltage,V,Battery,368.25,numeric,,
FF,,,,45.37565,10 08 62 1E 3D 00 02 48,sd_2A73E1CC/00000013,7741.0,b'\x00\x02H',HV Battery current,A,Battery,-4.96,partial,8.0,True
SF,,4.0,,45.475699999999996,04 62 2A 0B 63 AA AA AA,sd_2A73E1CC/00000013,10763.0,b'c',HV Battery temp (main value),°C,Battery,9.5,numeric,,
SF,,7.0,,45.5758,07 62 1E 0E 02 80 00 01,sd_2A73E1CC/00000013,7694.0,b'\x02\x80\x00\x01',HV Battery max temp and temp point,°C,Battery,10.0,numeric,,
SF,,4.0,,45.6757,04 62 74 48 01 AA AA AA,sd_2A73E1CC/00000013,29768.0,b'\x01',Car operation mode,logic,Technical,driving,enum,,
SF,,4.0,,46.17585,04 62 02 8C A9 AA AA AA,sd_2A73E1CC/00000013,652.0,b'\xa9',SOC (BMS),%,Battery,67.6,numeric,,
SF,,5.0,,46.275749999999995,05 62 1E 3B 05 C1 AA AA,sd_2A73E1CC/00000013,7739.0,b'\x05\xc1',HV Battery voltage,V,Battery,368.25,numeric,,
FF,,,,46.37575,10 08 62 1E 3D 00 02 48,sd_2A73E1CC/00000013,7741.0,b'\x00\x02H',HV Battery current,A,Battery,-4.96,partial,8.0,True
OTHER,80.0,6.0,b'\x06P\x03\x00\x1e\x01\xe5',47.075849999999996,06 50 03 00 1E 01 E5 AA,sd_2A73E1CC/00000013,,,,,,,,,
OTHER,126.0,2.0,b'\x02~\x00',47.1258,02 7E 00 AA AA AA AA AA,sd_2A73E1CC/00000013,,,,,,,,,
SF,,4.0,,47.17585,04 62 02 8C A9 AA AA AA,sd_2A73E1CC/00000013,652.0,b'\xa9',SOC (BMS),%,Battery,67.6,numeric,,
SF,,5.0,,47.2758,05 62 1E 3B 05 C1 AA AA,sd_2A73E1CC/00000013,7739.0,b'\x05\xc1',HV Battery voltage,V,Battery,368.25,numeric,,
FF,,,,47.3758,10 08 62 1E 3D 00 02 48,sd_2A73E1CC/00000013,7741.0,b'\x00\x02H',HV Battery current,A,Battery,-4.96,partial,8.0,True
SF,,4.0,,47.47585,04 62 2A 0B 63 AA AA AA,sd_2A73E1CC/00000013,10763.0,b'c',HV Battery temp (main value),°C,Battery,9.5,numeric,,
SF,,7.0,,47.57595,07 62 1E 0E 02 80 00 01,sd_2A73E1CC/00000013,7694.0,b'\x02\x80\x00\x01',HV Battery max temp and temp point,°C,Battery,10.0,numeric,,
SF,,4.0,,47.675799999999995,04 62 74 48 01 AA AA AA,sd_2A73E1CC/00000013,29768.0,b'\x01',Car operation mode,logic,Technical,driving,enum,,
SF,,4.0,,48.17635,04 62 02 8C A9 AA AA AA,sd_2A73E1CC/00000013,652.0,b'\xa9',SOC (BMS),%,Battery,67.6,numeric,,
SF,,5.0,,48.27585,05 62 1E 3B 05 C1 AA AA,sd_2A73E1CC/00000013,7739.0,b'\x05\xc1',HV Battery voltage,V,Battery,368.25,numeric,,
FF,,,,48.37575,10 08 62 1E 3D 00 02 48,sd_2A73E1CC/00000013,7741.0,b'\x00\x02H',HV Battery current,A,Battery,-4.96,partial,8.0,True
OTHER,80.0,6.0,b'\x06P\x03\x00\x1e\x01\xe5',49.07595,06 50 03 00 1E 01 E5 AA,sd_2A73E1CC/00000013,,,,,,,,,
OTHER,126.0,2.0,b'\x02~\x00',49.125899999999994,02 7E 00 AA AA AA AA AA,sd_2A73E1CC/00000013,,,,,,,,,
SF,,4.0,,49.175999999999995,04 62 02 8C A9 AA AA AA,sd_2A73E1CC/00000013,652.0,b'\xa9',SOC (BMS),%,Battery,67.6,numeric,,
SF,,5.0,,49.275949999999995,05 62 1E 3B 05 C1 AA AA,sd_2A73E1CC/00000013,7739.0,b'\x05\xc1',HV Battery voltage,V,Battery,368.25,numeric,,
FF,,,,49.3758,10 08 62 1E 3D 00 02 48,sd_2A73E1CC/00000013,7741.0,b'\x00\x02H',HV Battery current,A,Battery,-4.96,partial,8.0,True
SF,,4.0,,49.475899999999996,04 62 2A 0B 63 AA AA AA,sd_2A73E1CC/00000013,10763.0,b'c',HV Battery temp (main value),°C,Battery,9.5,numeric,,
SF,,7.0,,49.576,07 62 1E 0E 02 80 00 01,sd_2A73E1CC/00000013,7694.0,b'\x02\x80\x00\x01',HV Battery max temp and temp point,°C,Battery,10.0,numeric,,
SF,,4.0,,49.67595,04 62 74 48 01 AA AA AA,sd_2A73E1CC/00000013,29768.0,b'\x01',Car operation mode,logic,Technical,driving,enum,,
SF,,4.0,,50.1766,04 62 02 8C A9 AA AA AA,sd_2A73E1CC/00000013,652.0,b'\xa9',SOC (BMS),%,Battery,67.6,numeric,,
SF,,5.0,,50.275949999999995,05 62 1E 3B 05 C1 AA AA,sd_2A73E1CC/00000013,7739.0,b'\x05\xc1',HV Battery voltage,V,Battery,368.25,numeric,,
FF,,,,50.375899999999994,10 08 62 1E 3D 00 02 48,sd_2A73E1CC/00000013,7741.0,b'\x00\x02H',HV Battery current,A,Battery,-4.96,partial,8.0,True
OTHER,80.0,6.0,b'\x06P\x03\x00\x1e\x01\xe5',51.076049999999995,06 50 03 00 1E 01 E5 AA,sd_2A73E1CC/00000013,,,,,,,,,
OTHER,126.0,2.0,b'\x02~\x00',51.1261,02 7E 00 AA AA AA AA AA,sd_2A73E1CC/00000013,,,,,,,,,
SF,,4.0,,51.1765,04 62 02 8C A9 AA AA AA,sd_2A73E1CC/00000013,652.0,b'\xa9',SOC (BMS),%,Battery,67.6,numeric,,
SF,,5.0,,51.27605,05 62 1E 3B 05 C1 AA AA,sd_2A73E1CC/00000013,7739.0,b'\x05\xc1',HV Battery voltage,V,Battery,368.25,numeric,,
FF,,,,51.376549999999995,10 08 62 1E 3D 00 02 49,sd_2A73E1CC/00000013,7741.0,b'\x00\x02I',HV Battery current,A,Battery,-2.4,partial,8.0,True
SF,,4.0,,51.476,04 62 2A 0B 63 AA AA AA,sd_2A73E1CC/00000013,10763.0,b'c',HV Battery temp (main value),°C,Battery,9.5,numeric,,
SF,,7.0,,51.57665,07 62 1E 0E 02 80 00 01,sd_2A73E1CC/00000013,7694.0,b'\x02\x80\x00\x01',HV Battery max temp and temp point,°C,Battery,10.0,numeric,,
SF,,4.0,,51.67635,04 62 74 48 01 AA AA AA,sd_2A73E1CC/00000013,29768.0,b'\x01',Car operation mode,logic,Technical,driving,enum,,
SF,,4.0,,52.176649999999995,04 62 02 8C A9 AA AA AA,sd_2A73E1CC/00000013,652.0,b'\xa9',SOC (BMS),%,Battery,67.6,numeric,,
SF,,5.0,,52.276399999999995,05 62 1E 3B 05 C1 AA AA,sd_2A73E1CC/00000013,7739.0,b'\x05\xc1',HV Battery voltage,V,Battery,368.25,numeric,,
FF,,,,52.376599999999996,10 08 62 1E 3D 00 02 48,sd_2A73E1CC/00000013,7741.0,b'\x00\x02H',HV Battery current,A,Battery,-4.96,partial,8.0,True
OTHER,80.0,6.0,b'\x06P\x03\x00\x1e\x01\xe5',53.07615,06 50 03 00 1E 01 E5 AA,sd_2A73E1CC/00000013,,,,,,,,,
OTHER,126.0,2.0,b'\x02~\x00',53.1262,02 7E 00 AA AA AA AA AA,sd_2A73E1CC/00000013,,,,,,,,,
SF,,4.0,,53.176649999999995,04 62 02 8C A9 AA AA AA,sd_2A73E1CC/00000013,652.0,b'\xa9',SOC (BMS),%,Battery,67.6,numeric,,
SF,,5.0,,53.2761,05 62 1E 3B 05 C1 AA AA,sd_2A73E1CC/00000013,7739.0,b'\x05\xc1',HV Battery voltage,V,Battery,368.25,numeric,,
FF,,,,53.37665,10 08 62 1E 3D 00 02 48,sd_2A73E1CC/00000013,7741.0,b'\x00\x02H',HV Battery current,A,Battery,-4.96,partial,8.0,True
SF,,4.0,,53.47625,04 62 2A 0B 63 AA AA AA,sd_2A73E1CC/00000013,10763.0,b'c',HV Battery temp (main value),°C,Battery,9.5,numeric,,
SF,,7.0,,53.5768,07 62 1E 0E 02 80 00 01,sd_2A73E1CC/00000013,7694.0,b'\x02\x80\x00\x01',HV Battery max temp and temp point,°C,Battery,10.0,numeric,,
SF,,4.0,,53.676449999999996,04 62 74 48 01 AA AA AA,sd_2A73E1CC/00000013,29768.0,b'\x01',Car operation mode,logic,Technical,driving,enum,,
SF,,4.0,,54.176899999999996,04 62 02 8C A9 AA AA AA,sd_2A73E1CC/00000013,652.0,b'\xa9',SOC (BMS),%,Battery,67.6,numeric,,
SF,,5.0,,54.2765,05 62 1E 3B 05 C1 AA AA,sd_2A73E1CC/00000013,7739.0,b'\x05\xc1',HV Battery voltage,V,Battery,368.25,numeric,,
FF,,,,54.37695,10 08 62 1E 3D 00 02 49,sd_2A73E1CC/00000013,7741.0,b'\x00\x02I',HV Battery current,A,Battery,-2.4,partial,8.0,True
OTHER,80.0,6.0,b'\x06P\x03\x00\x1e\x01\xe5',55.07665,06 50 03 00 1E 01 E5 AA,sd_2A73E1CC/00000013,,,,,,,,,
OTHER,126.0,2.0,b'\x02~\x00',55.126349999999995,02 7E 00 AA AA AA AA AA,sd_2A73E1CC/00000013,,,,,,,,,
SF,,4.0,,55.1768,04 62 02 8C A9 AA AA AA,sd_2A73E1CC/00000013,652.0,b'\xa9',SOC (BMS),%,Battery,67.6,numeric,,
SF,,5.0,,55.27655,05 62 1E 3B 05 C1 AA AA,sd_2A73E1CC/00000013,7739.0,b'\x05\xc1',HV Battery voltage,V,Battery,368.25,numeric,,
FF,,,,55.376999999999995,10 08 62 1E 3D 00 02 48,sd_2A73E1CC/00000013,7741.0,b'\x00\x02H',HV Battery current,A,Battery,-4.96,partial,8.0,True
SF,,4.0,,55.47625,04 62 2A 0B 63 AA AA AA,sd_2A73E1CC/00000013,10763.0,b'c',HV Battery temp (main value),°C,Battery,9.5,numeric,,
SF,,7.0,,55.57685,07 62 1E 0E 02 80 00 01,sd_2A73E1CC/00000013,7694.0,b'\x02\x80\x00\x01',HV Battery max temp and temp point,°C,Battery,10.0,numeric,,
SF,,4.0,,55.67655,04 62 74 48 01 AA AA AA,sd_2A73E1CC/00000013,29768.0,b'\x01',Car operation mode,logic,Technical,driving,enum,,
SF,,4.0,,56.177099999999996,04 62 02 8C A9 AA AA AA,sd_2A73E1CC/00000013,652.0,b'\xa9',SOC (BMS),%,Battery,67.6,numeric,,
SF,,5.0,,56.276599999999995,05 62 1E 3B 05 C1 AA AA,sd_2A73E1CC/00000013,7739.0,b'\x05\xc1',HV Battery voltage,V,Battery,368.25,numeric,,
FF,,,,56.37695,10 08 62 1E 3D 00 02 48,sd_2A73E1CC/00000013,7741.0,b'\x00\x02H',HV Battery current,A,Battery,-4.96,partial,8.0,True
OTHER,80.0,6.0,b'\x06P\x03\x00\x1e\x01\xe5',57.0768,06 50 03 00 1E 01 E5 AA,sd_2A73E1CC/00000013,,,,,,,,,
OTHER,126.0,2.0,b'\x02~\x00',57.12645,02 7E 00 AA AA AA AA AA,sd_2A73E1CC/00000013,,,,,,,,,
SF,,4.0,,57.177049999999994,04 62 02 8C A9 AA AA AA,sd_2A73E1CC/00000013,652.0,b'\xa9',SOC (BMS),%,Battery,67.6,numeric,,
SF,,5.0,,57.27665,05 62 1E 3B 05 C0 AA AA,sd_2A73E1CC/00000013,7739.0,b'\x05\xc0',HV Battery voltage,V,Battery,368.0,numeric,,
FF,,,,57.37715,10 08 62 1E 3D 00 02 48,sd_2A73E1CC/00000013,7741.0,b'\x00\x02H',HV Battery current,A,Battery,-4.96,partial,8.0,True
SF,,4.0,,57.4764,04 62 2A 0B 63 AA AA AA,sd_2A73E1CC/00000013,10763.0,b'c',HV Battery temp (main value),°C,Battery,9.5,numeric,,
SF,,7.0,,57.57695,07 62 1E 0E 02 80 00 01,sd_2A73E1CC/00000013,7694.0,b'\x02\x80\x00\x01',HV Battery max temp and temp point,°C,Battery,10.0,numeric,,
SF,,4.0,,57.676649999999995,04 62 74 48 01 AA AA AA,sd_2A73E1CC/00000013,29768.0,b'\x01',Car operation mode,logic,Technical,driving,enum,,
SF,,4.0,,58.17725,04 62 02 8C A9 AA AA AA,sd_2A73E1CC/00000013,652.0,b'\xa9',SOC (BMS),%,Battery,67.6,numeric,,
SF,,5.0,,58.27675,05 62 1E 3B 05 C1 AA AA,sd_2A73E1CC/00000013,7739.0,b'\x05\xc1',HV Battery voltage,V,Battery,368.25,numeric,,
FF,,,,58.3773,10 08 62 1E 3D 00 02 48,sd_2A73E1CC/00000013,7741.0,b'\x00\x02H',HV Battery current,A,Battery,-4.96,partial,8.0,True
OTHER,80.0,6.0,b'\x06P\x03\x00\x1e\x01\xe5',59.07685,06 50 03 00 1E 01 E5 AA,sd_2A73E1CC/00000013,,,,,,,,,
OTHER,126.0,2.0,b'\x02~\x00',59.126549999999995,02 7E 00 AA AA AA AA AA,sd_2A73E1CC/00000013,,,,,,,,,
SF,,4.0,,59.1772,04 62 02 8C A9 AA AA AA,sd_2A73E1CC/00000013,652.0,b'\xa9',SOC (BMS),%,Battery,67.6,numeric,,
SF,,5.0,,59.27675,05 62 1E 3B 05 C0 AA AA,sd_2A73E1CC/00000013,7739.0,b'\x05\xc0',HV Battery voltage,V,Battery,368.0,numeric,,
FF,,,,59.37725,10 08 62 1E 3D 00 02 48,sd_2A73E1CC/00000013,7741.0,b'\x00\x02H',HV Battery current,A,Battery,-4.96,partial,8.0,True
SF,,4.0,,59.4768,04 62 2A 0B 63 AA AA AA,sd_2A73E1CC/00000013,10763.0,b'c',HV Battery temp (main value),°C,Battery,9.5,numeric,,
SF,,7.0,,59.57675,07 62 1E 0E 02 80 00 01,sd_2A73E1CC/00000013,7694.0,b'\x02\x80\x00\x01',HV Battery max temp and temp point,°C,Battery,10.0,numeric,,
SF,,4.0,,59.6768,04 62 74 48 01 AA AA AA,sd_2A73E1CC/00000013,29768.0,b'\x01',Car operation mode,logic,Technical,driving,enum,,
SF,,4.0,,60.17735,04 62 02 8C A9 AA AA AA,sd_2A73E1CC/00000013,652.0,b'\xa9',SOC (BMS),%,Battery,67.6,numeric,,
SF,,5.0,,60.276799999999994,05 62 1E 3B 05 C1 AA AA,sd_2A73E1CC/00000013,7739.0,b'\x05\xc1',HV Battery voltage,V,Battery,368.25,numeric,,
FF,,,,60.377199999999995,10 08 62 1E 3D 00 02 48,sd_2A73E1CC/00000013,7741.0,b'\x00\x02H',HV Battery current,A,Battery,-4.96,partial,8.0,True
OTHER,80.0,6.0,b'\x06P\x03\x00\x1e\x01\xe5',61.07695,06 50 03 00 1E 01 E5 AA,sd_2A73E1CC/00000013,,,,,,,,,
OTHER,126.0,2.0,b'\x02~\x00',61.12695,02 7E 00 AA AA AA AA AA,sd_2A73E1CC/00000013,,,,,,,,,
SF,,4.0,,61.17735,04 62 02 8C A9 AA AA AA,sd_2A73E1CC/00000013,652.0,b'\xa9',SOC (BMS),%,Battery,67.6,numeric,,
SF,,5.0,,61.2769,05 62 1E 3B 05 C0 AA AA,sd_2A73E1CC/00000013,7739.0,b'\x05\xc0',HV Battery voltage,V,Battery,368.0,numeric,,
FF,,,,61.377449999999996,10 08 62 1E 3D 00 02 48,sd_2A73E1CC/00000013,7741.0,b'\x00\x02H',HV Battery current,A,Battery,-4.96,partial,8.0,True
SF,,4.0,,61.4769,04 62 2A 0B 63 AA AA AA,sd_2A73E1CC/00000013,10763.0,b'c',HV Battery temp (main value),°C,Battery,9.5,numeric,,
SF,,7.0,,61.57725,07 62 1E 0E 02 80 00 01,sd_2A73E1CC/00000013,7694.0,b'\x02\x80\x00\x01',HV Battery max temp and temp point,°C,Battery,10.0,numeric,,
SF,,4.0,,61.676849999999995,04 62 74 48 01 AA AA AA,sd_2A73E1CC/00000013,29768.0,b'\x01',Car operation mode,logic,Technical,driving,enum,,
SF,,4.0,,62.17745,04 62 02 8C A9 AA AA AA,sd_2A73E1CC/00000013,652.0,b'\xa9',SOC (BMS),%,Battery,67.6,numeric,,
SF,,5.0,,62.2769,05 62 1E 3B 05 C0 AA AA,sd_2A73E1CC/00000013,7739.0,b'\x05\xc0',HV Battery voltage,V,Battery,368.0,numeric,,
FF,,,,62.377399999999994,10 08 62 1E 3D 00 02 48,sd_2A73E1CC/00000013,7741.0,b'\x00\x02H',HV Battery current,A,Battery,-4.96,partial,8.0,True
OTHER,80.0,6.0,b'\x06P\x03\x00\x1e\x01\xe5',63.07705,06 50 03 00 1E 01 E5 AA,sd_2A73E1CC/00000013,,,,,,,,,
OTHER,126.0,2.0,b'\x02~\x00',63.1273,02 7E 00 AA AA AA AA AA,sd_2A73E1CC/00000013,,,,,,,,,
SF,,4.0,,63.17735,04 62 02 8C A9 AA AA AA,sd_2A73E1CC/00000013,652.0,b'\xa9',SOC (BMS),%,Battery,67.6,numeric,,
SF,,5.0,,63.276999999999994,05 62 1E 3B 05 C1 AA AA,sd_2A73E1CC/00000013,7739.0,b'\x05\xc1',HV Battery voltage,V,Battery,368.25,numeric,,
FF,,,,63.3777,10 08 62 1E 3D 00 02 48,sd_2A73E1CC/00000013,7741.0,b'\x00\x02H',HV Battery current,A,Battery,-4.96,partial,8.0,True
SF,,4.0,,63.476949999999995,04 62 2A 0B 63 AA AA AA,sd_2A73E1CC/00000013,10763.0,b'c',HV Battery temp (main value),°C,Battery,9.5,numeric,,
SF,,7.0,,63.5772,07 62 1E 0E 02 80 00 01,sd_2A73E1CC/00000013,7694.0,b'\x02\x80\x00\x01',HV Battery max temp and temp point,°C,Battery,10.0,numeric,,
SF,,4.0,,63.677,04 62 74 48 01 AA AA AA,sd_2A73E1CC/00000013,29768.0,b'\x01',Car operation mode,logic,Technical,driving,enum,,
SF,,4.0,,64.17745,04 62 02 8C A9 AA AA AA,sd_2A73E1CC/00000013,652.0,b'\xa9',SOC (BMS),%,Battery,67.6,numeric,,
SF,,5.0,,64.277,05 62 1E 3B 05 C0 AA AA,sd_2A73E1CC/00000013,7739.0,b'\x05\xc0',HV Battery voltage,V,Battery,368.0,numeric,,
FF,,,,64.37755,10 08 62 1E 3D 00 02 48,sd_2A73E1CC/00000013,7741.0,b'\x00\x02H',HV Battery current,A,Battery,-4.96,partial,8.0,True
OTHER,80.0,6.0,b'\x06P\x03\x00\x1e\x01\xe5',65.0771,06 50 03 00 1E 01 E5 AA,sd_2A73E1CC/00000013,,,,,,,,,
OTHER,126.0,2.0,b'\x02~\x00',65.12715,02 7E 00 AA AA AA AA AA,sd_2A73E1CC/00000013,,,,,,,,,
SF,,4.0,,65.1775,04 62 02 8C A9 AA AA AA,sd_2A73E1CC/00000013,652.0,b'\xa9',SOC (BMS),%,Battery,67.6,numeric,,
SF,,5.0,,65.27705,05 62 1E 3B 05 C1 AA AA,sd_2A73E1CC/00000013,7739.0,b'\x05\xc1',HV Battery voltage,V,Battery,368.25,numeric,,
FF,,,,65.3774,10 08 62 1E 3D 00 02 48,sd_2A73E1CC/00000013,7741.0,b'\x00\x02H',HV Battery current,A,Battery,-4.96,partial,8.0,True
SF,,4.0,,65.4771,04 62 2A 0B 63 AA AA AA,sd_2A73E1CC/00000013,10763.0,b'c',HV Battery temp (main value),°C,Battery,9.5,numeric,,
SF,,7.0,,65.57724999999999,07 62 1E 0E 02 80 00 01,sd_2A73E1CC/00000013,7694.0,b'\x02\x80\x00\x01',HV Battery max temp and temp point,°C,Battery,10.0,numeric,,
SF,,4.0,,65.67705,04 62 74 48 01 AA AA AA,sd_2A73E1CC/00000013,29768.0,b'\x01',Car operation mode,logic,Technical,driving,enum,,
SF,,4.0,,66.17739999999999,04 62 02 8C A9 AA AA AA,sd_2A73E1CC/00000013,652.0,b'\xa9',SOC (BMS),%,Battery,67.6,numeric,,
SF,,5.0,,66.27705,05 62 1E 3B 05 C1 AA AA,sd_2A73E1CC/00000013,7739.0,b'\x05\xc1',HV Battery voltage,V,Battery,368.25,numeric,,
FF,,,,66.37785,10 08 62 1E 3D 00 02 48,sd_2A73E1CC/00000013,7741.0,b'\x00\x02H',HV Battery current,A,Battery,-4.96,partial,8.0,True
OTHER,80.0,6.0,b'\x06P\x03\x00\x1e\x01\xe5',67.07735,06 50 03 00 1E 01 E5 AA,sd_2A73E1CC/00000013,,,,,,,,,
OTHER,126.0,2.0,b'\x02~\x00',67.12745,02 7E 00 AA AA AA AA AA,sd_2A73E1CC/00000013,,,,,,,,,
SF,,4.0,,67.17779999999999,04 62 02 8C A9 AA AA AA,sd_2A73E1CC/00000013,652.0,b'\xa9',SOC (BMS),%,Battery,67.6,numeric,,
SF,,5.0,,67.27714999999999,05 62 1E 3B 05 C0 AA AA,sd_2A73E1CC/00000013,7739.0,b'\x05\xc0',HV Battery voltage,V,Battery,368.0,numeric,,
FF,,,,67.37755,10 08 62 1E 3D 00 02 48,sd_2A73E1CC/00000013,7741.0,b'\x00\x02H',HV Battery current,A,Battery,-4.96,partial,8.0,True
SF,,4.0,,67.47715,04 62 2A 0B 63 AA AA AA,sd_2A73E1CC/00000013,10763.0,b'c',HV Battery temp (main value),°C,Battery,9.5,numeric,,
SF,,7.0,,67.57764999999999,07 62 1E 0E 02 80 00 01,sd_2A73E1CC/00000013,7694.0,b'\x02\x80\x00\x01',HV Battery max temp and temp point,°C,Battery,10.0,numeric,,
SF,,4.0,,67.67715,04 62 74 48 01 AA AA AA,sd_2A73E1CC/00000013,29768.0,b'\x01',Car operation mode,logic,Technical,driving,enum,,
SF,,4.0,,68.1775,04 62 02 8C A9 AA AA AA,sd_2A73E1CC/00000013,652.0,b'\xa9',SOC (BMS),%,Battery,67.6,numeric,,
SF,,5.0,,68.2772,05 62 1E 3B 05 C1 AA AA,sd_2A73E1CC/00000013,7739.0,b'\x05\xc1',HV Battery voltage,V,Battery,368.25,numeric,,
FF,,,,68.37769999999999,10 08 62 1E 3D 00 02 48,sd_2A73E1CC/00000013,7741.0,b'\x00\x02H',HV Battery current,A,Battery,-4.96,partial,8.0,True
OTHER,80.0,6.0,b'\x06P\x03\x00\x1e\x01\xe5',69.0775,06 50 03 00 1E 01 E5 AA,sd_2A73E1CC/00000013,,,,,,,,,
OTHER,126.0,2.0,b'\x02~\x00',69.1276,02 7E 00 AA AA AA AA AA,sd_2A73E1CC/00000013,,,,,,,,,
SF,,4.0,,69.17815,04 62 02 8C A9 AA AA AA,sd_2A73E1CC/00000013,652.0,b'\xa9',SOC (BMS),%,Battery,67.6,numeric,,
SF,,5.0,,69.2772,05 62 1E 3B 05 C0 AA AA,sd_2A73E1CC/00000013,7739.0,b'\x05\xc0',HV Battery voltage,V,Battery,368.0,numeric,,
FF,,,,69.378,10 08 62 1E 3D 00 02 48,sd_2A73E1CC/00000013,7741.0,b'\x00\x02H',HV Battery current,A,Battery,-4.96,partial,8.0,True
SF,,4.0,,69.47725,04 62 2A 0B 63 AA AA AA,sd_2A73E1CC/00000013,10763.0,b'c',HV Battery temp (main value),°C,Battery,9.5,numeric,,
SF,,7.0,,69.5778,07 62 1E 0E 02 80 00 01,sd_2A73E1CC/00000013,7694.0,b'\x02\x80\x00\x01',HV Battery max temp and temp point,°C,Battery,10.0,numeric,,
SF,,4.0,,69.67734999999999,04 62 74 48 01 AA AA AA,sd_2A73E1CC/00000013,29768.0,b'\x01',Car operation mode,logic,Technical,driving,enum,,
SF,,4.0,,70.1779,04 62 02 8C A9 AA AA AA,sd_2A73E1CC/00000013,652.0,b'\xa9',SOC (BMS),%,Battery,67.6,numeric,,
SF,,5.0,,70.2773,05 62 1E 3B 05 C1 AA AA,sd_2A73E1CC/00000013,7739.0,b'\x05\xc1',HV Battery voltage,V,Battery,368.25,numeric,,
FF,,,,70.37814999999999,10 08 62 1E 3D 00 02 48,sd_2A73E1CC/00000013,7741.0,b'\x00\x02H',HV Battery current,A,Battery,-4.96,partial,8.0,True
OTHER,80.0,6.0,b'\x06P\x03\x00\x1e\x01\xe5',71.0774,06 50 03 00 1E 01 E5 AA,sd_2A73E1CC/00000013,,,,,,,,,
OTHER,126.0,2.0,b'\x02~\x00',71.12774999999999,02 7E 00 AA AA AA AA AA,sd_2A73E1CC/00000013,,,,,,,,,
SF,,4.0,,71.17815,04 62 02 8C A9 AA AA AA,sd_2A73E1CC/00000013,652.0,b'\xa9',SOC (BMS),%,Battery,67.6,numeric,,
SF,,5.0,,71.2773,05 62 1E 3B 05 C0 AA AA,sd_2A73E1CC/00000013,7739.0,b'\x05\xc0',HV Battery voltage,V,Battery,368.0,numeric,,
FF,,,,71.37795,10 08 62 1E 3D 00 02 48,sd_2A73E1CC/00000013,7741.0,b'\x00\x02H',HV Battery current,A,Battery,-4.96,partial,8.0,True
SF,,4.0,,71.47735,04 62 2A 0B 63 AA AA AA,sd_2A73E1CC/00000013,10763.0,b'c',HV Battery temp (main value),°C,Battery,9.5,numeric,,
SF,,7.0,,71.578,07 62 1E 0E 02 80 00 01,sd_2A73E1CC/00000013,7694.0,b'\x02\x80\x00\x01',HV Battery max temp and temp point,°C,Battery,10.0,numeric,,
SF,,4.0,,71.67734999999999,04 62 74 48 01 AA AA AA,sd_2A73E1CC/00000013,29768.0,b'\x01',Car operation mode,logic,Technical,driving,enum,,
SF,,4.0,,72.17805,04 62 02 8C A9 AA AA AA,sd_2A73E1CC/00000013,652.0,b'\xa9',SOC (BMS),%,Battery,67.6,numeric,,
SF,,5.0,,72.27759999999999,05 62 1E 3B 05 C1 AA AA,sd_2A73E1CC/00000013,7739.0,b'\x05\xc1',HV Battery voltage,V,Battery,368.25,numeric,,
FF,,,,72.3781,10 08 62 1E 3D 00 02 48,sd_2A73E1CC/00000013,7741.0,b'\x00\x02H',HV Battery current,A,Battery,-4.96,partial,8.0,True
OTHER,80.0,6.0,b'\x06P\x03\x00\x1e\x01\xe5',73.07775,06 50 03 00 1E 01 E5 AA,sd_2A73E1CC/00000013,,,,,,,,,
OTHER,126.0,2.0,b'\x02~\x00',73.12785,02 7E 00 AA AA AA AA AA,sd_2A73E1CC/00000013,,,,,,,,,
SF,,4.0,,73.17815,04 62 02 8C A9 AA AA AA,sd_2A73E1CC/00000013,652.0,b'\xa9',SOC (BMS),%,Battery,67.6,numeric,,
SF,,5.0,,73.27775,05 62 1E 3B 05 C1 AA AA,sd_2A73E1CC/00000013,7739.0,b'\x05\xc1',HV Battery voltage,V,Battery,368.25,numeric,,
FF,,,,73.3781,10 08 62 1E 3D 00 02 48,sd_2A73E1CC/00000013,7741.0,b'\x00\x02H',HV Battery current,A,Battery,-4.96,partial,8.0,True
SF,,4.0,,73.47765,04 62 2A 0B 63 AA AA AA,sd_2A73E1CC/00000013,10763.0,b'c',HV Battery temp (main value),°C,Battery,9.5,numeric,,
SF,,7.0,,73.57804999999999,07 62 1E 0E 02 80 00 01,sd_2A73E1CC/00000013,7694.0,b'\x02\x80\x00\x01',HV Battery max temp and temp point,°C,Battery,10.0,numeric,,
SF,,4.0,,73.67779999999999,04 62 74 48 01 AA AA AA,sd_2A73E1CC/00000013,29768.0,b'\x01',Car operation mode,logic,Technical,driving,enum,,
SF,,4.0,,74.17824999999999,04 62 02 8C A9 AA AA AA,sd_2A73E1CC/00000013,652.0,b'\xa9',SOC (BMS),%,Battery,67.6,numeric,,
SF,,5.0,,74.27775,05 62 1E 3B 05 C0 AA AA,sd_2A73E1CC/00000013,7739.0,b'\x05\xc0',HV Battery voltage,V,Battery,368.0,numeric,,
FF,,,,74.378,10 08 62 1E 3D 00 02 48,sd_2A73E1CC/00000013,7741.0,b'\x00\x02H',HV Battery current,A,Battery,-4.96,partial,8.0,True
OTHER,80.0,6.0,b'\x06P\x03\x00\x1e\x01\xe5',75.0778,06 50 03 00 1E 01 E5 AA,sd_2A73E1CC/00000013,,,,,,,,,
OTHER,126.0,2.0,b'\x02~\x00',75.128,02 7E 00 AA AA AA AA AA,sd_2A73E1CC/00000013,,,,,,,,,
SF,,4.0,,75.17824999999999,04 62 02 8C A9 AA AA AA,sd_2A73E1CC/00000013,652.0,b'\xa9',SOC (BMS),%,Battery,67.6,numeric,,
SF,,5.0,,75.27785,05 62 1E 3B 05 C1 AA AA,sd_2A73E1CC/00000013,7739.0,b'\x05\xc1',HV Battery voltage,V,Battery,368.25,numeric,,
FF,,,,75.37814999999999,10 08 62 1E 3D 00 02 48,sd_2A73E1CC/00000013,7741.0,b'\x00\x02H',HV Battery current,A,Battery,-4.96,partial,8.0,True
SF,,4.0,,75.47775,04 62 2A 0B 63 AA AA AA,sd_2A73E1CC/00000013,10763.0,b'c',HV Battery temp (main value),°C,Battery,9.5,numeric,,
SF,,7.0,,75.578,07 62 1E 0E 02 80 00 01,sd_2A73E1CC/00000013,7694.0,b'\x02\x80\x00\x01',HV Battery max temp and temp point,°C,Battery,10.0,numeric,,
SF,,4.0,,75.6779,04 62 74 48 01 AA AA AA,sd_2A73E1CC/00000013,29768.0,b'\x01',Car operation mode,logic,Technical,driving,enum,,
SF,,4.0,,76.178,04 62 02 8C A9 AA AA AA,sd_2A73E1CC/00000013,652.0,b'\xa9',SOC (BMS),%,Battery,67.6,numeric,,
SF,,5.0,,76.2778,05 62 1E 3B 05 C0 AA AA,sd_2A73E1CC/00000013,7739.0,b'\x05\xc0',HV Battery voltage,V,Battery,368.0,numeric,,
FF,,,,76.37814999999999,10 08 62 1E 3D 00 02 48,sd_2A73E1CC/00000013,7741.0,b'\x00\x02H',HV Battery current,A,Battery,-4.96,partial,8.0,True
OTHER,80.0,6.0,b'\x06P\x03\x00\x1e\x01\xe5',77.07795,06 50 03 00 1E 01 E5 AA,sd_2A73E1CC/00000013,,,,,,,,,
OTHER,126.0,2.0,b'\x02~\x00',77.1281,02 7E 00 AA AA AA AA AA,sd_2A73E1CC/00000013,,,,,,,,,
SF,,4.0,,77.178,04 62 02 8C A9 AA AA AA,sd_2A73E1CC/00000013,652.0,b'\xa9',SOC (BMS),%,Battery,67.6,numeric,,
SF,,5.0,,77.2779,05 62 1E 3B 05 C1 AA AA,sd_2A73E1CC/00000013,7739.0,b'\x05\xc1',HV Battery voltage,V,Battery,368.25,numeric,,
FF,,,,77.378,10 08 62 1E 3D 00 02 48,sd_2A73E1CC/00000013,7741.0,b'\x00\x02H',HV Battery current,A,Battery,-4.96,partial,8.0,True
SF,,4.0,,77.4778,04 62 2A 0B 63 AA AA AA,sd_2A73E1CC/00000013,10763.0,b'c',HV Battery temp (main value),°C,Battery,9.5,numeric,,
SF,,7.0,,77.57795,07 62 1E 0E 02 80 00 01,sd_2A73E1CC/00000013,7694.0,b'\x02\x80\x00\x01',HV Battery max temp and temp point,°C,Battery,10.0,numeric,,
SF,,4.0,,77.67805,04 62 74 48 01 AA AA AA,sd_2A73E1CC/00000013,29768.0,b'\x01',Car operation mode,logic,Technical,driving,enum,,
SF,,4.0,,78.178,04 62 02 8C A9 AA AA AA,sd_2A73E1CC/00000013,652.0,b'\xa9',SOC (BMS),%,Battery,67.6,numeric,,
SF,,5.0,,78.27799999999999,05 62 1E 3B 05 C0 AA AA,sd_2A73E1CC/00000013,7739.0,b'\x05\xc0',HV Battery voltage,V,Battery,368.0,numeric,,
FF,,,,78.37805,10 08 62 1E 3D 00 02 48,sd_2A73E1CC/00000013,7741.0,b'\x00\x02H',HV Battery current,A,Battery,-4.96,partial,8.0,True
OTHER,80.0,6.0,b'\x06P\x03\x00\x1e\x01\xe5',79.0782,06 50 03 00 1E 01 E5 AA,sd_2A73E1CC/00000013,,,,,,,,,
OTHER,126.0,2.0,b'\x02~\x00',79.12814999999999,02 7E 00 AA AA AA AA AA,sd_2A73E1CC/00000013,,,,,,,,,
SF,,4.0,,79.178,04 62 02 8C A9 AA AA AA,sd_2A73E1CC/00000013,652.0,b'\xa9',SOC (BMS),%,Battery,67.6,numeric,,
SF,,5.0,,79.27805,05 62 1E 3B 05 C1 AA AA,sd_2A73E1CC/00000013,7739.0,b'\x05\xc1',HV Battery voltage,V,Battery,368.25,numeric,,
FF,,,,79.37785,10 08 62 1E 3D 00 02 48,sd_2A73E1CC/00000013,7741.0,b'\x00\x02H',HV Battery current,A,Battery,-4.96,partial,8.0,True
SF,,4.0,,79.4781,04 62 2A 0B 63 AA AA AA,sd_2A73E1CC/00000013,10763.0,b'c',HV Battery temp (main value),°C,Battery,9.5,numeric,,
SF,,7.0,,79.5782,07 62 1E 0E 02 80 00 01,sd_2A73E1CC/00000013,7694.0,b'\x02\x80\x00\x01',HV Battery max temp and temp point,°C,Battery,10.0,numeric,,
SF,,4.0,,79.67819999999999,04 62 74 48 01 AA AA AA,sd_2A73E1CC/00000013,29768.0,b'\x01',Car operation mode,logic,Technical,driving,enum,,
SF,,4.0,,80.17815,04 62 02 8C A9 AA AA AA,sd_2A73E1CC/00000013,652.0,b'\xa9',SOC (BMS),%,Battery,67.6,numeric,,
SF,,5.0,,80.27815,05 62 1E 3B 05 C1 AA AA,sd_2A73E1CC/00000013,7739.0,b'\x05\xc1',HV Battery voltage,V,Battery,368.25,numeric,,
FF,,,,80.378,10 08 62 1E 3D 00 02 48,sd_2A73E1CC/00000013,7741.0,b'\x00\x02H',HV Battery current,A,Battery,-4.96,partial,8.0,True
OTHER,80.0,6.0,b'\x06P\x03\x00\x1e\x01\xe5',81.0783,06 50 03 00 1E 01 E5 AA,sd_2A73E1CC/00000013,,,,,,,,,
OTHER,126.0,2.0,b'\x02~\x00',81.12825,02 7E 00 AA AA AA AA AA,sd_2A73E1CC/00000013,,,,,,,,,
SF,,4.0,,81.17835,04 62 02 8C A9 AA AA AA,sd_2A73E1CC/00000013,652.0,b'\xa9',SOC (BMS),%,Battery,67.6,numeric,,
SF,,5.0,,81.2783,05 62 1E 3B 05 C0 AA AA,sd_2A73E1CC/00000013,7739.0,b'\x05\xc0',HV Battery voltage,V,Battery,368.0,numeric,,
FF,,,,81.37809999999999,10 08 62 1E 3D 00 02 48,sd_2A73E1CC/00000013,7741.0,b'\x00\x02H',HV Battery current,A,Battery,-4.96,partial,8.0,True
SF,,4.0,,81.4782,04 62 2A 0B 63 AA AA AA,sd_2A73E1CC/00000013,10763.0,b'c',HV Battery temp (main value),°C,Battery,9.5,numeric,,
SF,,7.0,,81.57795,07 62 1E 0E 02 80 00 01,sd_2A73E1CC/00000013,7694.0,b'\x02\x80\x00\x01',HV Battery max temp and temp point,°C,Battery,10.0,numeric,,
SF,,4.0,,81.6783,04 62 74 48 01 AA AA AA,sd_2A73E1CC/00000013,29768.0,b'\x01',Car operation mode,logic,Technical,driving,enum,,
SF,,4.0,,82.1781,04 62 02 8C A9 AA AA AA,sd_2A73E1CC/00000013,652.0,b'\xa9',SOC (BMS),%,Battery,67.6,numeric,,
SF,,5.0,,82.27815,05 62 1E 3B 05 C1 AA AA,sd_2A73E1CC/00000013,7739.0,b'\x05\xc1',HV Battery voltage,V,Battery,368.25,numeric,,
FF,,,,82.37809999999999,10 08 62 1E 3D 00 02 48,sd_2A73E1CC/00000013,7741.0,b'\x00\x02H',HV Battery current,A,Battery,-4.96,partial,8.0,True
OTHER,80.0,6.0,b'\x06P\x03\x00\x1e\x01\xe5',83.0782,06 50 03 00 1E 01 E5 AA,sd_2A73E1CC/00000013,,,,,,,,,
OTHER,126.0,2.0,b'\x02~\x00',83.12825,02 7E 00 AA AA AA AA AA,sd_2A73E1CC/00000013,,,,,,,,,
SF,,4.0,,83.17819999999999,04 62 02 8C A9 AA AA AA,sd_2A73E1CC/00000013,652.0,b'\xa9',SOC (BMS),%,Battery,67.6,numeric,,
SF,,5.0,,83.27825,05 62 1E 3B 05 C0 AA AA,sd_2A73E1CC/00000013,7739.0,b'\x05\xc0',HV Battery voltage,V,Battery,368.0,numeric,,
FF,,,,83.37795,10 08 62 1E 3D 00 02 48,sd_2A73E1CC/00000013,7741.0,b'\x00\x02H',HV Battery current,A,Battery,-4.96,partial,8.0,True
SF,,4.0,,83.47815,04 62 2A 0B 63 AA AA AA,sd_2A73E1CC/00000013,10763.0,b'c',HV Battery temp (main value),°C,Battery,9.5,numeric,,
SF,,7.0,,83.57809999999999,07 62 1E 0E 02 80 00 01,sd_2A73E1CC/00000013,7694.0,b'\x02\x80\x00\x01',HV Battery max temp and temp point,°C,Battery,10.0,numeric,,
SF,,4.0,,83.6783,04 62 74 48 01 AA AA AA,sd_2A73E1CC/00000013,29768.0,b'\x01',Car operation mode,logic,Technical,driving,enum,,
SF,,4.0,,84.17819999999999,04 62 02 8C A9 AA AA AA,sd_2A73E1CC/00000013,652.0,b'\xa9',SOC (BMS),%,Battery,67.6,numeric,,
SF,,5.0,,84.27825,05 62 1E 3B 05 C1 AA AA,sd_2A73E1CC/00000013,7739.0,b'\x05\xc1',HV Battery voltage,V,Battery,368.25,numeric,,
FF,,,,84.37809999999999,10 08 62 1E 3D 00 02 48,sd_2A73E1CC/00000013,7741.0,b'\x00\x02H',HV Battery current,A,Battery,-4.96,partial,8.0,True
OTHER,80.0,6.0,b'\x06P\x03\x00\x1e\x01\xe5',85.07825,06 50 03 00 1E 01 E5 AA,sd_2A73E1CC/00000013,,,,,,,,,
OTHER,126.0,2.0,b'\x02~\x00',85.12819999999999,02 7E 00 AA AA AA AA AA,sd_2A73E1CC/00000013,,,,,,,,,
SF,,4.0,,85.17815,04 62 02 8C A9 AA AA AA,sd_2A73E1CC/00000013,652.0,b'\xa9',SOC (BMS),%,Battery,67.6,numeric,,
SF,,5.0,,85.27839999999999,05 62 1E 3B 05 C1 AA AA,sd_2A73E1CC/00000013,7739.0,b'\x05\xc1',HV Battery voltage,V,Battery,368.25,numeric,,
FF,,,,85.37814999999999,10 08 62 1E 3D 00 02 49,sd_2A73E1CC/00000013,7741.0,b'\x00\x02I',HV Battery current,A,Battery,-2.4,partial,8.0,True
SF,,4.0,,85.47829999999999,04 62 2A 0B 63 AA AA AA,sd_2A73E1CC/00000013,10763.0,b'c',HV Battery temp (main value),°C,Battery,9.5,numeric,,
SF,,7.0,,85.5783,07 62 1E 0E 02 80 00 01,sd_2A73E1CC/00000013,7694.0,b'\x02\x80\x00\x01',HV Battery max temp and temp point,°C,Battery,10.0,numeric,,
SF,,4.0,,85.6784,04 62 74 48 01 AA AA AA,sd_2A73E1CC/00000013,29768.0,b'\x01',Car operation mode,logic,Technical,driving,enum,,
SF,,4.0,,86.17815,04 62 02 8C A9 AA AA AA,sd_2A73E1CC/00000013,652.0,b'\xa9',SOC (BMS),%,Battery,67.6,numeric,,
SF,,5.0,,86.27825,05 62 1E 3B 05 C1 AA AA,sd_2A73E1CC/00000013,7739.0,b'\x05\xc1',HV Battery voltage,V,Battery,368.25,numeric,,
FF,,,,86.37814999999999,10 08 62 1E 3D 00 02 49,sd_2A73E1CC/00000013,7741.0,b'\x00\x02I',HV Battery current,A,Battery,-2.4,partial,8.0,True
OTHER,80.0,6.0,b'\x06P\x03\x00\x1e\x01\xe5',87.07835,06 50 03 00 1E 01 E5 AA,sd_2A73E1CC/00000013,,,,,,,,,
OTHER,126.0,2.0,b'\x02~\x00',87.12835,02 7E 00 AA AA AA AA AA,sd_2A73E1CC/00000013,,,,,,,,,
SF,,4.0,,87.17845,04 62 02 8C A9 AA AA AA,sd_2A73E1CC/00000013,652.0,b'\xa9',SOC (BMS),%,Battery,67.6,numeric,,
SF,,5.0,,87.2785,05 62 1E 3B 05 C1 AA AA,sd_2A73E1CC/00000013,7739.0,b'\x05\xc1',HV Battery voltage,V,Battery,368.25,numeric,,
FF,,,,87.37814999999999,10 08 62 1E 3D 00 02 49,sd_2A73E1CC/00000013,7741.0,b'\x00\x02I',HV Battery current,A,Battery,-2.4,partial,8.0,True
SF,,4.0,,87.47834999999999,04 62 2A 0B 63 AA AA AA,sd_2A73E1CC/00000013,10763.0,b'c',HV Battery temp (main value),°C,Battery,9.5,numeric,,
SF,,7.0,,87.57815,07 62 1E 0E 02 80 00 01,sd_2A73E1CC/00000013,7694.0,b'\x02\x80\x00\x01',HV Battery max temp and temp point,°C,Battery,10.0,numeric,,
SF,,4.0,,87.6785,04 62 74 48 01 AA AA AA,sd_2A73E1CC/00000013,29768.0,b'\x01',Car operation mode,logic,Technical,driving,enum,,
SF,,4.0,,88.17824999999999,04 62 02 8C A9 AA AA AA,sd_2A73E1CC/00000013,652.0,b'\xa9',SOC (BMS),%,Battery,67.6,numeric,,
SF,,5.0,,88.27839999999999,05 62 1E 3B 05 C1 AA AA,sd_2A73E1CC/00000013,7739.0,b'\x05\xc1',HV Battery voltage,V,Battery,368.25,numeric,,
FF,,,,88.37809999999999,10 08 62 1E 3D 00 02 49,sd_2A73E1CC/00000013,7741.0,b'\x00\x02I',HV Battery current,A,Battery,-2.4,partial,8.0,True
OTHER,80.0,6.0,b'\x06P\x03\x00\x1e\x01\xe5',89.07815,06 50 03 00 1E 01 E5 AA,sd_2A73E1CC/00000013,,,,,,,,,
OTHER,126.0,2.0,b'\x02~\x00',89.12845,02 7E 00 AA AA AA AA AA,sd_2A73E1CC/00000013,,,,,,,,,
SF,,4.0,,89.17845,04 62 02 8C A9 AA AA AA,sd_2A73E1CC/00000013,652.0,b'\xa9',SOC (BMS),%,Battery,67.6,numeric,,
SF,,5.0,,89.27815,05 62 1E 3B 05 C1 AA AA,sd_2A73E1CC/00000013,7739.0,b'\x05\xc1',HV Battery voltage,V,Battery,368.25,numeric,,
FF,,,,89.37819999999999,10 08 62 1E 3D 00 02 49,sd_2A73E1CC/00000013,7741.0,b'\x00\x02I',HV Battery current,A,Battery,-2.4,partial,8.0,True
SF,,4.0,,89.4784,04 62 2A 0B 63 AA AA AA,sd_2A73E1CC/00000013,10763.0,b'c',HV Battery temp (main value),°C,Battery,9.5,numeric,,
SF,,7.0,,89.5784,07 62 1E 0E 02 80 00 01,sd_2A73E1CC/00000013,7694.0,b'\x02\x80\x00\x01',HV Battery max temp and temp point,°C,Battery,10.0,numeric,,
SF,,4.0,,89.6785,04 62 74 48 01 AA AA AA,sd_2A73E1CC/00000013,29768.0,b'\x01',Car operation mode,logic,Technical,driving,enum,,
SF,,4.0,,90.1785,04 62 02 8C A9 AA AA AA,sd_2A73E1CC/00000013,652.0,b'\xa9',SOC (BMS),%,Battery,67.6,numeric,,
SF,,5.0,,90.27825,05 62 1E 3B 05 C1 AA AA,sd_2A73E1CC/00000013,7739.0,b'\x05\xc1',HV Battery voltage,V,Battery,368.25,numeric,,
FF,,,,90.37845,10 08 62 1E 3D 00 02 49,sd_2A73E1CC/00000013,7741.0,b'\x00\x02I',HV Battery current,A,Battery,-2.4,partial,8.0,True
OTHER,80.0,6.0,b'\x06P\x03\x00\x1e\x01\xe5',91.0784,06 50 03 00 1E 01 E5 AA,sd_2A73E1CC/00000013,,,,,,,,,
OTHER,126.0,2.0,b'\x02~\x00',91.12854999999999,02 7E 00 AA AA AA AA AA,sd_2A73E1CC/00000013,,,,,,,,,
SF,,4.0,,91.1784,04 62 02 8C A9 AA AA AA,sd_2A73E1CC/00000013,652.0,b'\xa9',SOC (BMS),%,Battery,67.6,numeric,,
SF,,5.0,,91.2783,05 62 1E 3B 05 C1 AA AA,sd_2A73E1CC/00000013,7739.0,b'\x05\xc1',HV Battery voltage,V,Battery,368.25,numeric,,
FF,,,,91.3783,10 08 62 1E 3D 00 02 49,sd_2A73E1CC/00000013,7741.0,b'\x00\x02I',HV Battery current,A,Battery,-2.4,partial,8.0,True
SF,,4.0,,91.47855,04 62 2A 0B 63 AA AA AA,sd_2A73E1CC/00000013,10763.0,b'c',HV Battery temp (main value),°C,Battery,9.5,numeric,,
SF,,7.0,,91.57844999999999,07 62 1E 0E 02 80 00 01,sd_2A73E1CC/00000013,7694.0,b'\x02\x80\x00\x01',HV Battery max temp and temp point,°C,Battery,10.0,numeric,,
SF,,4.0,,91.6783,04 62 74 48 01 AA AA AA,sd_2A73E1CC/00000013,29768.0,b'\x01',Car operation mode,logic,Technical,driving,enum,,
SF,,4.0,,92.17859999999999,04 62 02 8C A9 AA AA AA,sd_2A73E1CC/00000013,652.0,b'\xa9',SOC (BMS),%,Battery,67.6,numeric,,
SF,,5.0,,92.27834999999999,05 62 1E 3B 05 C1 AA AA,sd_2A73E1CC/00000013,7739.0,b'\x05\xc1',HV Battery voltage,V,Battery,368.25,numeric,,
FF,,,,92.37845,10 08 62 1E 3D 00 02 49,sd_2A73E1CC/00000013,7741.0,b'\x00\x02I',HV Battery current,A,Battery,-2.4,partial,8.0,True
OTHER,80.0,6.0,b'\x06P\x03\x00\x1e\x01\xe5',93.07835,06 50 03 00 1E 01 E5 AA,sd_2A73E1CC/00000013,,,,,,,,,
OTHER,126.0,2.0,b'\x02~\x00',93.12859999999999,02 7E 00 AA AA AA AA AA,sd_2A73E1CC/00000013,,,,,,,,,
SF,,4.0,,93.17864999999999,04 62 02 8C A9 AA AA AA,sd_2A73E1CC/00000013,652.0,b'\xa9',SOC (BMS),%,Battery,67.6,numeric,,
SF,,5.0,,93.27844999999999,05 62 1E 3B 05 C1 AA AA,sd_2A73E1CC/00000013,7739.0,b'\x05\xc1',HV Battery voltage,V,Battery,368.25,numeric,,
FF,,,,93.37854999999999,10 08 62 1E 3D 00 02 49,sd_2A73E1CC/00000013,7741.0,b'\x00\x02I',HV Battery current,A,Battery,-2.4,partial,8.0,True
SF,,4.0,,93.4784,04 62 2A 0B 63 AA AA AA,sd_2A73E1CC/00000013,10763.0,b'c',HV Battery temp (main value),°C,Battery,9.5,numeric,,
SF,,7.0,,93.57865,07 62 1E 0E 02 80 00 01,sd_2A73E1CC/00000013,7694.0,b'\x02\x80\x00\x01',HV Battery max temp and temp point,°C,Battery,10.0,numeric,,
SF,,4.0,,93.67845,04 62 74 48 01 AA AA AA,sd_2A73E1CC/00000013,29768.0,b'\x01',Car operation mode,logic,Technical,driving,enum,,
SF,,4.0,,94.17855,04 62 02 8C A9 AA AA AA,sd_2A73E1CC/00000013,652.0,b'\xa9',SOC (BMS),%,Battery,67.6,numeric,,
SF,,5.0,,94.27844999999999,05 62 1E 3B 05 C1 AA AA,sd_2A73E1CC/00000013,7739.0,b'\x05\xc1',HV Battery voltage,V,Battery,368.25,numeric,,
FF,,,,94.37865,10 08 62 1E 3D 00 02 49,sd_2A73E1CC/00000013,7741.0,b'\x00\x02I',HV Battery current,A,Battery,-2.4,partial,8.0,True
OTHER,80.0,6.0,b'\x06P\x03\x00\x1e\x01\xe5',95.07844999999999,06 50 03 00 1E 01 E5 AA,sd_2A73E1CC/00000013,,,,,,,,,
OTHER,126.0,2.0,b'\x02~\x00',95.12925,02 7E 00 AA AA AA AA AA,sd_2A73E1CC/00000013,,,,,,,,,
SF,,4.0,,95.17875,04 62 02 8C A9 AA AA AA,sd_2A73E1CC/00000013,652.0,b'\xa9',SOC (BMS),%,Battery,67.6,numeric,,
SF,,5.0,,95.27855,05 62 1E 3B 05 C1 AA AA,sd_2A73E1CC/00000013,7739.0,b'\x05\xc1',HV Battery voltage,V,Battery,368.25,numeric,,
FF,,,,95.37865,10 08 62 1E 3D 00 02 49,sd_2A73E1CC/00000013,7741.0,b'\x00\x02I',HV Battery current,A,Battery,-2.4,partial,8.0,True
SF,,4.0,,95.4785,04 62 2A 0B 63 AA AA AA,sd_2A73E1CC/00000013,10763.0,b'c',HV Battery temp (main value),°C,Battery,9.5,numeric,,
SF,,7.0,,95.57865,07 62 1E 0E 02 80 00 01,sd_2A73E1CC/00000013,7694.0,b'\x02\x80\x00\x01',HV Battery max temp and temp point,°C,Battery,10.0,numeric,,
SF,,4.0,,95.67859999999999,04 62 74 48 01 AA AA AA,sd_2A73E1CC/00000013,29768.0,b'\x01',Car operation mode,logic,Technical,driving,enum,,
SF,,4.0,,96.17875,04 62 02 8C A9 AA AA AA,sd_2A73E1CC/00000013,652.0,b'\xa9',SOC (BMS),%,Battery,67.6,numeric,,
SF,,5.0,,96.2786,05 62 1E 3B 05 C1 AA AA,sd_2A73E1CC/00000013,7739.0,b'\x05\xc1',HV Battery voltage,V,Battery,368.25,numeric,,
FF,,,,96.37875,10 08 62 1E 3D 00 02 49,sd_2A73E1CC/00000013,7741.0,b'\x00\x02I',HV Battery current,A,Battery,-2.4,partial,8.0,True
OTHER,80.0,6.0,b'\x06P\x03\x00\x1e\x01\xe5',97.07865,06 50 03 00 1E 01 E5 AA,sd_2A73E1CC/00000013,,,,,,,,,
OTHER,126.0,2.0,b'\x02~\x00',97.1292,02 7E 00 AA AA AA AA AA,sd_2A73E1CC/00000013,,,,,,,,,
SF,,4.0,,97.17325,04 62 02 8C A9 AA AA AA,sd_2A73E1CC/00000013,652.0,b'\xa9',SOC (BMS),%,Battery,67.6,numeric,,
SF,,5.0,,97.27865,05 62 1E 3B 05 C1 AA AA,sd_2A73E1CC/00000013,7739.0,b'\x05\xc1',HV Battery voltage,V,Battery,368.25,numeric,,
FF,,,,97.37325,10 08 62 1E 3D 00 02 49,sd_2A73E1CC/00000013,7741.0,b'\x00\x02I',HV Battery current,A,Battery,-2.4,partial,8.0,True
SF,,4.0,,97.47354999999999,04 62 2A 0B 63 AA AA AA,sd_2A73E1CC/00000013,10763.0,b'c',HV Battery temp (main value),°C,Battery,9.5,numeric,,
SF,,7.0,,97.57325,07 62 1E 0E 02 80 00 01,sd_2A73E1CC/00000013,7694.0,b'\x02\x80\x00\x01',HV Battery max temp and temp point,°C,Battery,10.0,numeric,,
SF,,4.0,,97.6733,04 62 74 48 01 AA AA AA,sd_2A73E1CC/00000013,29768.0,b'\x01',Car operation mode,logic,Technical,driving,enum,,
SF,,4.0,,98.1733,04 62 02 8C A9 AA AA AA,sd_2A73E1CC/00000013,652.0,b'\xa9',SOC (BMS),%,Battery,67.6,numeric,,
SF,,5.0,,98.27329999999999,05 62 1E 3B 05 C1 AA AA,sd_2A73E1CC/00000013,7739.0,b'\x05\xc1',HV Battery voltage,V,Battery,368.25,numeric,,
FF,,,,98.37365,10 08 62 1E 3D 00 02 49,sd_2A73E1CC/00000013,7741.0,b'\x00\x02I',HV Battery current,A,Battery,-2.4,partial,8.0,True
OTHER,80.0,6.0,b'\x06P\x03\x00\x1e\x01\xe5',99.07334999999999,06 50 03 00 1E 01 E5 AA,sd_2A73E1CC/00000013,,,,,,,,,
OTHER,126.0,2.0,b'\x02~\x00',99.12335,02 7E 00 AA AA AA AA AA,sd_2A73E1CC/00000013,,,,,,,,,
SF,,4.0,,99.17335,04 62 02 8C A9 AA AA AA,sd_2A73E1CC/00000013,652.0,b'\xa9',SOC (BMS),%,Battery,67.6,numeric,,
SF,,5.0,,99.27369999999999,05 62 1E 3B 05 C1 AA AA,sd_2A73E1CC/00000013,7739.0,b'\x05\xc1',HV Battery voltage,V,Battery,368.25,numeric,,
FF,,,,99.37339999999999,10 08 62 1E 3D 00 02 49,sd_2A73E1CC/00000013,7741.0,b'\x00\x02I',HV Battery current,A,Battery,-2.4,partial,8.0,True
SF,,4.0,,99.47335,04 62 2A 0B 63 AA AA AA,sd_2A73E1CC/00000013,10763.0,b'c',HV Battery temp (main value),°C,Battery,9.5,numeric,,
SF,,7.0,,99.57339999999999,07 62 1E 0E 02 80 00 01,sd_2A73E1CC/00000013,7694.0,b'\x02\x80\x00\x01',HV Battery max temp and temp point,°C,Battery,10.0,numeric,,
SF,,4.0,,99.6734,04 62 74 48 01 AA AA AA,sd_2A73E1CC/00000013,29768.0,b'\x01',Car operation mode,logic,Technical,driving,enum,,
SF,,4.0,,100.17375,04 62 02 8C A9 AA AA AA,sd_2A73E1CC/00000013,652.0,b'\xa9',SOC (BMS),%,Battery,67.6,numeric,,
SF,,5.0,,100.27345,05 62 1E 3B 05 C1 AA AA,sd_2A73E1CC/00000013,7739.0,b'\x05\xc1',HV Battery voltage,V,Battery,368.25,numeric,,
FF,,,,100.37344999999999,10 08 62 1E 3D 00 02 49,sd_2A73E1CC/00000013,7741.0,b'\x00\x02I',HV Battery current,A,Battery,-2.4,partial,8.0,True
OTHER,80.0,6.0,b'\x06P\x03\x00\x1e\x01\xe5',101.07379999999999,06 50 03 00 1E 01 E5 AA,sd_2A73E1CC/00000013,,,,,,,,,
OTHER,126.0,2.0,b'\x02~\x00',101.12344999999999,02 7E 00 AA AA AA AA AA,sd_2A73E1CC/00000013,,,,,,,,,
SF,,4.0,,101.17344999999999,04 62 02 8C A9 AA AA AA,sd_2A73E1CC/00000013,652.0,b'\xa9',SOC (BMS),%,Battery,67.6,numeric,,
SF,,5.0,,101.27345,05 62 1E 3B 05 C1 AA AA,sd_2A73E1CC/00000013,7739.0,b'\x05\xc1',HV Battery voltage,V,Battery,368.25,numeric,,
FF,,,,101.37344999999999,10 08 62 1E 3D 00 02 49,sd_2A73E1CC/00000013,7741.0,b'\x00\x02I',HV Battery current,A,Battery,-2.4,partial,8.0,True
SF,,4.0,,101.4735,04 62 2A 0B 63 AA AA AA,sd_2A73E1CC/00000013,10763.0,b'c',HV Battery temp (main value),°C,Battery,9.5,numeric,,
SF,,7.0,,101.5735,07 62 1E 0E 02 80 00 01,sd_2A73E1CC/00000013,7694.0,b'\x02\x80\x00\x01',HV Battery max temp and temp point,°C,Battery,10.0,numeric,,
SF,,4.0,,101.67349999999999,04 62 74 48 01 AA AA AA,sd_2A73E1CC/00000013,29768.0,b'\x01',Car operation mode,logic,Technical,driving,enum,,
SF,,4.0,,102.17349999999999,04 62 02 8C A9 AA AA AA,sd_2A73E1CC/00000013,652.0,b'\xa9',SOC (BMS),%,Battery,67.6,numeric,,
SF,,5.0,,102.27355,05 62 1E 3B 05 C1 AA AA,sd_2A73E1CC/00000013,7739.0,b'\x05\xc1',HV Battery voltage,V,Battery,368.25,numeric,,
FF,,,,102.37355,10 08 62 1E 3D 00 02 49,sd_2A73E1CC/00000013,7741.0,b'\x00\x02I',HV Battery current,A,Battery,-2.4,partial,8.0,True
OTHER,80.0,6.0,b'\x06P\x03\x00\x1e\x01\xe5',103.0736,06 50 03 00 1E 01 E5 AA,sd_2A73E1CC/00000013,,,,,,,,,
OTHER,126.0,2.0,b'\x02~\x00',103.12355,02 7E 00 AA AA AA AA AA,sd_2A73E1CC/00000013,,,,,,,,,
SF,,4.0,,103.17354999999999,04 62 02 8C A9 AA AA AA,sd_2A73E1CC/00000013,652.0,b'\xa9',SOC (BMS),%,Battery,67.6,numeric,,
SF,,5.0,,103.27355,05 62 1E 3B 05 C1 AA AA,sd_2A73E1CC/00000013,7739.0,b'\x05\xc1',HV Battery voltage,V,Battery,368.25,numeric,,
FF,,,,103.37355,10 08 62 1E 3D 00 02 49,sd_2A73E1CC/00000013,7741.0,b'\x00\x02I',HV Battery current,A,Battery,-2.4,partial,8.0,True
SF,,4.0,,103.47354999999999,04 62 2A 0B 63 AA AA AA,sd_2A73E1CC/00000013,10763.0,b'c',HV Battery temp (main value),°C,Battery,9.5,numeric,,
SF,,7.0,,103.5736,07 62 1E 0E 02 80 00 01,sd_2A73E1CC/00000013,7694.0,b'\x02\x80\x00\x01',HV Battery max temp and temp point,°C,Battery,10.0,numeric,,
SF,,4.0,,103.6736,04 62 74 48 01 AA AA AA,sd_2A73E1CC/00000013,29768.0,b'\x01',Car operation mode,logic,Technical,driving,enum,,
SF,,4.0,,104.1736,04 62 02 8C A9 AA AA AA,sd_2A73E1CC/00000013,652.0,b'\xa9',SOC (BMS),%,Battery,67.6,numeric,,
SF,,5.0,,104.2736,05 62 1E 3B 05 C1 AA AA,sd_2A73E1CC/00000013,7739.0,b'\x05\xc1',HV Battery voltage,V,Battery,368.25,numeric,,
FF,,,,104.37365,10 08 62 1E 3D 00 02 49,sd_2A73E1CC/00000013,7741.0,b'\x00\x02I',HV Battery current,A,Battery,-2.4,partial,8.0,True
OTHER,80.0,6.0,b'\x06P\x03\x00\x1e\x01\xe5',105.07365,06 50 03 00 1E 01 E5 AA,sd_2A73E1CC/00000013,,,,,,,,,
OTHER,126.0,2.0,b'\x02~\x00',105.12365,02 7E 00 AA AA AA AA AA,sd_2A73E1CC/00000013,,,,,,,,,
SF,,4.0,,105.17365,04 62 02 8C A9 AA AA AA,sd_2A73E1CC/00000013,652.0,b'\xa9',SOC (BMS),%,Battery,67.6,numeric,,
SF,,5.0,,105.27369999999999,05 62 1E 3B 05 C1 AA AA,sd_2A73E1CC/00000013,7739.0,b'\x05\xc1',HV Battery voltage,V,Battery,368.25,numeric,,
FF,,,,105.3737,10 08 62 1E 3D 00 02 49,sd_2A73E1CC/00000013,7741.0,b'\x00\x02I',HV Battery current,A,Battery,-2.4,partial,8.0,True
SF,,4.0,,105.4737,04 62 2A 0B 63 AA AA AA,sd_2A73E1CC/00000013,10763.0,b'c',HV Battery temp (main value),°C,Battery,9.5,numeric,,
SF,,7.0,,105.574,07 62 1E 0E 02 80 00 01,sd_2A73E1CC/00000013,7694.0,b'\x02\x80\x00\x01',HV Battery max temp and temp point,°C,Battery,10.0,numeric,,
SF,,4.0,,105.6737,04 62 74 48 01 AA AA AA,sd_2A73E1CC/00000013,29768.0,b'\x01',Car operation mode,logic,Technical,driving,enum,,
SF,,4.0,,106.17375,04 62 02 8C A9 AA AA AA,sd_2A73E1CC/00000013,652.0,b'\xa9',SOC (BMS),%,Battery,67.6,numeric,,
SF,,5.0,,106.27374999999999,05 62 1E 3B 05 C1 AA AA,sd_2A73E1CC/00000013,7739.0,b'\x05\xc1',HV Battery voltage,V,Battery,368.25,numeric,,
FF,,,,106.37375,10 08 62 1E 3D 00 02 49,sd_2A73E1CC/00000013,7741.0,b'\x00\x02I',HV Battery current,A,Battery,-2.4,partial,8.0,True
OTHER,80.0,6.0,b'\x06P\x03\x00\x1e\x01\xe5',107.07379999999999,06 50 03 00 1E 01 E5 AA,sd_2A73E1CC/00000013,,,,,,,,,
OTHER,126.0,2.0,b'\x02~\x00',107.12379999999999,02 7E 00 AA AA AA AA AA,sd_2A73E1CC/00000013,,,,,,,,,
SF,,4.0,,107.17375,04 62 02 8C A9 AA AA AA,sd_2A73E1CC/00000013,652.0,b'\xa9',SOC (BMS),%,Battery,67.6,numeric,,
SF,,5.0,,107.2738,05 62 1E 3B 05 C1 AA AA,sd_2A73E1CC/00000013,7739.0,b'\x05\xc1',HV Battery voltage,V,Battery,368.25,numeric,,
FF,,,,107.3741,10 08 62 1E 3D 00 02 49,sd_2A73E1CC/00000013,7741.0,b'\x00\x02I',HV Battery current,A,Battery,-2.4,partial,8.0,True
SF,,4.0,,107.4738,04 62 2A 0B 63 AA AA AA,sd_2A73E1CC/00000013,10763.0,b'c',HV Battery temp (main value),°C,Battery,9.5,numeric,,
SF,,7.0,,107.57379999999999,07 62 1E 0E 02 80 00 01,sd_2A73E1CC/00000013,7694.0,b'\x02\x80\x00\x01',HV Battery max temp and temp point,°C,Battery,10.0,numeric,,
SF,,4.0,,107.67385,04 62 74 48 01 AA AA AA,sd_2A73E1CC/00000013,29768.0,b'\x01',Car operation mode,logic,Technical,driving,enum,,
SF,,4.0,,108.17385,04 62 02 8C A9 AA AA AA,sd_2A73E1CC/00000013,652.0,b'\xa9',SOC (BMS),%,Battery,67.6,numeric,,
SF,,5.0,,108.27414999999999,05 62 1E 3B 05 C1 AA AA,sd_2A73E1CC/00000013,7739.0,b'\x05\xc1',HV Battery voltage,V,Battery,368.25,numeric,,
FF,,,,108.37384999999999,10 08 62 1E 3D 00 02 49,sd_2A73E1CC/00000013,7741.0,b'\x00\x02I',HV Battery current,A,Battery,-2.4,partial,8.0,True
OTHER,80.0,6.0,b'\x06P\x03\x00\x1e\x01\xe5',109.0739,06 50 03 00 1E 01 E5 AA,sd_2A73E1CC/00000013,,,,,,,,,
OTHER,126.0,2.0,b'\x02~\x00',109.12389999999999,02 7E 00 AA AA AA AA AA,sd_2A73E1CC/00000013,,,,,,,,,
SF,,4.0,,109.1742,04 62 02 8C A9 AA AA AA,sd_2A73E1CC/00000013,652.0,b'\xa9',SOC (BMS),%,Battery,67.6,numeric,,
SF,,5.0,,109.2739,05 62 1E 3B 05 C1 AA AA,sd_2A73E1CC/00000013,7739.0,b'\x05\xc1',HV Battery voltage,V,Battery,368.25,numeric,,
FF,,,,109.37395,10 08 62 1E 3D 00 02 49,sd_2A73E1CC/00000013,7741.0,b'\x00\x02I',HV Battery current,A,Battery,-2.4,partial,8.0,True
SF,,4.0,,109.4739,04 62 2A 0B 63 AA AA AA,sd_2A73E1CC/00000013,10763.0,b'c',HV Battery temp (main value),°C,Battery,9.5,numeric,,
SF,,7.0,,109.57395,07 62 1E 0E 02 80 00 01,sd_2A73E1CC/00000013,7694.0,b'\x02\x80\x00\x01',HV Battery max temp and temp point,°C,Battery,10.0,numeric,,
SF,,4.0,,109.67389999999999,04 62 74 48 01 AA AA AA,sd_2A73E1CC/00000013,29768.0,b'\x01',Car operation mode,logic,Technical,driving,enum,,
SF,,4.0,,110.17394999999999,04 62 02 8C A9 AA AA AA,sd_2A73E1CC/00000013,652.0,b'\xa9',SOC (BMS),%,Battery,67.6,numeric,,
SF,,5.0,,110.27395,05 62 1E 3B 05 C1 AA AA,sd_2A73E1CC/00000013,7739.0,b'\x05\xc1',HV Battery voltage,V,Battery,368.25,numeric,,
FF,,,,110.37395,10 08 62 1E 3D 00 02 49,sd_2A73E1CC/00000013,7741.0,b'\x00\x02I',HV Battery current,A,Battery,-2.4,partial,8.0,True
OTHER,80.0,6.0,b'\x06P\x03\x00\x1e\x01\xe5',111.07405,06 50 03 00 1E 01 E5 AA,sd_2A73E1CC/00000013,,,,,,,,,
OTHER,126.0,2.0,b'\x02~\x00',111.124,02 7E 00 AA AA AA AA AA,sd_2A73E1CC/00000013,,,,,,,,,
SF,,4.0,,111.17405,04 62 02 8C A9 AA AA AA,sd_2A73E1CC/00000013,652.0,b'\xa9',SOC (BMS),%,Battery,67.6,numeric,,
SF,,5.0,,111.27404999999999,05 62 1E 3B 05 C1 AA AA,sd_2A73E1CC/00000013,7739.0,b'\x05\xc1',HV Battery voltage,V,Battery,368.25,numeric,,
FF,,,,111.37405,10 08 62 1E 3D 00 02 49,sd_2A73E1CC/00000013,7741.0,b'\x00\x02I',HV Battery current,A,Battery,-2.4,partial,8.0,True
SF,,4.0,,111.47404999999999,04 62 2A 0B 63 AA AA AA,sd_2A73E1CC/00000013,10763.0,b'c',HV Battery temp (main value),°C,Battery,9.5,numeric,,
SF,,7.0,,111.57405,07 62 1E 0E 02 80 00 01,sd_2A73E1CC/00000013,7694.0,b'\x02\x80\x00\x01',HV Battery max temp and temp point,°C,Battery,10.0,numeric,,
SF,,4.0,,111.67405,04 62 74 48 01 AA AA AA,sd_2A73E1CC/00000013,29768.0,b'\x01',Car operation mode,logic,Technical,driving,enum,,
SF,,4.0,,112.17405,04 62 02 8C A9 AA AA AA,sd_2A73E1CC/00000013,652.0,b'\xa9',SOC (BMS),%,Battery,67.6,numeric,,
SF,,5.0,,112.27409999999999,05 62 1E 3B 05 C1 AA AA,sd_2A73E1CC/00000013,7739.0,b'\x05\xc1',HV Battery voltage,V,Battery,368.25,numeric,,
FF,,,,112.3741,10 08 62 1E 3D 00 02 49,sd_2A73E1CC/00000013,7741.0,b'\x00\x02I',HV Battery current,A,Battery,-2.4,partial,8.0,True
OTHER,80.0,6.0,b'\x06P\x03\x00\x1e\x01\xe5',113.07414999999999,06 50 03 00 1E 01 E5 AA,sd_2A73E1CC/00000013,,,,,,,,,
OTHER,126.0,2.0,b'\x02~\x00',113.1242,02 7E 00 AA AA AA AA AA,sd_2A73E1CC/00000013,,,,,,,,,
SF,,4.0,,113.17415,04 62 02 8C A9 AA AA AA,sd_2A73E1CC/00000013,652.0,b'\xa9',SOC (BMS),%,Battery,67.6,numeric,,
SF,,5.0,,113.27414999999999,05 62 1E 3B 05 C1 AA AA,sd_2A73E1CC/00000013,7739.0,b'\x05\xc1',HV Battery voltage,V,Battery,368.25,numeric,,
FF,,,,113.37415,10 08 62 1E 3D 00 02 49,sd_2A73E1CC/00000013,7741.0,b'\x00\x02I',HV Battery current,A,Battery,-2.4,partial,8.0,True
SF,,4.0,,113.47415,04 62 2A 0B 63 AA AA AA,sd_2A73E1CC/00000013,10763.0,b'c',HV Battery temp (main value),°C,Battery,9.5,numeric,,
SF,,7.0,,113.57414999999999,07 62 1E 0E 02 80 00 01,sd_2A73E1CC/00000013,7694.0,b'\x02\x80\x00\x01',HV Battery max temp and temp point,°C,Battery,10.0,numeric,,
SF,,4.0,,113.67445,04 62 74 48 01 AA AA AA,sd_2A73E1CC/00000013,29768.0,b'\x01',Car operation mode,logic,Technical,driving,enum,,
SF,,4.0,,114.1742,04 62 02 8C A9 AA AA AA,sd_2A73E1CC/00000013,652.0,b'\xa9',SOC (BMS),%,Battery,67.6,numeric,,
SF,,5.0,,114.2742,05 62 1E 3B 05 C1 AA AA,sd_2A73E1CC/00000013,7739.0,b'\x05\xc1',HV Battery voltage,V,Battery,368.25,numeric,,
FF,,,,114.3742,10 08 62 1E 3D 00 02 49,sd_2A73E1CC/00000013,7741.0,b'\x00\x02I',HV Battery current,A,Battery,-2.4,partial,8.0,True
OTHER,80.0,6.0,b'\x06P\x03\x00\x1e\x01\xe5',115.07424999999999,06 50 03 00 1E 01 E5 AA,sd_2A73E1CC/00000013,,,,,,,,,
OTHER,126.0,2.0,b'\x02~\x00',115.12424999999999,02 7E 00 AA AA AA AA AA,sd_2A73E1CC/00000013,,,,,,,,,
SF,,4.0,,115.17425,04 62 02 8C A9 AA AA AA,sd_2A73E1CC/00000013,652.0,b'\xa9',SOC (BMS),%,Battery,67.6,numeric,,
SF,,5.0,,115.27425,05 62 1E 3B 05 C1 AA AA,sd_2A73E1CC/00000013,7739.0,b'\x05\xc1',HV Battery voltage,V,Battery,368.25,numeric,,
FF,,,,115.37424999999999,10 08 62 1E 3D 00 02 49,sd_2A73E1CC/00000013,7741.0,b'\x00\x02I',HV Battery current,A,Battery,-2.4,partial,8.0,True
SF,,4.0,,115.4746,04 62 2A 0B 63 AA AA AA,sd_2A73E1CC/00000013,10763.0,b'c',HV Battery temp (main value),°C,Battery,9.5,numeric,,
SF,,7.0,,115.5743,07 62 1E 0E 02 80 00 01,sd_2A73E1CC/00000013,7694.0,b'\x02\x80\x00\x01',HV Battery max temp and temp point,°C,Battery,10.0,numeric,,
SF,,4.0,,115.67429999999999,04 62 74 48 01 AA AA AA,sd_2A73E1CC/00000013,29768.0,b'\x01',Car operation mode,logic,Technical,driving,enum,,
SF,,4.0,,116.17429999999999,04 62 02 8C A9 AA AA AA,sd_2A73E1CC/00000013,652.0,b'\xa9',SOC (BMS),%,Battery,67.6,numeric,,
SF,,5.0,,116.2743,05 62 1E 3B 05 C1 AA AA,sd_2A73E1CC/00000013,7739.0,b'\x05\xc1',HV Battery voltage,V,Battery,368.25,numeric,,
FF,,,,116.37464999999999,10 08 62 1E 3D 00 02 49,sd_2A73E1CC/00000013,7741.0,b'\x00\x02I',HV Battery current,A,Battery,-2.4,partial,8.0,True
OTHER,80.0,6.0,b'\x06P\x03\x00\x1e\x01\xe5',117.0744,06 50 03 00 1E 01 E5 AA,sd_2A73E1CC/00000013,,,,,,,,,
OTHER,126.0,2.0,b'\x02~\x00',117.12434999999999,02 7E 00 AA AA AA AA AA,sd_2A73E1CC/00000013,,,,,,,,,
SF,,4.0,,117.17439999999999,04 62 02 8C A9 AA AA AA,sd_2A73E1CC/00000013,652.0,b'\xa9',SOC (BMS),%,Battery,67.6,numeric,,
SF,,5.0,,117.2747,05 62 1E 3B 05 C1 AA AA,sd_2A73E1CC/00000013,7739.0,b'\x05\xc1',HV Battery voltage,V,Battery,368.25,numeric,,
FF,,,,117.3744,10 08 62 1E 3D 00 02 49,sd_2A73E1CC/00000013,7741.0,b'\x00\x02I',HV Battery current,A,Battery,-2.4,partial,8.0,True
SF,,4.0,,117.47439999999999,04 62 2A 0B 63 AA AA AA,sd_2A73E1CC/00000013,10763.0,b'c',HV Battery temp (main value),°C,Battery,9.5,numeric,,
SF,,7.0,,117.5744,07 62 1E 0E 02 80 00 01,sd_2A73E1CC/00000013,7694.0,b'\x02\x80\x00\x01',HV Battery max temp and temp point,°C,Battery,10.0,numeric,,
SF,,4.0,,117.67439999999999,04 62 74 48 01 AA AA AA,sd_2A73E1CC/00000013,29768.0,b'\x01',Car operation mode,logic,Technical,driving,enum,,
SF,,4.0,,118.17474999999999,04 62 02 8C A9 AA AA AA,sd_2A73E1CC/00000013,652.0,b'\xa9',SOC (BMS),%,Battery,67.6,numeric,,
SF,,5.0,,118.27445,05 62 1E 3B 05 C1 AA AA,sd_2A73E1CC/00000013,7739.0,b'\x05\xc1',HV Battery voltage,V,Battery,368.25,numeric,,
FF,,,,118.37445,10 08 62 1E 3D 00 02 49,sd_2A73E1CC/00000013,7741.0,b'\x00\x02I',HV Battery current,A,Battery,-2.4,partial,8.0,True
OTHER,80.0,6.0,b'\x06P\x03\x00\x1e\x01\xe5',119.0748,06 50 03 00 1E 01 E5 AA,sd_2A73E1CC/00000013,,,,,,,,,
OTHER,126.0,2.0,b'\x02~\x00',119.1245,02 7E 00 AA AA AA AA AA,sd_2A73E1CC/00000013,,,,,,,,,
SF,,4.0,,119.1745,04 62 02 8C A9 AA AA AA,sd_2A73E1CC/00000013,652.0,b'\xa9',SOC (BMS),%,Battery,67.6,numeric,,
SF,,5.0,,119.27449999999999,05 62 1E 3B 05 C1 AA AA,sd_2A73E1CC/00000013,7739.0,b'\x05\xc1',HV Battery voltage,V,Battery,368.25,numeric,,
FF,,,,119.3745,10 08 62 1E 3D 00 02 49,sd_2A73E1CC/00000013,7741.0,b'\x00\x02I',HV Battery current,A,Battery,-2.4,partial,8.0,True
SF,,4.0,,119.47449999999999,04 62 2A 0B 63 AA AA AA,sd_2A73E1CC/00000013,10763.0,b'c',HV Battery temp (main value),°C,Battery,9.5,numeric,,
SF,,7.0,,119.5745,07 62 1E 0E 02 80 00 01,sd_2A73E1CC/00000013,7694.0,b'\x02\x80\x00\x01',HV Battery max temp and temp point,°C,Battery,10.0,numeric,,
SF,,4.0,,119.67455,04 62 74 48 01 AA AA AA,sd_2A73E1CC/00000013,29768.0,b'\x01',Car operation mode,logic,Technical,driving,enum,,
SF,,4.0,,120.17455,04 62 02 8C A9 AA AA AA,sd_2A73E1CC/00000013,652.0,b'\xa9',SOC (BMS),%,Battery,67.6,numeric,,
SF,,5.0,,120.27454999999999,05 62 1E 3B 05 C1 AA AA,sd_2A73E1CC/00000013,7739.0,b'\x05\xc1',HV Battery voltage,V,Battery,368.25,numeric,,
FF,,,,120.37455,10 08 62 1E 3D 00 02 49,sd_2A73E1CC/00000013,7741.0,b'\x00\x02I',HV Battery current,A,Battery,-2.4,partial,8.0,True
OTHER,80.0,6.0,b'\x06P\x03\x00\x1e\x01\xe5',121.07469999999999,06 50 03 00 1E 01 E5 AA,sd_2A73E1CC/00000013,,,,,,,,,
OTHER,126.0,2.0,b'\x02~\x00',121.1246,02 7E 00 AA AA AA AA AA,sd_2A73E1CC/00000013,,,,,,,,,
SF,,4.0,,121.1746,04 62 02 8C A9 AA AA AA,sd_2A73E1CC/00000013,652.0,b'\xa9',SOC (BMS),%,Battery,67.6,numeric,,
SF,,5.0,,121.27465,05 62 1E 3B 05 C1 AA AA,sd_2A73E1CC/00000013,7739.0,b'\x05\xc1',HV Battery voltage,V,Battery,368.25,numeric,,
FF,,,,121.37464999999999,10 08 62 1E 3D 00 02 49,sd_2A73E1CC/00000013,7741.0,b'\x00\x02I',HV Battery current,A,Battery,-2.4,partial,8.0,True
SF,,4.0,,121.4746,04 62 2A 0B 63 AA AA AA,sd_2A73E1CC/00000013,10763.0,b'c',HV Battery temp (main value),°C,Battery,9.5,numeric,,
SF,,7.0,,121.57469999999999,07 62 1E 0E 02 80 00 01,sd_2A73E1CC/00000013,7694.0,b'\x02\x80\x00\x01',HV Battery max temp and temp point,°C,Battery,10.0,numeric,,
SF,,4.0,,121.67465,04 62 74 48 01 AA AA AA,sd_2A73E1CC/00000013,29768.0,b'\x01',Car operation mode,logic,Technical,driving,enum,,
SF,,4.0,,122.1747,04 62 02 8C A9 AA AA AA,sd_2A73E1CC/00000013,652.0,b'\xa9',SOC (BMS),%,Battery,67.6,numeric,,
SF,,5.0,,122.27465,05 62 1E 3B 05 C1 AA AA,sd_2A73E1CC/00000013,7739.0,b'\x05\xc1',HV Battery voltage,V,Battery,368.25,numeric,,
FF,,,,122.37464999999999,10 08 62 1E 3D 00 02 49,sd_2A73E1CC/00000013,7741.0,b'\x00\x02I',HV Battery current,A,Battery,-2.4,partial,8.0,True
OTHER,80.0,6.0,b'\x06P\x03\x00\x1e\x01\xe5',123.07475,06 50 03 00 1E 01 E5 AA,sd_2A73E1CC/00000013,,,,,,,,,
OTHER,126.0,2.0,b'\x02~\x00',123.12474999999999,02 7E 00 AA AA AA AA AA,sd_2A73E1CC/00000013,,,,,,,,,
SF,,4.0,,123.1747,04 62 02 8C A9 AA AA AA,sd_2A73E1CC/00000013,652.0,b'\xa9',SOC (BMS),%,Battery,67.6,numeric,,
SF,,5.0,,123.2747,05 62 1E 3B 05 C1 AA AA,sd_2A73E1CC/00000013,7739.0,b'\x05\xc1',HV Battery voltage,V,Battery,368.25,numeric,,
FF,,,,123.37474999999999,10 08 62 1E 3D 00 02 49,sd_2A73E1CC/00000013,7741.0,b'\x00\x02I',HV Battery current,A,Battery,-2.4,partial,8.0,True
SF,,4.0,,123.47475,04 62 2A 0B 63 AA AA AA,sd_2A73E1CC/00000013,10763.0,b'c',HV Battery temp (main value),°C,Battery,9.5,numeric,,
SF,,7.0,,123.57509999999999,07 62 1E 0E 02 80 00 01,sd_2A73E1CC/00000013,7694.0,b'\x02\x80\x00\x01',HV Battery max temp and temp point,°C,Battery,10.0,numeric,,
SF,,4.0,,123.67474999999999,04 62 74 48 01 AA AA AA,sd_2A73E1CC/00000013,29768.0,b'\x01',Car operation mode,logic,Technical,driving,enum,,
SF,,4.0,,124.17474999999999,04 62 02 8C A9 AA AA AA,sd_2A73E1CC/00000013,652.0,b'\xa9',SOC (BMS),%,Battery,67.6,numeric,,
SF,,5.0,,124.2748,05 62 1E 3B 05 C1 AA AA,sd_2A73E1CC/00000013,7739.0,b'\x05\xc1',HV Battery voltage,V,Battery,368.25,numeric,,
FF,,,,124.3748,10 08 62 1E 3D 00 02 49,sd_2A73E1CC/00000013,7741.0,b'\x00\x02I',HV Battery current,A,Battery,-2.4,partial,8.0,True
OTHER,80.0,6.0,b'\x06P\x03\x00\x1e\x01\xe5',125.07485,06 50 03 00 1E 01 E5 AA,sd_2A73E1CC/00000013,,,,,,,,,
OTHER,126.0,2.0,b'\x02~\x00',125.1248,02 7E 00 AA AA AA AA AA,sd_2A73E1CC/00000013,,,,,,,,,
SF,,4.0,,125.17484999999999,04 62 02 8C A9 AA AA AA,sd_2A73E1CC/00000013,652.0,b'\xa9',SOC (BMS),%,Battery,67.6,numeric,,
SF,,5.0,,125.27485,05 62 1E 3B 05 C1 AA AA,sd_2A73E1CC/00000013,7739.0,b'\x05\xc1',HV Battery voltage,V,Battery,368.25,numeric,,
FF,,,,125.37514999999999,10 08 62 1E 3D 00 02 49,sd_2A73E1CC/00000013,7741.0,b'\x00\x02I',HV Battery current,A,Battery,-2.4,partial,8.0,True
SF,,4.0,,125.47484999999999,04 62 2A 0B 63 AA AA AA,sd_2A73E1CC/00000013,10763.0,b'c',HV Battery temp (main value),°C,Battery,9.5,numeric,,
SF,,7.0,,125.5749,07 62 1E 0E 02 80 00 01,sd_2A73E1CC/00000013,7694.0,b'\x02\x80\x00\x01',HV Battery max temp and temp point,°C,Battery,10.0,numeric,,
SF,,4.0,,125.67484999999999,04 62 74 48 01 AA AA AA,sd_2A73E1CC/00000013,29768.0,b'\x01',Car operation mode,logic,Technical,driving,enum,,
SF,,4.0,,126.1749,04 62 02 8C A9 AA AA AA,sd_2A73E1CC/00000013,652.0,b'\xa9',SOC (BMS),%,Battery,67.6,numeric,,
SF,,5.0,,126.2752,05 62 1E 3B 05 C1 AA AA,sd_2A73E1CC/00000013,7739.0,b'\x05\xc1',HV Battery voltage,V,Battery,368.25,numeric,,
FF,,,,126.3749,10 08 62 1E 3D 00 02 49,sd_2A73E1CC/00000013,7741.0,b'\x00\x02I',HV Battery current,A,Battery,-2.4,partial,8.0,True
OTHER,80.0,6.0,b'\x06P\x03\x00\x1e\x01\xe5',127.07495,06 50 03 00 1E 01 E5 AA,sd_2A73E1CC/00000013,,,,,,,,,
OTHER,126.0,2.0,b'\x02~\x00',127.12495,02 7E 00 AA AA AA AA AA,sd_2A73E1CC/00000013,,,,,,,,,
SF,,4.0,,127.17524999999999,04 62 02 8C A9 AA AA AA,sd_2A73E1CC/00000013,652.0,b'\xa9',SOC (BMS),%,Battery,67.6,numeric,,
SF,,5.0,,127.27494999999999,05 62 1E 3B 05 C1 AA AA,sd_2A73E1CC/00000013,7739.0,b'\x05\xc1',HV Battery voltage,V,Battery,368.25,numeric,,
FF,,,,127.37495,10 08 62 1E 3D 00 02 49,sd_2A73E1CC/00000013,7741.0,b'\x00\x02I',HV Battery current,A,Battery,-2.4,partial,8.0,True
SF,,4.0,,127.475,04 62 2A 0B 63 AA AA AA,sd_2A73E1CC/00000013,10763.0,b'c',HV Battery temp (main value),°C,Battery,9.5,numeric,,
SF,,7.0,,127.57499999999999,07 62 1E 0E 02 80 00 01,sd_2A73E1CC/00000013,7694.0,b'\x02\x80\x00\x01',HV Battery max temp and temp point,°C,Battery,10.0,numeric,,
SF,,4.0,,127.675,04 62 74 48 01 AA AA AA,sd_2A73E1CC/00000013,29768.0,b'\x01',Car operation mode,logic,Technical,driving,enum,,
SF,,4.0,,128.17499999999998,04 62 02 8C A9 AA AA AA,sd_2A73E1CC/00000013,652.0,b'\xa9',SOC (BMS),%,Battery,67.6,numeric,,
SF,,5.0,,128.275,05 62 1E 3B 05 C1 AA AA,sd_2A73E1CC/00000013,7739.0,b'\x05\xc1',HV Battery voltage,V,Battery,368.25,numeric,,
FF,,,,128.37505,10 08 62 1E 3D 00 02 49,sd_2A73E1CC/00000013,7741.0,b'\x00\x02I',HV Battery current,A,Battery,-2.4,partial,8.0,True
OTHER,80.0,6.0,b'\x06P\x03\x00\x1e\x01\xe5',129.07505,06 50 03 00 1E 01 E5 AA,sd_2A73E1CC/00000013,,,,,,,,,
OTHER,126.0,2.0,b'\x02~\x00',129.12505,02 7E 00 AA AA AA AA AA,sd_2A73E1CC/00000013,,,,,,,,,
SF,,4.0,,129.1751,04 62 02 8C A9 AA AA AA,sd_2A73E1CC/00000013,652.0,b'\xa9',SOC (BMS),%,Battery,67.6,numeric,,
SF,,5.0,,129.27509999999998,05 62 1E 3B 05 C1 AA AA,sd_2A73E1CC/00000013,7739.0,b'\x05\xc1',HV Battery voltage,V,Battery,368.25,numeric,,
FF,,,,129.3751,10 08 62 1E 3D 00 02 49,sd_2A73E1CC/00000013,7741.0,b'\x00\x02I',HV Battery current,A,Battery,-2.4,partial,8.0,True
SF,,4.0,,129.4751,04 62 2A 0B 63 AA AA AA,sd_2A73E1CC/00000013,10763.0,b'c',HV Battery temp (main value),°C,Battery,9.5,numeric,,
SF,,7.0,,129.5751,07 62 1E 0E 02 80 00 01,sd_2A73E1CC/00000013,7694.0,b'\x02\x80\x00\x01',HV Battery max temp and temp point,°C,Battery,10.0,numeric,,
SF,,4.0,,129.6751,04 62 74 48 01 AA AA AA,sd_2A73E1CC/00000013,29768.0,b'\x01',Car operation mode,logic,Technical,driving,enum,,
SF,,4.0,,130.17515,04 62 02 8C A9 AA AA AA,sd_2A73E1CC/00000013,652.0,b'\xa9',SOC (BMS),%,Battery,67.6,numeric,,
SF,,5.0,,130.27515,05 62 1E 3B 05 C1 AA AA,sd_2A73E1CC/00000013,7739.0,b'\x05\xc1',HV Battery voltage,V,Battery,368.25,numeric,,
FF,,,,130.37515,10 08 62 1E 3D 00 02 49,sd_2A73E1CC/00000013,7741.0,b'\x00\x02I',HV Battery current,A,Battery,-2.4,partial,8.0,True
OTHER,80.0,6.0,b'\x06P\x03\x00\x1e\x01\xe5',131.0752,06 50 03 00 1E 01 E5 AA,sd_2A73E1CC/00000013,,,,,,,,,
OTHER,126.0,2.0,b'\x02~\x00',131.1252,02 7E 00 AA AA AA AA AA,sd_2A73E1CC/00000013,,,,,,,,,
SF,,4.0,,131.1752,04 62 02 8C A9 AA AA AA,sd_2A73E1CC/00000013,652.0,b'\xa9',SOC (BMS),%,Battery,67.6,numeric,,
SF,,5.0,,131.27519999999998,05 62 1E 3B 05 C1 AA AA,sd_2A73E1CC/00000013,7739.0,b'\x05\xc1',HV Battery voltage,V,Battery,368.25,numeric,,
FF,,,,131.3752,10 08 62 1E 3D 00 02 49,sd_2A73E1CC/00000013,7741.0,b'\x00\x02I',HV Battery current,A,Battery,-2.4,partial,8.0,True
SF,,4.0,,131.4752,04 62 2A 0B 63 AA AA AA,sd_2A73E1CC/00000013,10763.0,b'c',HV Battery temp (main value),°C,Battery,9.5,numeric,,
SF,,7.0,,131.57524999999998,07 62 1E 0E 02 80 00 01,sd_2A73E1CC/00000013,7694.0,b'\x02\x80\x00\x01',HV Battery max temp and temp point,°C,Battery,10.0,numeric,,
SF,,4.0,,131.67555,04 62 74 48 01 AA AA AA,sd_2A73E1CC/00000013,29768.0,b'\x01',Car operation mode,logic,Technical,driving,enum,,
SF,,4.0,,132.1753,04 62 02 8C A9 AA AA AA,sd_2A73E1CC/00000013,652.0,b'\xa9',SOC (BMS),%,Battery,67.6,numeric,,
SF,,5.0,,132.27525,05 62 1E 3B 05 C1 AA AA,sd_2A73E1CC/00000013,7739.0,b'\x05\xc1',HV Battery voltage,V,Battery,368.25,numeric,,
FF,,,,132.37529999999998,10 08 62 1E 3D 00 02 49,sd_2A73E1CC/00000013,7741.0,b'\x00\x02I',HV Battery current,A,Battery,-2.4,partial,8.0,True
OTHER,80.0,6.0,b'\x06P\x03\x00\x1e\x01\xe5',133.0753,06 50 03 00 1E 01 E5 AA,sd_2A73E1CC/00000013,,,,,,,,,
OTHER,126.0,2.0,b'\x02~\x00',133.12539999999998,02 7E 00 AA AA AA AA AA,sd_2A73E1CC/00000013,,,,,,,,,
SF,,4.0,,133.1753,04 62 02 8C A9 AA AA AA,sd_2A73E1CC/00000013,652.0,b'\xa9',SOC (BMS),%,Battery,67.6,numeric,,
SF,,5.0,,133.27535,05 62 1E 3B 05 C1 AA AA,sd_2A73E1CC/00000013,7739.0,b'\x05\xc1',HV Battery voltage,V,Battery,368.25,numeric,,
FF,,,,133.37535,10 08 62 1E 3D 00 02 49,sd_2A73E1CC/00000013,7741.0,b'\x00\x02I',HV Battery current,A,Battery,-2.4,partial,8.0,True
SF,,4.0,,133.4756,04 62 2A 0B 63 AA AA AA,sd_2A73E1CC/00000013,10763.0,b'c',HV Battery temp (main value),°C,Battery,9.5,numeric,,
SF,,7.0,,133.57535,07 62 1E 0E 02 80 00 01,sd_2A73E1CC/00000013,7694.0,b'\x02\x80\x00\x01',HV Battery max temp and temp point,°C,Battery,10.0,numeric,,
SF,,4.0,,133.67534999999998,04 62 74 48 01 AA AA AA,sd_2A73E1CC/00000013,29768.0,b'\x01',Car operation mode,logic,Technical,driving,enum,,
SF,,4.0,,134.17534999999998,04 62 02 8C A9 AA AA AA,sd_2A73E1CC/00000013,652.0,b'\xa9',SOC (BMS),%,Battery,67.6,numeric,,
SF,,5.0,,134.2754,05 62 1E 3B 05 C1 AA AA,sd_2A73E1CC/00000013,7739.0,b'\x05\xc1',HV Battery voltage,V,Battery,368.25,numeric,,
FF,,,,134.3758,10 08 62 1E 3D 00 02 49,sd_2A73E1CC/00000013,7741.0,b'\x00\x02I',HV Battery current,A,Battery,-2.4,partial,8.0,True
OTHER,80.0,6.0,b'\x06P\x03\x00\x1e\x01\xe5',135.07545,06 50 03 00 1E 01 E5 AA,sd_2A73E1CC/00000013,,,,,,,,,
OTHER,126.0,2.0,b'\x02~\x00',135.12545,02 7E 00 AA AA AA AA AA,sd_2A73E1CC/00000013,,,,,,,,,
SF,,4.0,,135.17555,04 62 02 8C A9 AA AA AA,sd_2A73E1CC/00000013,652.0,b'\xa9',SOC (BMS),%,Battery,67.6,numeric,,
SF,,5.0,,135.27575,05 62 1E 3B 05 C1 AA AA,sd_2A73E1CC/00000013,7739.0,b'\x05\xc1',HV Battery voltage,V,Battery,368.25,numeric,,
FF,,,,135.37555,10 08 62 1E 3D 00 02 49,sd_2A73E1CC/00000013,7741.0,b'\x00\x02I',HV Battery current,A,Battery,-2.4,partial,8.0,True
SF,,4.0,,135.47545,04 62 2A 0B 63 AA AA AA,sd_2A73E1CC/00000013,10763.0,b'c',HV Battery temp (main value),°C,Battery,9.5,numeric,,
SF,,7.0,,135.57555,07 62 1E 0E 02 80 00 01,sd_2A73E1CC/00000013,7694.0,b'\x02\x80\x00\x01',HV Battery max temp and temp point,°C,Battery,10.0,numeric,,
SF,,4.0,,135.6755,04 62 74 48 01 AA AA AA,sd_2A73E1CC/00000013,29768.0,b'\x01',Car operation mode,logic,Technical,driving,enum,,
SF,,4.0,,136.17595,04 62 02 8C A9 AA AA AA,sd_2A73E1CC/00000013,652.0,b'\xa9',SOC (BMS),%,Battery,67.6,numeric,,
SF,,5.0,,136.2755,05 62 1E 3B 05 C1 AA AA,sd_2A73E1CC/00000013,7739.0,b'\x05\xc1',HV Battery voltage,V,Battery,368.25,numeric,,
FF,,,,136.37555,10 08 62 1E 3D 00 02 49,sd_2A73E1CC/00000013,7741.0,b'\x00\x02I',HV Battery current,A,Battery,-2.4,partial,8.0,True
OTHER,80.0,6.0,b'\x06P\x03\x00\x1e\x01\xe5',137.07585,06 50 03 00 1E 01 E5 AA,sd_2A73E1CC/00000013,,,,,,,,,
OTHER,126.0,2.0,b'\x02~\x00',137.12555,02 7E 00 AA AA AA AA AA,sd_2A73E1CC/00000013,,,,,,,,,
SF,,4.0,,137.17555,04 62 02 8C A9 AA AA AA,sd_2A73E1CC/00000013,652.0,b'\xa9',SOC (BMS),%,Battery,67.6,numeric,,
SF,,5.0,,137.27554999999998,05 62 1E 3B 05 C1 AA AA,sd_2A73E1CC/00000013,7739.0,b'\x05\xc1',HV Battery voltage,V,Battery,368.25,numeric,,
FF,,,,137.3756,10 08 62 1E 3D 00 02 49,sd_2A73E1CC/00000013,7741.0,b'\x00\x02I',HV Battery current,A,Battery,-2.4,partial,8.0,True
SF,,4.0,,137.47555,04 62 2A 0B 63 AA AA AA,sd_2A73E1CC/00000013,10763.0,b'c',HV Battery temp (main value),°C,Battery,9.5,numeric,,
SF,,7.0,,137.57559999999998,07 62 1E 0E 02 80 00 01,sd_2A73E1CC/00000013,7694.0,b'\x02\x80\x00\x01',HV Battery max temp and temp point,°C,Battery,10.0,numeric,,
SF,,4.0,,137.67555,04 62 74 48 01 AA AA AA,sd_2A73E1CC/00000013,29768.0,b'\x01',Car operation mode,logic,Technical,driving,enum,,
SF,,4.0,,138.17565,04 62 02 8C A9 AA AA AA,sd_2A73E1CC/00000013,652.0,b'\xa9',SOC (BMS),%,Battery,67.6,numeric,,
SF,,5.0,,138.2756,05 62 1E 3B 05 C1 AA AA,sd_2A73E1CC/00000013,7739.0,b'\x05\xc1',HV Battery voltage,V,Battery,368.25,numeric,,
FF,,,,138.37565,10 08 62 1E 3D 00 02 49,sd_2A73E1CC/00000013,7741.0,b'\x00\x02I',HV Battery current,A,Battery,-2.4,partial,8.0,True
OTHER,80.0,6.0,b'\x06P\x03\x00\x1e\x01\xe5',139.07565,06 50 03 00 1E 01 E5 AA,sd_2A73E1CC/00000013,,,,,,,,,
OTHER,126.0,2.0,b'\x02~\x00',139.12565,02 7E 00 AA AA AA AA AA,sd_2A73E1CC/00000013,,,,,,,,,
SF,,4.0,,139.1757,04 62 02 8C A9 AA AA AA,sd_2A73E1CC/00000013,652.0,b'\xa9',SOC (BMS),%,Battery,67.6,numeric,,
SF,,5.0,,139.2757,05 62 1E 3B 05 C1 AA AA,sd_2A73E1CC/00000013,7739.0,b'\x05\xc1',HV Battery voltage,V,Battery,368.25,numeric,,
FF,,,,139.3757,10 08 62 1E 3D 00 02 49,sd_2A73E1CC/00000013,7741.0,b'\x00\x02I',HV Battery current,A,Battery,-2.4,partial,8.0,True
SF,,4.0,,139.4757,04 62 2A 0B 63 AA AA AA,sd_2A73E1CC/00000013,10763.0,b'c',HV Battery temp (main value),°C,Battery,9.5,numeric,,
SF,,7.0,,139.57569999999998,07 62 1E 0E 02 80 00 01,sd_2A73E1CC/00000013,7694.0,b'\x02\x80\x00\x01',HV Battery max temp and temp point,°C,Battery,10.0,numeric,,
SF,,4.0,,139.6757,04 62 74 48 01 AA AA AA,sd_2A73E1CC/00000013,29768.0,b'\x01',Car operation mode,logic,Technical,driving,enum,,
SF,,4.0,,140.17575,04 62 02 8C A9 AA AA AA,sd_2A73E1CC/00000013,652.0,b'\xa9',SOC (BMS),%,Battery,67.6,numeric,,
SF,,5.0,,140.27575,05 62 1E 3B 05 C1 AA AA,sd_2A73E1CC/00000013,7739.0,b'\x05\xc1',HV Battery voltage,V,Battery,368.25,numeric,,
FF,,,,140.37574999999998,10 08 62 1E 3D 00 02 49,sd_2A73E1CC/00000013,7741.0,b'\x00\x02I',HV Battery current,A,Battery,-2.4,partial,8.0,True
OTHER,80.0,6.0,b'\x06P\x03\x00\x1e\x01\xe5',141.0758,06 50 03 00 1E 01 E5 AA,sd_2A73E1CC/00000013,,,,,,,,,
OTHER,126.0,2.0,b'\x02~\x00',141.1258,02 7E 00 AA AA AA AA AA,sd_2A73E1CC/00000013,,,,,,,,,
SF,,4.0,,141.17579999999998,04 62 02 8C A9 AA AA AA,sd_2A73E1CC/00000013,652.0,b'\xa9',SOC (BMS),%,Battery,67.6,numeric,,
SF,,5.0,,141.2758,05 62 1E 3B 05 C1 AA AA,sd_2A73E1CC/00000013,7739.0,b'\x05\xc1',HV Battery voltage,V,Battery,368.25,numeric,,
FF,,,,141.3758,10 08 62 1E 3D 00 02 49,sd_2A73E1CC/00000013,7741.0,b'\x00\x02I',HV Battery current,A,Battery,-2.4,partial,8.0,True
SF,,4.0,,141.4758,04 62 2A 0B 63 AA AA AA,sd_2A73E1CC/00000013,10763.0,b'c',HV Battery temp (main value),°C,Battery,9.5,numeric,,
SF,,7.0,,141.57625,07 62 1E 0E 02 80 00 01,sd_2A73E1CC/00000013,7694.0,b'\x02\x80\x00\x01',HV Battery max temp and temp point,°C,Battery,10.0,numeric,,
SF,,4.0,,141.67585,04 62 74 48 01 AA AA AA,sd_2A73E1CC/00000013,29768.0,b'\x01',Car operation mode,logic,Technical,driving,enum,,
SF,,4.0,,142.17585,04 62 02 8C A9 AA AA AA,sd_2A73E1CC/00000013,652.0,b'\xa9',SOC (BMS),%,Battery,67.6,numeric,,
SF,,5.0,,142.27585,05 62 1E 3B 05 C1 AA AA,sd_2A73E1CC/00000013,7739.0,b'\x05\xc1',HV Battery voltage,V,Battery,368.25,numeric,,
FF,,,,142.3759,10 08 62 1E 3D 00 02 49,sd_2A73E1CC/00000013,7741.0,b'\x00\x02I',HV Battery current,A,Battery,-2.4,partial,8.0,True
OTHER,80.0,6.0,b'\x06P\x03\x00\x1e\x01\xe5',143.0759,06 50 03 00 1E 01 E5 AA,sd_2A73E1CC/00000013,,,,,,,,,
OTHER,126.0,2.0,b'\x02~\x00',143.1259,02 7E 00 AA AA AA AA AA,sd_2A73E1CC/00000013,,,,,,,,,
SF,,4.0,,143.17589999999998,04 62 02 8C A9 AA AA AA,sd_2A73E1CC/00000013,652.0,b'\xa9',SOC (BMS),%,Battery,67.6,numeric,,
SF,,5.0,,143.27595,05 62 1E 3B 05 C1 AA AA,sd_2A73E1CC/00000013,7739.0,b'\x05\xc1',HV Battery voltage,V,Battery,368.25,numeric,,
FF,,,,143.37635,10 08 62 1E 3D 00 02 49,sd_2A73E1CC/00000013,7741.0,b'\x00\x02I',HV Battery current,A,Battery,-2.4,partial,8.0,True
SF,,4.0,,143.4759,04 62 2A 0B 63 AA AA AA,sd_2A73E1CC/00000013,10763.0,b'c',HV Battery temp (main value),°C,Battery,9.5,numeric,,
SF,,7.0,,143.57595,07 62 1E 0E 02 80 00 01,sd_2A73E1CC/00000013,7694.0,b'\x02\x80\x00\x01',HV Battery max temp and temp point,°C,Battery,10.0,numeric,,
SF,,4.0,,143.67595,04 62 74 48 01 AA AA AA,sd_2A73E1CC/00000013,29768.0,b'\x01',Car operation mode,logic,Technical,driving,enum,,
SF,,4.0,,144.17605,04 62 02 8C A9 AA AA AA,sd_2A73E1CC/00000013,652.0,b'\xa9',SOC (BMS),%,Battery,67.6,numeric,,
SF,,5.0,,144.27634999999998,05 62 1E 3B 05 C1 AA AA,sd_2A73E1CC/00000013,7739.0,b'\x05\xc1',HV Battery voltage,V,Battery,368.25,numeric,,
FF,,,,144.37605,10 08 62 1E 3D 00 02 49,sd_2A73E1CC/00000013,7741.0,b'\x00\x02I',HV Battery current,A,Battery,-2.4,partial,8.0,True
OTHER,80.0,6.0,b'\x06P\x03\x00\x1e\x01\xe5',145.076,06 50 03 00 1E 01 E5 AA,sd_2A73E1CC/00000013,,,,,,,,,
OTHER,126.0,2.0,b'\x02~\x00',145.126,02 7E 00 AA AA AA AA AA,sd_2A73E1CC/00000013,,,,,,,,,
SF,,4.0,,145.1764,04 62 02 8C A9 AA AA AA,sd_2A73E1CC/00000013,652.0,b'\xa9',SOC (BMS),%,Battery,67.6,numeric,,
SF,,5.0,,145.27609999999999,05 62 1E 3B 05 C1 AA AA,sd_2A73E1CC/00000013,7739.0,b'\x05\xc1',HV Battery voltage,V,Battery,368.25,numeric,,
FF,,,,145.37609999999998,10 08 62 1E 3D 00 02 49,sd_2A73E1CC/00000013,7741.0,b'\x00\x02I',HV Battery current,A,Battery,-2.4,partial,8.0,True
SF,,4.0,,145.4761,04 62 2A 0B 63 AA AA AA,sd_2A73E1CC/00000013,10763.0,b'c',HV Battery temp (main value),°C,Battery,9.5,numeric,,
SF,,7.0,,145.5761,07 62 1E 0E 02 80 00 01,sd_2A73E1CC/00000013,7694.0,b'\x02\x80\x00\x01',HV Battery max temp and temp point,°C,Battery,10.0,numeric,,
SF,,4.0,,145.6761,04 62 74 48 01 AA AA AA,sd_2A73E1CC/00000013,29768.0,b'\x01',Car operation mode,logic,Technical,driving,enum,,
SF,,4.0,,146.1761,04 62 02 8C A9 AA AA AA,sd_2A73E1CC/00000013,652.0,b'\xa9',SOC (BMS),%,Battery,67.6,numeric,,
SF,,5.0,,146.27609999999999,05 62 1E 3B 05 C1 AA AA,sd_2A73E1CC/00000013,7739.0,b'\x05\xc1',HV Battery voltage,V,Battery,368.25,numeric,,
FF,,,,146.37615,10 08 62 1E 3D 00 02 49,sd_2A73E1CC/00000013,7741.0,b'\x00\x02I',HV Battery current,A,Battery,-2.4,partial,8.0,True
OTHER,80.0,6.0,b'\x06P\x03\x00\x1e\x01\xe5',147.07614999999998,06 50 03 00 1E 01 E5 AA,sd_2A73E1CC/00000013,,,,,,,,,
OTHER,126.0,2.0,b'\x02~\x00',147.12615,02 7E 00 AA AA AA AA AA,sd_2A73E1CC/00000013,,,,,,,,,
SF,,4.0,,147.17615,04 62 02 8C A9 AA AA AA,sd_2A73E1CC/00000013,652.0,b'\xa9',SOC (BMS),%,Battery,67.6,numeric,,
SF,,5.0,,147.2762,05 62 1E 3B 05 C1 AA AA,sd_2A73E1CC/00000013,7739.0,b'\x05\xc1',HV Battery voltage,V,Battery,368.25,numeric,,
FF,,,,147.37615,10 08 62 1E 3D 00 02 49,sd_2A73E1CC/00000013,7741.0,b'\x00\x02I',HV Battery current,A,Battery,-2.4,partial,8.0,True
SF,,4.0,,147.4762,04 62 2A 0B 63 AA AA AA,sd_2A73E1CC/00000013,10763.0,b'c',HV Battery temp (main value),°C,Battery,9.5,numeric,,
SF,,7.0,,147.5762,07 62 1E 0E 02 80 00 01,sd_2A73E1CC/00000013,7694.0,b'\x02\x80\x00\x01',HV Battery max temp and temp point,°C,Battery,10.0,numeric,,
SF,,4.0,,147.6762,04 62 74 48 01 AA AA AA,sd_2A73E1CC/00000013,29768.0,b'\x01',Car operation mode,logic,Technical,driving,enum,,
SF,,4.0,,148.1762,04 62 02 8C A9 AA AA AA,sd_2A73E1CC/00000013,652.0,b'\xa9',SOC (BMS),%,Battery,67.6,numeric,,
SF,,5.0,,148.2762,05 62 1E 3B 05 C1 AA AA,sd_2A73E1CC/00000013,7739.0,b'\x05\xc1',HV Battery voltage,V,Battery,368.25,numeric,,
FF,,,,148.37625,10 08 62 1E 3D 00 02 49,sd_2A73E1CC/00000013,7741.0,b'\x00\x02I',HV Battery current,A,Battery,-2.4,partial,8.0,True
OTHER,80.0,6.0,b'\x06P\x03\x00\x1e\x01\xe5',149.07625,06 50 03 00 1E 01 E5 AA,sd_2A73E1CC/00000013,,,,,,,,,
OTHER,126.0,2.0,b'\x02~\x00',149.12625,02 7E 00 AA AA AA AA AA,sd_2A73E1CC/00000013,,,,,,,,,
SF,,4.0,,149.17624999999998,04 62 02 8C A9 AA AA AA,sd_2A73E1CC/00000013,652.0,b'\xa9',SOC (BMS),%,Battery,67.6,numeric,,
SF,,5.0,,149.2763,05 62 1E 3B 05 C1 AA AA,sd_2A73E1CC/00000013,7739.0,b'\x05\xc1',HV Battery voltage,V,Battery,368.25,numeric,,
FF,,,,149.3763,10 08 62 1E 3D 00 02 49,sd_2A73E1CC/00000013,7741.0,b'\x00\x02I',HV Battery current,A,Battery,-2.4,partial,8.0,True
SF,,4.0,,149.47629999999998,04 62 2A 0B 63 AA AA AA,sd_2A73E1CC/00000013,10763.0,b'c',HV Battery temp (main value),°C,Battery,9.5,numeric,,
SF,,7.0,,149.5763,07 62 1E 0E 02 80 00 01,sd_2A73E1CC/00000013,7694.0,b'\x02\x80\x00\x01',HV Battery max temp and temp point,°C,Battery,10.0,numeric,,
SF,,4.0,,149.67655,04 62 74 48 01 AA AA AA,sd_2A73E1CC/00000013,29768.0,b'\x01',Car operation mode,logic,Technical,driving,enum,,
SF,,4.0,,150.1763,04 62 02 8C A9 AA AA AA,sd_2A73E1CC/00000013,652.0,b'\xa9',SOC (BMS),%,Battery,67.6,numeric,,
SF,,5.0,,150.2763,05 62 1E 3B 05 C1 AA AA,sd_2A73E1CC/00000013,7739.0,b'\x05\xc1',HV Battery voltage,V,Battery,368.25,numeric,,
FF,,,,150.3763,10 08 62 1E 3D 00 02 48,sd_2A73E1CC/00000013,7741.0,b'\x00\x02H',HV Battery current,A,Battery,-4.96,partial,8.0,True
OTHER,80.0,6.0,b'\x06P\x03\x00\x1e\x01\xe5',151.07635,06 50 03 00 1E 01 E5 AA,sd_2A73E1CC/00000013,,,,,,,,,
OTHER,126.0,2.0,b'\x02~\x00',151.12635,02 7E 00 AA AA AA AA AA,sd_2A73E1CC/00000013,,,,,,,,,
SF,,4.0,,151.1764,04 62 02 8C A9 AA AA AA,sd_2A73E1CC/00000013,652.0,b'\xa9',SOC (BMS),%,Battery,67.6,numeric,,
SF,,5.0,,151.27634999999998,05 62 1E 3B 05 C1 AA AA,sd_2A73E1CC/00000013,7739.0,b'\x05\xc1',HV Battery voltage,V,Battery,368.25,numeric,,
FF,,,,151.37635,10 08 62 1E 3D 00 02 48,sd_2A73E1CC/00000013,7741.0,b'\x00\x02H',HV Battery current,A,Battery,-4.96,partial,8.0,True
SF,,4.0,,151.47674999999998,04 62 2A 0B 63 AA AA AA,sd_2A73E1CC/00000013,10763.0,b'c',HV Battery temp (main value),°C,Battery,9.5,numeric,,
SF,,7.0,,151.5764,07 62 1E 0E 02 80 00 01,sd_2A73E1CC/00000013,7694.0,b'\x02\x80\x00\x01',HV Battery max temp and temp point,°C,Battery,10.0,numeric,,
SF,,4.0,,151.6764,04 62 74 48 01 AA AA AA,sd_2A73E1CC/00000013,29768.0,b'\x01',Car operation mode,logic,Technical,driving,enum,,
SF,,4.0,,152.1764,04 62 02 8C A9 AA AA AA,sd_2A73E1CC/00000013,652.0,b'\xa9',SOC (BMS),%,Battery,67.6,numeric,,
SF,,5.0,,152.27644999999998,05 62 1E 3B 05 C1 AA AA,sd_2A73E1CC/00000013,7739.0,b'\x05\xc1',HV Battery voltage,V,Battery,368.25,numeric,,
FF,,,,152.37675,10 08 62 1E 3D 00 02 48,sd_2A73E1CC/00000013,7741.0,b'\x00\x02H',HV Battery current,A,Battery,-4.96,partial,8.0,True
OTHER,80.0,6.0,b'\x06P\x03\x00\x1e\x01\xe5',153.07649999999998,06 50 03 00 1E 01 E5 AA,sd_2A73E1CC/00000013,,,,,,,,,
OTHER,126.0,2.0,b'\x02~\x00',153.1265,02 7E 00 AA AA AA AA AA,sd_2A73E1CC/00000013,,,,,,,,,
SF,,4.0,,153.1765,04 62 02 8C A9 AA AA AA,sd_2A73E1CC/00000013,652.0,b'\xa9',SOC (BMS),%,Battery,67.6,numeric,,
SF,,5.0,,153.27679999999998,05 62 1E 3B 05 C1 AA AA,sd_2A73E1CC/00000013,7739.0,b'\x05\xc1',HV Battery voltage,V,Battery,368.25,numeric,,
FF,,,,153.3765,10 08 62 1E 3D 00 02 48,sd_2A73E1CC/00000013,7741.0,b'\x00\x02H',HV Battery current,A,Battery,-4.96,partial,8.0,True
SF,,4.0,,153.4765,04 62 2A 0B 63 AA AA AA,sd_2A73E1CC/00000013,10763.0,b'c',HV Battery temp (main value),°C,Battery,9.5,numeric,,
SF,,7.0,,153.57649999999998,07 62 1E 0E 02 80 00 01,sd_2A73E1CC/00000013,7694.0,b'\x02\x80\x00\x01',HV Battery max temp and temp point,°C,Battery,10.0,numeric,,
SF,,4.0,,153.6765,04 62 74 48 01 AA AA AA,sd_2A73E1CC/00000013,29768.0,b'\x01',Car operation mode,logic,Technical,driving,enum,,
SF,,4.0,,154.17685,04 62 02 8C A9 AA AA AA,sd_2A73E1CC/00000013,652.0,b'\xa9',SOC (BMS),%,Battery,67.6,numeric,,
SF,,5.0,,154.27655,05 62 1E 3B 05 C0 AA AA,sd_2A73E1CC/00000013,7739.0,b'\x05\xc0',HV Battery voltage,V,Battery,368.0,numeric,,
FF,,,,154.37654999999998,10 08 62 1E 3D 00 02 48,sd_2A73E1CC/00000013,7741.0,b'\x00\x02H',HV Battery current,A,Battery,-4.96,partial,8.0,True
OTHER,80.0,6.0,b'\x06P\x03\x00\x1e\x01\xe5',155.0769,06 50 03 00 1E 01 E5 AA,sd_2A73E1CC/00000013,,,,,,,,,
OTHER,126.0,2.0,b'\x02~\x00',155.1266,02 7E 00 AA AA AA AA AA,sd_2A73E1CC/00000013,,,,,,,,,
SF,,4.0,,155.17659999999998,04 62 02 8C A9 AA AA AA,sd_2A73E1CC/00000013,652.0,b'\xa9',SOC (BMS),%,Battery,67.6,numeric,,
SF,,5.0,,155.2766,05 62 1E 3B 05 C1 AA AA,sd_2A73E1CC/00000013,7739.0,b'\x05\xc1',HV Battery voltage,V,Battery,368.25,numeric,,
FF,,,,155.3766,10 08 62 1E 3D 00 02 48,sd_2A73E1CC/00000013,7741.0,b'\x00\x02H',HV Battery current,A,Battery,-4.96,partial,8.0,True
SF,,4.0,,155.4766,04 62 2A 0B 63 AA AA AA,sd_2A73E1CC/00000013,10763.0,b'c',HV Battery temp (main value),°C,Battery,9.5,numeric,,
SF,,7.0,,155.57665,07 62 1E 0E 02 80 00 01,sd_2A73E1CC/00000013,7694.0,b'\x02\x80\x00\x01',HV Battery max temp and temp point,°C,Battery,10.0,numeric,,
SF,,4.0,,155.67665,04 62 74 48 01 AA AA AA,sd_2A73E1CC/00000013,29768.0,b'\x01',Car operation mode,logic,Technical,driving,enum,,
SF,,4.0,,156.17665,04 62 02 8C A9 AA AA AA,sd_2A73E1CC/00000013,652.0,b'\xa9',SOC (BMS),%,Battery,67.6,numeric,,
SF,,5.0,,156.27675,05 62 1E 3B 05 C0 AA AA,sd_2A73E1CC/00000013,7739.0,b'\x05\xc0',HV Battery voltage,V,Battery,368.0,numeric,,
FF,,,,156.3767,10 08 62 1E 3D 00 02 48,sd_2A73E1CC/00000013,7741.0,b'\x00\x02H',HV Battery current,A,Battery,-4.96,partial,8.0,True
OTHER,80.0,6.0,b'\x06P\x03\x00\x1e\x01\xe5',157.0767,06 50 03 00 1E 01 E5 AA,sd_2A73E1CC/00000013,,,,,,,,,
OTHER,126.0,2.0,b'\x02~\x00',157.1267,02 7E 00 AA AA AA AA AA,sd_2A73E1CC/00000013,,,,,,,,,
SF,,4.0,,157.17675,04 62 02 8C A9 AA AA AA,sd_2A73E1CC/00000013,652.0,b'\xa9',SOC (BMS),%,Battery,67.6,numeric,,
SF,,5.0,,157.27675,05 62 1E 3B 05 C1 AA AA,sd_2A73E1CC/00000013,7739.0,b'\x05\xc1',HV Battery voltage,V,Battery,368.25,numeric,,
FF,,,,157.37675,10 08 62 1E 3D 00 02 48,sd_2A73E1CC/00000013,7741.0,b'\x00\x02H',HV Battery current,A,Battery,-4.96,partial,8.0,True
SF,,4.0,,157.47674999999998,04 62 2A 0B 63 AA AA AA,sd_2A73E1CC/00000013,10763.0,b'c',HV Battery temp (main value),°C,Battery,9.5,numeric,,
SF,,7.0,,157.57675,07 62 1E 0E 02 80 00 01,sd_2A73E1CC/00000013,7694.0,b'\x02\x80\x00\x01',HV Battery max temp and temp point,°C,Battery,10.0,numeric,,
SF,,4.0,,157.67675,04 62 74 48 01 AA AA AA,sd_2A73E1CC/00000013,29768.0,b'\x01',Car operation mode,logic,Technical,driving,enum,,
SF,,4.0,,158.1768,04 62 02 8C A9 AA AA AA,sd_2A73E1CC/00000013,652.0,b'\xa9',SOC (BMS),%,Battery,67.6,numeric,,
SF,,5.0,,158.27679999999998,05 62 1E 3B 05 C1 AA AA,sd_2A73E1CC/00000013,7739.0,b'\x05\xc1',HV Battery voltage,V,Battery,368.25,numeric,,
FF,,,,158.3768,10 08 62 1E 3D 00 02 48,sd_2A73E1CC/00000013,7741.0,b'\x00\x02H',HV Battery current,A,Battery,-4.96,partial,8.0,True
OTHER,80.0,6.0,b'\x06P\x03\x00\x1e\x01\xe5',159.07684999999998,06 50 03 00 1E 01 E5 AA,sd_2A73E1CC/00000013,,,,,,,,,
OTHER,126.0,2.0,b'\x02~\x00',159.12685,02 7E 00 AA AA AA AA AA,sd_2A73E1CC/00000013,,,,,,,,,
SF,,4.0,,159.17685,04 62 02 8C A9 AA AA AA,sd_2A73E1CC/00000013,652.0,b'\xa9',SOC (BMS),%,Battery,67.6,numeric,,
SF,,5.0,,159.27685,05 62 1E 3B 05 C1 AA AA,sd_2A73E1CC/00000013,7739.0,b'\x05\xc1',HV Battery voltage,V,Battery,368.25,numeric,,
FF,,,,159.37685,10 08 62 1E 3D 00 02 48,sd_2A73E1CC/00000013,7741.0,b'\x00\x02H',HV Battery current,A,Battery,-4.96,partial,8.0,True
SF,,4.0,,159.47684999999998,04 62 2A 0B 63 AA AA AA,sd_2A73E1CC/00000013,10763.0,b'c',HV Battery temp (main value),°C,Battery,9.5,numeric,,
SF,,7.0,,159.5772,07 62 1E 0E 02 80 00 01,sd_2A73E1CC/00000013,7694.0,b'\x02\x80\x00\x01',HV Battery max temp and temp point,°C,Battery,10.0,numeric,,
SF,,4.0,,159.6769,04 62 74 48 01 AA AA AA,sd_2A73E1CC/00000013,29768.0,b'\x01',Car operation mode,logic,Technical,driving,enum,,
SF,,4.0,,160.1769,04 62 02 8C A9 AA AA AA,sd_2A73E1CC/00000013,652.0,b'\xa9',SOC (BMS),%,Battery,67.6,numeric,,
SF,,5.0,,160.27689999999998,05 62 1E 3B 05 C1 AA AA,sd_2A73E1CC/00000013,7739.0,b'\x05\xc1',HV Battery voltage,V,Battery,368.25,numeric,,
FF,,,,160.3769,10 08 62 1E 3D 00 02 48,sd_2A73E1CC/00000013,7741.0,b'\x00\x02H',HV Battery current,A,Battery,-4.96,partial,8.0,True
OTHER,80.0,6.0,b'\x06P\x03\x00\x1e\x01\xe5',161.07694999999998,06 50 03 00 1E 01 E5 AA,sd_2A73E1CC/00000013,,,,,,,,,
OTHER,126.0,2.0,b'\x02~\x00',161.12695,02 7E 00 AA AA AA AA AA,sd_2A73E1CC/00000013,,,,,,,,,
SF,,4.0,,161.17695,04 62 02 8C A9 AA AA AA,sd_2A73E1CC/00000013,652.0,b'\xa9',SOC (BMS),%,Battery,67.6,numeric,,
SF,,5.0,,161.27695,05 62 1E 3B 05 C1 AA AA,sd_2A73E1CC/00000013,7739.0,b'\x05\xc1',HV Battery voltage,V,Battery,368.25,numeric,,
FF,,,,161.3773,10 08 62 1E 3D 00 02 48,sd_2A73E1CC/00000013,7741.0,b'\x00\x02H',HV Battery current,A,Battery,-4.96,partial,8.0,True
SF,,4.0,,161.47695,04 62 2A 0B 63 AA AA AA,sd_2A73E1CC/00000013,10763.0,b'c',HV Battery temp (main value),°C,Battery,9.5,numeric,,
SF,,7.0,,161.577,07 62 1E 0E 02 80 00 01,sd_2A73E1CC/00000013,7694.0,b'\x02\x80\x00\x01',HV Battery max temp and temp point,°C,Battery,10.0,numeric,,
SF,,4.0,,161.677,04 62 74 48 01 AA AA AA,sd_2A73E1CC/00000013,29768.0,b'\x01',Car operation mode,logic,Technical,driving,enum,,
SF,,4.0,,162.177,04 62 02 8C A9 AA AA AA,sd_2A73E1CC/00000013,652.0,b'\xa9',SOC (BMS),%,Battery,67.6,numeric,,
SF,,5.0,,162.2773,05 62 1E 3B 05 C1 AA AA,sd_2A73E1CC/00000013,7739.0,b'\x05\xc1',HV Battery voltage,V,Battery,368.25,numeric,,
FF,,,,162.37705,10 08 62 1E 3D 00 02 48,sd_2A73E1CC/00000013,7741.0,b'\x00\x02H',HV Battery current,A,Battery,-4.96,partial,8.0,True
OTHER,80.0,6.0,b'\x06P\x03\x00\x1e\x01\xe5',163.07704999999999,06 50 03 00 1E 01 E5 AA,sd_2A73E1CC/00000013,,,,,,,,,
OTHER,126.0,2.0,b'\x02~\x00',163.12709999999998,02 7E 00 AA AA AA AA AA,sd_2A73E1CC/00000013,,,,,,,,,
SF,,4.0,,163.1774,04 62 02 8C A9 AA AA AA,sd_2A73E1CC/00000013,652.0,b'\xa9',SOC (BMS),%,Battery,67.6,numeric,,
SF,,5.0,,163.2771,05 62 1E 3B 05 C1 AA AA,sd_2A73E1CC/00000013,7739.0,b'\x05\xc1',HV Battery voltage,V,Battery,368.25,numeric,,
FF,,,,163.37709999999998,10 08 62 1E 3D 00 02 49,sd_2A73E1CC/00000013,7741.0,b'\x00\x02I',HV Battery current,A,Battery,-2.4,partial,8.0,True
SF,,4.0,,163.47709999999998,04 62 2A 0B 63 AA AA AA,sd_2A73E1CC/00000013,10763.0,b'c',HV Battery temp (main value),°C,Battery,9.5,numeric,,
SF,,7.0,,163.5771,07 62 1E 0E 02 80 00 01,sd_2A73E1CC/00000013,7694.0,b'\x02\x80\x00\x01',HV Battery max temp and temp point,°C,Battery,10.0,numeric,,
SF,,4.0,,163.6771,04 62 74 48 01 AA AA AA,sd_2A73E1CC/00000013,29768.0,b'\x01',Car operation mode,logic,Technical,driving,enum,,
SF,,4.0,,164.1771,04 62 02 8C A9 AA AA AA,sd_2A73E1CC/00000013,652.0,b'\xa9',SOC (BMS),%,Battery,67.6,numeric,,
SF,,5.0,,164.27715,05 62 1E 3B 05 C1 AA AA,sd_2A73E1CC/00000013,7739.0,b'\x05\xc1',HV Battery voltage,V,Battery,368.25,numeric,,
FF,,,,164.37715,10 08 62 1E 3D 00 02 49,sd_2A73E1CC/00000013,7741.0,b'\x00\x02I',HV Battery current,A,Battery,-2.4,partial,8.0,True
OTHER,80.0,6.0,b'\x06P\x03\x00\x1e\x01\xe5',165.0772,06 50 03 00 1E 01 E5 AA,sd_2A73E1CC/00000013,,,,,,,,,
OTHER,126.0,2.0,b'\x02~\x00',165.1272,02 7E 00 AA AA AA AA AA,sd_2A73E1CC/00000013,,,,,,,,,
SF,,4.0,,165.1772,04 62 02 8C A9 AA AA AA,sd_2A73E1CC/00000013,652.0,b'\xa9',SOC (BMS),%,Battery,67.6,numeric,,
SF,,5.0,,165.2772,05 62 1E 3B 05 C1 AA AA,sd_2A73E1CC/00000013,7739.0,b'\x05\xc1',HV Battery voltage,V,Battery,368.25,numeric,,
FF,,,,165.37725,10 08 62 1E 3D 00 02 49,sd_2A73E1CC/00000013,7741.0,b'\x00\x02I',HV Battery current,A,Battery,-2.4,partial,8.0,True
SF,,4.0,,165.47719999999998,04 62 2A 0B 63 AA AA AA,sd_2A73E1CC/00000013,10763.0,b'c',HV Battery temp (main value),°C,Battery,9.5,numeric,,
SF,,7.0,,165.57725,07 62 1E 0E 02 80 00 01,sd_2A73E1CC/00000013,7694.0,b'\x02\x80\x00\x01',HV Battery max temp and temp point,°C,Battery,10.0,numeric,,
SF,,4.0,,165.6772,04 62 74 48 01 AA AA AA,sd_2A73E1CC/00000013,29768.0,b'\x01',Car operation mode,logic,Technical,driving,enum,,
SF,,4.0,,166.17725,04 62 02 8C A9 AA AA AA,sd_2A73E1CC/00000013,652.0,b'\xa9',SOC (BMS),%,Battery,67.6,numeric,,
SF,,5.0,,166.27724999999998,05 62 1E 3B 05 C1 AA AA,sd_2A73E1CC/00000013,7739.0,b'\x05\xc1',HV Battery voltage,V,Battery,368.25,numeric,,
FF,,,,166.37725,10 08 62 1E 3D 00 02 49,sd_2A73E1CC/00000013,7741.0,b'\x00\x02I',HV Battery current,A,Battery,-2.4,partial,8.0,True
OTHER,80.0,6.0,b'\x06P\x03\x00\x1e\x01\xe5',167.07729999999998,06 50 03 00 1E 01 E5 AA,sd_2A73E1CC/00000013,,,,,,,,,
OTHER,126.0,2.0,b'\x02~\x00',167.1273,02 7E 00 AA AA AA AA AA,sd_2A73E1CC/00000013,,,,,,,,,
SF,,4.0,,167.1773,04 62 02 8C A9 AA AA AA,sd_2A73E1CC/00000013,652.0,b'\xa9',SOC (BMS),%,Battery,67.6,numeric,,
SF,,5.0,,167.2773,05 62 1E 3B 05 C1 AA AA,sd_2A73E1CC/00000013,7739.0,b'\x05\xc1',HV Battery voltage,V,Battery,368.25,numeric,,
FF,,,,167.37744999999998,10 08 62 1E 3D 00 02 49,sd_2A73E1CC/00000013,7741.0,b'\x00\x02I',HV Battery current,A,Battery,-2.4,partial,8.0,True
SF,,4.0,,167.47735,04 62 2A 0B 63 AA AA AA,sd_2A73E1CC/00000013,10763.0,b'c',HV Battery temp (main value),°C,Battery,9.5,numeric,,
SF,,7.0,,167.57735,07 62 1E 0E 02 80 00 01,sd_2A73E1CC/00000013,7694.0,b'\x02\x80\x00\x01',HV Battery max temp and temp point,°C,Battery,10.0,numeric,,
SF,,4.0,,167.67765,04 62 74 48 01 AA AA AA,sd_2A73E1CC/00000013,29768.0,b'\x01',Car operation mode,logic,Technical,driving,enum,,
SF,,4.0,,168.17735,04 62 02 8C A9 AA AA AA,sd_2A73E1CC/00000013,652.0,b'\xa9',SOC (BMS),%,Battery,67.6,numeric,,
SF,,5.0,,168.27734999999998,05 62 1E 3B 05 C1 AA AA,sd_2A73E1CC/00000013,7739.0,b'\x05\xc1',HV Battery voltage,V,Battery,368.25,numeric,,
FF,,,,168.3774,10 08 62 1E 3D 00 02 49,sd_2A73E1CC/00000013,7741.0,b'\x00\x02I',HV Battery current,A,Battery,-2.4,partial,8.0,True
OTHER,80.0,6.0,b'\x06P\x03\x00\x1e\x01\xe5',169.07739999999998,06 50 03 00 1E 01 E5 AA,sd_2A73E1CC/00000013,,,,,,,,,
OTHER,126.0,2.0,b'\x02~\x00',169.1274,02 7E 00 AA AA AA AA AA,sd_2A73E1CC/00000013,,,,,,,,,
SF,,4.0,,169.17745,04 62 02 8C A9 AA AA AA,sd_2A73E1CC/00000013,652.0,b'\xa9',SOC (BMS),%,Battery,67.6,numeric,,
SF,,5.0,,169.27745,05 62 1E 3B 05 C1 AA AA,sd_2A73E1CC/00000013,7739.0,b'\x05\xc1',HV Battery voltage,V,Battery,368.25,numeric,,
FF,,,,169.37744999999998,10 08 62 1E 3D 00 02 49,sd_2A73E1CC/00000013,7741.0,b'\x00\x02I',HV Battery current,A,Battery,-2.4,partial,8.0,True
SF,,4.0,,169.47775,04 62 2A 0B 63 AA AA AA,sd_2A73E1CC/00000013,10763.0,b'c',HV Battery temp (main value),°C,Battery,9.5,numeric,,
SF,,7.0,,169.57745,07 62 1E 0E 02 80 00 01,sd_2A73E1CC/00000013,7694.0,b'\x02\x80\x00\x01',HV Battery max temp and temp point,°C,Battery,10.0,numeric,,
SF,,4.0,,169.67745,04 62 74 48 01 AA AA AA,sd_2A73E1CC/00000013,29768.0,b'\x01',Car operation mode,logic,Technical,driving,enum,,
SF,,4.0,,170.17749999999998,04 62 02 8C A9 AA AA AA,sd_2A73E1CC/00000013,652.0,b'\xa9',SOC (BMS),%,Battery,67.6,numeric,,
SF,,5.0,,170.2775,05 62 1E 3B 05 C1 AA AA,sd_2A73E1CC/00000013,7739.0,b'\x05\xc1',HV Battery voltage,V,Battery,368.25,numeric,,
FF,,,,170.37779999999998,10 08 62 1E 3D 00 02 49,sd_2A73E1CC/00000013,7741.0,b'\x00\x02I',HV Battery current,A,Battery,-2.4,partial,8.0,True
OTHER,80.0,6.0,b'\x06P\x03\x00\x1e\x01\xe5',171.07755,06 50 03 00 1E 01 E5 AA,sd_2A73E1CC/00000013,,,,,,,,,
OTHER,126.0,2.0,b'\x02~\x00',171.12754999999999,02 7E 00 AA AA AA AA AA,sd_2A73E1CC/00000013,,,,,,,,,
SF,,4.0,,171.17755,04 62 02 8C A9 AA AA AA,sd_2A73E1CC/00000013,652.0,b'\xa9',SOC (BMS),%,Battery,67.6,numeric,,
SF,,5.0,,171.27785,05 62 1E 3B 05 C1 AA AA,sd_2A73E1CC/00000013,7739.0,b'\x05\xc1',HV Battery voltage,V,Battery,368.25,numeric,,
FF,,,,171.3776,10 08 62 1E 3D 00 02 49,sd_2A73E1CC/00000013,7741.0,b'\x00\x02I',HV Battery current,A,Battery,-2.4,partial,8.0,True
SF,,4.0,,171.47754999999998,04 62 2A 0B 63 AA AA AA,sd_2A73E1CC/00000013,10763.0,b'c',HV Battery temp (main value),°C,Battery,9.5,numeric,,
SF,,7.0,,171.5776,07 62 1E 0E 02 80 00 01,sd_2A73E1CC/00000013,7694.0,b'\x02\x80\x00\x01',HV Battery max temp and temp point,°C,Battery,10.0,numeric,,
SF,,4.0,,171.67759999999998,04 62 74 48 01 AA AA AA,sd_2A73E1CC/00000013,29768.0,b'\x01',Car operation mode,logic,Technical,driving,enum,,
SF,,4.0,,172.1779,04 62 02 8C A9 AA AA AA,sd_2A73E1CC/00000013,652.0,b'\xa9',SOC (BMS),%,Battery,67.6,numeric,,
SF,,5.0,,172.27759999999998,05 62 1E 3B 05 C1 AA AA,sd_2A73E1CC/00000013,7739.0,b'\x05\xc1',HV Battery voltage,V,Battery,368.25,numeric,,
FF,,,,172.3776,10 08 62 1E 3D 00 02 49,sd_2A73E1CC/00000013,7741.0,b'\x00\x02I',HV Battery current,A,Battery,-2.4,partial,8.0,True
OTHER,80.0,6.0,b'\x06P\x03\x00\x1e\x01\xe5',173.07795,06 50 03 00 1E 01 E5 AA,sd_2A73E1CC/00000013,,,,,,,,,
OTHER,126.0,2.0,b'\x02~\x00',173.12765,02 7E 00 AA AA AA AA AA,sd_2A73E1CC/00000013,,,,,,,,,
SF,,4.0,,173.17765,04 62 02 8C A9 AA AA AA,sd_2A73E1CC/00000013,652.0,b'\xa9',SOC (BMS),%,Battery,67.6,numeric,,
SF,,5.0,,173.27769999999998,05 62 1E 3B 05 C1 AA AA,sd_2A73E1CC/00000013,7739.0,b'\x05\xc1',HV Battery voltage,V,Battery,368.25,numeric,,
FF,,,,173.3777,10 08 62 1E 3D 00 02 49,sd_2A73E1CC/00000013,7741.0,b'\x00\x02I',HV Battery current,A,Battery,-2.4,partial,8.0,True
SF,,4.0,,173.4777,04 62 2A 0B 63 AA AA AA,sd_2A73E1CC/00000013,10763.0,b'c',HV Battery temp (main value),°C,Battery,9.5,numeric,,
SF,,7.0,,173.5777,07 62 1E 0E 02 80 00 01,sd_2A73E1CC/00000013,7694.0,b'\x02\x80\x00\x01',HV Battery max temp and temp point,°C,Battery,10.0,numeric,,
SF,,4.0,,173.67775,04 62 74 48 01 AA AA AA,sd_2A73E1CC/00000013,29768.0,b'\x01',Car operation mode,logic,Technical,driving,enum,,
SF,,4.0,,174.17775,04 62 02 8C A9 AA AA AA,sd_2A73E1CC/00000013,652.0,b'\xa9',SOC (BMS),%,Battery,67.6,numeric,,
SF,,5.0,,174.27775,05 62 1E 3B 05 C1 AA AA,sd_2A73E1CC/00000013,7739.0,b'\x05\xc1',HV Battery voltage,V,Battery,368.25,numeric,,
FF,,,,174.37779999999998,10 08 62 1E 3D 00 02 49,sd_2A73E1CC/00000013,7741.0,b'\x00\x02I',HV Battery current,A,Battery,-2.4,partial,8.0,True
OTHER,80.0,6.0,b'\x06P\x03\x00\x1e\x01\xe5',175.0778,06 50 03 00 1E 01 E5 AA,sd_2A73E1CC/00000013,,,,,,,,,
OTHER,126.0,2.0,b'\x02~\x00',175.12824999999998,02 7E 00 AA AA AA AA AA,sd_2A73E1CC/00000013,,,,,,,,,
SF,,4.0,,175.17784999999998,04 62 02 8C A9 AA AA AA,sd_2A73E1CC/00000013,652.0,b'\xa9',SOC (BMS),%,Battery,67.6,numeric,,
SF,,5.0,,175.27779999999998,05 62 1E 3B 05 C1 AA AA,sd_2A73E1CC/00000013,7739.0,b'\x05\xc1',HV Battery voltage,V,Battery,368.25,numeric,,
FF,,,,175.37779999999998,10 08 62 1E 3D 00 02 49,sd_2A73E1CC/00000013,7741.0,b'\x00\x02I',HV Battery current,A,Battery,-2.4,partial,8.0,True
SF,,4.0,,175.4778,04 62 2A 0B 63 AA AA AA,sd_2A73E1CC/00000013,10763.0,b'c',HV Battery temp (main value),°C,Battery,9.5,numeric,,
SF,,7.0,,175.57784999999998,07 62 1E 0E 02 80 00 01,sd_2A73E1CC/00000013,7694.0,b'\x02\x80\x00\x01',HV Battery max temp and temp point,°C,Battery,10.0,numeric,,
SF,,4.0,,175.67784999999998,04 62 74 48 01 AA AA AA,sd_2A73E1CC/00000013,29768.0,b'\x01',Car operation mode,logic,Technical,driving,enum,,
SF,,4.0,,176.17784999999998,04 62 02 8C A9 AA AA AA,sd_2A73E1CC/00000013,652.0,b'\xa9',SOC (BMS),%,Battery,67.6,numeric,,
