timestamp,bus_channel,can_id,ide,dlc,data_length,data_bytes,direction,data_hex,can_id_hex,source
0.0,9.0,101,0.0,1,1.0,[0 0 0 0 0 0 0 0],0.0,00 00 00 00 00 00 00 00,0x065,00000002
0.0,9.0,111,0.0,8,8.0,[165  20 112  67  20 202  79 108],0.0,A5 14 70 43 14 CA 4F 6C,0x06F,00000004
0.0,9.0,101,0.0,1,1.0,[0 0 0 0 0 0 0 0],0.0,00 00 00 00 00 00 00 00,0x065,00000003
0.0,9.0,101,0.0,1,1.0,[0 0 0 0 0 0 0 0],0.0,00 00 00 00 00 00 00 00,0x065,00000005
0.0013499999999999623,9.0,111,0.0,8,8.0,[129  28  47 197 247   9 176 132],0.0,81 1C 2F C5 F7 09 B0 84,0x06F,00000003
0.0013499999999999623,9.0,111,0.0,8,8.0,[235  19  15  74 249  89 208 129],0.0,EB 13 0F 4A F9 59 D0 81,0x06F,00000002
0.0013499999999999623,9.0,111,0.0,8,8.0,[105  68 175  58  19  70 145 141],0.0,69 44 AF 3A 13 46 91 8D,0x06F,00000005
0.19415000000000004,9.0,101,0.0,1,1.0,[0 0 0 0 0 0 0 0],0.0,00 00 00 00 00 00 00 00,0x065,00000002
0.1953499999999999,9.0,111,0.0,8,8.0,[225 107  47 202  14 226 207 127],0.0,E1 6B 2F CA 0E E2 CF 7F,0x06F,00000002
0.19825000000000026,9.0,101,0.0,1,1.0,[0 0 0 0 0 0 0 0],0.0,00 00 00 00 00 00 00 00,0x065,00000003
0.19825000000000026,9.0,101,0.0,1,1.0,[0 0 0 0 0 0 0 0],0.0,00 00 00 00 00 00 00 00,0x065,00000005
0.19850000000000012,9.0,101,0.0,1,1.0,[0 0 0 0 0 0 0 0],0.0,00 00 00 00 00 00 00 00,0x065,00000004
0.19925000000000015,9.0,111,0.0,8,8.0,[ 77 148 175 194 207 149 144 107],0.0,4D 94 AF C2 CF 95 90 6B,0x06F,00000003
0.19925000000000015,9.0,111,0.0,8,8.0,[111 252 238 184  87 242 142 155],0.0,6F FC EE B8 57 F2 8E 9B,0x06F,00000005
0.1996500000000001,9.0,111,0.0,8,8.0,[149 252  15 195   0 142  79 126],0.0,95 FC 0F C3 00 8E 4F 7E,0x06F,00000004
0.3919999999999999,9.0,101,0.0,1,1.0,[0 0 0 0 0 0 0 0],0.0,00 00 00 00 00 00 00 00,0x065,00000002
0.3932500000000001,9.0,111,0.0,8,8.0,[249  35  47 202 251 117 176 130],0.0,F9 23 2F CA FB 75 B0 82,0x06F,00000002
0.3999999999999999,9.0,101,0.0,1,1.0,[0 0 0 0 0 0 0 0],0.0,00 00 00 00 00 00 00 00,0x065,00000005
0.4013,9.0,111,0.0,8,8.0,[ 89 140 238 185  57  34 243 135],0.0,59 8C EE B9 39 22 F3 87,0x06F,00000005
0.40625,9.0,101,0.0,1,1.0,[0 0 0 0 0 0 0 0],0.0,00 00 00 00 00 00 00 00,0x065,00000004
0.4075000000000002,9.0,111,0.0,8,8.0,[147 228 239  66 254 253 239 127],0.0,93 E4 EF 42 FE FD EF 7F,0x06F,00000004
0.4119999999999999,9.0,101,0.0,1,1.0,[0 0 0 0 0 0 0 0],0.0,00 00 00 00 00 00 00 00,0x065,00000003
0.4132500000000001,9.0,111,0.0,8,8.0,[139 252 142  67 149  97 111 126],0.0,8B FC 8E 43 95 61 6F 7E,0x06F,00000003
0.5922499999999999,9.0,101,0.0,1,1.0,[0 0 0 0 0 0 0 0],0.0,00 00 00 00 00 00 00 00,0x065,00000005
0.5922499999999999,9.0,101,0.0,1,1.0,[0 0 0 0 0 0 0 0],0.0,00 00 00 00 00 00 00 00,0x065,00000002
0.5932,9.0,111,0.0,8,8.0,[211 123 207  72  64 190  48 135],0.0,D3 7B CF 48 40 BE 30 87,0x06F,00000002
0.5932500000000003,9.0,111,0.0,8,8.0,[ 83 164 142  58 232   1 210 143],0.0,53 A4 8E 3A E8 01 D2 8F,0x06F,00000005
0.59625,9.0,101,0.0,1,1.0,[0 0 0 0 0 0 0 0],0.0,00 00 00 00 00 00 00 00,0x065,00000003
0.5972500000000003,9.0,111,0.0,8,8.0,[115 244 142  67 248  61 242 127],0.0,73 F4 8E 43 F8 3D F2 7F,0x06F,00000003
0.6065,9.0,101,0.0,1,1.0,[0 0 0 0 0 0 0 0],0.0,00 00 00 00 00 00 00 00,0x065,00000004
0.6074999999999999,9.0,111,0.0,8,8.0,[147 228  15  67 255 253 239 127],0.0,93 E4 0F 43 FF FD EF 7F,0x06F,00000004
0.7862499999999999,9.0,101,0.0,1,1.0,[0 0 0 0 0 0 0 0],0.0,00 00 00 00 00 00 00 00,0x065,00000002
0.7871999999999999,9.0,111,0.0,8,8.0,[203   3  48 201 225 121  15 124],0.0,CB 03 30 C9 E1 79 0F 7C,0x06F,00000002
0.7902499999999999,9.0,101,0.0,1,1.0,[0 0 0 0 0 0 0 0],0.0,00 00 00 00 00 00 00 00,0x065,00000005
0.7912500000000002,9.0,111,0.0,8,8.0,[ 79  68 174 187 238  57 239 164],0.0,4F 44 AE BB EE 39 EF A4,0x06F,00000005
0.7946,9.0,101,0.0,1,1.0,[0 0 0 0 0 0 0 0],0.0,00 00 00 00 00 00 00 00,0x065,00000004
0.7955999999999999,9.0,111,0.0,8,8.0,[147 228  15  67 255 253 239 127],0.0,93 E4 0F 43 FF FD EF 7F,0x06F,00000004
0.8083,9.0,101,0.0,1,1.0,[0 0 0 0 0 0 0 0],0.0,00 00 00 00 00 00 00 00,0x065,00000003
0.8092999999999999,9.0,111,0.0,8,8.0,[ 99 228  46 193  80  85 113 125],0.0,63 E4 2E C1 50 55 71 7D,0x06F,00000003
0.9817499999999999,9.0,111,0.0,8,8.0,[217 163 175  73 250 101 239 131],0.0,D9 A3 AF 49 FA 65 EF 83,0x06F,00000002
0.9823999999999997,9.0,101,0.0,1,1.0,[0 0 0 0 0 0 0 0],0.0,00 00 00 00 00 00 00 00,0x065,00000002
0.9877500000000001,9.0,111,0.0,8,8.0,[ 49 220  45  59  84  18 211 148],0.0,31 DC 2D 3B 54 12 D3 94,0x06F,00000005
0.9884,9.0,101,0.0,1,1.0,[0 0 0 0 0 0 0 0],0.0,00 00 00 00 00 00 00 00,0x065,00000005
0.9902500000000001,9.0,101,0.0,1,1.0,[0 0 0 0 0 0 0 0],0.0,00 00 00 00 00 00 00 00,0x065,00000003
0.99045,9.0,111,0.0,8,8.0,[149 228 239  66 255 253 239 127],0.0,95 E4 EF 42 FF FD EF 7F,0x06F,00000004
0.9910999999999999,9.0,101,0.0,1,1.0,[0 0 0 0 0 0 0 0],0.0,00 00 00 00 00 00 00 00,0x065,00000004
0.9914000000000001,9.0,111,0.0,8,8.0,[121 124  46  67 206 245  77 117],0.0,79 7C 2E 43 CE F5 4D 75,0x06F,00000003
1.1802499999999996,9.0,101,0.0,1,1.0,[0 0 0 0 0 0 0 0],0.0,00 00 00 00 00 00 00 00,0x065,00000002
1.1812,9.0,111,0.0,8,8.0,[209 195 143 201  17 162 207 132],0.0,D1 C3 8F C9 11 A2 CF 84,0x06F,00000002
1.1862499999999998,9.0,101,0.0,1,1.0,[0 0 0 0 0 0 0 0],0.0,00 00 00 00 00 00 00 00,0x065,00000005
1.1872000000000003,9.0,111,0.0,8,8.0,[ 59 172 173 191 124  98  20 130],0.0,3B AC AD BF 7C 62 14 82,0x06F,00000005
1.18825,9.0,101,0.0,1,1.0,[0 0 0 0 0 0 0 0],0.0,00 00 00 00 00 00 00 00,0x065,00000003
1.1885,9.0,101,0.0,1,1.0,[0 0 0 0 0 0 0 0],0.0,00 00 00 00 00 00 00 00,0x065,00000004
1.1892000000000005,9.0,111,0.0,8,8.0,[113 132  78  66 150  85 143 135],0.0,71 84 4E 42 96 55 8F 87,0x06F,00000003
1.1894500000000003,9.0,111,0.0,8,8.0,[149 228 239 194 254 253 239 127],0.0,95 E4 EF C2 FE FD EF 7F,0x06F,00000004
1.37825,9.0,101,0.0,1,1.0,[0 0 0 0 0 0 0 0],0.0,00 00 00 00 00 00 00 00,0x065,00000002
1.3791999999999995,9.0,111,0.0,8,8.0,[209 187 175  73 218 161 207 127],0.0,D1 BB AF 49 DA A1 CF 7F,0x06F,00000002
1.3842500000000002,9.0,101,0.0,1,1.0,[0 0 0 0 0 0 0 0],0.0,00 00 00 00 00 00 00 00,0x065,00000005
1.3851999999999998,9.0,111,0.0,8,8.0,[ 59 164  77  64 112 218  52 123],0.0,3B A4 4D 40 70 DA 34 7B,0x06F,00000005
1.3862500000000004,9.0,101,0.0,1,1.0,[0 0 0 0 0 0 0 0],0.0,00 00 00 00 00 00 00 00,0x065,00000003
1.3865000000000003,9.0,101,0.0,1,1.0,[0 0 0 0 0 0 0 0],0.0,00 00 00 00 00 00 00 00,0x065,00000004
1.3872,9.0,111,0.0,8,8.0,[119  68  78 193 212  81 110 135],0.0,77 44 4E C1 D4 51 6E 87,0x06F,00000003
1.3874499999999999,9.0,111,0.0,8,8.0,[147 228  15  67 255 253 239 127],0.0,93 E4 0F 43 FF FD EF 7F,0x06F,00000004
1.5762499999999995,9.0,101,0.0,1,1.0,[0 0 0 0 0 0 0 0],0.0,00 00 00 00 00 00 00 00,0x065,00000002
1.5772,9.0,111,0.0,8,8.0,[209  19 144  72   2 238 143 131],0.0,D1 13 90 48 02 EE 8F 83,0x06F,00000002
1.5822499999999997,9.0,101,0.0,1,1.0,[0 0 0 0 0 0 0 0],0.0,00 00 00 00 00 00 00 00,0x065,00000005
1.5832000000000002,9.0,111,0.0,8,8.0,[ 69 164 109  66  17 130 242 129],0.0,45 A4 6D 42 11 82 F2 81,0x06F,00000005
1.58425,9.0,101,0.0,1,1.0,[0 0 0 0 0 0 0 0],0.0,00 00 00 00 00 00 00 00,0x065,00000003
1.5844999999999998,9.0,101,0.0,1,1.0,[0 0 0 0 0 0 0 0],0.0,00 00 00 00 00 00 00 00,0x065,00000004
1.5852000000000004,9.0,111,0.0,8,8.0,[111  60 174 193 243  37 210 127],0.0,6F 3C AE C1 F3 25 D2 7F,0x06F,00000003
1.5854500000000002,9.0,111,0.0,8,8.0,[147 228 239 194 254 253 239 127],0.0,93 E4 EF C2 FE FD EF 7F,0x06F,00000004
1.7742499999999999,9.0,101,0.0,1,1.0,[0 0 0 0 0 0 0 0],0.0,00 00 00 00 00 00 00 00,0x065,00000002
1.7751999999999994,9.0,111,0.0,8,8.0,[211 171 175  73 252 173  15 126],0.0,D3 AB AF 49 FC AD 0F 7E,0x06F,00000002
1.78025,9.0,101,0.0,1,1.0,[0 0 0 0 0 0 0 0],0.0,00 00 00 00 00 00 00 00,0x065,00000005
1.7811999999999997,9.0,111,0.0,8,8.0,[ 55 236  77 194  33 106 113 135],0.0,37 EC 4D C2 21 6A 71 87,0x06F,00000005
1.7822500000000003,9.0,101,0.0,1,1.0,[0 0 0 0 0 0 0 0],0.0,00 00 00 00 00 00 00 00,0x065,00000003
1.7825000000000002,9.0,101,0.0,1,1.0,[0 0 0 0 0 0 0 0],0.0,00 00 00 00 00 00 00 00,0x065,00000004
1.7832,9.0,111,0.0,8,8.0,[113  68 174 192 227 121  14 131],0.0,71 44 AE C0 E3 79 0E 83,0x06F,00000003
1.7834499999999998,9.0,111,0.0,8,8.0,[147 228  15 195 254 249 207 127],0.0,93 E4 0F C3 FE F9 CF 7F,0x06F,00000004
1.9722499999999994,9.0,101,0.0,1,1.0,[0 0 0 0 0 0 0 0],0.0,00 00 00 00 00 00 00 00,0x065,00000002
1.9733499999999995,9.0,111,0.0,8,8.0,[229 227  14  73 221 149  15 130],0.0,E5 E3 0E 49 DD 95 0F 82,0x06F,00000002
1.9782499999999996,9.0,101,0.0,1,1.0,[0 0 0 0 0 0 0 0],0.0,00 00 00 00 00 00 00 00,0x065,00000005
1.9793499999999997,9.0,111,0.0,8,8.0,[ 35 180 109  66 221 129 112 142],0.0,23 B4 6D 42 DD 81 70 8E,0x06F,00000005
1.9802499999999998,9.0,101,0.0,1,1.0,[0 0 0 0 0 0 0 0],0.0,00 00 00 00 00 00 00 00,0x065,00000003
1.9804999999999997,9.0,101,0.0,1,1.0,[0 0 0 0 0 0 0 0],0.0,00 00 00 00 00 00 00 00,0x065,00000004
1.98135,9.0,111,0.0,8,8.0,[115 116 142 193   4 166 242 135],0.0,73 74 8E C1 04 A6 F2 87,0x06F,00000003
1.9815999999999998,9.0,111,0.0,8,8.0,[147 228  15 195 255 253 239 127],0.0,93 E4 0F C3 FF FD EF 7F,0x06F,00000004
2.16975,9.0,111,0.0,8,8.0,[233  91  79 202 245 249  47 132],0.0,E9 5B 4F CA F5 F9 2F 84,0x06F,00000002
2.1703999999999994,9.0,101,0.0,1,1.0,[0 0 0 0 0 0 0 0],0.0,00 00 00 00 00 00 00 00,0x065,00000002
2.1757500000000003,9.0,111,0.0,8,8.0,[ 15 116  45  66   8 206 209 132],0.0,0F 74 2D 42 08 CE D1 84,0x06F,00000005
2.1763999999999997,9.0,101,0.0,1,1.0,[0 0 0 0 0 0 0 0],0.0,00 00 00 00 00 00 00 00,0x065,00000005
2.1778000000000004,9.0,111,0.0,8,8.0,[ 97  20  78 193 227 113  76 127],0.0,61 14 4E C1 E3 71 4C 7F,0x06F,00000003
2.1780500000000003,9.0,111,0.0,8,8.0,[147 228 239  66 254 249 207 127],0.0,93 E4 EF 42 FE F9 CF 7F,0x06F,00000004
2.1784,9.0,101,0.0,1,1.0,[0 0 0 0 0 0 0 0],0.0,00 00 00 00 00 00 00 00,0x065,00000003
2.1786499999999998,9.0,101,0.0,1,1.0,[0 0 0 0 0 0 0 0],0.0,00 00 00 00 00 00 00 00,0x065,00000004
2.3677499999999996,9.0,111,0.0,8,8.0,[209 211 143 200 229 233 239 124],0.0,D1 D3 8F C8 E5 E9 EF 7C,0x06F,00000002
2.3684,9.0,101,0.0,1,1.0,[0 0 0 0 0 0 0 0],0.0,00 00 00 00 00 00 00 00,0x065,00000002
2.37375,9.0,111,0.0,8,8.0,[  7 172 237 194 247 169 114 129],0.0,07 AC ED C2 F7 A9 72 81,0x06F,00000005
2.3744,9.0,101,0.0,1,1.0,[0 0 0 0 0 0 0 0],0.0,00 00 00 00 00 00 00 00,0x065,00000005
2.3758,9.0,111,0.0,8,8.0,[107 252  13 193  12  26 111 137],0.0,6B FC 0D C1 0C 1A 6F 89,0x06F,00000003
2.3760499999999998,9.0,111,0.0,8,8.0,[149 220  15  67 255 253  15 128],0.0,95 DC 0F 43 FF FD 0F 80,0x06F,00000004
2.3764000000000003,9.0,101,0.0,1,1.0,[0 0 0 0 0 0 0 0],0.0,00 00 00 00 00 00 00 00,0x065,00000003
2.37665,9.0,101,0.0,1,1.0,[0 0 0 0 0 0 0 0],0.0,00 00 00 00 00 00 00 00,0x065,00000004
2.5662999999999996,9.0,101,0.0,1,1.0,[0 0 0 0 0 0 0 0],0.0,00 00 00 00 00 00 00 00,0x065,00000002
2.5672,9.0,111,0.0,8,8.0,[219  75 175  73 243  69 176 123],0.0,DB 4B AF 49 F3 45 B0 7B,0x06F,00000002
2.57225,9.0,101,0.0,1,1.0,[0 0 0 0 0 0 0 0],0.0,00 00 00 00 00 00 00 00,0x065,00000005
2.5732500000000003,9.0,111,0.0,8,8.0,[  5 124 173  65 195  17  48 129],0.0,05 7C AD 41 C3 11 30 81,0x06F,00000005
2.57425,9.0,101,0.0,1,1.0,[0 0 0 0 0 0 0 0],0.0,00 00 00 00 00 00 00 00,0x065,00000003
2.5745,9.0,101,0.0,1,1.0,[0 0 0 0 0 0 0 0],0.0,00 00 00 00 00 00 00 00,0x065,00000004
2.5751999999999997,9.0,111,0.0,8,8.0,[107  68 174 191 225 205 206 125],0.0,6B 44 AE BF E1 CD CE 7D,0x06F,00000003
2.5754499999999996,9.0,111,0.0,8,8.0,[149 228 239 194 254 249 175 127],0.0,95 E4 EF C2 FE F9 AF 7F,0x06F,00000004
2.7643,9.0,101,0.0,1,1.0,[0 0 0 0 0 0 0 0],0.0,00 00 00 00 00 00 00 00,0x065,00000002
2.7643999999999997,9.0,111,0.0,8,8.0,[223  83 207  72  17 218  47 126],0.0,DF 53 CF 48 11 DA 2F 7E,0x06F,00000002
2.7697999999999996,9.0,111,0.0,8,8.0,[ 13 140  77  66 253 141  16 126],0.0,0D 8C 4D 42 FD 8D 10 7E,0x06F,00000005
2.77045,9.0,101,0.0,1,1.0,[0 0 0 0 0 0 0 0],0.0,00 00 00 00 00 00 00 00,0x065,00000005
2.7722499999999997,9.0,101,0.0,1,1.0,[0 0 0 0 0 0 0 0],0.0,00 00 00 00 00 00 00 00,0x065,00000003
2.7724,9.0,111,0.0,8,8.0,[121  92 206  63  10 246  47 128],0.0,79 5C CE 3F 0A F6 2F 80,0x06F,00000003
2.7724999999999995,9.0,101,0.0,1,1.0,[0 0 0 0 0 0 0 0],0.0,00 00 00 00 00 00 00 00,0x065,00000004
2.77265,9.0,111,0.0,8,8.0,[147 228  15 195 255 253  15 128],0.0,93 E4 0F C3 FF FD 0F 80,0x06F,00000004
2.9622499999999996,9.0,101,0.0,1,1.0,[0 0 0 0 0 0 0 0],0.0,00 00 00 00 00 00 00 00,0x065,00000002
2.9633499999999997,9.0,111,0.0,8,8.0,[199 107  47  75 216  29  13  90],0.0,C7 6B 2F 4B D8 1D 0D 5A,0x06F,00000002
2.96825,9.0,101,0.0,1,1.0,[0 0 0 0 0 0 0 0],0.0,00 00 00 00 00 00 00 00,0x065,00000005
2.9694,9.0,111,0.0,8,8.0,[243 179 205  65  33 130 112 128],0.0,F3 B3 CD 41 21 82 70 80,0x06F,00000005
2.97025,9.0,101,0.0,1,1.0,[0 0 0 0 0 0 0 0],0.0,00 00 00 00 00 00 00 00,0x065,00000003
2.9705,9.0,101,0.0,1,1.0,[0 0 0 0 0 0 0 0],0.0,00 00 00 00 00 00 00 00,0x065,00000004
2.97135,9.0,111,0.0,8,8.0,[107  68 142  63   2  58  48 121],0.0,6B 44 8E 3F 02 3A 30 79,0x06F,00000003
2.9716,9.0,111,0.0,8,8.0,[147 236 239  66   0 254 239 127],0.0,93 EC EF 42 00 FE EF 7F,0x06F,00000004
3.16025,9.0,101,0.0,1,1.0,[0 0 0 0 0 0 0 0],0.0,00 00 00 00 00 00 00 00,0x065,00000002
3.1611999999999996,9.0,111,0.0,8,8.0,[227  11  48  72 212 213 173 124],0.0,E3 0B 30 48 D4 D5 AD 7C,0x06F,00000002
3.1663,9.0,101,0.0,1,1.0,[0 0 0 0 0 0 0 0],0.0,00 00 00 00 00 00 00 00,0x065,00000005
3.1672,9.0,111,0.0,8,8.0,[251 155 205  66  41 146 112 127],0.0,FB 9B CD 42 29 92 70 7F,0x06F,00000005
3.1682499999999996,9.0,101,0.0,1,1.0,[0 0 0 0 0 0 0 0],0.0,00 00 00 00 00 00 00 00,0x065,00000003
3.1684999999999994,9.0,101,0.0,1,1.0,[0 0 0 0 0 0 0 0],0.0,00 00 00 00 00 00 00 00,0x065,00000004
3.16925,9.0,111,0.0,8,8.0,[111 100  14 191 219 189 208 145],0.0,6F 64 0E BF DB BD D0 91,0x06F,00000003
3.1694999999999998,9.0,111,0.0,8,8.0,[149 228 239  66 254 253 207 127],0.0,95 E4 EF 42 FE FD CF 7F,0x06F,00000004
3.3577999999999997,9.0,111,0.0,8,8.0,[255 163 111  74 226  73 206 158],0.0,FF A3 6F 4A E2 49 CE 9E,0x06F,00000002
3.3584,9.0,101,0.0,1,1.0,[0 0 0 0 0 0 0 0],0.0,00 00 00 00 00 00 00 00,0x065,00000002
3.3638,9.0,111,0.0,8,8.0,[253 187 141 195 238  33  80 126],0.0,FD BB 8D C3 EE 21 50 7E,0x06F,00000005
3.36445,9.0,101,0.0,1,1.0,[0 0 0 0 0 0 0 0],0.0,00 00 00 00 00 00 00 00,0x065,00000005
3.3657500000000002,9.0,111,0.0,8,8.0,[ 97  44  14  63 246 177  46 132],0.0,61 2C 0E 3F F6 B1 2E 84,0x06F,00000003
3.366,9.0,111,0.0,8,8.0,[149 228  47 195 254 253  15 128],0.0,95 E4 2F C3 FE FD 0F 80,0x06F,00000004
3.3664500000000004,9.0,101,0.0,1,1.0,[0 0 0 0 0 0 0 0],0.0,00 00 00 00 00 00 00 00,0x065,00000003
3.3667000000000002,9.0,101,0.0,1,1.0,[0 0 0 0 0 0 0 0],0.0,00 00 00 00 00 00 00 00,0x065,00000004
3.5558,9.0,111,0.0,8,8.0,[  5 116  15 201 163 193 145 151],0.0,05 74 0F C9 A3 C1 91 97,0x06F,00000002
3.5563999999999996,9.0,101,0.0,1,1.0,[0 0 0 0 0 0 0 0],0.0,00 00 00 00 00 00 00 00,0x065,00000002
3.5618000000000003,9.0,111,0.0,8,8.0,[255 163 237 194   5  74 112 125],0.0,FF A3 ED C2 05 4A 70 7D,0x06F,00000005
3.5624,9.0,101,0.0,1,1.0,[0 0 0 0 0 0 0 0],0.0,00 00 00 00 00 00 00 00,0x065,00000005
3.5637999999999996,9.0,111,0.0,8,8.0,[113  52  78  63  17 222  79 129],0.0,71 34 4E 3F 11 DE 4F 81,0x06F,00000003
3.5640499999999995,9.0,111,0.0,8,8.0,[149 228 239  66 255 253 239 127],0.0,95 E4 EF 42 FF FD EF 7F,0x06F,00000004
3.56445,9.0,101,0.0,1,1.0,[0 0 0 0 0 0 0 0],0.0,00 00 00 00 00 00 00 00,0x065,00000003
3.5646999999999998,9.0,101,0.0,1,1.0,[0 0 0 0 0 0 0 0],0.0,00 00 00 00 00 00 00 00,0x065,00000004
3.7542499999999994,9.0,101,0.0,1,1.0,[0 0 0 0 0 0 0 0],0.0,00 00 00 00 00 00 00 00,0x065,00000002
3.7552499999999998,9.0,111,0.0,8,8.0,[245  99 207 201 226  69 208 124],0.0,F5 63 CF C9 E2 45 D0 7C,0x06F,00000002
3.7602499999999996,9.0,101,0.0,1,1.0,[0 0 0 0 0 0 0 0],0.0,00 00 00 00 00 00 00 00,0x065,00000005
3.76125,9.0,111,0.0,8,8.0,[  3 172 205  67  44  74  48 121],0.0,03 AC CD 43 2C 4A 30 79,0x06F,00000005
3.7622999999999998,9.0,101,0.0,1,1.0,[0 0 0 0 0 0 0 0],0.0,00 00 00 00 00 00 00 00,0x065,00000003
3.7625499999999996,9.0,101,0.0,1,1.0,[0 0 0 0 0 0 0 0],0.0,00 00 00 00 00 00 00 00,0x065,00000004
3.76325,9.0,111,0.0,8,8.0,[109  12 206  64   9 102 176 132],0.0,6D 0C CE 40 09 66 B0 84,0x06F,00000003
3.7635,9.0,111,0.0,8,8.0,[151 228  47 195   1 246 207 127],0.0,97 E4 2F C3 01 F6 CF 7F,0x06F,00000004
3.9518,9.0,111,0.0,8,8.0,[251  91 239  74  49   2 144 139],0.0,FB 5B EF 4A 31 02 90 8B,0x06F,00000002
3.9524499999999994,9.0,101,0.0,1,1.0,[0 0 0 0 0 0 0 0],0.0,00 00 00 00 00 00 00 00,0x065,00000002
3.9578,9.0,111,0.0,8,8.0,[  9 212  77 196   5 230 111 122],0.0,09 D4 4D C4 05 E6 6F 7A,0x06F,00000005
3.9583999999999997,9.0,101,0.0,1,1.0,[0 0 0 0 0 0 0 0],0.0,00 00 00 00 00 00 00 00,0x065,00000005
3.9597999999999995,9.0,111,0.0,8,8.0,[ 99  52  14 189   3  18 201 140],0.0,63 34 0E BD 03 12 C9 8C,0x06F,00000003
3.9600499999999994,9.0,111,0.0,8,8.0,[149 228 207 194 250 253 207 127],0.0,95 E4 CF C2 FA FD CF 7F,0x06F,00000004
3.96045,9.0,101,0.0,1,1.0,[0 0 0 0 0 0 0 0],0.0,00 00 00 00 00 00 00 00,0x065,00000003
3.9606999999999997,9.0,101,0.0,1,1.0,[0 0 0 0 0 0 0 0],0.0,00 00 00 00 00 00 00 00,0x065,00000004
4.150399999999999,9.0,101,0.0,1,1.0,[0 0 0 0 0 0 0 0],0.0,00 00 00 00 00 00 00 00,0x065,00000002
4.15155,9.0,111,0.0,8,8.0,[249 155 175 201 234 197  47 149],0.0,F9 9B AF C9 EA C5 2F 95,0x06F,00000002
4.155799999999999,9.0,111,0.0,8,8.0,[ 15 172 173  67 250 177  79 119],0.0,0F AC AD 43 FA B1 4F 77,0x06F,00000005
4.1564499999999995,9.0,101,0.0,1,1.0,[0 0 0 0 0 0 0 0],0.0,00 00 00 00 00 00 00 00,0x065,00000005
4.1578,9.0,111,0.0,8,8.0,[113  60  14  65 249  13  17 129],0.0,71 3C 0E 41 F9 0D 11 81,0x06F,00000003
4.158049999999999,9.0,111,0.0,8,8.0,[147 228  15 195   0 254  15 128],0.0,93 E4 0F C3 00 FE 0F 80,0x06F,00000004
4.15845,9.0,101,0.0,1,1.0,[0 0 0 0 0 0 0 0],0.0,00 00 00 00 00 00 00 00,0x065,00000003
4.1587,9.0,101,0.0,1,1.0,[0 0 0 0 0 0 0 0],0.0,00 00 00 00 00 00 00 00,0x065,00000004
4.3483,9.0,101,0.0,1,1.0,[0 0 0 0 0 0 0 0],0.0,00 00 00 00 00 00 00 00,0x065,00000002
4.34845,9.0,111,0.0,8,8.0,[253  83 239 200  23 138 208 123],0.0,FD 53 EF C8 17 8A D0 7B,0x06F,00000002
4.35425,9.0,101,0.0,1,1.0,[0 0 0 0 0 0 0 0],0.0,00 00 00 00 00 00 00 00,0x065,00000005
4.3544,9.0,111,0.0,8,8.0,[ 23 180 173  67 236 105 207 137],0.0,17 B4 AD 43 EC 69 CF 89,0x06F,00000005
4.3563,9.0,101,0.0,1,1.0,[0 0 0 0 0 0 0 0],0.0,00 00 00 00 00 00 00 00,0x065,00000003
4.35645,9.0,111,0.0,8,8.0,[101  44  46  64   4 134 240 122],0.0,65 2C 2E 40 04 86 F0 7A,0x06F,00000003
4.35655,9.0,101,0.0,1,1.0,[0 0 0 0 0 0 0 0],0.0,00 00 00 00 00 00 00 00,0x065,00000004
4.3567,9.0,111,0.0,8,8.0,[159  12 176 192  33 254 175 130],0.0,9F 0C B0 C0 21 FE AF 82,0x06F,00000004
4.5458,9.0,111,0.0,8,8.0,[237 203  47  74  25 138  16 126],0.0,ED CB 2F 4A 19 8A 10 7E,0x06F,00000002
4.54645,9.0,101,0.0,1,1.0,[0 0 0 0 0 0 0 0],0.0,00 00 00 00 00 00 00 00,0x065,00000002
4.5518,9.0,111,0.0,8,8.0,[ 15 220  77  68 233  21 208 128],0.0,0F DC 4D 44 E9 15 D0 80,0x06F,00000005
4.55245,9.0,101,0.0,1,1.0,[0 0 0 0 0 0 0 0],0.0,00 00 00 00 00 00 00 00,0x065,00000005
4.5538,9.0,111,0.0,8,8.0,[111  76 142 191 194 141 176 124],0.0,6F 4C 8E BF C2 8D B0 7C,0x06F,00000003
4.55405,9.0,111,0.0,8,8.0,[153  20 144  65  98 246  15 135],0.0,99 14 90 41 62 F6 0F 87,0x06F,00000004
4.55445,9.0,101,0.0,1,1.0,[0 0 0 0 0 0 0 0],0.0,00 00 00 00 00 00 00 00,0x065,00000003
4.5547,9.0,101,0.0,1,1.0,[0 0 0 0 0 0 0 0],0.0,00 00 00 00 00 00 00 00,0x065,00000004
4.7438,9.0,111,0.0,8,8.0,[243 155  15  73  24  62  80 122],0.0,F3 9B 0F 49 18 3E 50 7A,0x06F,00000002
4.7444500000000005,9.0,101,0.0,1,1.0,[0 0 0 0 0 0 0 0],0.0,00 00 00 00 00 00 00 00,0x065,00000002
4.7498000000000005,9.0,111,0.0,8,8.0,[ 13 188 109  67 231  21 112 124],0.0,0D BC 6D 43 E7 15 70 7C,0x06F,00000005
4.750450000000001,9.0,101,0.0,1,1.0,[0 0 0 0 0 0 0 0],0.0,00 00 00 00 00 00 00 00,0x065,00000005
4.7518,9.0,111,0.0,8,8.0,[115  20 206  63  23 218  17 129],0.0,73 14 CE 3F 17 DA 11 81,0x06F,00000003
4.7520500000000006,9.0,111,0.0,8,8.0,[153  52  48  66 141 250 111 138],0.0,99 34 30 42 8D FA 6F 8A,0x06F,00000004
4.75245,9.0,101,0.0,1,1.0,[0 0 0 0 0 0 0 0],0.0,00 00 00 00 00 00 00 00,0x065,00000003
4.752699999999999,9.0,101,0.0,1,1.0,[0 0 0 0 0 0 0 0],0.0,00 00 00 00 00 00 00 00,0x065,00000004
4.941799999999999,9.0,111,0.0,8,8.0,[235 195  79  73 245 129  47 133],0.0,EB C3 4F 49 F5 81 2F 85,0x06F,00000002
4.942449999999999,9.0,101,0.0,1,1.0,[0 0 0 0 0 0 0 0],0.0,00 00 00 00 00 00 00 00,0x065,00000002
4.947799999999999,9.0,111,0.0,8,8.0,[ 25 132  77  67 243 197 176 129],0.0,19 84 4D 43 F3 C5 B0 81,0x06F,00000005
4.948449999999999,9.0,101,0.0,1,1.0,[0 0 0 0 0 0 0 0],0.0,00 00 00 00 00 00 00 00,0x065,00000005
4.9498,9.0,111,0.0,8,8.0,[115  84 110 195 178 178 241 100],0.0,73 54 6E C3 B2 B2 F1 64,0x06F,00000003
4.950049999999999,9.0,111,0.0,8,8.0,[159  36 240 195 156 254  79 139],0.0,9F 24 F0 C3 9C FE 4F 8B,0x06F,00000004
4.95045,9.0,101,0.0,1,1.0,[0 0 0 0 0 0 0 0],0.0,00 00 00 00 00 00 00 00,0x065,00000003
4.950699999999999,9.0,101,0.0,1,1.0,[0 0 0 0 0 0 0 0],0.0,00 00 00 00 00 00 00 00,0x065,00000004
5.139799999999999,9.0,111,0.0,8,8.0,[  1  84 143 203  15  74 147 112],0.0,01 54 8F CB 0F 4A 93 70,0x06F,00000002
5.1404499999999995,9.0,101,0.0,1,1.0,[0 0 0 0 0 0 0 0],0.0,00 00 00 00 00 00 00 00,0x065,00000002
5.1457999999999995,9.0,111,0.0,8,8.0,[  5 164 237  66 245 241  80 133],0.0,05 A4 ED 42 F5 F1 50 85,0x06F,00000005
5.14645,9.0,101,0.0,1,1.0,[0 0 0 0 0 0 0 0],0.0,00 00 00 00 00 00 00 00,0x065,00000005
5.14805,9.0,111,0.0,8,8.0,[143  60 112 194 126 254 207 136],0.0,8F 3C 70 C2 7E FE CF 88,0x06F,00000004
5.1487,9.0,101,0.0,1,1.0,[0 0 0 0 0 0 0 0],0.0,00 00 00 00 00 00 00 00,0x065,00000004
5.3378,9.0,111,0.0,8,8.0,[235   3 208 200  84 198 114 125],0.0,EB 03 D0 C8 54 C6 72 7D,0x06F,00000002
5.33845,9.0,101,0.0,1,1.0,[0 0 0 0 0 0 0 0],0.0,00 00 00 00 00 00 00 00,0x065,00000002
5.3438,9.0,111,0.0,8,8.0,[  1 164  13 195 251  53 240 129],0.0,01 A4 0D C3 FB 35 F0 81,0x06F,00000005
5.34445,9.0,101,0.0,1,1.0,[0 0 0 0 0 0 0 0],0.0,00 00 00 00 00 00 00 00,0x065,00000005
5.34605,9.0,111,0.0,8,8.0,[111  60  80  95 116 254  15 137],0.0,6F 3C 50 5F 74 FE 0F 89,0x06F,00000004
5.3466999999999985,9.0,101,0.0,1,1.0,[0 0 0 0 0 0 0 0],0.0,00 00 00 00 00 00 00 00,0x065,00000004
5.5358,9.0,111,0.0,8,8.0,[239 179 111  74  14  50 240 127],0.0,EF B3 6F 4A 0E 32 F0 7F,0x06F,00000002
5.53665,9.0,101,0.0,1,1.0,[0 0 0 0 0 0 0 0],0.0,00 00 00 00 00 00 00 00,0x065,00000002
5.5418,9.0,111,0.0,8,8.0,[253 171 237  66 244 197  47 131],0.0,FD AB ED 42 F4 C5 2F 83,0x06F,00000005
5.5427,9.0,101,0.0,1,1.0,[0 0 0 0 0 0 0 0],0.0,00 00 00 00 00 00 00 00,0x065,00000005
5.544049999999999,9.0,111,0.0,8,8.0,[137 244 143  68 254  81 208 127],0.0,89 F4 8F 44 FE 51 D0 7F,0x06F,00000004
5.544699999999999,9.0,101,0.0,1,1.0,[0 0 0 0 0 0 0 0],0.0,00 00 00 00 00 00 00 00,0x065,00000004
5.733799999999999,9.0,111,0.0,8,8.0,[227  67 175  73  55  78  47 136],0.0,E3 43 AF 49 37 4E 2F 88,0x06F,00000002
5.734449999999999,9.0,101,0.0,1,1.0,[0 0 0 0 0 0 0 0],0.0,00 00 00 00 00 00 00 00,0x065,00000002
5.739800000000001,9.0,111,0.0,8,8.0,[253 171 237 194 254 233 207 127],0.0,FD AB ED C2 FE E9 CF 7F,0x06F,00000005
5.740450000000001,9.0,101,0.0,1,1.0,[0 0 0 0 0 0 0 0],0.0,00 00 00 00 00 00 00 00,0x065,00000005
5.742049999999999,9.0,111,0.0,8,8.0,[141 252 239 195 254  21 208 127],0.0,8D FC EF C3 FE 15 D0 7F,0x06F,00000004
5.742699999999999,9.0,101,0.0,1,1.0,[0 0 0 0 0 0 0 0],0.0,00 00 00 00 00 00 00 00,0x065,00000004
5.931799999999999,9.0,111,0.0,8,8.0,[229 139 175  72 215  61  79 126],0.0,E5 8B AF 48 D7 3D 4F 7E,0x06F,00000002
5.932449999999999,9.0,101,0.0,1,1.0,[0 0 0 0 0 0 0 0],0.0,00 00 00 00 00 00 00 00,0x065,00000002
5.937800000000001,9.0,111,0.0,8,8.0,[  1 164 173 194   9 246 143 125],0.0,01 A4 AD C2 09 F6 8F 7D,0x06F,00000005
5.93845,9.0,101,0.0,1,1.0,[0 0 0 0 0 0 0 0],0.0,00 00 00 00 00 00 00 00,0x065,00000005
5.940049999999999,9.0,111,0.0,8,8.0,[141 244 239  67 255   1 240 127],0.0,8D F4 EF 43 FF 01 F0 7F,0x06F,00000004
5.9407,9.0,101,0.0,1,1.0,[0 0 0 0 0 0 0 0],0.0,00 00 00 00 00 00 00 00,0x065,00000004
6.1297999999999995,9.0,111,0.0,8,8.0,[233 203  47 203  22 206 176 134],0.0,E9 CB 2F CB 16 CE B0 86,0x06F,00000002
6.13045,9.0,101,0.0,1,1.0,[0 0 0 0 0 0 0 0],0.0,00 00 00 00 00 00 00 00,0x065,00000002
6.1358,9.0,111,0.0,8,8.0,[  3 140 205  66 254 241  47 125],0.0,03 8C CD 42 FE F1 2F 7D,0x06F,00000005
6.13645,9.0,101,0.0,1,1.0,[0 0 0 0 0 0 0 0],0.0,00 00 00 00 00 00 00 00,0x065,00000005
6.13805,9.0,111,0.0,8,8.0,[143 244 239  67 255 253 239 127],0.0,8F F4 EF 43 FF FD EF 7F,0x06F,00000004
6.13875,9.0,101,0.0,1,1.0,[0 0 0 0 0 0 0 0],0.0,00 00 00 00 00 00 00 00,0x065,00000004
6.3278,9.0,111,0.0,8,8.0,[233 131  47 202 247 197 143 121],0.0,E9 83 2F CA F7 C5 8F 79,0x06F,00000002
6.328449999999998,9.0,101,0.0,1,1.0,[0 0 0 0 0 0 0 0],0.0,00 00 00 00 00 00 00 00,0x065,00000002
6.3338,9.0,111,0.0,8,8.0,[  3 188 173 194   7  14 240 125],0.0,03 BC AD C2 07 0E F0 7D,0x06F,00000005
6.33445,9.0,101,0.0,1,1.0,[0 0 0 0 0 0 0 0],0.0,00 00 00 00 00 00 00 00,0x065,00000005
6.3361,9.0,111,0.0,8,8.0,[141 244  15  68 255 253 239 127],0.0,8D F4 0F 44 FF FD EF 7F,0x06F,00000004
6.336699999999999,9.0,101,0.0,1,1.0,[0 0 0 0 0 0 0 0],0.0,00 00 00 00 00 00 00 00,0x065,00000004
6.5257999999999985,9.0,111,0.0,8,8.0,[233 131 239  72 223  57 240 124],0.0,E9 83 EF 48 DF 39 F0 7C,0x06F,00000002
6.526449999999999,9.0,101,0.0,1,1.0,[0 0 0 0 0 0 0 0],0.0,00 00 00 00 00 00 00 00,0x065,00000002
6.5318000000000005,9.0,111,0.0,8,8.0,[ 11 148  45 195  10 166 175 124],0.0,0B 94 2D C3 0A A6 AF 7C,0x06F,00000005
6.532450000000001,9.0,101,0.0,1,1.0,[0 0 0 0 0 0 0 0],0.0,00 00 00 00 00 00 00 00,0x065,00000005
6.534099999999999,9.0,111,0.0,8,8.0,[141 244 239  67 255 249 239 127],0.0,8D F4 EF 43 FF F9 EF 7F,0x06F,00000004
6.534699999999999,9.0,101,0.0,1,1.0,[0 0 0 0 0 0 0 0],0.0,00 00 00 00 00 00 00 00,0x065,00000004
6.723799999999999,9.0,111,0.0,8,8.0,[237 107 143  73  42  26 208 127],0.0,ED 6B 8F 49 2A 1A D0 7F,0x06F,00000002
6.724699999999999,9.0,101,0.0,1,1.0,[0 0 0 0 0 0 0 0],0.0,00 00 00 00 00 00 00 00,0x065,00000002
6.729800000000001,9.0,111,0.0,8,8.0,[  5 188 237  66   0 190 175 128],0.0,05 BC ED 42 00 BE AF 80,0x06F,00000005
6.730700000000001,9.0,101,0.0,1,1.0,[0 0 0 0 0 0 0 0],0.0,00 00 00 00 00 00 00 00,0x065,00000005
6.732099999999999,9.0,111,0.0,8,8.0,[141 252  15 196 254 253 239 127],0.0,8D FC 0F C4 FE FD EF 7F,0x06F,00000004
6.732949999999999,9.0,101,0.0,1,1.0,[0 0 0 0 0 0 0 0],0.0,00 00 00 00 00 00 00 00,0x065,00000004
6.921849999999999,9.0,111,0.0,8,8.0,[233  83 239 201  93 138 240 135],0.0,E9 53 EF C9 5D 8A F0 87,0x06F,00000002
6.922499999999999,9.0,101,0.0,1,1.0,[0 0 0 0 0 0 0 0],0.0,00 00 00 00 00 00 00 00,0x065,00000002
6.927849999999999,9.0,111,0.0,8,8.0,[ 13 180  77 195 253 249 143 127],0.0,0D B4 4D C3 FD F9 8F 7F,0x06F,00000005
6.9285,9.0,101,0.0,1,1.0,[0 0 0 0 0 0 0 0],0.0,00 00 00 00 00 00 00 00,0x065,00000005
6.9300999999999995,9.0,111,0.0,8,8.0,[143 244 239  67 255 253 239 127],0.0,8F F4 EF 43 FF FD EF 7F,0x06F,00000004
6.9307,9.0,101,0.0,1,1.0,[0 0 0 0 0 0 0 0],0.0,00 00 00 00 00 00 00 00,0x065,00000004
7.11985,9.0,111,0.0,8,8.0,[235 179  79  73 235   1 144 127],0.0,EB B3 4F 49 EB 01 90 7F,0x06F,00000002
7.1205,9.0,101,0.0,1,1.0,[0 0 0 0 0 0 0 0],0.0,00 00 00 00 00 00 00 00,0x065,00000002
7.12585,9.0,111,0.0,8,8.0,[ 13 156  13 195   5 210 207 128],0.0,0D 9C 0D C3 05 D2 CF 80,0x06F,00000005
7.1265,9.0,101,0.0,1,1.0,[0 0 0 0 0 0 0 0],0.0,00 00 00 00 00 00 00 00,0x065,00000005
7.1281,9.0,111,0.0,8,8.0,[141 252  15  68 255   1 240 127],0.0,8D FC 0F 44 FF 01 F0 7F,0x06F,00000004
7.1286999999999985,9.0,101,0.0,1,1.0,[0 0 0 0 0 0 0 0],0.0,00 00 00 00 00 00 00 00,0x065,00000004
7.31785,9.0,111,0.0,8,8.0,[235  83  47 202 138 117 143 125],0.0,EB 53 2F CA 8A 75 8F 7D,0x06F,00000002
7.318449999999999,9.0,101,0.0,1,1.0,[0 0 0 0 0 0 0 0],0.0,00 00 00 00 00 00 00 00,0x065,00000002
7.32385,9.0,111,0.0,8,8.0,[ 13 172  77  67   3 218 175 127],0.0,0D AC 4D 43 03 DA AF 7F,0x06F,00000005
7.3246,9.0,101,0.0,1,1.0,[0 0 0 0 0 0 0 0],0.0,00 00 00 00 00 00 00 00,0x065,00000005
7.326049999999999,9.0,111,0.0,8,8.0,[141 244  15  68 255 253 239 127],0.0,8D F4 0F 44 FF FD EF 7F,0x06F,00000004
7.326699999999999,9.0,101,0.0,1,1.0,[0 0 0 0 0 0 0 0],0.0,00 00 00 00 00 00 00 00,0x065,00000004
7.515849999999999,9.0,111,0.0,8,8.0,[237  75  15  74 242 137 144 125],0.0,ED 4B 0F 4A F2 89 90 7D,0x06F,00000002
7.516599999999999,9.0,101,0.0,1,1.0,[0 0 0 0 0 0 0 0],0.0,00 00 00 00 00 00 00 00,0x065,00000002
7.521850000000001,9.0,111,0.0,8,8.0,[ 15 188 109  67 254 245  79 127],0.0,0F BC 6D 43 FE F5 4F 7F,0x06F,00000005
7.5226500000000005,9.0,101,0.0,1,1.0,[0 0 0 0 0 0 0 0],0.0,00 00 00 00 00 00 00 00,0x065,00000005
7.524049999999999,9.0,111,0.0,8,8.0,[141 244  15  68 255 253 239 127],0.0,8D F4 0F 44 FF FD EF 7F,0x06F,00000004
7.524849999999999,9.0,101,0.0,1,1.0,[0 0 0 0 0 0 0 0],0.0,00 00 00 00 00 00 00 00,0x065,00000004
7.713849999999999,9.0,111,0.0,8,8.0,[235  83 175  72 216  61  47 134],0.0,EB 53 AF 48 D8 3D 2F 86,0x06F,00000002
7.714449999999999,9.0,101,0.0,1,1.0,[0 0 0 0 0 0 0 0],0.0,00 00 00 00 00 00 00 00,0x065,00000002
7.719850000000001,9.0,111,0.0,8,8.0,[ 15 172  45 195 255 253 239 127],0.0,0F AC 2D C3 FF FD EF 7F,0x06F,00000005
7.72045,9.0,101,0.0,1,1.0,[0 0 0 0 0 0 0 0],0.0,00 00 00 00 00 00 00 00,0x065,00000005
7.722099999999999,9.0,111,0.0,8,8.0,[141 252  15  68 255 253 239 127],0.0,8D FC 0F 44 FF FD EF 7F,0x06F,00000004
7.72275,9.0,101,0.0,1,1.0,[0 0 0 0 0 0 0 0],0.0,00 00 00 00 00 00 00 00,0x065,00000004
7.911849999999999,9.0,111,0.0,8,8.0,[ 69 252 206  71  85  49 208  40],0.0,45 FC CE 47 55 31 D0 28,0x06F,00000002
7.912699999999999,9.0,101,0.0,1,1.0,[0 0 0 0 0 0 0 0],0.0,00 00 00 00 00 00 00 00,0x065,00000002
7.91785,9.0,111,0.0,8,8.0,[ 15 172 109 195 254 241 239 127],0.0,0F AC 6D C3 FE F1 EF 7F,0x06F,00000005
7.918699999999999,9.0,101,0.0,1,1.0,[0 0 0 0 0 0 0 0],0.0,00 00 00 00 00 00 00 00,0x065,00000005
7.9201,9.0,111,0.0,8,8.0,[141 244  15  68 255 253 239 127],0.0,8D F4 0F 44 FF FD EF 7F,0x06F,00000004
7.9209499999999995,9.0,101,0.0,1,1.0,[0 0 0 0 0 0 0 0],0.0,00 00 00 00 00 00 00 00,0x065,00000004
8.10985,9.0,111,0.0,8,8.0,[ 47 108  79 202 186  74 144 122],0.0,2F 6C 4F CA BA 4A 90 7A,0x06F,00000002
8.1107,9.0,101,0.0,1,1.0,[0 0 0 0 0 0 0 0],0.0,00 00 00 00 00 00 00 00,0x065,00000002
8.11585,9.0,111,0.0,8,8.0,[ 13 172  77  67 252 249  47 128],0.0,0D AC 4D 43 FC F9 2F 80,0x06F,00000005
8.1167,9.0,101,0.0,1,1.0,[0 0 0 0 0 0 0 0],0.0,00 00 00 00 00 00 00 00,0x065,00000005
8.118099999999998,9.0,111,0.0,8,8.0,[141 244  15  68 255 253 239 127],0.0,8D F4 0F 44 FF FD EF 7F,0x06F,00000004
8.118749999999999,9.0,101,0.0,1,1.0,[0 0 0 0 0 0 0 0],0.0,00 00 00 00 00 00 00 00,0x065,00000004
8.307849999999998,9.0,111,0.0,8,8.0,[  1 252 142  74 148  49 220   4],0.0,01 FC 8E 4A 94 31 DC 04,0x06F,00000002
8.308499999999999,9.0,101,0.0,1,1.0,[0 0 0 0 0 0 0 0],0.0,00 00 00 00 00 00 00 00,0x065,00000002
8.31385,9.0,111,0.0,8,8.0,[ 15 156  45  67   3 250 143 128],0.0,0F 9C 2D 43 03 FA 8F 80,0x06F,00000005
8.3145,9.0,101,0.0,1,1.0,[0 0 0 0 0 0 0 0],0.0,00 00 00 00 00 00 00 00,0x065,00000005
8.316099999999999,9.0,111,0.0,8,8.0,[141 252  15  68 255 253 239 127],0.0,8D FC 0F 44 FF FD EF 7F,0x06F,00000004
8.316749999999999,9.0,101,0.0,1,1.0,[0 0 0 0 0 0 0 0],0.0,00 00 00 00 00 00 00 00,0x065,00000004
8.505849999999999,9.0,111,0.0,8,8.0,[ 59  92  14  70   0 208  69  96],0.0,3B 5C 0E 46 00 D0 45 60,0x06F,00000002
8.506599999999999,9.0,101,0.0,1,1.0,[0 0 0 0 0 0 0 0],0.0,00 00 00 00 00 00 00 00,0x065,00000002
8.51185,9.0,111,0.0,8,8.0,[ 13 188  77 195 250   1 112 127],0.0,0D BC 4D C3 FA 01 70 7F,0x06F,00000005
8.5126,9.0,101,0.0,1,1.0,[0 0 0 0 0 0 0 0],0.0,00 00 00 00 00 00 00 00,0x065,00000005
8.5141,9.0,111,0.0,8,8.0,[145 252 111 195 255 197  15 128],0.0,91 FC 6F C3 FF C5 0F 80,0x06F,00000004
8.514899999999999,9.0,101,0.0,1,1.0,[0 0 0 0 0 0 0 0],0.0,00 00 00 00 00 00 00 00,0x065,00000004
8.70385,9.0,111,0.0,8,8.0,[ 71  36 142 188 133 209 141 123],0.0,47 24 8E BC 85 D1 8D 7B,0x06F,00000002
8.7046,9.0,101,0.0,1,1.0,[0 0 0 0 0 0 0 0],0.0,00 00 00 00 00 00 00 00,0x065,00000002
8.70985,9.0,111,0.0,8,8.0,[ 11 180  77 195   1 214 239 127],0.0,0B B4 4D C3 01 D6 EF 7F,0x06F,00000005
8.7106,9.0,101,0.0,1,1.0,[0 0 0 0 0 0 0 0],0.0,00 00 00 00 00 00 00 00,0x065,00000005
8.7121,9.0,111,0.0,8,8.0,[143 244 239  67 255 237 239 127],0.0,8F F4 EF 43 FF ED EF 7F,0x06F,00000004
8.7129,9.0,101,0.0,1,1.0,[0 0 0 0 0 0 0 0],0.0,00 00 00 00 00 00 00 00,0x065,00000004
8.90185,9.0,111,0.0,8,8.0,[ 79  60 110 191 255 255 191  94],0.0,4F 3C 6E BF FF FF BF 5E,0x06F,00000002
8.902849999999999,9.0,101,0.0,1,1.0,[0 0 0 0 0 0 0 0],0.0,00 00 00 00 00 00 00 00,0x065,00000002
8.90785,9.0,111,0.0,8,8.0,[ 17 156  77 195   7 194 239 127],0.0,11 9C 4D C3 07 C2 EF 7F,0x06F,00000005
8.908850000000001,9.0,101,0.0,1,1.0,[0 0 0 0 0 0 0 0],0.0,00 00 00 00 00 00 00 00,0x065,00000005
8.9101,9.0,111,0.0,8,8.0,[141 244  15  68 255 253 239 127],0.0,8D F4 0F 44 FF FD EF 7F,0x06F,00000004
8.91095,9.0,101,0.0,1,1.0,[0 0 0 0 0 0 0 0],0.0,00 00 00 00 00 00 00 00,0x065,00000004
9.099849999999998,9.0,111,0.0,8,8.0,[209  75 240  79 201 242 120 122],0.0,D1 4B F0 4F C9 F2 78 7A,0x06F,00000002
9.10075,9.0,101,0.0,1,1.0,[0 0 0 0 0 0 0 0],0.0,00 00 00 00 00 00 00 00,0x065,00000002
9.10585,9.0,111,0.0,8,8.0,[ 15 180  45 195 253 249  15 129],0.0,0F B4 2D C3 FD F9 0F 81,0x06F,00000005
9.10675,9.0,101,0.0,1,1.0,[0 0 0 0 0 0 0 0],0.0,00 00 00 00 00 00 00 00,0x065,00000005
9.108099999999999,9.0,111,0.0,8,8.0,[141 244 239  67 255 253 239 127],0.0,8D F4 EF 43 FF FD EF 7F,0x06F,00000004
9.108949999999998,9.0,101,0.0,1,1.0,[0 0 0 0 0 0 0 0],0.0,00 00 00 00 00 00 00 00,0x065,00000004
9.297849999999999,9.0,111,0.0,8,8.0,[  9 116  46  69  62 140 115  47],0.0,09 74 2E 45 3E 8C 73 2F,0x06F,00000002
9.298749999999998,9.0,101,0.0,1,1.0,[0 0 0 0 0 0 0 0],0.0,00 00 00 00 00 00 00 00,0x065,00000002
9.30385,9.0,111,0.0,8,8.0,[ 17 172 173  67 254 229 111 126],0.0,11 AC AD 43 FE E5 6F 7E,0x06F,00000005
9.30475,9.0,101,0.0,1,1.0,[0 0 0 0 0 0 0 0],0.0,00 00 00 00 00 00 00 00,0x065,00000005
9.306099999999999,9.0,111,0.0,8,8.0,[141 252  15  68 255   1 240 127],0.0,8D FC 0F 44 FF 01 F0 7F,0x06F,00000004
9.306949999999999,9.0,101,0.0,1,1.0,[0 0 0 0 0 0 0 0],0.0,00 00 00 00 00 00 00 00,0x065,00000004
9.495849999999999,9.0,111,0.0,8,8.0,[ 47 172 141  63 227  21 175 120],0.0,2F AC 8D 3F E3 15 AF 78,0x06F,00000002
9.4965,9.0,101,0.0,1,1.0,[0 0 0 0 0 0 0 0],0.0,00 00 00 00 00 00 00 00,0x065,00000002
9.501850000000001,9.0,111,0.0,8,8.0,[ 15 172  45  67   2 198  79 128],0.0,0F AC 2D 43 02 C6 4F 80,0x06F,00000005
9.5025,9.0,101,0.0,1,1.0,[0 0 0 0 0 0 0 0],0.0,00 00 00 00 00 00 00 00,0x065,00000005
9.5041,9.0,111,0.0,8,8.0,[141 244  15  68 255 249 239 127],0.0,8D F4 0F 44 FF F9 EF 7F,0x06F,00000004
9.50475,9.0,101,0.0,1,1.0,[0 0 0 0 0 0 0 0],0.0,00 00 00 00 00 00 00 00,0x065,00000004
9.69385,9.0,111,0.0,8,8.0,[ 41 180 237 192  85  94 111 131],0.0,29 B4 ED C0 55 5E 6F 83,0x06F,00000002
9.69465,9.0,101,0.0,1,1.0,[0 0 0 0 0 0 0 0],0.0,00 00 00 00 00 00 00 00,0x065,00000002
9.69985,9.0,111,0.0,8,8.0,[ 17 172  45  67   1 218  79 129],0.0,11 AC 2D 43 01 DA 4F 81,0x06F,00000005
9.70065,9.0,101,0.0,1,1.0,[0 0 0 0 0 0 0 0],0.0,00 00 00 00 00 00 00 00,0x065,00000005
9.7021,9.0,111,0.0,8,8.0,[141 244 239 195 254 253 239 127],0.0,8D F4 EF C3 FE FD EF 7F,0x06F,00000004
9.7029,9.0,101,0.0,1,1.0,[0 0 0 0 0 0 0 0],0.0,00 00 00 00 00 00 00 00,0x065,00000004
9.89185,9.0,111,0.0,8,8.0,[ 13 116 238 192 255  31  92 138],0.0,0D 74 EE C0 FF 1F 5C 8A,0x06F,00000002
9.89265,9.0,101,0.0,1,1.0,[0 0 0 0 0 0 0 0],0.0,00 00 00 00 00 00 00 00,0x065,00000002
9.89785,9.0,111,0.0,8,8.0,[ 15 172  77 195 242  29  80 130],0.0,0F AC 4D C3 F2 1D 50 82,0x06F,00000005
9.89865,9.0,101,0.0,1,1.0,[0 0 0 0 0 0 0 0],0.0,00 00 00 00 00 00 00 00,0x065,00000005
9.900099999999998,9.0,111,0.0,8,8.0,[141 252  15  68 255 253 239 127],0.0,8D FC 0F 44 FF FD EF 7F,0x06F,00000004
9.900899999999998,9.0,101,0.0,1,1.0,[0 0 0 0 0 0 0 0],0.0,00 00 00 00 00 00 00 00,0x065,00000004
10.089849999999998,9.0,111,0.0,8,8.0,[215 139 241 202 216  81 176 112],0.0,D7 8B F1 CA D8 51 B0 70,0x06F,00000002
10.09085,9.0,101,0.0,1,1.0,[0 0 0 0 0 0 0 0],0.0,00 00 00 00 00 00 00 00,0x065,00000002
10.09585,9.0,111,0.0,8,8.0,[ 17 164 109  67 249  25 112 129],0.0,11 A4 6D 43 F9 19 70 81,0x06F,00000005
10.0969,9.0,101,0.0,1,1.0,[0 0 0 0 0 0 0 0],0.0,00 00 00 00 00 00 00 00,0x065,00000005
10.098099999999999,9.0,111,0.0,8,8.0,[141 244  15  68 255 249 239 127],0.0,8D F4 0F 44 FF F9 EF 7F,0x06F,00000004
10.0991,9.0,101,0.0,1,1.0,[0 0 0 0 0 0 0 0],0.0,00 00 00 00 00 00 00 00,0x065,00000004
10.287849999999999,9.0,111,0.0,8,8.0,[249 211  79  74 137 117  74 120],0.0,F9 D3 4F 4A 89 75 4A 78,0x06F,00000002
10.288699999999999,9.0,101,0.0,1,1.0,[0 0 0 0 0 0 0 0],0.0,00 00 00 00 00 00 00 00,0x065,00000002
10.29385,9.0,111,0.0,8,8.0,[ 11 172 237  66 254  29 112 127],0.0,0B AC ED 42 FE 1D 70 7F,0x06F,00000005
10.2947,9.0,101,0.0,1,1.0,[0 0 0 0 0 0 0 0],0.0,00 00 00 00 00 00 00 00,0x065,00000005
10.2961,9.0,111,0.0,8,8.0,[141 244  15  68 255   1 240 127],0.0,8D F4 0F 44 FF 01 F0 7F,0x06F,00000004
10.296999999999999,9.0,101,0.0,1,1.0,[0 0 0 0 0 0 0 0],0.0,00 00 00 00 00 00 00 00,0x065,00000004
10.48585,9.0,111,0.0,8,8.0,[  7 108 208  72 140  42 199 123],0.0,07 6C D0 48 8C 2A C7 7B,0x06F,00000002
10.486749999999999,9.0,101,0.0,1,1.0,[0 0 0 0 0 0 0 0],0.0,00 00 00 00 00 00 00 00,0x065,00000002
10.49185,9.0,111,0.0,8,8.0,[ 13 172  77  67   5 234  79 126],0.0,0D AC 4D 43 05 EA 4F 7E,0x06F,00000005
10.4927,9.0,101,0.0,1,1.0,[0 0 0 0 0 0 0 0],0.0,00 00 00 00 00 00 00 00,0x065,00000005
10.49415,9.0,111,0.0,8,8.0,[141 252  15  68 255 249 239 127],0.0,8D FC 0F 44 FF F9 EF 7F,0x06F,00000004
10.495,9.0,101,0.0,1,1.0,[0 0 0 0 0 0 0 0],0.0,00 00 00 00 00 00 00 00,0x065,00000004
10.68385,9.0,111,0.0,8,8.0,[  1 188 112 201   0 254 207 127],0.0,01 BC 70 C9 00 FE CF 7F,0x06F,00000002
10.684849999999999,9.0,101,0.0,1,1.0,[0 0 0 0 0 0 0 0],0.0,00 00 00 00 00 00 00 00,0x065,00000002
10.68985,9.0,111,0.0,8,8.0,[ 13 172  45  67 254 205  79 127],0.0,0D AC 2D 43 FE CD 4F 7F,0x06F,00000005
10.69075,9.0,101,0.0,1,1.0,[0 0 0 0 0 0 0 0],0.0,00 00 00 00 00 00 00 00,0x065,00000005
10.69215,9.0,111,0.0,8,8.0,[141 244  15  68 255 253 239 127],0.0,8D F4 0F 44 FF FD EF 7F,0x06F,00000004
10.693,9.0,101,0.0,1,1.0,[0 0 0 0 0 0 0 0],0.0,00 00 00 00 00 00 00 00,0x065,00000004
10.881849999999998,9.0,111,0.0,8,8.0,[  1 188 112 201 255 253  79 128],0.0,01 BC 70 C9 FF FD 4F 80,0x06F,00000002
10.882649999999998,9.0,101,0.0,1,1.0,[0 0 0 0 0 0 0 0],0.0,00 00 00 00 00 00 00 00,0x065,00000002
10.88785,9.0,111,0.0,8,8.0,[ 13 172  77  67 255 237  79 128],0.0,0D AC 4D 43 FF ED 4F 80,0x06F,00000005
10.88865,9.0,101,0.0,1,1.0,[0 0 0 0 0 0 0 0],0.0,00 00 00 00 00 00 00 00,0x065,00000005
10.890149999999998,9.0,111,0.0,8,8.0,[141 244  15  68 255 253 239 127],0.0,8D F4 0F 44 FF FD EF 7F,0x06F,00000004
10.890899999999998,9.0,101,0.0,1,1.0,[0 0 0 0 0 0 0 0],0.0,00 00 00 00 00 00 00 00,0x065,00000004
11.079849999999999,9.0,111,0.0,8,8.0,[  1 188  80  73 255 253 207 127],0.0,01 BC 50 49 FF FD CF 7F,0x06F,00000002
11.080649999999999,9.0,101,0.0,1,1.0,[0 0 0 0 0 0 0 0],0.0,00 00 00 00 00 00 00 00,0x065,00000002
11.08585,9.0,111,0.0,8,8.0,[ 15 164  45  67 255 249 111 128],0.0,0F A4 2D 43 FF F9 6F 80,0x06F,00000005
11.08665,9.0,101,0.0,1,1.0,[0 0 0 0 0 0 0 0],0.0,00 00 00 00 00 00 00 00,0x065,00000005
11.088149999999999,9.0,111,0.0,8,8.0,[141 244  15  68 255 253 239 127],0.0,8D F4 0F 44 FF FD EF 7F,0x06F,00000004
11.088899999999999,9.0,101,0.0,1,1.0,[0 0 0 0 0 0 0 0],0.0,00 00 00 00 00 00 00 00,0x065,00000004
11.277899999999999,9.0,111,0.0,8,8.0,[  1 188 112  73 255 253 239 127],0.0,01 BC 70 49 FF FD EF 7F,0x06F,00000002
11.278899999999998,9.0,101,0.0,1,1.0,[0 0 0 0 0 0 0 0],0.0,00 00 00 00 00 00 00 00,0x065,00000002
11.283900000000001,9.0,111,0.0,8,8.0,[ 13 180  45 195   0  18  16 127],0.0,0D B4 2D C3 00 12 10 7F,0x06F,00000005
11.2849,9.0,101,0.0,1,1.0,[0 0 0 0 0 0 0 0],0.0,00 00 00 00 00 00 00 00,0x065,00000005
11.28615,9.0,111,0.0,8,8.0,[141 244 239  67 255 253 239 127],0.0,8D F4 EF 43 FF FD EF 7F,0x06F,00000004
11.287149999999999,9.0,101,0.0,1,1.0,[0 0 0 0 0 0 0 0],0.0,00 00 00 00 00 00 00 00,0x065,00000004
11.4759,9.0,111,0.0,8,8.0,[  1 188 112  73 255 253 239 127],0.0,01 BC 70 49 FF FD EF 7F,0x06F,00000002
11.476899999999999,9.0,101,0.0,1,1.0,[0 0 0 0 0 0 0 0],0.0,00 00 00 00 00 00 00 00,0x065,00000002
11.4819,9.0,111,0.0,8,8.0,[ 15 172  45 195 255 249  79 127],0.0,0F AC 2D C3 FF F9 4F 7F,0x06F,00000005
11.4829,9.0,101,0.0,1,1.0,[0 0 0 0 0 0 0 0],0.0,00 00 00 00 00 00 00 00,0x065,00000005
11.4841,9.0,111,0.0,8,8.0,[141 244 239  67 255 253 239 127],0.0,8D F4 EF 43 FF FD EF 7F,0x06F,00000004
11.485149999999999,9.0,101,0.0,1,1.0,[0 0 0 0 0 0 0 0],0.0,00 00 00 00 00 00 00 00,0x065,00000004
11.6739,9.0,111,0.0,8,8.0,[  1 188 112  73 255 253 239 127],0.0,01 BC 70 49 FF FD EF 7F,0x06F,00000002
11.67475,9.0,101,0.0,1,1.0,[0 0 0 0 0 0 0 0],0.0,00 00 00 00 00 00 00 00,0x065,00000002
11.6799,9.0,111,0.0,8,8.0,[ 17 172  77  67   2 226 143 127],0.0,11 AC 4D 43 02 E2 8F 7F,0x06F,00000005
11.68075,9.0,101,0.0,1,1.0,[0 0 0 0 0 0 0 0],0.0,00 00 00 00 00 00 00 00,0x065,00000005
11.682099999999998,9.0,111,0.0,8,8.0,[143 252  15  68 255 249 239 127],0.0,8F FC 0F 44 FF F9 EF 7F,0x06F,00000004
11.683,9.0,101,0.0,1,1.0,[0 0 0 0 0 0 0 0],0.0,00 00 00 00 00 00 00 00,0x065,00000004
11.871899999999998,9.0,111,0.0,8,8.0,[  1 188 112 201 254 253 239 127],0.0,01 BC 70 C9 FE FD EF 7F,0x06F,00000002
11.8729,9.0,101,0.0,1,1.0,[0 0 0 0 0 0 0 0],0.0,00 00 00 00 00 00 00 00,0x065,00000002
11.8779,9.0,111,0.0,8,8.0,[ 13 180  77 195 255  17 240 128],0.0,0D B4 4D C3 FF 11 F0 80,0x06F,00000005
11.8789,9.0,101,0.0,1,1.0,[0 0 0 0 0 0 0 0],0.0,00 00 00 00 00 00 00 00,0x065,00000005
11.880149999999999,9.0,111,0.0,8,8.0,[141 244  15  68 255 253 239 127],0.0,8D F4 0F 44 FF FD EF 7F,0x06F,00000004
11.88115,9.0,101,0.0,1,1.0,[0 0 0 0 0 0 0 0],0.0,00 00 00 00 00 00 00 00,0x065,00000004
12.069899999999999,9.0,111,0.0,8,8.0,[  1 188 112  73 255 253 239 127],0.0,01 BC 70 49 FF FD EF 7F,0x06F,00000002
12.070649999999999,9.0,101,0.0,1,1.0,[0 0 0 0 0 0 0 0],0.0,00 00 00 00 00 00 00 00,0x065,00000002
12.07605,9.0,111,0.0,8,8.0,[ 13 172  77  67   2 210 143 127],0.0,0D AC 4D 43 02 D2 8F 7F,0x06F,00000005
12.0769,9.0,101,0.0,1,1.0,[0 0 0 0 0 0 0 0],0.0,00 00 00 00 00 00 00 00,0x065,00000005
12.078149999999999,9.0,111,0.0,8,8.0,[141 244  15  68 255   1 240 127],0.0,8D F4 0F 44 FF 01 F0 7F,0x06F,00000004
12.078899999999999,9.0,101,0.0,1,1.0,[0 0 0 0 0 0 0 0],0.0,00 00 00 00 00 00 00 00,0x065,00000004
12.2679,9.0,111,0.0,8,8.0,[  1 188 112  73 255 253 239 127],0.0,01 BC 70 49 FF FD EF 7F,0x06F,00000002
12.26865,9.0,101,0.0,1,1.0,[0 0 0 0 0 0 0 0],0.0,00 00 00 00 00 00 00 00,0x065,00000002
12.2739,9.0,111,0.0,8,8.0,[ 17 172  77  67   2 222 143 128],0.0,11 AC 4D 43 02 DE 8F 80,0x06F,00000005
12.27465,9.0,101,0.0,1,1.0,[0 0 0 0 0 0 0 0],0.0,00 00 00 00 00 00 00 00,0x065,00000005
12.27615,9.0,111,0.0,8,8.0,[141 244  15  68 255 249 207 127],0.0,8D F4 0F 44 FF F9 CF 7F,0x06F,00000004
12.2769,9.0,101,0.0,1,1.0,[0 0 0 0 0 0 0 0],0.0,00 00 00 00 00 00 00 00,0x065,00000004
12.46585,9.0,111,0.0,8,8.0,[  1 188 112  73 255 253 239 127],0.0,01 BC 70 49 FF FD EF 7F,0x06F,00000002
12.466899999999999,9.0,101,0.0,1,1.0,[0 0 0 0 0 0 0 0],0.0,00 00 00 00 00 00 00 00,0x065,00000002
12.4719,9.0,111,0.0,8,8.0,[ 17 164  77  67   4 242  15 128],0.0,11 A4 4D 43 04 F2 0F 80,0x06F,00000005
12.4729,9.0,101,0.0,1,1.0,[0 0 0 0 0 0 0 0],0.0,00 00 00 00 00 00 00 00,0x065,00000005
12.47415,9.0,111,0.0,8,8.0,[141 252 239  67 255 253 239 127],0.0,8D FC EF 43 FF FD EF 7F,0x06F,00000004
12.47515,9.0,101,0.0,1,1.0,[0 0 0 0 0 0 0 0],0.0,00 00 00 00 00 00 00 00,0x065,00000004
12.663899999999998,9.0,111,0.0,8,8.0,[  1 188 112  73 255 253 239 127],0.0,01 BC 70 49 FF FD EF 7F,0x06F,00000002
12.6649,9.0,101,0.0,1,1.0,[0 0 0 0 0 0 0 0],0.0,00 00 00 00 00 00 00 00,0x065,00000002
12.6699,9.0,111,0.0,8,8.0,[ 15 180 109  67 253  21 144 128],0.0,0F B4 6D 43 FD 15 90 80,0x06F,00000005
12.6709,9.0,101,0.0,1,1.0,[0 0 0 0 0 0 0 0],0.0,00 00 00 00 00 00 00 00,0x065,00000005
12.672149999999998,9.0,111,0.0,8,8.0,[141 244  15  68 255 253 239 127],0.0,8D F4 0F 44 FF FD EF 7F,0x06F,00000004
12.67315,9.0,101,0.0,1,1.0,[0 0 0 0 0 0 0 0],0.0,00 00 00 00 00 00 00 00,0x065,00000004
12.861899999999999,9.0,111,0.0,8,8.0,[  1 188 112  73 255 253 239 127],0.0,01 BC 70 49 FF FD EF 7F,0x06F,00000002
12.862749999999998,9.0,101,0.0,1,1.0,[0 0 0 0 0 0 0 0],0.0,00 00 00 00 00 00 00 00,0x065,00000002
12.8679,9.0,111,0.0,8,8.0,[ 15 172  77 195 249   9 144 127],0.0,0F AC 4D C3 F9 09 90 7F,0x06F,00000005
12.86875,9.0,101,0.0,1,1.0,[0 0 0 0 0 0 0 0],0.0,00 00 00 00 00 00 00 00,0x065,00000005
12.870149999999999,9.0,111,0.0,8,8.0,[141 244  15 196 254 253 239 127],0.0,8D F4 0F C4 FE FD EF 7F,0x06F,00000004
12.871049999999999,9.0,101,0.0,1,1.0,[0 0 0 0 0 0 0 0],0.0,00 00 00 00 00 00 00 00,0x065,00000004
13.059899999999999,9.0,111,0.0,8,8.0,[  1 188 112  73 255 253 239 127],0.0,01 BC 70 49 FF FD EF 7F,0x06F,00000002
13.060899999999998,9.0,101,0.0,1,1.0,[0 0 0 0 0 0 0 0],0.0,00 00 00 00 00 00 00 00,0x065,00000002
13.0659,9.0,111,0.0,8,8.0,[ 15 172  77  67 252   9 208 127],0.0,0F AC 4D 43 FC 09 D0 7F,0x06F,00000005
13.0669,9.0,101,0.0,1,1.0,[0 0 0 0 0 0 0 0],0.0,00 00 00 00 00 00 00 00,0x065,00000005
13.06815,9.0,111,0.0,8,8.0,[141 244  15  68 255 253 239 127],0.0,8D F4 0F 44 FF FD EF 7F,0x06F,00000004
13.069149999999999,9.0,101,0.0,1,1.0,[0 0 0 0 0 0 0 0],0.0,00 00 00 00 00 00 00 00,0x065,00000004
13.257899999999998,9.0,111,0.0,8,8.0,[  1 188 112  73 255 253 239 127],0.0,01 BC 70 49 FF FD EF 7F,0x06F,00000002
13.258899999999999,9.0,101,0.0,1,1.0,[0 0 0 0 0 0 0 0],0.0,00 00 00 00 00 00 00 00,0x065,00000002
13.2639,9.0,111,0.0,8,8.0,[ 11 204  77  67 253 241  79 127],0.0,0B CC 4D 43 FD F1 4F 7F,0x06F,00000005
13.2649,9.0,101,0.0,1,1.0,[0 0 0 0 0 0 0 0],0.0,00 00 00 00 00 00 00 00,0x065,00000005
13.26615,9.0,111,0.0,8,8.0,[141 244  15  68 255 253 239 127],0.0,8D F4 0F 44 FF FD EF 7F,0x06F,00000004
13.267149999999997,9.0,101,0.0,1,1.0,[0 0 0 0 0 0 0 0],0.0,00 00 00 00 00 00 00 00,0x065,00000004
13.455899999999998,9.0,111,0.0,8,8.0,[  1 188 112  73 255 253 239 127],0.0,01 BC 70 49 FF FD EF 7F,0x06F,00000002
13.4569,9.0,101,0.0,1,1.0,[0 0 0 0 0 0 0 0],0.0,00 00 00 00 00 00 00 00,0x065,00000002
13.4619,9.0,111,0.0,8,8.0,[ 27 156 109 195 186  77 143 138],0.0,1B 9C 6D C3 BA 4D 8F 8A,0x06F,00000005
13.462900000000001,9.0,101,0.0,1,1.0,[0 0 0 0 0 0 0 0],0.0,00 00 00 00 00 00 00 00,0x065,00000005
13.46415,9.0,111,0.0,8,8.0,[141 244  15  68 255 249 239 127],0.0,8D F4 0F 44 FF F9 EF 7F,0x06F,00000004
13.465149999999998,9.0,101,0.0,1,1.0,[0 0 0 0 0 0 0 0],0.0,00 00 00 00 00 00 00 00,0x065,00000004
13.653899999999998,9.0,111,0.0,8,8.0,[  1 188 112 201 254 253 239 127],0.0,01 BC 70 C9 FE FD EF 7F,0x06F,00000002
13.6549,9.0,101,0.0,1,1.0,[0 0 0 0 0 0 0 0],0.0,00 00 00 00 00 00 00 00,0x065,00000002
13.6599,9.0,111,0.0,8,8.0,[  9 172  45 194 213 233  48 126],0.0,09 AC 2D C2 D5 E9 30 7E,0x06F,00000005
13.660900000000002,9.0,101,0.0,1,1.0,[0 0 0 0 0 0 0 0],0.0,00 00 00 00 00 00 00 00,0x065,00000005
13.66215,9.0,111,0.0,8,8.0,[141 244  15  68 255 253 239 127],0.0,8D F4 0F 44 FF FD EF 7F,0x06F,00000004
13.663149999999998,9.0,101,0.0,1,1.0,[0 0 0 0 0 0 0 0],0.0,00 00 00 00 00 00 00 00,0x065,00000004
13.851899999999999,9.0,111,0.0,8,8.0,[  1 188 112  73 255 253 239 127],0.0,01 BC 70 49 FF FD EF 7F,0x06F,00000002
13.8529,9.0,101,0.0,1,1.0,[0 0 0 0 0 0 0 0],0.0,00 00 00 00 00 00 00 00,0x065,00000002
13.8579,9.0,111,0.0,8,8.0,[  1 148 173  65  18 186  80 129],0.0,01 94 AD 41 12 BA 50 81,0x06F,00000005
13.858899999999998,9.0,101,0.0,1,1.0,[0 0 0 0 0 0 0 0],0.0,00 00 00 00 00 00 00 00,0x065,00000005
13.860149999999997,9.0,111,0.0,8,8.0,[141 244  15  68 255 253 239 127],0.0,8D F4 0F 44 FF FD EF 7F,0x06F,00000004
13.861149999999999,9.0,101,0.0,1,1.0,[0 0 0 0 0 0 0 0],0.0,00 00 00 00 00 00 00 00,0x065,00000004
14.0499,9.0,111,0.0,8,8.0,[  1 188 112  73 255 253 239 127],0.0,01 BC 70 49 FF FD EF 7F,0x06F,00000002
14.050949999999998,9.0,101,0.0,1,1.0,[0 0 0 0 0 0 0 0],0.0,00 00 00 00 00 00 00 00,0x065,00000002
14.055900000000001,9.0,111,0.0,8,8.0,[  7 108 237 192  12  86 175 126],0.0,07 6C ED C0 0C 56 AF 7E,0x06F,00000005
14.05695,9.0,101,0.0,1,1.0,[0 0 0 0 0 0 0 0],0.0,00 00 00 00 00 00 00 00,0x065,00000005
14.058149999999998,9.0,111,0.0,8,8.0,[141 244  15  68 255 253 239 127],0.0,8D F4 0F 44 FF FD EF 7F,0x06F,00000004
14.059149999999999,9.0,101,0.0,1,1.0,[0 0 0 0 0 0 0 0],0.0,00 00 00 00 00 00 00 00,0x065,00000004
14.2479,9.0,111,0.0,8,8.0,[  1 188 112  73 255 253 239 127],0.0,01 BC 70 49 FF FD EF 7F,0x06F,00000002
14.248899999999997,9.0,101,0.0,1,1.0,[0 0 0 0 0 0 0 0],0.0,00 00 00 00 00 00 00 00,0x065,00000002
14.253900000000002,9.0,111,0.0,8,8.0,[  7 196  77 194  16 198 207 125],0.0,07 C4 4D C2 10 C6 CF 7D,0x06F,00000005
14.254950000000001,9.0,101,0.0,1,1.0,[0 0 0 0 0 0 0 0],0.0,00 00 00 00 00 00 00 00,0x065,00000005
14.256149999999998,9.0,111,0.0,8,8.0,[141 244  15  68 255 253 239 127],0.0,8D F4 0F 44 FF FD EF 7F,0x06F,00000004
14.25715,9.0,101,0.0,1,1.0,[0 0 0 0 0 0 0 0],0.0,00 00 00 00 00 00 00 00,0x065,00000004
14.4459,9.0,111,0.0,8,8.0,[  1 188 112 201 254 253 239 127],0.0,01 BC 70 C9 FE FD EF 7F,0x06F,00000002
14.446899999999998,9.0,101,0.0,1,1.0,[0 0 0 0 0 0 0 0],0.0,00 00 00 00 00 00 00 00,0x065,00000002
14.451899999999998,9.0,111,0.0,8,8.0,[ 17  68  77  65 227 185  47 122],0.0,11 44 4D 41 E3 B9 2F 7A,0x06F,00000005
14.452950000000001,9.0,101,0.0,1,1.0,[0 0 0 0 0 0 0 0],0.0,00 00 00 00 00 00 00 00,0x065,00000005
14.454149999999998,9.0,111,0.0,8,8.0,[141 244  15  68 255 253 239 127],0.0,8D F4 0F 44 FF FD EF 7F,0x06F,00000004
14.45515,9.0,101,0.0,1,1.0,[0 0 0 0 0 0 0 0],0.0,00 00 00 00 00 00 00 00,0x065,00000004
14.6439,9.0,111,0.0,8,8.0,[  1 188 112 201 254 253 239 127],0.0,01 BC 70 C9 FE FD EF 7F,0x06F,00000002
14.644899999999998,9.0,101,0.0,1,1.0,[0 0 0 0 0 0 0 0],0.0,00 00 00 00 00 00 00 00,0x065,00000002
14.649899999999999,9.0,111,0.0,8,8.0,[ 15 140  13  66  32 138  15 132],0.0,0F 8C 0D 42 20 8A 0F 84,0x06F,00000005
14.650950000000002,9.0,101,0.0,1,1.0,[0 0 0 0 0 0 0 0],0.0,00 00 00 00 00 00 00 00,0x065,00000005
14.6522,9.0,111,0.0,8,8.0,[141 244  15  68 255 253 239 127],0.0,8D F4 0F 44 FF FD EF 7F,0x06F,00000004
14.65315,9.0,101,0.0,1,1.0,[0 0 0 0 0 0 0 0],0.0,00 00 00 00 00 00 00 00,0x065,00000004
14.841899999999997,9.0,111,0.0,8,8.0,[  1 188 112  73 255 253 239 127],0.0,01 BC 70 49 FF FD EF 7F,0x06F,00000002
14.842899999999998,9.0,101,0.0,1,1.0,[0 0 0 0 0 0 0 0],0.0,00 00 00 00 00 00 00 00,0x065,00000002
14.8479,9.0,111,0.0,8,8.0,[ 23 188 237  66  38  90  80 127],0.0,17 BC ED 42 26 5A 50 7F,0x06F,00000005
14.8489,9.0,101,0.0,1,1.0,[0 0 0 0 0 0 0 0],0.0,00 00 00 00 00 00 00 00,0x065,00000005
14.850199999999997,9.0,111,0.0,8,8.0,[141 244  15  68 255 253 239 127],0.0,8D F4 0F 44 FF FD EF 7F,0x06F,00000004
14.851199999999999,9.0,101,0.0,1,1.0,[0 0 0 0 0 0 0 0],0.0,00 00 00 00 00 00 00 00,0x065,00000004
15.039899999999998,9.0,111,0.0,8,8.0,[  1 188 112 201 254 253 239 127],0.0,01 BC 70 C9 FE FD EF 7F,0x06F,00000002
15.041599999999997,9.0,101,0.0,1,1.0,[0 0 0 0 0 0 0 0],0.0,00 00 00 00 00 00 00 00,0x065,00000002
15.046499999999998,9.0,111,0.0,8,8.0,[  9 180  77 194 253  49  79 125],0.0,09 B4 4D C2 FD 31 4F 7D,0x06F,00000005
15.047550000000001,9.0,101,0.0,1,1.0,[0 0 0 0 0 0 0 0],0.0,00 00 00 00 00 00 00 00,0x065,00000005
15.048199999999998,9.0,111,0.0,8,8.0,[141 244  15  68 255 253 239 127],0.0,8D F4 0F 44 FF FD EF 7F,0x06F,00000004
15.04985,9.0,101,0.0,1,1.0,[0 0 0 0 0 0 0 0],0.0,00 00 00 00 00 00 00 00,0x065,00000004
15.237899999999998,9.0,111,0.0,8,8.0,[  1 188 112  73 255 253 239 127],0.0,01 BC 70 49 FF FD EF 7F,0x06F,00000002
15.2389,9.0,101,0.0,1,1.0,[0 0 0 0 0 0 0 0],0.0,00 00 00 00 00 00 00 00,0x065,00000002
15.2439,9.0,111,0.0,8,8.0,[ 25 172  77  67   6  70  48 124],0.0,19 AC 4D 43 06 46 30 7C,0x06F,00000005
15.244900000000001,9.0,101,0.0,1,1.0,[0 0 0 0 0 0 0 0],0.0,00 00 00 00 00 00 00 00,0x065,00000005
15.246199999999998,9.0,111,0.0,8,8.0,[141 244  15  68 255 253 239 127],0.0,8D F4 0F 44 FF FD EF 7F,0x06F,00000004
15.2472,9.0,101,0.0,1,1.0,[0 0 0 0 0 0 0 0],0.0,00 00 00 00 00 00 00 00,0x065,00000004
15.43595,9.0,111,0.0,8,8.0,[  1 188 112  73 255 253 239 127],0.0,01 BC 70 49 FF FD EF 7F,0x06F,00000002
15.436949999999998,9.0,101,0.0,1,1.0,[0 0 0 0 0 0 0 0],0.0,00 00 00 00 00 00 00 00,0x065,00000002
15.441949999999999,9.0,111,0.0,8,8.0,[ 25  92  77 194 247 237  15 123],0.0,19 5C 4D C2 F7 ED 0F 7B,0x06F,00000005
15.444199999999999,9.0,111,0.0,8,8.0,[141 244  15  68 255 253 239 127],0.0,8D F4 0F 44 FF FD EF 7F,0x06F,00000004
15.4452,9.0,101,0.0,1,1.0,[0 0 0 0 0 0 0 0],0.0,00 00 00 00 00 00 00 00,0x065,00000004
15.63395,9.0,111,0.0,8,8.0,[  1 188 112  73 255 253 239 127],0.0,01 BC 70 49 FF FD EF 7F,0x06F,00000002
15.6402,9.0,101,0.0,1,1.0,[0 0 0 0 0 0 0 0],0.0,00 00 00 00 00 00 00 00,0x065,00000005
15.64135,9.0,111,0.0,8,8.0,[ 15 212  45  67  17 110  47 132],0.0,0F D4 2D 43 11 6E 2F 84,0x06F,00000005
15.642149999999997,9.0,111,0.0,8,8.0,[141 244  15  68 255 253 239 127],0.0,8D F4 0F 44 FF FD EF 7F,0x06F,00000004
15.6432,9.0,101,0.0,1,1.0,[0 0 0 0 0 0 0 0],0.0,00 00 00 00 00 00 00 00,0x065,00000004
15.832199999999998,9.0,101,0.0,1,1.0,[0 0 0 0 0 0 0 0],0.0,00 00 00 00 00 00 00 00,0x065,00000002
15.833349999999998,9.0,111,0.0,8,8.0,[  1 188 112  73 255 253 239 127],0.0,01 BC 70 49 FF FD EF 7F,0x06F,00000002
15.8382,9.0,101,0.0,1,1.0,[0 0 0 0 0 0 0 0],0.0,00 00 00 00 00 00 00 00,0x065,00000005
15.83935,9.0,111,0.0,8,8.0,[ 23 148  45 195 252  89 111 128],0.0,17 94 2D C3 FC 59 6F 80,0x06F,00000005
15.840149999999998,9.0,111,0.0,8,8.0,[141 244  15  68 255 253 239 127],0.0,8D F4 0F 44 FF FD EF 7F,0x06F,00000004
16.0302,9.0,101,0.0,1,1.0,[0 0 0 0 0 0 0 0],0.0,00 00 00 00 00 00 00 00,0x065,00000002
16.0315,9.0,111,0.0,8,8.0,[  1 188 112  73 255 253 239 127],0.0,01 BC 70 49 FF FD EF 7F,0x06F,00000002
16.0362,9.0,101,0.0,1,1.0,[0 0 0 0 0 0 0 0],0.0,00 00 00 00 00 00 00 00,0x065,00000005
16.0375,9.0,111,0.0,8,8.0,[ 17 204  45  67 238 221 143 127],0.0,11 CC 2D 43 EE DD 8F 7F,0x06F,00000005
16.038449999999997,9.0,101,0.0,1,1.0,[0 0 0 0 0 0 0 0],0.0,00 00 00 00 00 00 00 00,0x065,00000004
16.039749999999998,9.0,111,0.0,8,8.0,[141 244  15  68 255 253 239 127],0.0,8D F4 0F 44 FF FD EF 7F,0x06F,00000004
16.2282,9.0,101,0.0,1,1.0,[0 0 0 0 0 0 0 0],0.0,00 00 00 00 00 00 00 00,0x065,00000002
16.229400000000002,9.0,111,0.0,8,8.0,[  1 188 112  73 255 253 239 127],0.0,01 BC 70 49 FF FD EF 7F,0x06F,00000002
16.2342,9.0,101,0.0,1,1.0,[0 0 0 0 0 0 0 0],0.0,00 00 00 00 00 00 00 00,0x065,00000005
16.2354,9.0,111,0.0,8,8.0,[ 23 164  13  67   4 202 175 127],0.0,17 A4 0D 43 04 CA AF 7F,0x06F,00000005
16.236449999999998,9.0,101,0.0,1,1.0,[0 0 0 0 0 0 0 0],0.0,00 00 00 00 00 00 00 00,0x065,00000004
16.23765,9.0,111,0.0,8,8.0,[141 244  15 196 254 253 239 127],0.0,8D F4 0F C4 FE FD EF 7F,0x06F,00000004
16.4262,9.0,101,0.0,1,1.0,[0 0 0 0 0 0 0 0],0.0,00 00 00 00 00 00 00 00,0x065,00000002
16.427400000000002,9.0,111,0.0,8,8.0,[  1 188 112  73 255 253 239 127],0.0,01 BC 70 49 FF FD EF 7F,0x06F,00000002
16.432199999999998,9.0,101,0.0,1,1.0,[0 0 0 0 0 0 0 0],0.0,00 00 00 00 00 00 00 00,0x065,00000005
16.4334,9.0,111,0.0,8,8.0,[ 21 164 173  66   4 246 239 127],0.0,15 A4 AD 42 04 F6 EF 7F,0x06F,00000005
16.43445,9.0,101,0.0,1,1.0,[0 0 0 0 0 0 0 0],0.0,00 00 00 00 00 00 00 00,0x065,00000004
16.43565,9.0,111,0.0,8,8.0,[141 244  15  68 255 253 239 127],0.0,8D F4 0F 44 FF FD EF 7F,0x06F,00000004
16.6244,9.0,101,0.0,1,1.0,[0 0 0 0 0 0 0 0],0.0,00 00 00 00 00 00 00 00,0x065,00000002
16.6254,9.0,111,0.0,8,8.0,[  1 188 112  73 255 253 239 127],0.0,01 BC 70 49 FF FD EF 7F,0x06F,00000002
16.630399999999998,9.0,101,0.0,1,1.0,[0 0 0 0 0 0 0 0],0.0,00 00 00 00 00 00 00 00,0x065,00000005
16.6314,9.0,111,0.0,8,8.0,[ 23 172  45 195 251 241 207 127],0.0,17 AC 2D C3 FB F1 CF 7F,0x06F,00000005
16.6327,9.0,101,0.0,1,1.0,[0 0 0 0 0 0 0 0],0.0,00 00 00 00 00 00 00 00,0x065,00000004
16.63365,9.0,111,0.0,8,8.0,[141 244  15  68 255 253 239 127],0.0,8D F4 0F 44 FF FD EF 7F,0x06F,00000004
16.8222,9.0,101,0.0,1,1.0,[0 0 0 0 0 0 0 0],0.0,00 00 00 00 00 00 00 00,0x065,00000002
16.8234,9.0,111,0.0,8,8.0,[  1 188 112  73 255 253 239 127],0.0,01 BC 70 49 FF FD EF 7F,0x06F,00000002
16.8282,9.0,101,0.0,1,1.0,[0 0 0 0 0 0 0 0],0.0,00 00 00 00 00 00 00 00,0x065,00000005
16.8294,9.0,111,0.0,8,8.0,[ 21 172 205  66   0  46 176 128],0.0,15 AC CD 42 00 2E B0 80,0x06F,00000005
16.83045,9.0,101,0.0,1,1.0,[0 0 0 0 0 0 0 0],0.0,00 00 00 00 00 00 00 00,0x065,00000004
16.83165,9.0,111,0.0,8,8.0,[141 244  15  68 255 253 239 127],0.0,8D F4 0F 44 FF FD EF 7F,0x06F,00000004
17.02045,9.0,101,0.0,1,1.0,[0 0 0 0 0 0 0 0],0.0,00 00 00 00 00 00 00 00,0x065,00000002
17.02155,9.0,111,0.0,8,8.0,[  1 188 112  73 255 253 239 127],0.0,01 BC 70 49 FF FD EF 7F,0x06F,00000002
17.0262,9.0,101,0.0,1,1.0,[0 0 0 0 0 0 0 0],0.0,00 00 00 00 00 00 00 00,0x065,00000005
17.02755,9.0,111,0.0,8,8.0,[ 21 172  13 195 253 253 239 127],0.0,15 AC 0D C3 FD FD EF 7F,0x06F,00000005
17.02845,9.0,101,0.0,1,1.0,[0 0 0 0 0 0 0 0],0.0,00 00 00 00 00 00 00 00,0x065,00000004
17.029799999999998,9.0,111,0.0,8,8.0,[141 244  15  68 255 253 239 127],0.0,8D F4 0F 44 FF FD EF 7F,0x06F,00000004
17.2182,9.0,101,0.0,1,1.0,[0 0 0 0 0 0 0 0],0.0,00 00 00 00 00 00 00 00,0x065,00000002
17.2194,9.0,111,0.0,8,8.0,[  1 188 112 201 254 253 239 127],0.0,01 BC 70 C9 FE FD EF 7F,0x06F,00000002
17.2242,9.0,101,0.0,1,1.0,[0 0 0 0 0 0 0 0],0.0,00 00 00 00 00 00 00 00,0x065,00000005
17.2254,9.0,111,0.0,8,8.0,[ 21 180 205 194   1 206  79 128],0.0,15 B4 CD C2 01 CE 4F 80,0x06F,00000005
17.22645,9.0,101,0.0,1,1.0,[0 0 0 0 0 0 0 0],0.0,00 00 00 00 00 00 00 00,0x065,00000004
17.227649999999997,9.0,111,0.0,8,8.0,[141 244  15  68 255 253 239 127],0.0,8D F4 0F 44 FF FD EF 7F,0x06F,00000004
17.4162,9.0,101,0.0,1,1.0,[0 0 0 0 0 0 0 0],0.0,00 00 00 00 00 00 00 00,0x065,00000002
17.4174,9.0,111,0.0,8,8.0,[  1 188 112  73 255 253 239 127],0.0,01 BC 70 49 FF FD EF 7F,0x06F,00000002
17.42225,9.0,101,0.0,1,1.0,[0 0 0 0 0 0 0 0],0.0,00 00 00 00 00 00 00 00,0x065,00000005
17.4234,9.0,111,0.0,8,8.0,[ 23 164 237 194 253 241 207 128],0.0,17 A4 ED C2 FD F1 CF 80,0x06F,00000005
17.42445,9.0,101,0.0,1,1.0,[0 0 0 0 0 0 0 0],0.0,00 00 00 00 00 00 00 00,0x065,00000004
17.425649999999997,9.0,111,0.0,8,8.0,[141 244  15  68 255 253 239 127],0.0,8D F4 0F 44 FF FD EF 7F,0x06F,00000004
17.6142,9.0,101,0.0,1,1.0,[0 0 0 0 0 0 0 0],0.0,00 00 00 00 00 00 00 00,0x065,00000002
17.6154,9.0,111,0.0,8,8.0,[  1 188 112  73 255 253 239 127],0.0,01 BC 70 49 FF FD EF 7F,0x06F,00000002
17.6202,9.0,101,0.0,1,1.0,[0 0 0 0 0 0 0 0],0.0,00 00 00 00 00 00 00 00,0x065,00000005
17.6214,9.0,111,0.0,8,8.0,[ 23 172 237  66 249  13 176 127],0.0,17 AC ED 42 F9 0D B0 7F,0x06F,00000005
17.622449999999997,9.0,101,0.0,1,1.0,[0 0 0 0 0 0 0 0],0.0,00 00 00 00 00 00 00 00,0x065,00000004
17.623649999999998,9.0,111,0.0,8,8.0,[141 244  15  68 255 253 239 127],0.0,8D F4 0F 44 FF FD EF 7F,0x06F,00000004
17.812450000000002,9.0,101,0.0,1,1.0,[0 0 0 0 0 0 0 0],0.0,00 00 00 00 00 00 00 00,0x065,00000002
17.8134,9.0,111,0.0,8,8.0,[  1 188 112  73 255 253 239 127],0.0,01 BC 70 49 FF FD EF 7F,0x06F,00000002
17.81845,9.0,101,0.0,1,1.0,[0 0 0 0 0 0 0 0],0.0,00 00 00 00 00 00 00 00,0x065,00000005
17.819399999999998,9.0,111,0.0,8,8.0,[ 21 172 205  66 251  13 176 127],0.0,15 AC CD 42 FB 0D B0 7F,0x06F,00000005
17.820649999999997,9.0,101,0.0,1,1.0,[0 0 0 0 0 0 0 0],0.0,00 00 00 00 00 00 00 00,0x065,00000004
17.821649999999998,9.0,111,0.0,8,8.0,[141 244  15 196 254 253 239 127],0.0,8D F4 0F C4 FE FD EF 7F,0x06F,00000004
18.0102,9.0,101,0.0,1,1.0,[0 0 0 0 0 0 0 0],0.0,00 00 00 00 00 00 00 00,0x065,00000002
18.01155,9.0,111,0.0,8,8.0,[  1 188 112  73 255 253 239 127],0.0,01 BC 70 49 FF FD EF 7F,0x06F,00000002
18.0162,9.0,101,0.0,1,1.0,[0 0 0 0 0 0 0 0],0.0,00 00 00 00 00 00 00 00,0x065,00000005
18.01755,9.0,111,0.0,8,8.0,[ 23 156 173  66   3   6  16 127],0.0,17 9C AD 42 03 06 10 7F,0x06F,00000005
18.018449999999998,9.0,101,0.0,1,1.0,[0 0 0 0 0 0 0 0],0.0,00 00 00 00 00 00 00 00,0x065,00000004
18.0198,9.0,111,0.0,8,8.0,[141 244  15 196 254 253 239 127],0.0,8D F4 0F C4 FE FD EF 7F,0x06F,00000004
18.20845,9.0,101,0.0,1,1.0,[0 0 0 0 0 0 0 0],0.0,00 00 00 00 00 00 00 00,0x065,00000002
18.2094,9.0,111,0.0,8,8.0,[  1 188 112  73 255 253 239 127],0.0,01 BC 70 49 FF FD EF 7F,0x06F,00000002
18.21445,9.0,101,0.0,1,1.0,[0 0 0 0 0 0 0 0],0.0,00 00 00 00 00 00 00 00,0x065,00000005
18.2154,9.0,111,0.0,8,8.0,[ 19 180 141  66   2   2  48 128],0.0,13 B4 8D 42 02 02 30 80,0x06F,00000005
18.2167,9.0,101,0.0,1,1.0,[0 0 0 0 0 0 0 0],0.0,00 00 00 00 00 00 00 00,0x065,00000004
18.217699999999997,9.0,111,0.0,8,8.0,[141 244  15  68 255 253 239 127],0.0,8D F4 0F 44 FF FD EF 7F,0x06F,00000004
18.40645,9.0,101,0.0,1,1.0,[0 0 0 0 0 0 0 0],0.0,00 00 00 00 00 00 00 00,0x065,00000002
18.4074,9.0,111,0.0,8,8.0,[  1 188 112  73 255 253 239 127],0.0,01 BC 70 49 FF FD EF 7F,0x06F,00000002
18.41245,9.0,101,0.0,1,1.0,[0 0 0 0 0 0 0 0],0.0,00 00 00 00 00 00 00 00,0x065,00000005
18.4134,9.0,111,0.0,8,8.0,[ 21 180  13  67   4 210  47 127],0.0,15 B4 0D 43 04 D2 2F 7F,0x06F,00000005
18.4147,9.0,101,0.0,1,1.0,[0 0 0 0 0 0 0 0],0.0,00 00 00 00 00 00 00 00,0x065,00000004
18.41565,9.0,111,0.0,8,8.0,[141 244  15  68 255 253 239 127],0.0,8D F4 0F 44 FF FD EF 7F,0x06F,00000004
18.6042,9.0,101,0.0,1,1.0,[0 0 0 0 0 0 0 0],0.0,00 00 00 00 00 00 00 00,0x065,00000002
18.6054,9.0,111,0.0,8,8.0,[  1 188 112  73 255 253 239 127],0.0,01 BC 70 49 FF FD EF 7F,0x06F,00000002
18.6102,9.0,101,0.0,1,1.0,[0 0 0 0 0 0 0 0],0.0,00 00 00 00 00 00 00 00,0x065,00000005
18.6114,9.0,111,0.0,8,8.0,[ 23 164 237  66   3 242 207 127],0.0,17 A4 ED 42 03 F2 CF 7F,0x06F,00000005
18.612499999999997,9.0,101,0.0,1,1.0,[0 0 0 0 0 0 0 0],0.0,00 00 00 00 00 00 00 00,0x065,00000004
18.61365,9.0,111,0.0,8,8.0,[141 244  15  68 255 253 239 127],0.0,8D F4 0F 44 FF FD EF 7F,0x06F,00000004
18.80225,9.0,101,0.0,1,1.0,[0 0 0 0 0 0 0 0],0.0,00 00 00 00 00 00 00 00,0x065,00000002
18.8034,9.0,111,0.0,8,8.0,[  1 188 112  73 255 253 239 127],0.0,01 BC 70 49 FF FD EF 7F,0x06F,00000002
18.80825,9.0,101,0.0,1,1.0,[0 0 0 0 0 0 0 0],0.0,00 00 00 00 00 00 00 00,0x065,00000005
18.8094,9.0,111,0.0,8,8.0,[ 21 172 173 194   0 194  79 127],0.0,15 AC AD C2 00 C2 4F 7F,0x06F,00000005
18.810499999999998,9.0,101,0.0,1,1.0,[0 0 0 0 0 0 0 0],0.0,00 00 00 00 00 00 00 00,0x065,00000004
18.81165,9.0,111,0.0,8,8.0,[141 252  15  68 255 253 239 127],0.0,8D FC 0F 44 FF FD EF 7F,0x06F,00000004
19.00045,9.0,101,0.0,1,1.0,[0 0 0 0 0 0 0 0],0.0,00 00 00 00 00 00 00 00,0x065,00000002
19.00155,9.0,111,0.0,8,8.0,[  1 188 112  73 255 253 239 127],0.0,01 BC 70 49 FF FD EF 7F,0x06F,00000002
19.00645,9.0,101,0.0,1,1.0,[0 0 0 0 0 0 0 0],0.0,00 00 00 00 00 00 00 00,0x065,00000005
19.00755,9.0,111,0.0,8,8.0,[ 23 180 237  66   6 242 207 126],0.0,17 B4 ED 42 06 F2 CF 7E,0x06F,00000005
19.008699999999997,9.0,101,0.0,1,1.0,[0 0 0 0 0 0 0 0],0.0,00 00 00 00 00 00 00 00,0x065,00000004
19.0098,9.0,111,0.0,8,8.0,[141 244  15  68 255 253 239 127],0.0,8D F4 0F 44 FF FD EF 7F,0x06F,00000004
19.19845,9.0,101,0.0,1,1.0,[0 0 0 0 0 0 0 0],0.0,00 00 00 00 00 00 00 00,0x065,00000002
19.19945,9.0,111,0.0,8,8.0,[  1 188 112  73 255 253 239 127],0.0,01 BC 70 49 FF FD EF 7F,0x06F,00000002
19.20445,9.0,101,0.0,1,1.0,[0 0 0 0 0 0 0 0],0.0,00 00 00 00 00 00 00 00,0x065,00000005
19.20545,9.0,111,0.0,8,8.0,[ 25 164 237  66   3 198 239 127],0.0,19 A4 ED 42 03 C6 EF 7F,0x06F,00000005
19.206699999999998,9.0,101,0.0,1,1.0,[0 0 0 0 0 0 0 0],0.0,00 00 00 00 00 00 00 00,0x065,00000004
19.207649999999997,9.0,111,0.0,8,8.0,[141 244  15  68 255 253 239 127],0.0,8D F4 0F 44 FF FD EF 7F,0x06F,00000004
19.39645,9.0,101,0.0,1,1.0,[0 0 0 0 0 0 0 0],0.0,00 00 00 00 00 00 00 00,0x065,00000002
19.3974,9.0,111,0.0,8,8.0,[  1 188 112  73 255 253 239 127],0.0,01 BC 70 49 FF FD EF 7F,0x06F,00000002
19.402449999999998,9.0,101,0.0,1,1.0,[0 0 0 0 0 0 0 0],0.0,00 00 00 00 00 00 00 00,0x065,00000005
19.40345,9.0,111,0.0,8,8.0,[ 23 188  13 195 255 225 143 127],0.0,17 BC 0D C3 FF E1 8F 7F,0x06F,00000005
19.4047,9.0,101,0.0,1,1.0,[0 0 0 0 0 0 0 0],0.0,00 00 00 00 00 00 00 00,0x065,00000004
19.405649999999998,9.0,111,0.0,8,8.0,[141 236  15 196 254 253 239 127],0.0,8D EC 0F C4 FE FD EF 7F,0x06F,00000004
19.5945,9.0,101,0.0,1,1.0,[0 0 0 0 0 0 0 0],0.0,00 00 00 00 00 00 00 00,0x065,00000002
19.5954,9.0,111,0.0,8,8.0,[  1 188 112  73 255 253 239 127],0.0,01 BC 70 49 FF FD EF 7F,0x06F,00000002
19.60045,9.0,101,0.0,1,1.0,[0 0 0 0 0 0 0 0],0.0,00 00 00 00 00 00 00 00,0x065,00000005
19.6016,9.0,111,0.0,8,8.0,[ 27 172 237  66   3 218 143 127],0.0,1B AC ED 42 03 DA 8F 7F,0x06F,00000005
19.6027,9.0,101,0.0,1,1.0,[0 0 0 0 0 0 0 0],0.0,00 00 00 00 00 00 00 00,0x065,00000004
19.6037,9.0,111,0.0,8,8.0,[141 244  15  68 255 253 239 127],0.0,8D F4 0F 44 FF FD EF 7F,0x06F,00000004
19.79245,9.0,101,0.0,1,1.0,[0 0 0 0 0 0 0 0],0.0,00 00 00 00 00 00 00 00,0x065,00000002
19.793400000000002,9.0,111,0.0,8,8.0,[  1 188 112  73 255 253 239 127],0.0,01 BC 70 49 FF FD EF 7F,0x06F,00000002
19.7985,9.0,101,0.0,1,1.0,[0 0 0 0 0 0 0 0],0.0,00 00 00 00 00 00 00 00,0x065,00000005
19.7994,9.0,111,0.0,8,8.0,[ 27 180  45  67 255 245 239 127],0.0,1B B4 2D 43 FF F5 EF 7F,0x06F,00000005
19.8005,9.0,101,0.0,1,1.0,[0 0 0 0 0 0 0 0],0.0,00 00 00 00 00 00 00 00,0x065,00000004
19.8017,9.0,111,0.0,8,8.0,[141 236  15 196 254 253 239 127],0.0,8D EC 0F C4 FE FD EF 7F,0x06F,00000004
19.99045,9.0,101,0.0,1,1.0,[0 0 0 0 0 0 0 0],0.0,00 00 00 00 00 00 00 00,0x065,00000002
19.99155,9.0,111,0.0,8,8.0,[  1 188 112  73 255 253 239 127],0.0,01 BC 70 49 FF FD EF 7F,0x06F,00000002
19.99625,9.0,101,0.0,1,1.0,[0 0 0 0 0 0 0 0],0.0,00 00 00 00 00 00 00 00,0x065,00000005
19.99755,9.0,111,0.0,8,8.0,[ 27 180  45  67   1 250 207 127],0.0,1B B4 2D 43 01 FA CF 7F,0x06F,00000005
19.9985,9.0,101,0.0,1,1.0,[0 0 0 0 0 0 0 0],0.0,00 00 00 00 00 00 00 00,0x065,00000004
19.999799999999997,9.0,111,0.0,8,8.0,[141 228  15 196 254 253 239 127],0.0,8D E4 0F C4 FE FD EF 7F,0x06F,00000004
20.18845,9.0,101,0.0,1,1.0,[0 0 0 0 0 0 0 0],0.0,00 00 00 00 00 00 00 00,0x065,00000002
20.1894,9.0,111,0.0,8,8.0,[  1 188 112 201 254 253 239 127],0.0,01 BC 70 C9 FE FD EF 7F,0x06F,00000002
20.19445,9.0,101,0.0,1,1.0,[0 0 0 0 0 0 0 0],0.0,00 00 00 00 00 00 00 00,0x065,00000005
20.1954,9.0,111,0.0,8,8.0,[ 27 180  13 195 252   5 144 129],0.0,1B B4 0D C3 FC 05 90 81,0x06F,00000005
20.1967,9.0,101,0.0,1,1.0,[0 0 0 0 0 0 0 0],0.0,00 00 00 00 00 00 00 00,0x065,00000004
20.197699999999998,9.0,111,0.0,8,8.0,[141 228  15  68 255 253 239 127],0.0,8D E4 0F 44 FF FD EF 7F,0x06F,00000004
20.38645,9.0,101,0.0,1,1.0,[0 0 0 0 0 0 0 0],0.0,00 00 00 00 00 00 00 00,0x065,00000002
20.38745,9.0,111,0.0,8,8.0,[  1 188 112  73 255 253 239 127],0.0,01 BC 70 49 FF FD EF 7F,0x06F,00000002
20.39245,9.0,101,0.0,1,1.0,[0 0 0 0 0 0 0 0],0.0,00 00 00 00 00 00 00 00,0x065,00000005
20.39345,9.0,111,0.0,8,8.0,[ 27 180  77 195 246  21  80 128],0.0,1B B4 4D C3 F6 15 50 80,0x06F,00000005
20.3947,9.0,101,0.0,1,1.0,[0 0 0 0 0 0 0 0],0.0,00 00 00 00 00 00 00 00,0x065,00000004
20.395699999999998,9.0,111,0.0,8,8.0,[141 220  15  68 255 253 239 127],0.0,8D DC 0F 44 FF FD EF 7F,0x06F,00000004
20.584,9.0,111,0.0,8,8.0,[  1 188 112  73 255 253 239 127],0.0,01 BC 70 49 FF FD EF 7F,0x06F,00000002
20.584600000000002,9.0,101,0.0,1,1.0,[0 0 0 0 0 0 0 0],0.0,00 00 00 00 00 00 00 00,0x065,00000002
20.59,9.0,111,0.0,8,8.0,[ 25 180  45  67   0 246 175 128],0.0,19 B4 2D 43 00 F6 AF 80,0x06F,00000005
20.5906,9.0,101,0.0,1,1.0,[0 0 0 0 0 0 0 0],0.0,00 00 00 00 00 00 00 00,0x065,00000005
20.59275,9.0,101,0.0,1,1.0,[0 0 0 0 0 0 0 0],0.0,00 00 00 00 00 00 00 00,0x065,00000004
20.5937,9.0,111,0.0,8,8.0,[141 212  15 196 254 253 239 127],0.0,8D D4 0F C4 FE FD EF 7F,0x06F,00000004
20.78245,9.0,101,0.0,1,1.0,[0 0 0 0 0 0 0 0],0.0,00 00 00 00 00 00 00 00,0x065,00000002
20.783450000000002,9.0,111,0.0,8,8.0,[  1 188 112 201 254 253 239 127],0.0,01 BC 70 C9 FE FD EF 7F,0x06F,00000002
20.78845,9.0,101,0.0,1,1.0,[0 0 0 0 0 0 0 0],0.0,00 00 00 00 00 00 00 00,0x065,00000005
20.78945,9.0,111,0.0,8,8.0,[ 25 188  45  67 255 249  15 128],0.0,19 BC 2D 43 FF F9 0F 80,0x06F,00000005
20.79075,9.0,101,0.0,1,1.0,[0 0 0 0 0 0 0 0],0.0,00 00 00 00 00 00 00 00,0x065,00000004
20.7917,9.0,111,0.0,8,8.0,[141 204  15  68 255   1 240 127],0.0,8D CC 0F 44 FF 01 F0 7F,0x06F,00000004
20.98045,9.0,101,0.0,1,1.0,[0 0 0 0 0 0 0 0],0.0,00 00 00 00 00 00 00 00,0x065,00000002
20.98155,9.0,111,0.0,8,8.0,[  1 188 112  73 255 253 239 127],0.0,01 BC 70 49 FF FD EF 7F,0x06F,00000002
20.98645,9.0,101,0.0,1,1.0,[0 0 0 0 0 0 0 0],0.0,00 00 00 00 00 00 00 00,0x065,00000005
20.98755,9.0,111,0.0,8,8.0,[ 29 164  77  67 251 253 207 126],0.0,1D A4 4D 43 FB FD CF 7E,0x06F,00000005
20.98875,9.0,101,0.0,1,1.0,[0 0 0 0 0 0 0 0],0.0,00 00 00 00 00 00 00 00,0x065,00000004
20.989849999999997,9.0,111,0.0,8,8.0,[141 212  15  68 255   1 240 127],0.0,8D D4 0F 44 FF 01 F0 7F,0x06F,00000004
21.17845,9.0,101,0.0,1,1.0,[0 0 0 0 0 0 0 0],0.0,00 00 00 00 00 00 00 00,0x065,00000002
21.17945,9.0,111,0.0,8,8.0,[  1 188 112  73 255 253 239 127],0.0,01 BC 70 49 FF FD EF 7F,0x06F,00000002
21.18445,9.0,101,0.0,1,1.0,[0 0 0 0 0 0 0 0],0.0,00 00 00 00 00 00 00 00,0x065,00000005
21.18545,9.0,111,0.0,8,8.0,[ 25 172 205  66   0  38  80 127],0.0,19 AC CD 42 00 26 50 7F,0x06F,00000005
21.18675,9.0,101,0.0,1,1.0,[0 0 0 0 0 0 0 0],0.0,00 00 00 00 00 00 00 00,0x065,00000004
21.1877,9.0,111,0.0,8,8.0,[143 220  47  68 255 253 239 127],0.0,8F DC 2F 44 FF FD EF 7F,0x06F,00000004
21.376450000000002,9.0,101,0.0,1,1.0,[0 0 0 0 0 0 0 0],0.0,00 00 00 00 00 00 00 00,0x065,00000002
21.37745,9.0,111,0.0,8,8.0,[  1 188 112  73 255 253 239 127],0.0,01 BC 70 49 FF FD EF 7F,0x06F,00000002
21.3825,9.0,101,0.0,1,1.0,[0 0 0 0 0 0 0 0],0.0,00 00 00 00 00 00 00 00,0x065,00000005
21.38345,9.0,111,0.0,8,8.0,[ 25 172 205 194 253 253  15 128],0.0,19 AC CD C2 FD FD 0F 80,0x06F,00000005
21.38475,9.0,101,0.0,1,1.0,[0 0 0 0 0 0 0 0],0.0,00 00 00 00 00 00 00 00,0x065,00000004
21.3857,9.0,111,0.0,8,8.0,[139 228  15 196 254 249 207 127],0.0,8B E4 0F C4 FE F9 CF 7F,0x06F,00000004
21.574,9.0,111,0.0,8,8.0,[  1 188 112  73 255 253 239 127],0.0,01 BC 70 49 FF FD EF 7F,0x06F,00000002
21.574650000000002,9.0,101,0.0,1,1.0,[0 0 0 0 0 0 0 0],0.0,00 00 00 00 00 00 00 00,0x065,00000002
21.58,9.0,111,0.0,8,8.0,[ 25 188  45  67 252 225 175 127],0.0,19 BC 2D 43 FC E1 AF 7F,0x06F,00000005
21.58065,9.0,101,0.0,1,1.0,[0 0 0 0 0 0 0 0],0.0,00 00 00 00 00 00 00 00,0x065,00000005
21.582749999999997,9.0,101,0.0,1,1.0,[0 0 0 0 0 0 0 0],0.0,00 00 00 00 00 00 00 00,0x065,00000004
21.5837,9.0,111,0.0,8,8.0,[141 236  15  68 255 249 207 127],0.0,8D EC 0F 44 FF F9 CF 7F,0x06F,00000004
21.772000000000002,9.0,111,0.0,8,8.0,[  1 188 112 201 254 253 239 127],0.0,01 BC 70 C9 FE FD EF 7F,0x06F,00000002
21.77265,9.0,101,0.0,1,1.0,[0 0 0 0 0 0 0 0],0.0,00 00 00 00 00 00 00 00,0x065,00000002
21.778,9.0,111,0.0,8,8.0,[ 27 180  13  67 253   9 112 128],0.0,1B B4 0D 43 FD 09 70 80,0x06F,00000005
21.77865,9.0,101,0.0,1,1.0,[0 0 0 0 0 0 0 0],0.0,00 00 00 00 00 00 00 00,0x065,00000005
21.78025,9.0,111,0.0,8,8.0,[141 236  15  68 255   1 240 127],0.0,8D EC 0F 44 FF 01 F0 7F,0x06F,00000004
21.7809,9.0,101,0.0,1,1.0,[0 0 0 0 0 0 0 0],0.0,00 00 00 00 00 00 00 00,0x065,00000004
21.9705,9.0,101,0.0,1,1.0,[0 0 0 0 0 0 0 0],0.0,00 00 00 00 00 00 00 00,0x065,00000002
21.97175,9.0,111,0.0,8,8.0,[  1 188 112  73 255 253 239 127],0.0,01 BC 70 49 FF FD EF 7F,0x06F,00000002
21.976499999999998,9.0,101,0.0,1,1.0,[0 0 0 0 0 0 0 0],0.0,00 00 00 00 00 00 00 00,0x065,00000005
21.9776,9.0,111,0.0,8,8.0,[ 27 164 237  66 250  13 176 127],0.0,1B A4 ED 42 FA 0D B0 7F,0x06F,00000005
21.978749999999998,9.0,101,0.0,1,1.0,[0 0 0 0 0 0 0 0],0.0,00 00 00 00 00 00 00 00,0x065,00000004
21.97985,9.0,111,0.0,8,8.0,[139 236  15  68 255   1 240 127],0.0,8B EC 0F 44 FF 01 F0 7F,0x06F,00000004
22.1685,9.0,101,0.0,1,1.0,[0 0 0 0 0 0 0 0],0.0,00 00 00 00 00 00 00 00,0x065,00000002
22.16945,9.0,111,0.0,8,8.0,[  1 188 112  73 255 253 239 127],0.0,01 BC 70 49 FF FD EF 7F,0x06F,00000002
22.1745,9.0,101,0.0,1,1.0,[0 0 0 0 0 0 0 0],0.0,00 00 00 00 00 00 00 00,0x065,00000005
22.175449999999998,9.0,111,0.0,8,8.0,[ 17 196 141  66 248  17 240 127],0.0,11 C4 8D 42 F8 11 F0 7F,0x06F,00000005
22.17675,9.0,101,0.0,1,1.0,[0 0 0 0 0 0 0 0],0.0,00 00 00 00 00 00 00 00,0x065,00000004
22.177699999999998,9.0,111,0.0,8,8.0,[139 236 239  67 255 253 239 127],0.0,8B EC EF 43 FF FD EF 7F,0x06F,00000004
22.366,9.0,111,0.0,8,8.0,[  1 188 112  73 255 253 239 127],0.0,01 BC 70 49 FF FD EF 7F,0x06F,00000002
22.36665,9.0,101,0.0,1,1.0,[0 0 0 0 0 0 0 0],0.0,00 00 00 00 00 00 00 00,0x065,00000002
22.372049999999998,9.0,111,0.0,8,8.0,[ 39 164  77 195   8 190  15 122],0.0,27 A4 4D C3 08 BE 0F 7A,0x06F,00000005
22.37265,9.0,101,0.0,1,1.0,[0 0 0 0 0 0 0 0],0.0,00 00 00 00 00 00 00 00,0x065,00000005
22.37475,9.0,101,0.0,1,1.0,[0 0 0 0 0 0 0 0],0.0,00 00 00 00 00 00 00 00,0x065,00000004
22.37575,9.0,111,0.0,8,8.0,[141 236 239 195 254 253 239 127],0.0,8D EC EF C3 FE FD EF 7F,0x06F,00000004
22.5645,9.0,101,0.0,1,1.0,[0 0 0 0 0 0 0 0],0.0,00 00 00 00 00 00 00 00,0x065,00000002
22.56545,9.0,111,0.0,8,8.0,[  1 188 112  73 255 253 239 127],0.0,01 BC 70 49 FF FD EF 7F,0x06F,00000002
22.5705,9.0,101,0.0,1,1.0,[0 0 0 0 0 0 0 0],0.0,00 00 00 00 00 00 00 00,0x065,00000005
22.57145,9.0,111,0.0,8,8.0,[ 33 180  13 195 246 193 208 125],0.0,21 B4 0D C3 F6 C1 D0 7D,0x06F,00000005
22.57275,9.0,101,0.0,1,1.0,[0 0 0 0 0 0 0 0],0.0,00 00 00 00 00 00 00 00,0x065,00000004
22.5737,9.0,111,0.0,8,8.0,[139 228  15  68 255 249 207 127],0.0,8B E4 0F 44 FF F9 CF 7F,0x06F,00000004
22.762,9.0,111,0.0,8,8.0,[  1 188 112 201 254 253 239 127],0.0,01 BC 70 C9 FE FD EF 7F,0x06F,00000002
22.76265,9.0,101,0.0,1,1.0,[0 0 0 0 0 0 0 0],0.0,00 00 00 00 00 00 00 00,0x065,00000002
22.768,9.0,111,0.0,8,8.0,[ 25 188  13  67 251 145 240 126],0.0,19 BC 0D 43 FB 91 F0 7E,0x06F,00000005
22.76865,9.0,101,0.0,1,1.0,[0 0 0 0 0 0 0 0],0.0,00 00 00 00 00 00 00 00,0x065,00000005
22.770249999999997,9.0,111,0.0,8,8.0,[141   4  16  68 255 245 175 127],0.0,8D 04 10 44 FF F5 AF 7F,0x06F,00000004
22.770899999999997,9.0,101,0.0,1,1.0,[0 0 0 0 0 0 0 0],0.0,00 00 00 00 00 00 00 00,0x065,00000004
22.96,9.0,111,0.0,8,8.0,[  1 188 112  73 255 253 239 127],0.0,01 BC 70 49 FF FD EF 7F,0x06F,00000002
22.96065,9.0,101,0.0,1,1.0,[0 0 0 0 0 0 0 0],0.0,00 00 00 00 00 00 00 00,0x065,00000002
22.966,9.0,111,0.0,8,8.0,[ 25 180  13  67   3  18 240 127],0.0,19 B4 0D 43 03 12 F0 7F,0x06F,00000005
22.966649999999998,9.0,101,0.0,1,1.0,[0 0 0 0 0 0 0 0],0.0,00 00 00 00 00 00 00 00,0x065,00000005
22.968249999999998,9.0,111,0.0,8,8.0,[143  12  16 196 254 249  15 128],0.0,8F 0C 10 C4 FE F9 0F 80,0x06F,00000004
22.968899999999998,9.0,101,0.0,1,1.0,[0 0 0 0 0 0 0 0],0.0,00 00 00 00 00 00 00 00,0x065,00000004
23.1585,9.0,101,0.0,1,1.0,[0 0 0 0 0 0 0 0],0.0,00 00 00 00 00 00 00 00,0x065,00000002
23.1595,9.0,111,0.0,8,8.0,[  1 188 112  73 255 253 239 127],0.0,01 BC 70 49 FF FD EF 7F,0x06F,00000002
23.163999999999998,9.0,111,0.0,8,8.0,[ 31 156  13 195  10 162  79 132],0.0,1F 9C 0D C3 0A A2 4F 84,0x06F,00000005
23.164649999999998,9.0,101,0.0,1,1.0,[0 0 0 0 0 0 0 0],0.0,00 00 00 00 00 00 00 00,0x065,00000005
23.166749999999997,9.0,101,0.0,1,1.0,[0 0 0 0 0 0 0 0],0.0,00 00 00 00 00 00 00 00,0x065,00000004
23.1677,9.0,111,0.0,8,8.0,[139 244  15  68 255   5 208 127],0.0,8B F4 0F 44 FF 05 D0 7F,0x06F,00000004
23.3565,9.0,101,0.0,1,1.0,[0 0 0 0 0 0 0 0],0.0,00 00 00 00 00 00 00 00,0x065,00000002
23.3575,9.0,111,0.0,8,8.0,[  1 188 112  73 255 253 239 127],0.0,01 BC 70 49 FF FD EF 7F,0x06F,00000002
23.3625,9.0,101,0.0,1,1.0,[0 0 0 0 0 0 0 0],0.0,00 00 00 00 00 00 00 00,0x065,00000005
23.3635,9.0,111,0.0,8,8.0,[ 25 132 109  67 228 121 207 131],0.0,19 84 6D 43 E4 79 CF 83,0x06F,00000005
23.364749999999997,9.0,101,0.0,1,1.0,[0 0 0 0 0 0 0 0],0.0,00 00 00 00 00 00 00 00,0x065,00000004
23.365699999999997,9.0,111,0.0,8,8.0,[141 244  47 196 254 249 239 127],0.0,8D F4 2F C4 FE F9 EF 7F,0x06F,00000004
23.554,9.0,111,0.0,8,8.0,[  1 188 112  73 255 253 239 127],0.0,01 BC 70 49 FF FD EF 7F,0x06F,00000002
23.55465,9.0,101,0.0,1,1.0,[0 0 0 0 0 0 0 0],0.0,00 00 00 00 00 00 00 00,0x065,00000002
23.56,9.0,111,0.0,8,8.0,[241  83 237  67   8 121 172 158],0.0,F1 53 ED 43 08 79 AC 9E,0x06F,00000005
23.56065,9.0,101,0.0,1,1.0,[0 0 0 0 0 0 0 0],0.0,00 00 00 00 00 00 00 00,0x065,00000005
23.562299999999997,9.0,111,0.0,8,8.0,[143 244  15 196 254 245 239 127],0.0,8F F4 0F C4 FE F5 EF 7F,0x06F,00000004
23.5629,9.0,101,0.0,1,1.0,[0 0 0 0 0 0 0 0],0.0,00 00 00 00 00 00 00 00,0x065,00000004
23.7525,9.0,101,0.0,1,1.0,[0 0 0 0 0 0 0 0],0.0,00 00 00 00 00 00 00 00,0x065,00000002
23.75345,9.0,111,0.0,8,8.0,[  1 188 112  73 255 253 239 127],0.0,01 BC 70 49 FF FD EF 7F,0x06F,00000002
23.758499999999998,9.0,101,0.0,1,1.0,[0 0 0 0 0 0 0 0],0.0,00 00 00 00 00 00 00 00,0x065,00000005
23.7595,9.0,111,0.0,8,8.0,[ 21 204  14 191  89 152 179 165],0.0,15 CC 0E BF 59 98 B3 A5,0x06F,00000005
23.760749999999998,9.0,101,0.0,1,1.0,[0 0 0 0 0 0 0 0],0.0,00 00 00 00 00 00 00 00,0x065,00000004
23.76175,9.0,111,0.0,8,8.0,[145 252  15 196 253   9  16 128],0.0,91 FC 0F C4 FD 09 10 80,0x06F,00000004
23.95005,9.0,111,0.0,8,8.0,[  1 188 112  73 255 253 239 127],0.0,01 BC 70 49 FF FD EF 7F,0x06F,00000002
23.9507,9.0,101,0.0,1,1.0,[0 0 0 0 0 0 0 0],0.0,00 00 00 00 00 00 00 00,0x065,00000002
23.95605,9.0,111,0.0,8,8.0,[219 227  15  56  14 133 243 133],0.0,DB E3 0F 38 0E 85 F3 85,0x06F,00000005
23.956699999999998,9.0,101,0.0,1,1.0,[0 0 0 0 0 0 0 0],0.0,00 00 00 00 00 00 00 00,0x065,00000005
23.958299999999998,9.0,111,0.0,8,8.0,[131 220 239 195 254 245  15 128],0.0,83 DC EF C3 FE F5 0F 80,0x06F,00000004
23.9589,9.0,101,0.0,1,1.0,[0 0 0 0 0 0 0 0],0.0,00 00 00 00 00 00 00 00,0x065,00000004
24.14805,9.0,111,0.0,8,8.0,[  1 188 112  73 255 253 239 127],0.0,01 BC 70 49 FF FD EF 7F,0x06F,00000002
24.14865,9.0,101,0.0,1,1.0,[0 0 0 0 0 0 0 0],0.0,00 00 00 00 00 00 00 00,0x065,00000002
24.154049999999998,9.0,111,0.0,8,8.0,[243 115  80 177 146  49 209  94],0.0,F3 73 50 B1 92 31 D1 5E,0x06F,00000005
24.1547,9.0,101,0.0,1,1.0,[0 0 0 0 0 0 0 0],0.0,00 00 00 00 00 00 00 00,0x065,00000005
24.15625,9.0,111,0.0,8,8.0,[143 228  47 196   0 250 143 127],0.0,8F E4 2F C4 00 FA 8F 7F,0x06F,00000004
24.156899999999997,9.0,101,0.0,1,1.0,[0 0 0 0 0 0 0 0],0.0,00 00 00 00 00 00 00 00,0x065,00000004
24.34605,9.0,111,0.0,8,8.0,[  1 188 112  73 255 253 239 127],0.0,01 BC 70 49 FF FD EF 7F,0x06F,00000002
24.34665,9.0,101,0.0,1,1.0,[0 0 0 0 0 0 0 0],0.0,00 00 00 00 00 00 00 00,0x065,00000002
24.35205,9.0,111,0.0,8,8.0,[ 35 140 144  55  88 150 183  71],0.0,23 8C 90 37 58 96 B7 47,0x06F,00000005
24.3527,9.0,101,0.0,1,1.0,[0 0 0 0 0 0 0 0],0.0,00 00 00 00 00 00 00 00,0x065,00000005
24.354249999999997,9.0,111,0.0,8,8.0,[143 228 239  67 253 253  15 128],0.0,8F E4 EF 43 FD FD 0F 80,0x06F,00000004
24.354899999999997,9.0,101,0.0,1,1.0,[0 0 0 0 0 0 0 0],0.0,00 00 00 00 00 00 00 00,0x065,00000004
24.5445,9.0,101,0.0,1,1.0,[0 0 0 0 0 0 0 0],0.0,00 00 00 00 00 00 00 00,0x065,00000002
24.54465,9.0,111,0.0,8,8.0,[  1 188 112  73 255 253 239 127],0.0,01 BC 70 49 FF FD EF 7F,0x06F,00000002
24.55005,9.0,111,0.0,8,8.0,[215  99 176  54   1 159  19 114],0.0,D7 63 B0 36 01 9F 13 72,0x06F,00000005
24.55065,9.0,101,0.0,1,1.0,[0 0 0 0 0 0 0 0],0.0,00 00 00 00 00 00 00 00,0x065,00000005
24.552799999999998,9.0,101,0.0,1,1.0,[0 0 0 0 0 0 0 0],0.0,00 00 00 00 00 00 00 00,0x065,00000004
24.552899999999998,9.0,111,0.0,8,8.0,[145 252  15 196 254 253 239 127],0.0,91 FC 0F C4 FE FD EF 7F,0x06F,00000004
24.74205,9.0,111,0.0,8,8.0,[  1 188 112  73 255 253 239 127],0.0,01 BC 70 49 FF FD EF 7F,0x06F,00000002
24.74265,9.0,101,0.0,1,1.0,[0 0 0 0 0 0 0 0],0.0,00 00 00 00 00 00 00 00,0x065,00000002
24.74805,9.0,111,0.0,8,8.0,[215  67 208  55 245 177 111 141],0.0,D7 43 D0 37 F5 B1 6F 8D,0x06F,00000005
24.748649999999998,9.0,101,0.0,1,1.0,[0 0 0 0 0 0 0 0],0.0,00 00 00 00 00 00 00 00,0x065,00000005
24.7503,9.0,111,0.0,8,8.0,[137 212 239 195 254   1  80 128],0.0,89 D4 EF C3 FE 01 50 80,0x06F,00000004
24.75095,9.0,101,0.0,1,1.0,[0 0 0 0 0 0 0 0],0.0,00 00 00 00 00 00 00 00,0x065,00000004
24.94005,9.0,111,0.0,8,8.0,[  1 188 112  73 255 253 239 127],0.0,01 BC 70 49 FF FD EF 7F,0x06F,00000002
24.94065,9.0,101,0.0,1,1.0,[0 0 0 0 0 0 0 0],0.0,00 00 00 00 00 00 00 00,0x065,00000002
24.94605,9.0,111,0.0,8,8.0,[199 107  16  55   3 158 143 113],0.0,C7 6B 10 37 03 9E 8F 71,0x06F,00000005
24.946649999999998,9.0,101,0.0,1,1.0,[0 0 0 0 0 0 0 0],0.0,00 00 00 00 00 00 00 00,0x065,00000005
24.9483,9.0,111,0.0,8,8.0,[143 236  47 196 255   1  16 127],0.0,8F EC 2F C4 FF 01 10 7F,0x06F,00000004
24.94895,9.0,101,0.0,1,1.0,[0 0 0 0 0 0 0 0],0.0,00 00 00 00 00 00 00 00,0x065,00000004
25.138,9.0,111,0.0,8,8.0,[  1 188 112  73 255 253 239 127],0.0,01 BC 70 49 FF FD EF 7F,0x06F,00000002
25.1387,9.0,101,0.0,1,1.0,[0 0 0 0 0 0 0 0],0.0,00 00 00 00 00 00 00 00,0x065,00000002
25.14405,9.0,111,0.0,8,8.0,[179 171 144 183   6 130 176 120],0.0,B3 AB 90 B7 06 82 B0 78,0x06F,00000005
25.1447,9.0,101,0.0,1,1.0,[0 0 0 0 0 0 0 0],0.0,00 00 00 00 00 00 00 00,0x065,00000005
25.1463,9.0,111,0.0,8,8.0,[141 220  79 196 254 249  15 128],0.0,8D DC 4F C4 FE F9 0F 80,0x06F,00000004
25.146949999999997,9.0,101,0.0,1,1.0,[0 0 0 0 0 0 0 0],0.0,00 00 00 00 00 00 00 00,0x065,00000004
25.33605,9.0,111,0.0,8,8.0,[  1 188 112 201 254 253 239 127],0.0,01 BC 70 C9 FE FD EF 7F,0x06F,00000002
25.3367,9.0,101,0.0,1,1.0,[0 0 0 0 0 0 0 0],0.0,00 00 00 00 00 00 00 00,0x065,00000002
25.34205,9.0,111,0.0,8,8.0,[187 131 112 183 252   1 144 124],0.0,BB 83 70 B7 FC 01 90 7C,0x06F,00000005
25.3427,9.0,101,0.0,1,1.0,[0 0 0 0 0 0 0 0],0.0,00 00 00 00 00 00 00 00,0x065,00000005
25.344299999999997,9.0,111,0.0,8,8.0,[141 244 239  67 254 253 207 127],0.0,8D F4 EF 43 FE FD CF 7F,0x06F,00000004
25.344949999999997,9.0,101,0.0,1,1.0,[0 0 0 0 0 0 0 0],0.0,00 00 00 00 00 00 00 00,0x065,00000004
25.53405,9.0,111,0.0,8,8.0,[  1 188 112 201 254 253 239 127],0.0,01 BC 70 C9 FE FD EF 7F,0x06F,00000002
25.5347,9.0,101,0.0,1,1.0,[0 0 0 0 0 0 0 0],0.0,00 00 00 00 00 00 00 00,0x065,00000002
25.54005,9.0,111,0.0,8,8.0,[189 155 144  55   3  50  48 127],0.0,BD 9B 90 37 03 32 30 7F,0x06F,00000005
25.5407,9.0,101,0.0,1,1.0,[0 0 0 0 0 0 0 0],0.0,00 00 00 00 00 00 00 00,0x065,00000005
25.542299999999997,9.0,111,0.0,8,8.0,[143 244  15 196 254  13 208 127],0.0,8F F4 0F C4 FE 0D D0 7F,0x06F,00000004
25.542949999999998,9.0,101,0.0,1,1.0,[0 0 0 0 0 0 0 0],0.0,00 00 00 00 00 00 00 00,0x065,00000004
25.73205,9.0,111,0.0,8,8.0,[  1 188 112 201 254 253 239 127],0.0,01 BC 70 C9 FE FD EF 7F,0x06F,00000002
25.7328,9.0,101,0.0,1,1.0,[0 0 0 0 0 0 0 0],0.0,00 00 00 00 00 00 00 00,0x065,00000002
25.738049999999998,9.0,111,0.0,8,8.0,[183 147 144  55 253 249  15 129],0.0,B7 93 90 37 FD F9 0F 81,0x06F,00000005
25.738799999999998,9.0,101,0.0,1,1.0,[0 0 0 0 0 0 0 0],0.0,00 00 00 00 00 00 00 00,0x065,00000005
25.740299999999998,9.0,111,0.0,8,8.0,[139 236  47  68 255   5 208 127],0.0,8B EC 2F 44 FF 05 D0 7F,0x06F,00000004
25.7411,9.0,101,0.0,1,1.0,[0 0 0 0 0 0 0 0],0.0,00 00 00 00 00 00 00 00,0x065,00000004
25.93005,9.0,111,0.0,8,8.0,[  1 188 112  73 255 253 239 127],0.0,01 BC 70 49 FF FD EF 7F,0x06F,00000002
25.9307,9.0,101,0.0,1,1.0,[0 0 0 0 0 0 0 0],0.0,00 00 00 00 00 00 00 00,0x065,00000002
25.936049999999998,9.0,111,0.0,8,8.0,[189 131 144 183   6  54 144 128],0.0,BD 83 90 B7 06 36 90 80,0x06F,00000005
25.9367,9.0,101,0.0,1,1.0,[0 0 0 0 0 0 0 0],0.0,00 00 00 00 00 00 00 00,0x065,00000005
25.938299999999998,9.0,111,0.0,8,8.0,[139 244  15  68 254 245 239 127],0.0,8B F4 0F 44 FE F5 EF 7F,0x06F,00000004
25.93895,9.0,101,0.0,1,1.0,[0 0 0 0 0 0 0 0],0.0,00 00 00 00 00 00 00 00,0x065,00000004
26.12805,9.0,111,0.0,8,8.0,[  1 188 112  73 255 253 239 127],0.0,01 BC 70 49 FF FD EF 7F,0x06F,00000002
26.1287,9.0,101,0.0,1,1.0,[0 0 0 0 0 0 0 0],0.0,00 00 00 00 00 00 00 00,0x065,00000002
26.13405,9.0,111,0.0,8,8.0,[189 131 112  55   2  30 176 127],0.0,BD 83 70 37 02 1E B0 7F,0x06F,00000005
26.13495,9.0,101,0.0,1,1.0,[0 0 0 0 0 0 0 0],0.0,00 00 00 00 00 00 00 00,0x065,00000005
26.1363,9.0,111,0.0,8,8.0,[143 244  15 196 254 249 239 127],0.0,8F F4 0F C4 FE F9 EF 7F,0x06F,00000004
26.13695,9.0,101,0.0,1,1.0,[0 0 0 0 0 0 0 0],0.0,00 00 00 00 00 00 00 00,0x065,00000004
26.32605,9.0,111,0.0,8,8.0,[  1 188 112  73 255 253 239 127],0.0,01 BC 70 49 FF FD EF 7F,0x06F,00000002
26.3267,9.0,101,0.0,1,1.0,[0 0 0 0 0 0 0 0],0.0,00 00 00 00 00 00 00 00,0x065,00000002
26.33205,9.0,111,0.0,8,8.0,[189 139 112  55 255 253 207 127],0.0,BD 8B 70 37 FF FD CF 7F,0x06F,00000005
26.3327,9.0,101,0.0,1,1.0,[0 0 0 0 0 0 0 0],0.0,00 00 00 00 00 00 00 00,0x065,00000005
26.3343,9.0,111,0.0,8,8.0,[141 244  15 196 254 249 239 127],0.0,8D F4 0F C4 FE F9 EF 7F,0x06F,00000004
26.33495,9.0,101,0.0,1,1.0,[0 0 0 0 0 0 0 0],0.0,00 00 00 00 00 00 00 00,0x065,00000004
26.52405,9.0,111,0.0,8,8.0,[  1 188 112  73 255 253 239 127],0.0,01 BC 70 49 FF FD EF 7F,0x06F,00000002
26.5247,9.0,101,0.0,1,1.0,[0 0 0 0 0 0 0 0],0.0,00 00 00 00 00 00 00 00,0x065,00000002
26.53005,9.0,111,0.0,8,8.0,[189 139 112  55 255 241  15 128],0.0,BD 8B 70 37 FF F1 0F 80,0x06F,00000005
26.5307,9.0,101,0.0,1,1.0,[0 0 0 0 0 0 0 0],0.0,00 00 00 00 00 00 00 00,0x065,00000005
26.5323,9.0,111,0.0,8,8.0,[143 244  15  68 254   1 240 127],0.0,8F F4 0F 44 FE 01 F0 7F,0x06F,00000004
26.53295,9.0,101,0.0,1,1.0,[0 0 0 0 0 0 0 0],0.0,00 00 00 00 00 00 00 00,0x065,00000004
26.72205,9.0,111,0.0,8,8.0,[  1 188 112  73 255 253 239 127],0.0,01 BC 70 49 FF FD EF 7F,0x06F,00000002
26.7227,9.0,101,0.0,1,1.0,[0 0 0 0 0 0 0 0],0.0,00 00 00 00 00 00 00 00,0x065,00000002
26.72805,9.0,111,0.0,8,8.0,[189 139 112 183 252 229 239 127],0.0,BD 8B 70 B7 FC E5 EF 7F,0x06F,00000005
26.7287,9.0,101,0.0,1,1.0,[0 0 0 0 0 0 0 0],0.0,00 00 00 00 00 00 00 00,0x065,00000005
26.7303,9.0,111,0.0,8,8.0,[141 244  15 196 254 253 207 127],0.0,8D F4 0F C4 FE FD CF 7F,0x06F,00000004
26.73095,9.0,101,0.0,1,1.0,[0 0 0 0 0 0 0 0],0.0,00 00 00 00 00 00 00 00,0x065,00000004
26.92005,9.0,111,0.0,8,8.0,[  1 188 112  73 255 253 239 127],0.0,01 BC 70 49 FF FD EF 7F,0x06F,00000002
26.92085,9.0,101,0.0,1,1.0,[0 0 0 0 0 0 0 0],0.0,00 00 00 00 00 00 00 00,0x065,00000002
26.92605,9.0,111,0.0,8,8.0,[187 139 112  55 250 225 175 126],0.0,BB 8B 70 37 FA E1 AF 7E,0x06F,00000005
26.926849999999998,9.0,101,0.0,1,1.0,[0 0 0 0 0 0 0 0],0.0,00 00 00 00 00 00 00 00,0x065,00000005
26.928299999999997,9.0,111,0.0,8,8.0,[147   4  48 196 255 241  79 127],0.0,93 04 30 C4 FF F1 4F 7F,0x06F,00000004
26.9291,9.0,101,0.0,1,1.0,[0 0 0 0 0 0 0 0],0.0,00 00 00 00 00 00 00 00,0x065,00000004
27.11805,9.0,111,0.0,8,8.0,[  1 188 112  73 255 253 239 127],0.0,01 BC 70 49 FF FD EF 7F,0x06F,00000002
27.1187,9.0,101,0.0,1,1.0,[0 0 0 0 0 0 0 0],0.0,00 00 00 00 00 00 00 00,0x065,00000002
27.12405,9.0,111,0.0,8,8.0,[185 155 144  55 248 157 111 128],0.0,B9 9B 90 37 F8 9D 6F 80,0x06F,00000005
27.1247,9.0,101,0.0,1,1.0,[0 0 0 0 0 0 0 0],0.0,00 00 00 00 00 00 00 00,0x065,00000005
27.126299999999997,9.0,111,0.0,8,8.0,[145 228 207  67 254 253 207 127],0.0,91 E4 CF 43 FE FD CF 7F,0x06F,00000004
27.126949999999997,9.0,101,0.0,1,1.0,[0 0 0 0 0 0 0 0],0.0,00 00 00 00 00 00 00 00,0x065,00000004
27.31605,9.0,111,0.0,8,8.0,[  1 188 112  73 255 253 239 127],0.0,01 BC 70 49 FF FD EF 7F,0x06F,00000002
27.3169,9.0,101,0.0,1,1.0,[0 0 0 0 0 0 0 0],0.0,00 00 00 00 00 00 00 00,0x065,00000002
27.32205,9.0,111,0.0,8,8.0,[185 147 176 183 254 249  15 128],0.0,B9 93 B0 B7 FE F9 0F 80,0x06F,00000005
27.3229,9.0,101,0.0,1,1.0,[0 0 0 0 0 0 0 0],0.0,00 00 00 00 00 00 00 00,0x065,00000005
27.32435,9.0,111,0.0,8,8.0,[145   4  48  68   0  38 144 127],0.0,91 04 30 44 00 26 90 7F,0x06F,00000004
27.3252,9.0,101,0.0,1,1.0,[0 0 0 0 0 0 0 0],0.0,00 00 00 00 00 00 00 00,0x065,00000004
27.51405,9.0,111,0.0,8,8.0,[  1 188 112  73 255 253 239 127],0.0,01 BC 70 49 FF FD EF 7F,0x06F,00000002
27.51495,9.0,101,0.0,1,1.0,[0 0 0 0 0 0 0 0],0.0,00 00 00 00 00 00 00 00,0x065,00000002
27.520049999999998,9.0,111,0.0,8,8.0,[185 147 176  55 254 241 239 127],0.0,B9 93 B0 37 FE F1 EF 7F,0x06F,00000005
27.52095,9.0,101,0.0,1,1.0,[0 0 0 0 0 0 0 0],0.0,00 00 00 00 00 00 00 00,0x065,00000005
27.52235,9.0,111,0.0,8,8.0,[145  12  48  68 254   1 240 127],0.0,91 0C 30 44 FE 01 F0 7F,0x06F,00000004
27.5232,9.0,101,0.0,1,1.0,[0 0 0 0 0 0 0 0],0.0,00 00 00 00 00 00 00 00,0x065,00000004
27.71205,9.0,111,0.0,8,8.0,[  1 188 112  73 255 253 239 127],0.0,01 BC 70 49 FF FD EF 7F,0x06F,00000002
27.7127,9.0,101,0.0,1,1.0,[0 0 0 0 0 0 0 0],0.0,00 00 00 00 00 00 00 00,0x065,00000002
27.718049999999998,9.0,111,0.0,8,8.0,[183 147 176  55   0 254 239 127],0.0,B7 93 B0 37 00 FE EF 7F,0x06F,00000005
27.7187,9.0,101,0.0,1,1.0,[0 0 0 0 0 0 0 0],0.0,00 00 00 00 00 00 00 00,0x065,00000005
27.72035,9.0,111,0.0,8,8.0,[131 244 143 195 252   1 144 128],0.0,83 F4 8F C3 FC 01 90 80,0x06F,00000004
27.72095,9.0,101,0.0,1,1.0,[0 0 0 0 0 0 0 0],0.0,00 00 00 00 00 00 00 00,0x065,00000004
27.91005,9.0,111,0.0,8,8.0,[  1 188 112 201 254 253 239 127],0.0,01 BC 70 C9 FE FD EF 7F,0x06F,00000002
27.9107,9.0,101,0.0,1,1.0,[0 0 0 0 0 0 0 0],0.0,00 00 00 00 00 00 00 00,0x065,00000002
27.91605,9.0,111,0.0,8,8.0,[185 147 176 183 252 217 207 127],0.0,B9 93 B0 B7 FC D9 CF 7F,0x06F,00000005
27.91685,9.0,101,0.0,1,1.0,[0 0 0 0 0 0 0 0],0.0,00 00 00 00 00 00 00 00,0x065,00000005
27.918349999999997,9.0,111,0.0,8,8.0,[147  12 240  67 254   5 208 127],0.0,93 0C F0 43 FE 05 D0 7F,0x06F,00000004
27.919099999999997,9.0,101,0.0,1,1.0,[0 0 0 0 0 0 0 0],0.0,00 00 00 00 00 00 00 00,0x065,00000004
28.1081,9.0,111,0.0,8,8.0,[  1 188 112 201 254 253 239 127],0.0,01 BC 70 C9 FE FD EF 7F,0x06F,00000002
28.10885,9.0,101,0.0,1,1.0,[0 0 0 0 0 0 0 0],0.0,00 00 00 00 00 00 00 00,0x065,00000002
28.1141,9.0,111,0.0,8,8.0,[183 155 176  55   0  14 240 127],0.0,B7 9B B0 37 00 0E F0 7F,0x06F,00000005
28.11485,9.0,101,0.0,1,1.0,[0 0 0 0 0 0 0 0],0.0,00 00 00 00 00 00 00 00,0x065,00000005
28.116349999999997,9.0,111,0.0,8,8.0,[141 236  15 196 255 253 207 127],0.0,8D EC 0F C4 FF FD CF 7F,0x06F,00000004
28.117099999999997,9.0,101,0.0,1,1.0,[0 0 0 0 0 0 0 0],0.0,00 00 00 00 00 00 00 00,0x065,00000004
28.3061,9.0,111,0.0,8,8.0,[  1 188 112  73 255 253 239 127],0.0,01 BC 70 49 FF FD EF 7F,0x06F,00000002
28.30685,9.0,101,0.0,1,1.0,[0 0 0 0 0 0 0 0],0.0,00 00 00 00 00 00 00 00,0x065,00000002
28.3121,9.0,111,0.0,8,8.0,[183 147 176  55 255 253 239 127],0.0,B7 93 B0 37 FF FD EF 7F,0x06F,00000005
28.31285,9.0,101,0.0,1,1.0,[0 0 0 0 0 0 0 0],0.0,00 00 00 00 00 00 00 00,0x065,00000005
28.3143,9.0,111,0.0,8,8.0,[143 252  15 196 254 245 143 127],0.0,8F FC 0F C4 FE F5 8F 7F,0x06F,00000004
28.315099999999997,9.0,101,0.0,1,1.0,[0 0 0 0 0 0 0 0],0.0,00 00 00 00 00 00 00 00,0x065,00000004
28.5041,9.0,111,0.0,8,8.0,[  1 188 112  73 255 253 239 127],0.0,01 BC 70 49 FF FD EF 7F,0x06F,00000002
28.50495,9.0,101,0.0,1,1.0,[0 0 0 0 0 0 0 0],0.0,00 00 00 00 00 00 00 00,0x065,00000002
28.510099999999998,9.0,111,0.0,8,8.0,[185 147 176 183 253 245 175 127],0.0,B9 93 B0 B7 FD F5 AF 7F,0x06F,00000005
28.510949999999998,9.0,101,0.0,1,1.0,[0 0 0 0 0 0 0 0],0.0,00 00 00 00 00 00 00 00,0x065,00000005
28.5123,9.0,111,0.0,8,8.0,[143   4  48  68 255   1 208 127],0.0,8F 04 30 44 FF 01 D0 7F,0x06F,00000004
28.513199999999998,9.0,101,0.0,1,1.0,[0 0 0 0 0 0 0 0],0.0,00 00 00 00 00 00 00 00,0x065,00000004
28.7021,9.0,111,0.0,8,8.0,[  1 188 112  73 255 253 239 127],0.0,01 BC 70 49 FF FD EF 7F,0x06F,00000002
28.70295,9.0,101,0.0,1,1.0,[0 0 0 0 0 0 0 0],0.0,00 00 00 00 00 00 00 00,0x065,00000002
28.708099999999998,9.0,111,0.0,8,8.0,[183 155 176 183 255   5 240 127],0.0,B7 9B B0 B7 FF 05 F0 7F,0x06F,00000005
28.708949999999998,9.0,101,0.0,1,1.0,[0 0 0 0 0 0 0 0],0.0,00 00 00 00 00 00 00 00,0x065,00000005
28.71035,9.0,111,0.0,8,8.0,[139 252 239  67 255 249 175 127],0.0,8B FC EF 43 FF F9 AF 7F,0x06F,00000004
28.711199999999998,9.0,101,0.0,1,1.0,[0 0 0 0 0 0 0 0],0.0,00 00 00 00 00 00 00 00,0x065,00000004
28.9001,9.0,111,0.0,8,8.0,[  1 188 112  73 255 253 239 127],0.0,01 BC 70 49 FF FD EF 7F,0x06F,00000002
28.9007,9.0,101,0.0,1,1.0,[0 0 0 0 0 0 0 0],0.0,00 00 00 00 00 00 00 00,0x065,00000002
28.9061,9.0,111,0.0,8,8.0,[183 155 144  55 255  21 240 127],0.0,B7 9B 90 37 FF 15 F0 7F,0x06F,00000005
28.9067,9.0,101,0.0,1,1.0,[0 0 0 0 0 0 0 0],0.0,00 00 00 00 00 00 00 00,0x065,00000005
28.90835,9.0,111,0.0,8,8.0,[141 252  15 196 255   5 176 127],0.0,8D FC 0F C4 FF 05 B0 7F,0x06F,00000004
28.909,9.0,101,0.0,1,1.0,[0 0 0 0 0 0 0 0],0.0,00 00 00 00 00 00 00 00,0x065,00000004
29.0981,9.0,111,0.0,8,8.0,[  1 188 112  73 255 253 239 127],0.0,01 BC 70 49 FF FD EF 7F,0x06F,00000002
29.098850000000002,9.0,101,0.0,1,1.0,[0 0 0 0 0 0 0 0],0.0,00 00 00 00 00 00 00 00,0x065,00000002
29.1041,9.0,111,0.0,8,8.0,[185 147 176  55 255 249 207 127],0.0,B9 93 B0 37 FF F9 CF 7F,0x06F,00000005
29.10485,9.0,101,0.0,1,1.0,[0 0 0 0 0 0 0 0],0.0,00 00 00 00 00 00 00 00,0x065,00000005
29.10635,9.0,111,0.0,8,8.0,[141   4  16 196 254   1 176 127],0.0,8D 04 10 C4 FE 01 B0 7F,0x06F,00000004
29.1071,9.0,101,0.0,1,1.0,[0 0 0 0 0 0 0 0],0.0,00 00 00 00 00 00 00 00,0x065,00000004
29.296049999999997,9.0,111,0.0,8,8.0,[  1 188 112  73 255 253 239 127],0.0,01 BC 70 49 FF FD EF 7F,0x06F,00000002
29.296850000000003,9.0,101,0.0,1,1.0,[0 0 0 0 0 0 0 0],0.0,00 00 00 00 00 00 00 00,0x065,00000002
29.302099999999996,9.0,111,0.0,8,8.0,[185 147 176  55 254 249 207 127],0.0,B9 93 B0 37 FE F9 CF 7F,0x06F,00000005
29.30285,9.0,101,0.0,1,1.0,[0 0 0 0 0 0 0 0],0.0,00 00 00 00 00 00 00 00,0x065,00000005
29.30435,9.0,111,0.0,8,8.0,[141   4  16  68 255   1 176 127],0.0,8D 04 10 44 FF 01 B0 7F,0x06F,00000004
29.305149999999998,9.0,101,0.0,1,1.0,[0 0 0 0 0 0 0 0],0.0,00 00 00 00 00 00 00 00,0x065,00000004
29.4941,9.0,111,0.0,8,8.0,[  1 188 112  73 255 253 239 127],0.0,01 BC 70 49 FF FD EF 7F,0x06F,00000002
29.494850000000003,9.0,101,0.0,1,1.0,[0 0 0 0 0 0 0 0],0.0,00 00 00 00 00 00 00 00,0x065,00000002
29.500099999999996,9.0,111,0.0,8,8.0,[183 155 176  55 252 221 239 127],0.0,B7 9B B0 37 FC DD EF 7F,0x06F,00000005
29.50085,9.0,101,0.0,1,1.0,[0 0 0 0 0 0 0 0],0.0,00 00 00 00 00 00 00 00,0x065,00000005
29.50235,9.0,111,0.0,8,8.0,[139 252  47  68 255 245 207 127],0.0,8B FC 2F 44 FF F5 CF 7F,0x06F,00000004
29.503149999999998,9.0,101,0.0,1,1.0,[0 0 0 0 0 0 0 0],0.0,00 00 00 00 00 00 00 00,0x065,00000004
29.6921,9.0,111,0.0,8,8.0,[  1 188 112  73 255 253 239 127],0.0,01 BC 70 49 FF FD EF 7F,0x06F,00000002
29.69295,9.0,101,0.0,1,1.0,[0 0 0 0 0 0 0 0],0.0,00 00 00 00 00 00 00 00,0x065,00000002
29.698099999999997,9.0,111,0.0,8,8.0,[185 147 176  55   3  18 240 127],0.0,B9 93 B0 37 03 12 F0 7F,0x06F,00000005
29.698949999999996,9.0,101,0.0,1,1.0,[0 0 0 0 0 0 0 0],0.0,00 00 00 00 00 00 00 00,0x065,00000005
29.70035,9.0,111,0.0,8,8.0,[139 236 239 195 253 241  15 128],0.0,8B EC EF C3 FD F1 0F 80,0x06F,00000004
29.70125,9.0,101,0.0,1,1.0,[0 0 0 0 0 0 0 0],0.0,00 00 00 00 00 00 00 00,0x065,00000004
29.8901,9.0,111,0.0,8,8.0,[  1 188 112  73 255 253 239 127],0.0,01 BC 70 49 FF FD EF 7F,0x06F,00000002
29.89095,9.0,101,0.0,1,1.0,[0 0 0 0 0 0 0 0],0.0,00 00 00 00 00 00 00 00,0x065,00000002
29.896099999999997,9.0,111,0.0,8,8.0,[185 147 176  55 255 249 175 128],0.0,B9 93 B0 37 FF F9 AF 80,0x06F,00000005
29.896949999999997,9.0,101,0.0,1,1.0,[0 0 0 0 0 0 0 0],0.0,00 00 00 00 00 00 00 00,0x065,00000005
29.89835,9.0,111,0.0,8,8.0,[147   4  48  68 254  25  16 128],0.0,93 04 30 44 FE 19 10 80,0x06F,00000004
29.8992,9.0,101,0.0,1,1.0,[0 0 0 0 0 0 0 0],0.0,00 00 00 00 00 00 00 00,0x065,00000004
30.0881,9.0,111,0.0,8,8.0,[  1 188 112  73 255 253 239 127],0.0,01 BC 70 49 FF FD EF 7F,0x06F,00000002
30.08895,9.0,101,0.0,1,1.0,[0 0 0 0 0 0 0 0],0.0,00 00 00 00 00 00 00 00,0x065,00000002
30.094099999999997,9.0,111,0.0,8,8.0,[185 147 176 183   1  26 240 127],0.0,B9 93 B0 B7 01 1A F0 7F,0x06F,00000005
30.094949999999997,9.0,101,0.0,1,1.0,[0 0 0 0 0 0 0 0],0.0,00 00 00 00 00 00 00 00,0x065,00000005
30.09635,9.0,111,0.0,8,8.0,[133 244  15  68 254  13 176 127],0.0,85 F4 0F 44 FE 0D B0 7F,0x06F,00000004
30.0972,9.0,101,0.0,1,1.0,[0 0 0 0 0 0 0 0],0.0,00 00 00 00 00 00 00 00,0x065,00000004
30.2861,9.0,111,0.0,8,8.0,[  1 188 112 201 254 253 239 127],0.0,01 BC 70 C9 FE FD EF 7F,0x06F,00000002
30.2869,9.0,101,0.0,1,1.0,[0 0 0 0 0 0 0 0],0.0,00 00 00 00 00 00 00 00,0x065,00000002
30.292099999999998,9.0,111,0.0,8,8.0,[183 155 144  55   0   6 240 127],0.0,B7 9B 90 37 00 06 F0 7F,0x06F,00000005
30.292899999999996,9.0,101,0.0,1,1.0,[0 0 0 0 0 0 0 0],0.0,00 00 00 00 00 00 00 00,0x065,00000005
30.29435,9.0,111,0.0,8,8.0,[143 252  15  68 254 241 239 127],0.0,8F FC 0F 44 FE F1 EF 7F,0x06F,00000004
30.29515,9.0,101,0.0,1,1.0,[0 0 0 0 0 0 0 0],0.0,00 00 00 00 00 00 00 00,0x065,00000004
30.4841,9.0,111,0.0,8,8.0,[  1 188 112 201 254 253 239 127],0.0,01 BC 70 C9 FE FD EF 7F,0x06F,00000002
30.4849,9.0,101,0.0,1,1.0,[0 0 0 0 0 0 0 0],0.0,00 00 00 00 00 00 00 00,0x065,00000002
30.490099999999998,9.0,111,0.0,8,8.0,[183 147 144  55 255 253 239 127],0.0,B7 93 90 37 FF FD EF 7F,0x06F,00000005
30.490899999999996,9.0,101,0.0,1,1.0,[0 0 0 0 0 0 0 0],0.0,00 00 00 00 00 00 00 00,0x065,00000005
30.492349999999995,9.0,111,0.0,8,8.0,[145 252  79 196 254  13 144 127],0.0,91 FC 4F C4 FE 0D 90 7F,0x06F,00000004
30.49315,9.0,101,0.0,1,1.0,[0 0 0 0 0 0 0 0],0.0,00 00 00 00 00 00 00 00,0x065,00000004
30.682100000000002,9.0,111,0.0,8,8.0,[  1 188 112  73 255 253 239 127],0.0,01 BC 70 49 FF FD EF 7F,0x06F,00000002
30.6831,9.0,101,0.0,1,1.0,[0 0 0 0 0 0 0 0],0.0,00 00 00 00 00 00 00 00,0x065,00000002
30.6881,9.0,111,0.0,8,8.0,[183 147 176 183 254 253 239 127],0.0,B7 93 B0 B7 FE FD EF 7F,0x06F,00000005
30.689099999999996,9.0,101,0.0,1,1.0,[0 0 0 0 0 0 0 0],0.0,00 00 00 00 00 00 00 00,0x065,00000005
30.690349999999995,9.0,111,0.0,8,8.0,[139 252 239 195 253   9 208 127],0.0,8B FC EF C3 FD 09 D0 7F,0x06F,00000004
30.69115,9.0,101,0.0,1,1.0,[0 0 0 0 0 0 0 0],0.0,00 00 00 00 00 00 00 00,0x065,00000004
30.880100000000002,9.0,111,0.0,8,8.0,[  1 188 112  73 255 253 239 127],0.0,01 BC 70 49 FF FD EF 7F,0x06F,00000002
30.8811,9.0,101,0.0,1,1.0,[0 0 0 0 0 0 0 0],0.0,00 00 00 00 00 00 00 00,0x065,00000002
30.8861,9.0,111,0.0,8,8.0,[183 147 176 183 255   1 240 127],0.0,B7 93 B0 B7 FF 01 F0 7F,0x06F,00000005
30.88715,9.0,101,0.0,1,1.0,[0 0 0 0 0 0 0 0],0.0,00 00 00 00 00 00 00 00,0x065,00000005
30.888349999999996,9.0,111,0.0,8,8.0,[141 252  47 196 253 245 239 127],0.0,8D FC 2F C4 FD F5 EF 7F,0x06F,00000004
30.88935,9.0,101,0.0,1,1.0,[0 0 0 0 0 0 0 0],0.0,00 00 00 00 00 00 00 00,0x065,00000004
31.078100000000003,9.0,111,0.0,8,8.0,[  1 188 112  73 255 253 239 127],0.0,01 BC 70 49 FF FD EF 7F,0x06F,00000002
31.078950000000003,9.0,101,0.0,1,1.0,[0 0 0 0 0 0 0 0],0.0,00 00 00 00 00 00 00 00,0x065,00000002
31.0841,9.0,111,0.0,8,8.0,[185 147 144  55 255 253 239 127],0.0,B9 93 90 37 FF FD EF 7F,0x06F,00000005
31.085,9.0,101,0.0,1,1.0,[0 0 0 0 0 0 0 0],0.0,00 00 00 00 00 00 00 00,0x065,00000005
31.086349999999996,9.0,111,0.0,8,8.0,[141 252  47 196 253   5 208 127],0.0,8D FC 2F C4 FD 05 D0 7F,0x06F,00000004
31.087249999999997,9.0,101,0.0,1,1.0,[0 0 0 0 0 0 0 0],0.0,00 00 00 00 00 00 00 00,0x065,00000004
31.276100000000003,9.0,111,0.0,8,8.0,[  1 188 112  73 255 253 239 127],0.0,01 BC 70 49 FF FD EF 7F,0x06F,00000002
31.276950000000003,9.0,101,0.0,1,1.0,[0 0 0 0 0 0 0 0],0.0,00 00 00 00 00 00 00 00,0x065,00000002
31.2821,9.0,111,0.0,8,8.0,[183 147 176 183 255 253 239 127],0.0,B7 93 B0 B7 FF FD EF 7F,0x06F,00000005
31.28295,9.0,101,0.0,1,1.0,[0 0 0 0 0 0 0 0],0.0,00 00 00 00 00 00 00 00,0x065,00000005
31.284349999999996,9.0,111,0.0,8,8.0,[141 252  47 196 253 245 207 127],0.0,8D FC 2F C4 FD F5 CF 7F,0x06F,00000004
31.285249999999998,9.0,101,0.0,1,1.0,[0 0 0 0 0 0 0 0],0.0,00 00 00 00 00 00 00 00,0x065,00000004
31.474099999999996,9.0,111,0.0,8,8.0,[  1 188 112  73 255 253 239 127],0.0,01 BC 70 49 FF FD EF 7F,0x06F,00000002
31.4751,9.0,101,0.0,1,1.0,[0 0 0 0 0 0 0 0],0.0,00 00 00 00 00 00 00 00,0x065,00000002
31.4801,9.0,111,0.0,8,8.0,[183 147 176 183 255   1 240 127],0.0,B7 93 B0 B7 FF 01 F0 7F,0x06F,00000005
31.48115,9.0,101,0.0,1,1.0,[0 0 0 0 0 0 0 0],0.0,00 00 00 00 00 00 00 00,0x065,00000005
31.4824,9.0,111,0.0,8,8.0,[141 252  47  68 253 253 207 127],0.0,8D FC 2F 44 FD FD CF 7F,0x06F,00000004
31.483149999999995,9.0,101,0.0,1,1.0,[0 0 0 0 0 0 0 0],0.0,00 00 00 00 00 00 00 00,0x065,00000004
31.672099999999997,9.0,111,0.0,8,8.0,[  1 188 112  73 255 253 239 127],0.0,01 BC 70 49 FF FD EF 7F,0x06F,00000002
31.672900000000002,9.0,101,0.0,1,1.0,[0 0 0 0 0 0 0 0],0.0,00 00 00 00 00 00 00 00,0x065,00000002
31.6781,9.0,111,0.0,8,8.0,[185 147 176 183 255   5 240 127],0.0,B9 93 B0 B7 FF 05 F0 7F,0x06F,00000005
31.6789,9.0,101,0.0,1,1.0,[0 0 0 0 0 0 0 0],0.0,00 00 00 00 00 00 00 00,0x065,00000005
31.6804,9.0,111,0.0,8,8.0,[143 252  15  68 253   5 208 127],0.0,8F FC 0F 44 FD 05 D0 7F,0x06F,00000004
31.681149999999995,9.0,101,0.0,1,1.0,[0 0 0 0 0 0 0 0],0.0,00 00 00 00 00 00 00 00,0x065,00000004
31.870099999999997,9.0,111,0.0,8,8.0,[  1 188 112  73 255 253 239 127],0.0,01 BC 70 49 FF FD EF 7F,0x06F,00000002
31.871100000000002,9.0,101,0.0,1,1.0,[0 0 0 0 0 0 0 0],0.0,00 00 00 00 00 00 00 00,0x065,00000002
31.8761,9.0,111,0.0,8,8.0,[185 147 176  55 254 249 239 127],0.0,B9 93 B0 37 FE F9 EF 7F,0x06F,00000005
31.8771,9.0,101,0.0,1,1.0,[0 0 0 0 0 0 0 0],0.0,00 00 00 00 00 00 00 00,0x065,00000005
31.8784,9.0,111,0.0,8,8.0,[141 252  47  68 253   1 176 127],0.0,8D FC 2F 44 FD 01 B0 7F,0x06F,00000004
31.879399999999997,9.0,101,0.0,1,1.0,[0 0 0 0 0 0 0 0],0.0,00 00 00 00 00 00 00 00,0x065,00000004
32.068099999999994,9.0,111,0.0,8,8.0,[  1 188 112  73 255 253 239 127],0.0,01 BC 70 49 FF FD EF 7F,0x06F,00000002
32.0691,9.0,101,0.0,1,1.0,[0 0 0 0 0 0 0 0],0.0,00 00 00 00 00 00 00 00,0x065,00000002
32.0741,9.0,111,0.0,8,8.0,[185 147 176 183 254   1 240 127],0.0,B9 93 B0 B7 FE 01 F0 7F,0x06F,00000005
32.0751,9.0,101,0.0,1,1.0,[0 0 0 0 0 0 0 0],0.0,00 00 00 00 00 00 00 00,0x065,00000005
32.0764,9.0,111,0.0,8,8.0,[139 252  47  68 253   1 208 127],0.0,8B FC 2F 44 FD 01 D0 7F,0x06F,00000004
32.0774,9.0,101,0.0,1,1.0,[0 0 0 0 0 0 0 0],0.0,00 00 00 00 00 00 00 00,0x065,00000004
32.266149999999996,9.0,111,0.0,8,8.0,[  1 188 112 201 254 253 239 127],0.0,01 BC 70 C9 FE FD EF 7F,0x06F,00000002
32.266999999999996,9.0,101,0.0,1,1.0,[0 0 0 0 0 0 0 0],0.0,00 00 00 00 00 00 00 00,0x065,00000002
32.272149999999996,9.0,111,0.0,8,8.0,[185 147 144  55 255 249 239 127],0.0,B9 93 90 37 FF F9 EF 7F,0x06F,00000005
32.272999999999996,9.0,101,0.0,1,1.0,[0 0 0 0 0 0 0 0],0.0,00 00 00 00 00 00 00 00,0x065,00000005
32.2744,9.0,111,0.0,8,8.0,[139 252  79  68 253 253 175 127],0.0,8B FC 4F 44 FD FD AF 7F,0x06F,00000004
32.27525,9.0,101,0.0,1,1.0,[0 0 0 0 0 0 0 0],0.0,00 00 00 00 00 00 00 00,0x065,00000004
32.46415,9.0,111,0.0,8,8.0,[  1 188 112 201 254 253 239 127],0.0,01 BC 70 C9 FE FD EF 7F,0x06F,00000002
32.464999999999996,9.0,101,0.0,1,1.0,[0 0 0 0 0 0 0 0],0.0,00 00 00 00 00 00 00 00,0x065,00000002
32.47015,9.0,111,0.0,8,8.0,[185 147 144  55 255   5 240 127],0.0,B9 93 90 37 FF 05 F0 7F,0x06F,00000005
32.47115,9.0,101,0.0,1,1.0,[0 0 0 0 0 0 0 0],0.0,00 00 00 00 00 00 00 00,0x065,00000005
32.47255,9.0,111,0.0,8,8.0,[141 252  79  68 253   1 176 127],0.0,8D FC 4F 44 FD 01 B0 7F,0x06F,00000004
32.47315,9.0,101,0.0,1,1.0,[0 0 0 0 0 0 0 0],0.0,00 00 00 00 00 00 00 00,0x065,00000004
32.66215,9.0,111,0.0,8,8.0,[  1 188 112  73 255 253 239 127],0.0,01 BC 70 49 FF FD EF 7F,0x06F,00000002
32.663149999999995,9.0,101,0.0,1,1.0,[0 0 0 0 0 0 0 0],0.0,00 00 00 00 00 00 00 00,0x065,00000002
32.66815,9.0,111,0.0,8,8.0,[185 147 176 183 255   1 240 127],0.0,B9 93 B0 B7 FF 01 F0 7F,0x06F,00000005
32.66915,9.0,101,0.0,1,1.0,[0 0 0 0 0 0 0 0],0.0,00 00 00 00 00 00 00 00,0x065,00000005
32.67035,9.0,111,0.0,8,8.0,[139 252  47  68 253   9 176 127],0.0,8B FC 2F 44 FD 09 B0 7F,0x06F,00000004
32.6714,9.0,101,0.0,1,1.0,[0 0 0 0 0 0 0 0],0.0,00 00 00 00 00 00 00 00,0x065,00000004
32.86015,9.0,111,0.0,8,8.0,[  1 188 112  73 255 253 239 127],0.0,01 BC 70 49 FF FD EF 7F,0x06F,00000002
32.860899999999994,9.0,101,0.0,1,1.0,[0 0 0 0 0 0 0 0],0.0,00 00 00 00 00 00 00 00,0x065,00000002
32.86615,9.0,111,0.0,8,8.0,[185 147 176 183 254 253 239 127],0.0,B9 93 B0 B7 FE FD EF 7F,0x06F,00000005
32.866949999999996,9.0,101,0.0,1,1.0,[0 0 0 0 0 0 0 0],0.0,00 00 00 00 00 00 00 00,0x065,00000005
32.8684,9.0,111,0.0,8,8.0,[141 252  79  68 252   5 176 127],0.0,8D FC 4F 44 FC 05 B0 7F,0x06F,00000004
32.86915,9.0,101,0.0,1,1.0,[0 0 0 0 0 0 0 0],0.0,00 00 00 00 00 00 00 00,0x065,00000004
33.05815,9.0,111,0.0,8,8.0,[  1 188 112  73 255 253 239 127],0.0,01 BC 70 49 FF FD EF 7F,0x06F,00000002
33.059149999999995,9.0,101,0.0,1,1.0,[0 0 0 0 0 0 0 0],0.0,00 00 00 00 00 00 00 00,0x065,00000002
33.06415,9.0,111,0.0,8,8.0,[185 147 144  55 255 249 239 127],0.0,B9 93 90 37 FF F9 EF 7F,0x06F,00000005
33.065149999999996,9.0,101,0.0,1,1.0,[0 0 0 0 0 0 0 0],0.0,00 00 00 00 00 00 00 00,0x065,00000005
33.0664,9.0,111,0.0,8,8.0,[139 252  79 196 251   9 144 127],0.0,8B FC 4F C4 FB 09 90 7F,0x06F,00000004
33.0674,9.0,101,0.0,1,1.0,[0 0 0 0 0 0 0 0],0.0,00 00 00 00 00 00 00 00,0x065,00000004
33.25615,9.0,111,0.0,8,8.0,[  1 188 112  73 255 253 239 127],0.0,01 BC 70 49 FF FD EF 7F,0x06F,00000002
33.257149999999996,9.0,101,0.0,1,1.0,[0 0 0 0 0 0 0 0],0.0,00 00 00 00 00 00 00 00,0x065,00000002
33.26215,9.0,111,0.0,8,8.0,[185 147 176 183 254 241 239 127],0.0,B9 93 B0 B7 FE F1 EF 7F,0x06F,00000005
33.263149999999996,9.0,101,0.0,1,1.0,[0 0 0 0 0 0 0 0],0.0,00 00 00 00 00 00 00 00,0x065,00000005
33.264399999999995,9.0,111,0.0,8,8.0,[141 252  15 196 251   5 144 127],0.0,8D FC 0F C4 FB 05 90 7F,0x06F,00000004
33.2654,9.0,101,0.0,1,1.0,[0 0 0 0 0 0 0 0],0.0,00 00 00 00 00 00 00 00,0x065,00000004
33.4541,9.0,111,0.0,8,8.0,[  1 188 112  73 255 253 239 127],0.0,01 BC 70 49 FF FD EF 7F,0x06F,00000002
33.455149999999996,9.0,101,0.0,1,1.0,[0 0 0 0 0 0 0 0],0.0,00 00 00 00 00 00 00 00,0x065,00000002
33.46015,9.0,111,0.0,8,8.0,[183 147 144  55 255   1 240 127],0.0,B7 93 90 37 FF 01 F0 7F,0x06F,00000005
33.461149999999996,9.0,101,0.0,1,1.0,[0 0 0 0 0 0 0 0],0.0,00 00 00 00 00 00 00 00,0x065,00000005
33.462399999999995,9.0,111,0.0,8,8.0,[139 252  47 196 251   1 144 127],0.0,8B FC 2F C4 FB 01 90 7F,0x06F,00000004
33.4634,9.0,101,0.0,1,1.0,[0 0 0 0 0 0 0 0],0.0,00 00 00 00 00 00 00 00,0x065,00000004
33.6521,9.0,111,0.0,8,8.0,[  1 188 112  73 255 253 239 127],0.0,01 BC 70 49 FF FD EF 7F,0x06F,00000002
33.65315,9.0,101,0.0,1,1.0,[0 0 0 0 0 0 0 0],0.0,00 00 00 00 00 00 00 00,0x065,00000002
33.65815,9.0,111,0.0,8,8.0,[185 147 144  55 255 253 239 127],0.0,B9 93 90 37 FF FD EF 7F,0x06F,00000005
33.65915,9.0,101,0.0,1,1.0,[0 0 0 0 0 0 0 0],0.0,00 00 00 00 00 00 00 00,0x065,00000005
33.660399999999996,9.0,111,0.0,8,8.0,[139 252  79  68 252   5 144 127],0.0,8B FC 4F 44 FC 05 90 7F,0x06F,00000004
33.6614,9.0,101,0.0,1,1.0,[0 0 0 0 0 0 0 0],0.0,00 00 00 00 00 00 00 00,0x065,00000004
33.85015,9.0,111,0.0,8,8.0,[  1 188 112  73 255 253 239 127],0.0,01 BC 70 49 FF FD EF 7F,0x06F,00000002
33.85115,9.0,101,0.0,1,1.0,[0 0 0 0 0 0 0 0],0.0,00 00 00 00 00 00 00 00,0x065,00000002
33.85615,9.0,111,0.0,8,8.0,[185 147 176  55 255 253 239 127],0.0,B9 93 B0 37 FF FD EF 7F,0x06F,00000005
33.85715,9.0,101,0.0,1,1.0,[0 0 0 0 0 0 0 0],0.0,00 00 00 00 00 00 00 00,0x065,00000005
33.858399999999996,9.0,111,0.0,8,8.0,[139 252  79 196 252 253 175 127],0.0,8B FC 4F C4 FC FD AF 7F,0x06F,00000004
33.8594,9.0,101,0.0,1,1.0,[0 0 0 0 0 0 0 0],0.0,00 00 00 00 00 00 00 00,0x065,00000004
34.04815,9.0,111,0.0,8,8.0,[  1 188 112  73 255 253 239 127],0.0,01 BC 70 49 FF FD EF 7F,0x06F,00000002
34.04915,9.0,101,0.0,1,1.0,[0 0 0 0 0 0 0 0],0.0,00 00 00 00 00 00 00 00,0x065,00000002
34.05415,9.0,111,0.0,8,8.0,[185 147 176 183 254 249 239 127],0.0,B9 93 B0 B7 FE F9 EF 7F,0x06F,00000005
34.05515,9.0,101,0.0,1,1.0,[0 0 0 0 0 0 0 0],0.0,00 00 00 00 00 00 00 00,0x065,00000005
34.0564,9.0,111,0.0,8,8.0,[141 252  79  68 254 249 175 127],0.0,8D FC 4F 44 FE F9 AF 7F,0x06F,00000004
34.057199999999995,9.0,101,0.0,1,1.0,[0 0 0 0 0 0 0 0],0.0,00 00 00 00 00 00 00 00,0x065,00000004
34.24614999999999,9.0,111,0.0,8,8.0,[  1 188 112  73 255 253 239 127],0.0,01 BC 70 49 FF FD EF 7F,0x06F,00000002
34.24715,9.0,101,0.0,1,1.0,[0 0 0 0 0 0 0 0],0.0,00 00 00 00 00 00 00 00,0x065,00000002
34.25215,9.0,111,0.0,8,8.0,[185 147 144  55 255   1 240 127],0.0,B9 93 90 37 FF 01 F0 7F,0x06F,00000005
34.25315,9.0,101,0.0,1,1.0,[0 0 0 0 0 0 0 0],0.0,00 00 00 00 00 00 00 00,0x065,00000005
34.2544,9.0,111,0.0,8,8.0,[139 244  79 196 254 237 239 127],0.0,8B F4 4F C4 FE ED EF 7F,0x06F,00000004
34.255399999999995,9.0,101,0.0,1,1.0,[0 0 0 0 0 0 0 0],0.0,00 00 00 00 00 00 00 00,0x065,00000004
34.44414999999999,9.0,111,0.0,8,8.0,[  1 188 112  73 255 253 239 127],0.0,01 BC 70 49 FF FD EF 7F,0x06F,00000002
34.44515,9.0,101,0.0,1,1.0,[0 0 0 0 0 0 0 0],0.0,00 00 00 00 00 00 00 00,0x065,00000002
34.45015,9.0,111,0.0,8,8.0,[185 147 144  55 255 253 239 127],0.0,B9 93 90 37 FF FD EF 7F,0x06F,00000005
34.45115,9.0,101,0.0,1,1.0,[0 0 0 0 0 0 0 0],0.0,00 00 00 00 00 00 00 00,0x065,00000005
34.4524,9.0,111,0.0,8,8.0,[141 244  79  68 254   1 208 127],0.0,8D F4 4F 44 FE 01 D0 7F,0x06F,00000004
34.453399999999995,9.0,101,0.0,1,1.0,[0 0 0 0 0 0 0 0],0.0,00 00 00 00 00 00 00 00,0x065,00000004
34.642149999999994,9.0,111,0.0,8,8.0,[  1 188 112  73 255 253 239 127],0.0,01 BC 70 49 FF FD EF 7F,0x06F,00000002
34.64315,9.0,101,0.0,1,1.0,[0 0 0 0 0 0 0 0],0.0,00 00 00 00 00 00 00 00,0x065,00000002
34.64815,9.0,111,0.0,8,8.0,[185 147 144 183 254   1 240 127],0.0,B9 93 90 B7 FE 01 F0 7F,0x06F,00000005
34.64915,9.0,101,0.0,1,1.0,[0 0 0 0 0 0 0 0],0.0,00 00 00 00 00 00 00 00,0x065,00000005
34.6504,9.0,111,0.0,8,8.0,[139 252  79 196 254 253 207 127],0.0,8B FC 4F C4 FE FD CF 7F,0x06F,00000004
34.651399999999995,9.0,101,0.0,1,1.0,[0 0 0 0 0 0 0 0],0.0,00 00 00 00 00 00 00 00,0x065,00000004
34.840149999999994,9.0,111,0.0,8,8.0,[  1 188 112  73 255 253 239 127],0.0,01 BC 70 49 FF FD EF 7F,0x06F,00000002
34.8413,9.0,101,0.0,1,1.0,[0 0 0 0 0 0 0 0],0.0,00 00 00 00 00 00 00 00,0x065,00000002
34.84615,9.0,111,0.0,8,8.0,[185 147 176 183 254 249 239 127],0.0,B9 93 B0 B7 FE F9 EF 7F,0x06F,00000005
34.8473,9.0,101,0.0,1,1.0,[0 0 0 0 0 0 0 0],0.0,00 00 00 00 00 00 00 00,0x065,00000005
34.8484,9.0,111,0.0,8,8.0,[141 244  79  68 254   1 240 127],0.0,8D F4 4F 44 FE 01 F0 7F,0x06F,00000004
34.849399999999996,9.0,101,0.0,1,1.0,[0 0 0 0 0 0 0 0],0.0,00 00 00 00 00 00 00 00,0x065,00000004
35.038149999999995,9.0,111,0.0,8,8.0,[  1 188 112  73 255 253 239 127],0.0,01 BC 70 49 FF FD EF 7F,0x06F,00000002
35.0398,9.0,101,0.0,1,1.0,[0 0 0 0 0 0 0 0],0.0,00 00 00 00 00 00 00 00,0x065,00000002
35.04415,9.0,111,0.0,8,8.0,[185 147 144 183 254 249 239 127],0.0,B9 93 90 B7 FE F9 EF 7F,0x06F,00000005
35.0452,9.0,101,0.0,1,1.0,[0 0 0 0 0 0 0 0],0.0,00 00 00 00 00 00 00 00,0x065,00000005
35.0464,9.0,111,0.0,8,8.0,[139 244  79  68 254 249 207 127],0.0,8B F4 4F 44 FE F9 CF 7F,0x06F,00000004
35.0481,9.0,101,0.0,1,1.0,[0 0 0 0 0 0 0 0],0.0,00 00 00 00 00 00 00 00,0x065,00000004
35.236149999999995,9.0,111,0.0,8,8.0,[  1 188 112  73 255 253 239 127],0.0,01 BC 70 49 FF FD EF 7F,0x06F,00000002
35.2373,9.0,101,0.0,1,1.0,[0 0 0 0 0 0 0 0],0.0,00 00 00 00 00 00 00 00,0x065,00000002
35.24215,9.0,111,0.0,8,8.0,[185 147 144  55 255 249 239 127],0.0,B9 93 90 37 FF F9 EF 7F,0x06F,00000005
35.2444,9.0,111,0.0,8,8.0,[141 244  79  68 254   5 240 127],0.0,8D F4 4F 44 FE 05 F0 7F,0x06F,00000004
35.24555,9.0,101,0.0,1,1.0,[0 0 0 0 0 0 0 0],0.0,00 00 00 00 00 00 00 00,0x065,00000004
35.434149999999995,9.0,111,0.0,8,8.0,[  1 188 112  73 255 253 239 127],0.0,01 BC 70 49 FF FD EF 7F,0x06F,00000002
35.4404,9.0,101,0.0,1,1.0,[0 0 0 0 0 0 0 0],0.0,00 00 00 00 00 00 00 00,0x065,00000005
35.4416,9.0,111,0.0,8,8.0,[185 147 144 183 255 249 239 127],0.0,B9 93 90 B7 FF F9 EF 7F,0x06F,00000005
35.4424,9.0,111,0.0,8,8.0,[141 244  47  68 254 249 239 127],0.0,8D F4 2F 44 FE F9 EF 7F,0x06F,00000004
35.4434,9.0,101,0.0,1,1.0,[0 0 0 0 0 0 0 0],0.0,00 00 00 00 00 00 00 00,0x065,00000004
35.6324,9.0,101,0.0,1,1.0,[0 0 0 0 0 0 0 0],0.0,00 00 00 00 00 00 00 00,0x065,00000002
35.633599999999994,9.0,111,0.0,8,8.0,[  1 188 112  73 255 253 239 127],0.0,01 BC 70 49 FF FD EF 7F,0x06F,00000002
35.63845,9.0,101,0.0,1,1.0,[0 0 0 0 0 0 0 0],0.0,00 00 00 00 00 00 00 00,0x065,00000005
35.6396,9.0,111,0.0,8,8.0,[183 147 144 183 255 253 239 127],0.0,B7 93 90 B7 FF FD EF 7F,0x06F,00000005
35.6404,9.0,111,0.0,8,8.0,[139 244  79  68 254   1 240 127],0.0,8B F4 4F 44 FE 01 F0 7F,0x06F,00000004
35.83045,9.0,101,0.0,1,1.0,[0 0 0 0 0 0 0 0],0.0,00 00 00 00 00 00 00 00,0x065,00000002
35.831599999999995,9.0,111,0.0,8,8.0,[  1 188 112  73 255 253 239 127],0.0,01 BC 70 49 FF FD EF 7F,0x06F,00000002
35.83645,9.0,101,0.0,1,1.0,[0 0 0 0 0 0 0 0],0.0,00 00 00 00 00 00 00 00,0x065,00000005
35.83765,9.0,111,0.0,8,8.0,[185 147 176  55 255 245 239 127],0.0,B9 93 B0 37 FF F5 EF 7F,0x06F,00000005
35.838699999999996,9.0,101,0.0,1,1.0,[0 0 0 0 0 0 0 0],0.0,00 00 00 00 00 00 00 00,0x065,00000004
35.83985,9.0,111,0.0,8,8.0,[139 236  47  68 254   1 240 127],0.0,8B EC 2F 44 FE 01 F0 7F,0x06F,00000004
36.02845,9.0,101,0.0,1,1.0,[0 0 0 0 0 0 0 0],0.0,00 00 00 00 00 00 00 00,0x065,00000002
36.02974999999999,9.0,111,0.0,8,8.0,[  1 188 112  73 255 253 239 127],0.0,01 BC 70 49 FF FD EF 7F,0x06F,00000002
36.03445,9.0,101,0.0,1,1.0,[0 0 0 0 0 0 0 0],0.0,00 00 00 00 00 00 00 00,0x065,00000005
36.03575,9.0,111,0.0,8,8.0,[185 147 176 183 254 253 239 127],0.0,B9 93 B0 B7 FE FD EF 7F,0x06F,00000005
36.036699999999996,9.0,101,0.0,1,1.0,[0 0 0 0 0 0 0 0],0.0,00 00 00 00 00 00 00 00,0x065,00000004
36.038,9.0,111,0.0,8,8.0,[139 244 111  68 254 245 239 127],0.0,8B F4 6F 44 FE F5 EF 7F,0x06F,00000004
36.22644999999999,9.0,101,0.0,1,1.0,[0 0 0 0 0 0 0 0],0.0,00 00 00 00 00 00 00 00,0x065,00000002
36.227599999999995,9.0,111,0.0,8,8.0,[  1 188 112  73 255 253 239 127],0.0,01 BC 70 49 FF FD EF 7F,0x06F,00000002
36.23245,9.0,101,0.0,1,1.0,[0 0 0 0 0 0 0 0],0.0,00 00 00 00 00 00 00 00,0x065,00000005
36.23365,9.0,111,0.0,8,8.0,[185 147 176  55 255 249 239 127],0.0,B9 93 B0 37 FF F9 EF 7F,0x06F,00000005
36.234649999999995,9.0,101,0.0,1,1.0,[0 0 0 0 0 0 0 0],0.0,00 00 00 00 00 00 00 00,0x065,00000004
36.23585,9.0,111,0.0,8,8.0,[139   4 112  68 254 245 207 127],0.0,8B 04 70 44 FE F5 CF 7F,0x06F,00000004
36.42444999999999,9.0,101,0.0,1,1.0,[0 0 0 0 0 0 0 0],0.0,00 00 00 00 00 00 00 00,0x065,00000002
36.425599999999996,9.0,111,0.0,8,8.0,[  1 188 112  73 255 253 239 127],0.0,01 BC 70 49 FF FD EF 7F,0x06F,00000002
36.43045,9.0,101,0.0,1,1.0,[0 0 0 0 0 0 0 0],0.0,00 00 00 00 00 00 00 00,0x065,00000005
36.43165,9.0,111,0.0,8,8.0,[185 147 176 183 255   9 240 127],0.0,B9 93 B0 B7 FF 09 F0 7F,0x06F,00000005
36.4327,9.0,101,0.0,1,1.0,[0 0 0 0 0 0 0 0],0.0,00 00 00 00 00 00 00 00,0x065,00000004
36.4339,9.0,111,0.0,8,8.0,[139 252  79  68 254 249 239 127],0.0,8B FC 4F 44 FE F9 EF 7F,0x06F,00000004
36.62264999999999,9.0,101,0.0,1,1.0,[0 0 0 0 0 0 0 0],0.0,00 00 00 00 00 00 00 00,0x065,00000002
36.623599999999996,9.0,111,0.0,8,8.0,[  1 188 112  73 255 253 239 127],0.0,01 BC 70 49 FF FD EF 7F,0x06F,00000002
36.6287,9.0,101,0.0,1,1.0,[0 0 0 0 0 0 0 0],0.0,00 00 00 00 00 00 00 00,0x065,00000005
36.629599999999996,9.0,111,0.0,8,8.0,[183 147 144  55 254 245 239 127],0.0,B7 93 90 37 FE F5 EF 7F,0x06F,00000005
36.6309,9.0,101,0.0,1,1.0,[0 0 0 0 0 0 0 0],0.0,00 00 00 00 00 00 00 00,0x065,00000004
36.631899999999995,9.0,111,0.0,8,8.0,[141 252  79  68 254 245 239 127],0.0,8D FC 4F 44 FE F5 EF 7F,0x06F,00000004
36.820449999999994,9.0,101,0.0,1,1.0,[0 0 0 0 0 0 0 0],0.0,00 00 00 00 00 00 00 00,0x065,00000002
36.8216,9.0,111,0.0,8,8.0,[  1 188 112 201 254 253 239 127],0.0,01 BC 70 C9 FE FD EF 7F,0x06F,00000002
36.82645,9.0,101,0.0,1,1.0,[0 0 0 0 0 0 0 0],0.0,00 00 00 00 00 00 00 00,0x065,00000005
36.8276,9.0,111,0.0,8,8.0,[185 147 176 183 254 249 239 127],0.0,B9 93 B0 B7 FE F9 EF 7F,0x06F,00000005
36.8287,9.0,101,0.0,1,1.0,[0 0 0 0 0 0 0 0],0.0,00 00 00 00 00 00 00 00,0x065,00000004
36.829899999999995,9.0,111,0.0,8,8.0,[141 252  79  68 254 253 207 127],0.0,8D FC 4F 44 FE FD CF 7F,0x06F,00000004
37.018449999999994,9.0,101,0.0,1,1.0,[0 0 0 0 0 0 0 0],0.0,00 00 00 00 00 00 00 00,0x065,00000002
37.019749999999995,9.0,111,0.0,8,8.0,[  1 188 112  73 255 253 239 127],0.0,01 BC 70 49 FF FD EF 7F,0x06F,00000002
37.02445,9.0,101,0.0,1,1.0,[0 0 0 0 0 0 0 0],0.0,00 00 00 00 00 00 00 00,0x065,00000005
37.02575,9.0,111,0.0,8,8.0,[185 147 144 183 255 253 239 127],0.0,B9 93 90 B7 FF FD EF 7F,0x06F,00000005
37.0267,9.0,101,0.0,1,1.0,[0 0 0 0 0 0 0 0],0.0,00 00 00 00 00 00 00 00,0x065,00000004
37.028099999999995,9.0,111,0.0,8,8.0,[139 252  79  68 254 253 207 127],0.0,8B FC 4F 44 FE FD CF 7F,0x06F,00000004
37.216449999999995,9.0,101,0.0,1,1.0,[0 0 0 0 0 0 0 0],0.0,00 00 00 00 00 00 00 00,0x065,00000002
37.2176,9.0,111,0.0,8,8.0,[  1 188 112  73 255 253 239 127],0.0,01 BC 70 49 FF FD EF 7F,0x06F,00000002
37.22245,9.0,101,0.0,1,1.0,[0 0 0 0 0 0 0 0],0.0,00 00 00 00 00 00 00 00,0x065,00000005
37.22365,9.0,111,0.0,8,8.0,[185 147 144 183 254 253 239 127],0.0,B9 93 90 B7 FE FD EF 7F,0x06F,00000005
37.2247,9.0,101,0.0,1,1.0,[0 0 0 0 0 0 0 0],0.0,00 00 00 00 00 00 00 00,0x065,00000004
37.225899999999996,9.0,111,0.0,8,8.0,[139 252  79 196 254 245 239 127],0.0,8B FC 4F C4 FE F5 EF 7F,0x06F,00000004
37.414649999999995,9.0,101,0.0,1,1.0,[0 0 0 0 0 0 0 0],0.0,00 00 00 00 00 00 00 00,0x065,00000002
37.41565,9.0,111,0.0,8,8.0,[  1 188 112  73 255 253 239 127],0.0,01 BC 70 49 FF FD EF 7F,0x06F,00000002
37.42065,9.0,101,0.0,1,1.0,[0 0 0 0 0 0 0 0],0.0,00 00 00 00 00 00 00 00,0x065,00000005
37.42165,9.0,111,0.0,8,8.0,[185 147 176  55 255   5 240 127],0.0,B9 93 B0 37 FF 05 F0 7F,0x06F,00000005
37.4227,9.0,101,0.0,1,1.0,[0 0 0 0 0 0 0 0],0.0,00 00 00 00 00 00 00 00,0x065,00000004
37.423899999999996,9.0,111,0.0,8,8.0,[141 252 111  68 254 253 207 127],0.0,8D FC 6F 44 FE FD CF 7F,0x06F,00000004
37.612449999999995,9.0,101,0.0,1,1.0,[0 0 0 0 0 0 0 0],0.0,00 00 00 00 00 00 00 00,0x065,00000002
37.61364999999999,9.0,111,0.0,8,8.0,[  1 188 112 201 254 253 239 127],0.0,01 BC 70 C9 FE FD EF 7F,0x06F,00000002
37.618449999999996,9.0,101,0.0,1,1.0,[0 0 0 0 0 0 0 0],0.0,00 00 00 00 00 00 00 00,0x065,00000005
37.61965,9.0,111,0.0,8,8.0,[185 147 144  55 255 253 239 127],0.0,B9 93 90 37 FF FD EF 7F,0x06F,00000005
37.6207,9.0,101,0.0,1,1.0,[0 0 0 0 0 0 0 0],0.0,00 00 00 00 00 00 00 00,0x065,00000004
37.6219,9.0,111,0.0,8,8.0,[141 252  79  68 254 249 239 127],0.0,8D FC 4F 44 FE F9 EF 7F,0x06F,00000004
37.810649999999995,9.0,101,0.0,1,1.0,[0 0 0 0 0 0 0 0],0.0,00 00 00 00 00 00 00 00,0x065,00000002
37.81164999999999,9.0,111,0.0,8,8.0,[  1 188 112  73 255 253 239 127],0.0,01 BC 70 49 FF FD EF 7F,0x06F,00000002
37.8167,9.0,101,0.0,1,1.0,[0 0 0 0 0 0 0 0],0.0,00 00 00 00 00 00 00 00,0x065,00000005
37.81765,9.0,111,0.0,8,8.0,[185 147 176 183 254 253 239 127],0.0,B9 93 B0 B7 FE FD EF 7F,0x06F,00000005
37.81895,9.0,101,0.0,1,1.0,[0 0 0 0 0 0 0 0],0.0,00 00 00 00 00 00 00 00,0x065,00000004
37.8199,9.0,111,0.0,8,8.0,[139 252  79  68 254 253 207 127],0.0,8B FC 4F 44 FE FD CF 7F,0x06F,00000004
38.008449999999996,9.0,101,0.0,1,1.0,[0 0 0 0 0 0 0 0],0.0,00 00 00 00 00 00 00 00,0x065,00000002
38.00975,9.0,111,0.0,8,8.0,[  1 188 112  73 255 253 239 127],0.0,01 BC 70 49 FF FD EF 7F,0x06F,00000002
38.01445,9.0,101,0.0,1,1.0,[0 0 0 0 0 0 0 0],0.0,00 00 00 00 00 00 00 00,0x065,00000005
38.01575,9.0,111,0.0,8,8.0,[185 147 144  55 255 253 239 127],0.0,B9 93 90 37 FF FD EF 7F,0x06F,00000005
38.0167,9.0,101,0.0,1,1.0,[0 0 0 0 0 0 0 0],0.0,00 00 00 00 00 00 00 00,0x065,00000004
38.0181,9.0,111,0.0,8,8.0,[139 252  47  68 254 249 207 127],0.0,8B FC 2F 44 FE F9 CF 7F,0x06F,00000004
38.20645,9.0,101,0.0,1,1.0,[0 0 0 0 0 0 0 0],0.0,00 00 00 00 00 00 00 00,0x065,00000002
38.207649999999994,9.0,111,0.0,8,8.0,[  1 188 112  73 255 253 239 127],0.0,01 BC 70 49 FF FD EF 7F,0x06F,00000002
38.21245,9.0,101,0.0,1,1.0,[0 0 0 0 0 0 0 0],0.0,00 00 00 00 00 00 00 00,0x065,00000005
38.21365,9.0,111,0.0,8,8.0,[185 147 144 183 254 241 239 127],0.0,B9 93 90 B7 FE F1 EF 7F,0x06F,00000005
38.2147,9.0,101,0.0,1,1.0,[0 0 0 0 0 0 0 0],0.0,00 00 00 00 00 00 00 00,0x065,00000004
38.2159,9.0,111,0.0,8,8.0,[141 252  79 196 253 249 207 127],0.0,8D FC 4F C4 FD F9 CF 7F,0x06F,00000004
38.4047,9.0,101,0.0,1,1.0,[0 0 0 0 0 0 0 0],0.0,00 00 00 00 00 00 00 00,0x065,00000002
38.405649999999994,9.0,111,0.0,8,8.0,[  1 188 112 201 254 253 239 127],0.0,01 BC 70 C9 FE FD EF 7F,0x06F,00000002
38.4107,9.0,101,0.0,1,1.0,[0 0 0 0 0 0 0 0],0.0,00 00 00 00 00 00 00 00,0x065,00000005
38.41165,9.0,111,0.0,8,8.0,[185 147 144  55 255   1 240 127],0.0,B9 93 90 37 FF 01 F0 7F,0x06F,00000005
38.412949999999995,9.0,101,0.0,1,1.0,[0 0 0 0 0 0 0 0],0.0,00 00 00 00 00 00 00 00,0x065,00000004
38.4139,9.0,111,0.0,8,8.0,[141 252  79 196 253 249 207 127],0.0,8D FC 4F C4 FD F9 CF 7F,0x06F,00000004
38.6027,9.0,101,0.0,1,1.0,[0 0 0 0 0 0 0 0],0.0,00 00 00 00 00 00 00 00,0x065,00000002
38.603649999999995,9.0,111,0.0,8,8.0,[  1 188 112  73 255 253 239 127],0.0,01 BC 70 49 FF FD EF 7F,0x06F,00000002
38.6087,9.0,101,0.0,1,1.0,[0 0 0 0 0 0 0 0],0.0,00 00 00 00 00 00 00 00,0x065,00000005
38.60965,9.0,111,0.0,8,8.0,[185 147 176 183 254 249 239 127],0.0,B9 93 B0 B7 FE F9 EF 7F,0x06F,00000005
38.6109,9.0,101,0.0,1,1.0,[0 0 0 0 0 0 0 0],0.0,00 00 00 00 00 00 00 00,0x065,00000004
38.6119,9.0,111,0.0,8,8.0,[139 252  47  68 254 249 239 127],0.0,8B FC 2F 44 FE F9 EF 7F,0x06F,00000004
38.80045,9.0,101,0.0,1,1.0,[0 0 0 0 0 0 0 0],0.0,00 00 00 00 00 00 00 00,0x065,00000002
38.801649999999995,9.0,111,0.0,8,8.0,[  1 188 112  73 255 253 239 127],0.0,01 BC 70 49 FF FD EF 7F,0x06F,00000002
38.80645,9.0,101,0.0,1,1.0,[0 0 0 0 0 0 0 0],0.0,00 00 00 00 00 00 00 00,0x065,00000005
38.807649999999995,9.0,111,0.0,8,8.0,[185 147 176  55 255   1 240 127],0.0,B9 93 B0 37 FF 01 F0 7F,0x06F,00000005
38.808699999999995,9.0,101,0.0,1,1.0,[0 0 0 0 0 0 0 0],0.0,00 00 00 00 00 00 00 00,0x065,00000004
38.8099,9.0,111,0.0,8,8.0,[139 252  47 196 253 249 207 127],0.0,8B FC 2F C4 FD F9 CF 7F,0x06F,00000004
38.99869999999999,9.0,101,0.0,1,1.0,[0 0 0 0 0 0 0 0],0.0,00 00 00 00 00 00 00 00,0x065,00000002
38.99979999999999,9.0,111,0.0,8,8.0,[  1 188 112  73 255 253 239 127],0.0,01 BC 70 49 FF FD EF 7F,0x06F,00000002
39.0047,9.0,101,0.0,1,1.0,[0 0 0 0 0 0 0 0],0.0,00 00 00 00 00 00 00 00,0x065,00000005
39.0058,9.0,111,0.0,8,8.0,[185 147 144  55 255 253 239 127],0.0,B9 93 90 37 FF FD EF 7F,0x06F,00000005
39.006949999999996,9.0,101,0.0,1,1.0,[0 0 0 0 0 0 0 0],0.0,00 00 00 00 00 00 00 00,0x065,00000004
39.0081,9.0,111,0.0,8,8.0,[139 252  47  68 254 245 207 127],0.0,8B FC 2F 44 FE F5 CF 7F,0x06F,00000004
39.19669999999999,9.0,101,0.0,1,1.0,[0 0 0 0 0 0 0 0],0.0,00 00 00 00 00 00 00 00,0x065,00000002
39.197649999999996,9.0,111,0.0,8,8.0,[  1 188 112  73 255 253 239 127],0.0,01 BC 70 49 FF FD EF 7F,0x06F,00000002
39.2027,9.0,101,0.0,1,1.0,[0 0 0 0 0 0 0 0],0.0,00 00 00 00 00 00 00 00,0x065,00000005
39.203649999999996,9.0,111,0.0,8,8.0,[185 147 144 183 254 245 239 127],0.0,B9 93 90 B7 FE F5 EF 7F,0x06F,00000005
39.20495,9.0,101,0.0,1,1.0,[0 0 0 0 0 0 0 0],0.0,00 00 00 00 00 00 00 00,0x065,00000004
39.205949999999994,9.0,111,0.0,8,8.0,[141 252  79 196 253 249 239 127],0.0,8D FC 4F C4 FD F9 EF 7F,0x06F,00000004
39.39445,9.0,101,0.0,1,1.0,[0 0 0 0 0 0 0 0],0.0,00 00 00 00 00 00 00 00,0x065,00000002
39.395649999999996,9.0,111,0.0,8,8.0,[  1 188 112  73 255 253 239 127],0.0,01 BC 70 49 FF FD EF 7F,0x06F,00000002
39.40045,9.0,101,0.0,1,1.0,[0 0 0 0 0 0 0 0],0.0,00 00 00 00 00 00 00 00,0x065,00000005
39.40165,9.0,111,0.0,8,8.0,[185 147 176 183 254 245 239 127],0.0,B9 93 B0 B7 FE F5 EF 7F,0x06F,00000005
39.40275,9.0,101,0.0,1,1.0,[0 0 0 0 0 0 0 0],0.0,00 00 00 00 00 00 00 00,0x065,00000004
39.4039,9.0,111,0.0,8,8.0,[139 252  79 196 253   1 208 127],0.0,8B FC 4F C4 FD 01 D0 7F,0x06F,00000004
39.59265,9.0,101,0.0,1,1.0,[0 0 0 0 0 0 0 0],0.0,00 00 00 00 00 00 00 00,0x065,00000002
39.59365,9.0,111,0.0,8,8.0,[  1 188 112  73 255 253 239 127],0.0,01 BC 70 49 FF FD EF 7F,0x06F,00000002
39.5987,9.0,101,0.0,1,1.0,[0 0 0 0 0 0 0 0],0.0,00 00 00 00 00 00 00 00,0x065,00000005
39.59965,9.0,111,0.0,8,8.0,[185 147 176  55 255   1 240 127],0.0,B9 93 B0 37 FF 01 F0 7F,0x06F,00000005
39.60095,9.0,101,0.0,1,1.0,[0 0 0 0 0 0 0 0],0.0,00 00 00 00 00 00 00 00,0x065,00000004
39.6019,9.0,111,0.0,8,8.0,[141   4  48 196 253   1 208 127],0.0,8D 04 30 C4 FD 01 D0 7F,0x06F,00000004
39.790699999999994,9.0,101,0.0,1,1.0,[0 0 0 0 0 0 0 0],0.0,00 00 00 00 00 00 00 00,0x065,00000002
39.79165,9.0,111,0.0,8,8.0,[  1 188 112  73 255 253 239 127],0.0,01 BC 70 49 FF FD EF 7F,0x06F,00000002
39.7967,9.0,101,0.0,1,1.0,[0 0 0 0 0 0 0 0],0.0,00 00 00 00 00 00 00 00,0x065,00000005
39.79765,9.0,111,0.0,8,8.0,[185 147 176  55 255 253 239 127],0.0,B9 93 B0 37 FF FD EF 7F,0x06F,00000005
39.79895,9.0,101,0.0,1,1.0,[0 0 0 0 0 0 0 0],0.0,00 00 00 00 00 00 00 00,0x065,00000004
39.8,9.0,111,0.0,8,8.0,[141 252  47 196 253 249 207 127],0.0,8D FC 2F C4 FD F9 CF 7F,0x06F,00000004
39.9882,9.0,111,0.0,8,8.0,[  1 188 112  73 255 253 239 127],0.0,01 BC 70 49 FF FD EF 7F,0x06F,00000002
39.98885,9.0,101,0.0,1,1.0,[0 0 0 0 0 0 0 0],0.0,00 00 00 00 00 00 00 00,0x065,00000002
39.9942,9.0,111,0.0,8,8.0,[185 147 176  55 255 253 239 127],0.0,B9 93 B0 37 FF FD EF 7F,0x06F,00000005
39.99485,9.0,101,0.0,1,1.0,[0 0 0 0 0 0 0 0],0.0,00 00 00 00 00 00 00 00,0x065,00000005
39.9965,9.0,111,0.0,8,8.0,[141 244  15  68 253   5 208 127],0.0,8D F4 0F 44 FD 05 D0 7F,0x06F,00000004
39.997099999999996,9.0,101,0.0,1,1.0,[0 0 0 0 0 0 0 0],0.0,00 00 00 00 00 00 00 00,0x065,00000004
40.186699999999995,9.0,101,0.0,1,1.0,[0 0 0 0 0 0 0 0],0.0,00 00 00 00 00 00 00 00,0x065,00000002
40.18769999999999,9.0,111,0.0,8,8.0,[  1 188 112  73 255 253 239 127],0.0,01 BC 70 49 FF FD EF 7F,0x06F,00000002
40.1927,9.0,101,0.0,1,1.0,[0 0 0 0 0 0 0 0],0.0,00 00 00 00 00 00 00 00,0x065,00000005
40.1937,9.0,111,0.0,8,8.0,[185 147 144  55 255 249 239 127],0.0,B9 93 90 37 FF F9 EF 7F,0x06F,00000005
40.19495,9.0,101,0.0,1,1.0,[0 0 0 0 0 0 0 0],0.0,00 00 00 00 00 00 00 00,0x065,00000004
40.196,9.0,111,0.0,8,8.0,[141 244  47  68 253   1 208 127],0.0,8D F4 2F 44 FD 01 D0 7F,0x06F,00000004
40.384699999999995,9.0,101,0.0,1,1.0,[0 0 0 0 0 0 0 0],0.0,00 00 00 00 00 00 00 00,0x065,00000002
40.38565,9.0,111,0.0,8,8.0,[  1 188 112  73 255 253 239 127],0.0,01 BC 70 49 FF FD EF 7F,0x06F,00000002
40.390699999999995,9.0,101,0.0,1,1.0,[0 0 0 0 0 0 0 0],0.0,00 00 00 00 00 00 00 00,0x065,00000005
40.3917,9.0,111,0.0,8,8.0,[185 147 144  55 255 253 239 127],0.0,B9 93 90 37 FF FD EF 7F,0x06F,00000005
40.39295,9.0,101,0.0,1,1.0,[0 0 0 0 0 0 0 0],0.0,00 00 00 00 00 00 00 00,0x065,00000004
40.394,9.0,111,0.0,8,8.0,[141 244  47  68 253 253 207 127],0.0,8D F4 2F 44 FD FD CF 7F,0x06F,00000004
40.582499999999996,9.0,101,0.0,1,1.0,[0 0 0 0 0 0 0 0],0.0,00 00 00 00 00 00 00 00,0x065,00000002
40.58365,9.0,111,0.0,8,8.0,[  1 188 112  73 255 253 239 127],0.0,01 BC 70 49 FF FD EF 7F,0x06F,00000002
40.588499999999996,9.0,101,0.0,1,1.0,[0 0 0 0 0 0 0 0],0.0,00 00 00 00 00 00 00 00,0x065,00000005
40.5897,9.0,111,0.0,8,8.0,[185 147 176 183 254 249 239 127],0.0,B9 93 B0 B7 FE F9 EF 7F,0x06F,00000005
40.59075,9.0,101,0.0,1,1.0,[0 0 0 0 0 0 0 0],0.0,00 00 00 00 00 00 00 00,0x065,00000004
40.592,9.0,111,0.0,8,8.0,[139 244  47 196 253 249 207 127],0.0,8B F4 2F C4 FD F9 CF 7F,0x06F,00000004
40.780699999999996,9.0,101,0.0,1,1.0,[0 0 0 0 0 0 0 0],0.0,00 00 00 00 00 00 00 00,0x065,00000002
40.78165,9.0,111,0.0,8,8.0,[  1 188 112  73 255 253 239 127],0.0,01 BC 70 49 FF FD EF 7F,0x06F,00000002
40.786699999999996,9.0,101,0.0,1,1.0,[0 0 0 0 0 0 0 0],0.0,00 00 00 00 00 00 00 00,0x065,00000005
40.78765,9.0,111,0.0,8,8.0,[185 147 144  55 255 253 239 127],0.0,B9 93 90 37 FF FD EF 7F,0x06F,00000005
40.78895,9.0,101,0.0,1,1.0,[0 0 0 0 0 0 0 0],0.0,00 00 00 00 00 00 00 00,0x065,00000004
40.79,9.0,111,0.0,8,8.0,[141 236  47  68 254   5 208 127],0.0,8D EC 2F 44 FE 05 D0 7F,0x06F,00000004
40.978699999999996,9.0,101,0.0,1,1.0,[0 0 0 0 0 0 0 0],0.0,00 00 00 00 00 00 00 00,0x065,00000002
40.9798,9.0,111,0.0,8,8.0,[  1 188 112  73 255 253 239 127],0.0,01 BC 70 49 FF FD EF 7F,0x06F,00000002
40.98475,9.0,101,0.0,1,1.0,[0 0 0 0 0 0 0 0],0.0,00 00 00 00 00 00 00 00,0x065,00000005
40.98585,9.0,111,0.0,8,8.0,[185 147 144  55 254   1 240 127],0.0,B9 93 90 37 FE 01 F0 7F,0x06F,00000005
40.98695,9.0,101,0.0,1,1.0,[0 0 0 0 0 0 0 0],0.0,00 00 00 00 00 00 00 00,0x065,00000004
40.98815,9.0,111,0.0,8,8.0,[141 236  79 196 253   5 208 127],0.0,8D EC 4F C4 FD 05 D0 7F,0x06F,00000004
41.176249999999996,9.0,111,0.0,8,8.0,[  1 188 112  73 255 253 239 127],0.0,01 BC 70 49 FF FD EF 7F,0x06F,00000002
41.176849999999995,9.0,101,0.0,1,1.0,[0 0 0 0 0 0 0 0],0.0,00 00 00 00 00 00 00 00,0x065,00000002
41.182249999999996,9.0,111,0.0,8,8.0,[185 147 176  55   0 242 239 127],0.0,B9 93 B0 37 00 F2 EF 7F,0x06F,00000005
41.1829,9.0,101,0.0,1,1.0,[0 0 0 0 0 0 0 0],0.0,00 00 00 00 00 00 00 00,0x065,00000005
41.18445,9.0,111,0.0,8,8.0,[139 228 111  68 254 249 207 127],0.0,8B E4 6F 44 FE F9 CF 7F,0x06F,00000004
41.18515,9.0,101,0.0,1,1.0,[0 0 0 0 0 0 0 0],0.0,00 00 00 00 00 00 00 00,0x065,00000004
41.3747,9.0,101,0.0,1,1.0,[0 0 0 0 0 0 0 0],0.0,00 00 00 00 00 00 00 00,0x065,00000002
41.37564999999999,9.0,111,0.0,8,8.0,[  1 188 112  73 255 253 239 127],0.0,01 BC 70 49 FF FD EF 7F,0x06F,00000002
41.3807,9.0,101,0.0,1,1.0,[0 0 0 0 0 0 0 0],0.0,00 00 00 00 00 00 00 00,0x065,00000005
41.3817,9.0,111,0.0,8,8.0,[185 147 144  55 255 253 239 127],0.0,B9 93 90 37 FF FD EF 7F,0x06F,00000005
41.382999999999996,9.0,101,0.0,1,1.0,[0 0 0 0 0 0 0 0],0.0,00 00 00 00 00 00 00 00,0x065,00000004
41.384049999999995,9.0,111,0.0,8,8.0,[141 228  79  68 254 253 207 127],0.0,8D E4 4F 44 FE FD CF 7F,0x06F,00000004
41.5727,9.0,101,0.0,1,1.0,[0 0 0 0 0 0 0 0],0.0,00 00 00 00 00 00 00 00,0x065,00000002
41.573699999999995,9.0,111,0.0,8,8.0,[  1 188 112  73 255 253 239 127],0.0,01 BC 70 49 FF FD EF 7F,0x06F,00000002
41.5787,9.0,101,0.0,1,1.0,[0 0 0 0 0 0 0 0],0.0,00 00 00 00 00 00 00 00,0x065,00000005
41.579699999999995,9.0,111,0.0,8,8.0,[185 147 144 183 254   1 240 127],0.0,B9 93 90 B7 FE 01 F0 7F,0x06F,00000005
41.580999999999996,9.0,101,0.0,1,1.0,[0 0 0 0 0 0 0 0],0.0,00 00 00 00 00 00 00 00,0x065,00000004
41.582,9.0,111,0.0,8,8.0,[139 228  79  68 254 249 175 127],0.0,8B E4 4F 44 FE F9 AF 7F,0x06F,00000004
41.7707,9.0,101,0.0,1,1.0,[0 0 0 0 0 0 0 0],0.0,00 00 00 00 00 00 00 00,0x065,00000002
41.770849999999996,9.0,111,0.0,8,8.0,[  1 188 112  73 255 253 239 127],0.0,01 BC 70 49 FF FD EF 7F,0x06F,00000002
41.7767,9.0,101,0.0,1,1.0,[0 0 0 0 0 0 0 0],0.0,00 00 00 00 00 00 00 00,0x065,00000005
41.776849999999996,9.0,111,0.0,8,8.0,[185 147 144  55 254 245 239 127],0.0,B9 93 90 37 FE F5 EF 7F,0x06F,00000005
41.778999999999996,9.0,101,0.0,1,1.0,[0 0 0 0 0 0 0 0],0.0,00 00 00 00 00 00 00 00,0x065,00000004
41.779149999999994,9.0,111,0.0,8,8.0,[139 228  79  68 254 249 207 127],0.0,8B E4 4F 44 FE F9 CF 7F,0x06F,00000004
41.9687,9.0,101,0.0,1,1.0,[0 0 0 0 0 0 0 0],0.0,00 00 00 00 00 00 00 00,0x065,00000002
41.9698,9.0,111,0.0,8,8.0,[  1 188 112  73 255 253 239 127],0.0,01 BC 70 49 FF FD EF 7F,0x06F,00000002
41.9747,9.0,101,0.0,1,1.0,[0 0 0 0 0 0 0 0],0.0,00 00 00 00 00 00 00 00,0x065,00000005
41.9758,9.0,111,0.0,8,8.0,[185 147 144  55 255 253 239 127],0.0,B9 93 90 37 FF FD EF 7F,0x06F,00000005
41.977,9.0,101,0.0,1,1.0,[0 0 0 0 0 0 0 0],0.0,00 00 00 00 00 00 00 00,0x065,00000004
41.97815,9.0,111,0.0,8,8.0,[139 228  15  68 254 253 207 127],0.0,8B E4 0F 44 FE FD CF 7F,0x06F,00000004
42.1667,9.0,101,0.0,1,1.0,[0 0 0 0 0 0 0 0],0.0,00 00 00 00 00 00 00 00,0x065,00000002
42.167699999999996,9.0,111,0.0,8,8.0,[  1 188 112  73 255 253 239 127],0.0,01 BC 70 49 FF FD EF 7F,0x06F,00000002
42.1727,9.0,101,0.0,1,1.0,[0 0 0 0 0 0 0 0],0.0,00 00 00 00 00 00 00 00,0x065,00000005
42.1737,9.0,111,0.0,8,8.0,[185 147 144  55 255   1 240 127],0.0,B9 93 90 37 FF 01 F0 7F,0x06F,00000005
42.175,9.0,101,0.0,1,1.0,[0 0 0 0 0 0 0 0],0.0,00 00 00 00 00 00 00 00,0x065,00000004
42.175999999999995,9.0,111,0.0,8,8.0,[139 228 111 196 254 241 239 127],0.0,8B E4 6F C4 FE F1 EF 7F,0x06F,00000004
42.36425,9.0,111,0.0,8,8.0,[  1 188 112  73 255 253 239 127],0.0,01 BC 70 49 FF FD EF 7F,0x06F,00000002
42.3649,9.0,101,0.0,1,1.0,[0 0 0 0 0 0 0 0],0.0,00 00 00 00 00 00 00 00,0x065,00000002
42.37025,9.0,111,0.0,8,8.0,[185 147 144 183 254 249 239 127],0.0,B9 93 90 B7 FE F9 EF 7F,0x06F,00000005
42.3709,9.0,101,0.0,1,1.0,[0 0 0 0 0 0 0 0],0.0,00 00 00 00 00 00 00 00,0x065,00000005
42.372499999999995,9.0,111,0.0,8,8.0,[139 220  47 196 254 253 239 127],0.0,8B DC 2F C4 FE FD EF 7F,0x06F,00000004
42.373149999999995,9.0,101,0.0,1,1.0,[0 0 0 0 0 0 0 0],0.0,00 00 00 00 00 00 00 00,0x065,00000004
42.56225,9.0,111,0.0,8,8.0,[  1 188 112  73 255 253 239 127],0.0,01 BC 70 49 FF FD EF 7F,0x06F,00000002
42.5629,9.0,101,0.0,1,1.0,[0 0 0 0 0 0 0 0],0.0,00 00 00 00 00 00 00 00,0x065,00000002
42.56825,9.0,111,0.0,8,8.0,[185 147 144  55 255   1 240 127],0.0,B9 93 90 37 FF 01 F0 7F,0x06F,00000005
42.5689,9.0,101,0.0,1,1.0,[0 0 0 0 0 0 0 0],0.0,00 00 00 00 00 00 00 00,0x065,00000005
42.570499999999996,9.0,111,0.0,8,8.0,[137 220  79 196 254 253 207 127],0.0,89 DC 4F C4 FE FD CF 7F,0x06F,00000004
42.571149999999996,9.0,101,0.0,1,1.0,[0 0 0 0 0 0 0 0],0.0,00 00 00 00 00 00 00 00,0x065,00000004
42.760749999999994,9.0,101,0.0,1,1.0,[0 0 0 0 0 0 0 0],0.0,00 00 00 00 00 00 00 00,0x065,00000002
42.7617,9.0,111,0.0,8,8.0,[  1 188 112  73 255 253 239 127],0.0,01 BC 70 49 FF FD EF 7F,0x06F,00000002
42.76675,9.0,101,0.0,1,1.0,[0 0 0 0 0 0 0 0],0.0,00 00 00 00 00 00 00 00,0x065,00000005
42.7677,9.0,111,0.0,8,8.0,[185 147 144  55 254 245 239 127],0.0,B9 93 90 37 FE F5 EF 7F,0x06F,00000005
42.769,9.0,101,0.0,1,1.0,[0 0 0 0 0 0 0 0],0.0,00 00 00 00 00 00 00 00,0x065,00000004
42.77005,9.0,111,0.0,8,8.0,[139 220 111 196 254   1 240 127],0.0,8B DC 6F C4 FE 01 F0 7F,0x06F,00000004
42.95824999999999,9.0,111,0.0,8,8.0,[  1 188 112  73 255 253 239 127],0.0,01 BC 70 49 FF FD EF 7F,0x06F,00000002
42.95889999999999,9.0,101,0.0,1,1.0,[0 0 0 0 0 0 0 0],0.0,00 00 00 00 00 00 00 00,0x065,00000002
42.96425,9.0,111,0.0,8,8.0,[185 147 144  55 255 253 239 127],0.0,B9 93 90 37 FF FD EF 7F,0x06F,00000005
42.9649,9.0,101,0.0,1,1.0,[0 0 0 0 0 0 0 0],0.0,00 00 00 00 00 00 00 00,0x065,00000005
42.966499999999996,9.0,111,0.0,8,8.0,[141 228  79  68 255 249  15 128],0.0,8D E4 4F 44 FF F9 0F 80,0x06F,00000004
42.96715,9.0,101,0.0,1,1.0,[0 0 0 0 0 0 0 0],0.0,00 00 00 00 00 00 00 00,0x065,00000004
43.156749999999995,9.0,101,0.0,1,1.0,[0 0 0 0 0 0 0 0],0.0,00 00 00 00 00 00 00 00,0x065,00000002
43.1577,9.0,111,0.0,8,8.0,[  1 188 112  73 255 253 239 127],0.0,01 BC 70 49 FF FD EF 7F,0x06F,00000002
43.16225,9.0,111,0.0,8,8.0,[185 147 144 183 254 249 239 127],0.0,B9 93 90 B7 FE F9 EF 7F,0x06F,00000005
43.1629,9.0,101,0.0,1,1.0,[0 0 0 0 0 0 0 0],0.0,00 00 00 00 00 00 00 00,0x065,00000005
43.165,9.0,101,0.0,1,1.0,[0 0 0 0 0 0 0 0],0.0,00 00 00 00 00 00 00 00,0x065,00000004
43.16605,9.0,111,0.0,8,8.0,[139 236  79 196 255 241 175 127],0.0,8B EC 4F C4 FF F1 AF 7F,0x06F,00000004
43.354749999999996,9.0,101,0.0,1,1.0,[0 0 0 0 0 0 0 0],0.0,00 00 00 00 00 00 00 00,0x065,00000002
43.354899999999994,9.0,111,0.0,8,8.0,[  1 188 112  73 255 253 239 127],0.0,01 BC 70 49 FF FD EF 7F,0x06F,00000002
43.360299999999995,9.0,111,0.0,8,8.0,[185 147 144 183 254 249 239 127],0.0,B9 93 90 B7 FE F9 EF 7F,0x06F,00000005
43.3609,9.0,101,0.0,1,1.0,[0 0 0 0 0 0 0 0],0.0,00 00 00 00 00 00 00 00,0x065,00000005
43.363,9.0,101,0.0,1,1.0,[0 0 0 0 0 0 0 0],0.0,00 00 00 00 00 00 00 00,0x065,00000004
43.36315,9.0,111,0.0,8,8.0,[137 244 143  68   0   6 208 127],0.0,89 F4 8F 44 00 06 D0 7F,0x06F,00000004
43.552249999999994,9.0,111,0.0,8,8.0,[  1 188 112  73 255 249 239 127],0.0,01 BC 70 49 FF F9 EF 7F,0x06F,00000002
43.552899999999994,9.0,101,0.0,1,1.0,[0 0 0 0 0 0 0 0],0.0,00 00 00 00 00 00 00 00,0x065,00000002
43.55825,9.0,111,0.0,8,8.0,[185 147 144  55   0   2 240 127],0.0,B9 93 90 37 00 02 F0 7F,0x06F,00000005
43.55905,9.0,101,0.0,1,1.0,[0 0 0 0 0 0 0 0],0.0,00 00 00 00 00 00 00 00,0x065,00000005
43.5605,9.0,111,0.0,8,8.0,[141 252  79 196   0 250  15 128],0.0,8D FC 4F C4 00 FA 0F 80,0x06F,00000004
43.56115,9.0,101,0.0,1,1.0,[0 0 0 0 0 0 0 0],0.0,00 00 00 00 00 00 00 00,0x065,00000004
43.750249999999994,9.0,111,0.0,8,8.0,[  1 188 112  73 255 253 239 127],0.0,01 BC 70 49 FF FD EF 7F,0x06F,00000002
43.750899999999994,9.0,101,0.0,1,1.0,[0 0 0 0 0 0 0 0],0.0,00 00 00 00 00 00 00 00,0x065,00000002
43.75625,9.0,111,0.0,8,8.0,[185 147 144 183 253 245 239 127],0.0,B9 93 90 B7 FD F5 EF 7F,0x06F,00000005
43.75705,9.0,101,0.0,1,1.0,[0 0 0 0 0 0 0 0],0.0,00 00 00 00 00 00 00 00,0x065,00000005
43.7585,9.0,111,0.0,8,8.0,[139 252  47 196   0 250 239 127],0.0,8B FC 2F C4 00 FA EF 7F,0x06F,00000004
43.75915,9.0,101,0.0,1,1.0,[0 0 0 0 0 0 0 0],0.0,00 00 00 00 00 00 00 00,0x065,00000004
43.94875,9.0,101,0.0,1,1.0,[0 0 0 0 0 0 0 0],0.0,00 00 00 00 00 00 00 00,0x065,00000002
43.94985,9.0,111,0.0,8,8.0,[  1 188 112  73 255 253 239 127],0.0,01 BC 70 49 FF FD EF 7F,0x06F,00000002
43.95425,9.0,111,0.0,8,8.0,[185 147 176 183 254 245 239 127],0.0,B9 93 B0 B7 FE F5 EF 7F,0x06F,00000005
43.9551,9.0,101,0.0,1,1.0,[0 0 0 0 0 0 0 0],0.0,00 00 00 00 00 00 00 00,0x065,00000005
43.957,9.0,101,0.0,1,1.0,[0 0 0 0 0 0 0 0],0.0,00 00 00 00 00 00 00 00,0x065,00000004
43.9582,9.0,111,0.0,8,8.0,[139   4 240 195   0 250 239 127],0.0,8B 04 F0 C3 00 FA EF 7F,0x06F,00000004
44.146249999999995,9.0,111,0.0,8,8.0,[  1 188 112  73 255 253 239 127],0.0,01 BC 70 49 FF FD EF 7F,0x06F,00000002
44.146899999999995,9.0,101,0.0,1,1.0,[0 0 0 0 0 0 0 0],0.0,00 00 00 00 00 00 00 00,0x065,00000002
44.152249999999995,9.0,111,0.0,8,8.0,[185 147 176  55 255 249 239 127],0.0,B9 93 B0 37 FF F9 EF 7F,0x06F,00000005
44.15315,9.0,101,0.0,1,1.0,[0 0 0 0 0 0 0 0],0.0,00 00 00 00 00 00 00 00,0x065,00000005
44.15455,9.0,111,0.0,8,8.0,[139   4 240 195   0 246 239 127],0.0,8B 04 F0 C3 00 F6 EF 7F,0x06F,00000004
44.1552,9.0,101,0.0,1,1.0,[0 0 0 0 0 0 0 0],0.0,00 00 00 00 00 00 00 00,0x065,00000004
44.344249999999995,9.0,111,0.0,8,8.0,[  1 188 112  73 255 253 239 127],0.0,01 BC 70 49 FF FD EF 7F,0x06F,00000002
44.344899999999996,9.0,101,0.0,1,1.0,[0 0 0 0 0 0 0 0],0.0,00 00 00 00 00 00 00 00,0x065,00000002
44.350249999999996,9.0,111,0.0,8,8.0,[185 147 176 183 254 249 239 127],0.0,B9 93 B0 B7 FE F9 EF 7F,0x06F,00000005
44.35115,9.0,101,0.0,1,1.0,[0 0 0 0 0 0 0 0],0.0,00 00 00 00 00 00 00 00,0x065,00000005
44.35255,9.0,111,0.0,8,8.0,[139   4  16 196 255 253 207 127],0.0,8B 04 10 C4 FF FD CF 7F,0x06F,00000004
44.35315,9.0,101,0.0,1,1.0,[0 0 0 0 0 0 0 0],0.0,00 00 00 00 00 00 00 00,0x065,00000004
44.542249999999996,9.0,111,0.0,8,8.0,[  1 188 112  73 255 253 239 127],0.0,01 BC 70 49 FF FD EF 7F,0x06F,00000002
44.542899999999996,9.0,101,0.0,1,1.0,[0 0 0 0 0 0 0 0],0.0,00 00 00 00 00 00 00 00,0x065,00000002
44.548249999999996,9.0,111,0.0,8,8.0,[185 155 144 183 254 249 239 127],0.0,B9 9B 90 B7 FE F9 EF 7F,0x06F,00000005
44.54905,9.0,101,0.0,1,1.0,[0 0 0 0 0 0 0 0],0.0,00 00 00 00 00 00 00 00,0x065,00000005
44.550999999999995,9.0,101,0.0,1,1.0,[0 0 0 0 0 0 0 0],0.0,00 00 00 00 00 00 00 00,0x065,00000004
44.55215,9.0,111,0.0,8,8.0,[143   4 240 195 255 245 239 127],0.0,8F 04 F0 C3 FF F5 EF 7F,0x06F,00000004
44.740249999999996,9.0,111,0.0,8,8.0,[  1 188 112  73 255 253 239 127],0.0,01 BC 70 49 FF FD EF 7F,0x06F,00000002
44.740899999999996,9.0,101,0.0,1,1.0,[0 0 0 0 0 0 0 0],0.0,00 00 00 00 00 00 00 00,0x065,00000002
44.7463,9.0,111,0.0,8,8.0,[185 147 176  55 255 253 207 127],0.0,B9 93 B0 37 FF FD CF 7F,0x06F,00000005
44.74705,9.0,101,0.0,1,1.0,[0 0 0 0 0 0 0 0],0.0,00 00 00 00 00 00 00 00,0x065,00000005
44.748549999999994,9.0,111,0.0,8,8.0,[141   4  16  68 255 253 207 127],0.0,8D 04 10 44 FF FD CF 7F,0x06F,00000004
44.74915,9.0,101,0.0,1,1.0,[0 0 0 0 0 0 0 0],0.0,00 00 00 00 00 00 00 00,0x065,00000004
44.93825,9.0,111,0.0,8,8.0,[  1 188 112  73 255 253 239 127],0.0,01 BC 70 49 FF FD EF 7F,0x06F,00000002
44.93895,9.0,101,0.0,1,1.0,[0 0 0 0 0 0 0 0],0.0,00 00 00 00 00 00 00 00,0x065,00000002
44.9443,9.0,111,0.0,8,8.0,[185 147 176  55 255 249 239 127],0.0,B9 93 B0 37 FF F9 EF 7F,0x06F,00000005
44.94505,9.0,101,0.0,1,1.0,[0 0 0 0 0 0 0 0],0.0,00 00 00 00 00 00 00 00,0x065,00000005
44.946549999999995,9.0,111,0.0,8,8.0,[139   4  80 196 254 245 239 127],0.0,8B 04 50 C4 FE F5 EF 7F,0x06F,00000004
44.94715,9.0,101,0.0,1,1.0,[0 0 0 0 0 0 0 0],0.0,00 00 00 00 00 00 00 00,0x065,00000004
45.1363,9.0,111,0.0,8,8.0,[  1 188 112  73 255 253 239 127],0.0,01 BC 70 49 FF FD EF 7F,0x06F,00000002
45.13695,9.0,101,0.0,1,1.0,[0 0 0 0 0 0 0 0],0.0,00 00 00 00 00 00 00 00,0x065,00000002
45.1423,9.0,111,0.0,8,8.0,[185 147 144  55 255   1 240 127],0.0,B9 93 90 37 FF 01 F0 7F,0x06F,00000005
45.143299999999996,9.0,101,0.0,1,1.0,[0 0 0 0 0 0 0 0],0.0,00 00 00 00 00 00 00 00,0x065,00000005
45.1445,9.0,111,0.0,8,8.0,[141   4  48  68 254 229  15 128],0.0,8D 04 30 44 FE E5 0F 80,0x06F,00000004
45.14515,9.0,101,0.0,1,1.0,[0 0 0 0 0 0 0 0],0.0,00 00 00 00 00 00 00 00,0x065,00000004
45.3343,9.0,111,0.0,8,8.0,[  1 188 112  73 255 253 239 127],0.0,01 BC 70 49 FF FD EF 7F,0x06F,00000002
45.3349,9.0,101,0.0,1,1.0,[0 0 0 0 0 0 0 0],0.0,00 00 00 00 00 00 00 00,0x065,00000002
45.3403,9.0,111,0.0,8,8.0,[185 147 176  55 254 249 239 127],0.0,B9 93 B0 37 FE F9 EF 7F,0x06F,00000005
45.34115,9.0,101,0.0,1,1.0,[0 0 0 0 0 0 0 0],0.0,00 00 00 00 00 00 00 00,0x065,00000005
45.342999999999996,9.0,101,0.0,1,1.0,[0 0 0 0 0 0 0 0],0.0,00 00 00 00 00 00 00 00,0x065,00000004
45.34415,9.0,111,0.0,8,8.0,[139   4  80 196 252 249 175 127],0.0,8B 04 50 C4 FC F9 AF 7F,0x06F,00000004
45.53229999999999,9.0,111,0.0,8,8.0,[  1 188 112  73 255 253 239 127],0.0,01 BC 70 49 FF FD EF 7F,0x06F,00000002
45.5329,9.0,101,0.0,1,1.0,[0 0 0 0 0 0 0 0],0.0,00 00 00 00 00 00 00 00,0x065,00000002
45.5383,9.0,111,0.0,8,8.0,[185 147 144 183 254 253 239 127],0.0,B9 93 90 B7 FE FD EF 7F,0x06F,00000005
45.53915,9.0,101,0.0,1,1.0,[0 0 0 0 0 0 0 0],0.0,00 00 00 00 00 00 00 00,0x065,00000005
45.540549999999996,9.0,111,0.0,8,8.0,[139   4  48 196 251 249 143 127],0.0,8B 04 30 C4 FB F9 8F 7F,0x06F,00000004
45.541199999999996,9.0,101,0.0,1,1.0,[0 0 0 0 0 0 0 0],0.0,00 00 00 00 00 00 00 00,0x065,00000004
45.73029999999999,9.0,111,0.0,8,8.0,[  1 188 112  73 255 253 239 127],0.0,01 BC 70 49 FF FD EF 7F,0x06F,00000002
45.73114999999999,9.0,101,0.0,1,1.0,[0 0 0 0 0 0 0 0],0.0,00 00 00 00 00 00 00 00,0x065,00000002
45.7363,9.0,111,0.0,8,8.0,[185 155 176  55 255   1 240 127],0.0,B9 9B B0 37 FF 01 F0 7F,0x06F,00000005
45.7373,9.0,101,0.0,1,1.0,[0 0 0 0 0 0 0 0],0.0,00 00 00 00 00 00 00 00,0x065,00000005
45.739,9.0,101,0.0,1,1.0,[0 0 0 0 0 0 0 0],0.0,00 00 00 00 00 00 00 00,0x065,00000004
45.74015,9.0,111,0.0,8,8.0,[139 252  79  68 250 241 111 127],0.0,8B FC 4F 44 FA F1 6F 7F,0x06F,00000004
45.92829999999999,9.0,111,0.0,8,8.0,[  1 188 112  73 255 253 239 127],0.0,01 BC 70 49 FF FD EF 7F,0x06F,00000002
45.9289,9.0,101,0.0,1,1.0,[0 0 0 0 0 0 0 0],0.0,00 00 00 00 00 00 00 00,0x065,00000002
45.9343,9.0,111,0.0,8,8.0,[185 147 176  55 254 253 207 127],0.0,B9 93 B0 37 FE FD CF 7F,0x06F,00000005
45.93505,9.0,101,0.0,1,1.0,[0 0 0 0 0 0 0 0],0.0,00 00 00 00 00 00 00 00,0x065,00000005
45.93655,9.0,111,0.0,8,8.0,[141   4  48 196 249 249  79 127],0.0,8D 04 30 C4 F9 F9 4F 7F,0x06F,00000004
45.9372,9.0,101,0.0,1,1.0,[0 0 0 0 0 0 0 0],0.0,00 00 00 00 00 00 00 00,0x065,00000004
46.12625,9.0,111,0.0,8,8.0,[  1 188 112  73 255 253 239 127],0.0,01 BC 70 49 FF FD EF 7F,0x06F,00000002
46.1269,9.0,101,0.0,1,1.0,[0 0 0 0 0 0 0 0],0.0,00 00 00 00 00 00 00 00,0x065,00000002
46.1323,9.0,111,0.0,8,8.0,[185 147 176 183 254 237 239 127],0.0,B9 93 B0 B7 FE ED EF 7F,0x06F,00000005
46.1333,9.0,101,0.0,1,1.0,[0 0 0 0 0 0 0 0],0.0,00 00 00 00 00 00 00 00,0x065,00000005
46.13455,9.0,111,0.0,8,8.0,[141 252  79 196 249 233  79 127],0.0,8D FC 4F C4 F9 E9 4F 7F,0x06F,00000004
46.1352,9.0,101,0.0,1,1.0,[0 0 0 0 0 0 0 0],0.0,00 00 00 00 00 00 00 00,0x065,00000004
46.32424999999999,9.0,111,0.0,8,8.0,[  1 188 112  73 255 253 239 127],0.0,01 BC 70 49 FF FD EF 7F,0x06F,00000002
46.32505,9.0,101,0.0,1,1.0,[0 0 0 0 0 0 0 0],0.0,00 00 00 00 00 00 00 00,0x065,00000002
46.3303,9.0,111,0.0,8,8.0,[183 147 176  55 255 245 239 127],0.0,B7 93 B0 37 FF F5 EF 7F,0x06F,00000005
46.3313,9.0,101,0.0,1,1.0,[0 0 0 0 0 0 0 0],0.0,00 00 00 00 00 00 00 00,0x065,00000005
46.33255,9.0,111,0.0,8,8.0,[141 252  47 196 249 249 111 127],0.0,8D FC 2F C4 F9 F9 6F 7F,0x06F,00000004
46.3332,9.0,101,0.0,1,1.0,[0 0 0 0 0 0 0 0],0.0,00 00 00 00 00 00 00 00,0x065,00000004
46.522299999999994,9.0,111,0.0,8,8.0,[  1 188 112  73 255 253 239 127],0.0,01 BC 70 49 FF FD EF 7F,0x06F,00000002
46.522949999999994,9.0,101,0.0,1,1.0,[0 0 0 0 0 0 0 0],0.0,00 00 00 00 00 00 00 00,0x065,00000002
46.52865,9.0,111,0.0,8,8.0,[185 147 176  55 255 245 239 127],0.0,B9 93 B0 37 FF F5 EF 7F,0x06F,00000005
46.5293,9.0,101,0.0,1,1.0,[0 0 0 0 0 0 0 0],0.0,00 00 00 00 00 00 00 00,0x065,00000005
46.53055,9.0,111,0.0,8,8.0,[139 252  47 196 249 253 111 127],0.0,8B FC 2F C4 F9 FD 6F 7F,0x06F,00000004
46.5312,9.0,101,0.0,1,1.0,[0 0 0 0 0 0 0 0],0.0,00 00 00 00 00 00 00 00,0x065,00000004
46.720299999999995,9.0,111,0.0,8,8.0,[  1 188 112  73 255 253 239 127],0.0,01 BC 70 49 FF FD EF 7F,0x06F,00000002
46.720949999999995,9.0,101,0.0,1,1.0,[0 0 0 0 0 0 0 0],0.0,00 00 00 00 00 00 00 00,0x065,00000002
46.72645,9.0,111,0.0,8,8.0,[185 147 176  55 254 241 239 127],0.0,B9 93 B0 37 FE F1 EF 7F,0x06F,00000005
46.72705,9.0,101,0.0,1,1.0,[0 0 0 0 0 0 0 0],0.0,00 00 00 00 00 00 00 00,0x065,00000005
46.72855,9.0,111,0.0,8,8.0,[139 252  47  68 250 253 111 127],0.0,8B FC 2F 44 FA FD 6F 7F,0x06F,00000004
46.7292,9.0,101,0.0,1,1.0,[0 0 0 0 0 0 0 0],0.0,00 00 00 00 00 00 00 00,0x065,00000004
46.918299999999995,9.0,111,0.0,8,8.0,[  1 188 112  73 255 253 239 127],0.0,01 BC 70 49 FF FD EF 7F,0x06F,00000002
46.919149999999995,9.0,101,0.0,1,1.0,[0 0 0 0 0 0 0 0],0.0,00 00 00 00 00 00 00 00,0x065,00000002
46.924299999999995,9.0,111,0.0,8,8.0,[183 147 176 183 254 241  15 128],0.0,B7 93 B0 B7 FE F1 0F 80,0x06F,00000005
46.9253,9.0,101,0.0,1,1.0,[0 0 0 0 0 0 0 0],0.0,00 00 00 00 00 00 00 00,0x065,00000005
46.92655,9.0,111,0.0,8,8.0,[143 252  47  68 250 253  47 127],0.0,8F FC 2F 44 FA FD 2F 7F,0x06F,00000004
46.9272,9.0,101,0.0,1,1.0,[0 0 0 0 0 0 0 0],0.0,00 00 00 00 00 00 00 00,0x065,00000004
47.116299999999995,9.0,111,0.0,8,8.0,[  1 188 112  73 255 253 239 127],0.0,01 BC 70 49 FF FD EF 7F,0x06F,00000002
47.116949999999996,9.0,101,0.0,1,1.0,[0 0 0 0 0 0 0 0],0.0,00 00 00 00 00 00 00 00,0x065,00000002
47.122299999999996,9.0,111,0.0,8,8.0,[183 147 176  55 255   1 240 127],0.0,B7 93 B0 37 FF 01 F0 7F,0x06F,00000005
47.1231,9.0,101,0.0,1,1.0,[0 0 0 0 0 0 0 0],0.0,00 00 00 00 00 00 00 00,0x065,00000005
47.12455,9.0,111,0.0,8,8.0,[139 252  47 196 249 253  47 127],0.0,8B FC 2F C4 F9 FD 2F 7F,0x06F,00000004
47.1252,9.0,101,0.0,1,1.0,[0 0 0 0 0 0 0 0],0.0,00 00 00 00 00 00 00 00,0x065,00000004
47.314299999999996,9.0,111,0.0,8,8.0,[  1 188 112  73 255 253 239 127],0.0,01 BC 70 49 FF FD EF 7F,0x06F,00000002
47.314949999999996,9.0,101,0.0,1,1.0,[0 0 0 0 0 0 0 0],0.0,00 00 00 00 00 00 00 00,0x065,00000002
47.320299999999996,9.0,111,0.0,8,8.0,[183 155 144 183 255   5 240 127],0.0,B7 9B 90 B7 FF 05 F0 7F,0x06F,00000005
47.3213,9.0,101,0.0,1,1.0,[0 0 0 0 0 0 0 0],0.0,00 00 00 00 00 00 00 00,0x065,00000005
47.32255,9.0,111,0.0,8,8.0,[139 252  15  68 249 249  47 127],0.0,8B FC 0F 44 F9 F9 2F 7F,0x06F,00000004
47.3232,9.0,101,0.0,1,1.0,[0 0 0 0 0 0 0 0],0.0,00 00 00 00 00 00 00 00,0x065,00000004
47.512299999999996,9.0,111,0.0,8,8.0,[  1 188 112 201 254 253 239 127],0.0,01 BC 70 C9 FE FD EF 7F,0x06F,00000002
47.513099999999994,9.0,101,0.0,1,1.0,[0 0 0 0 0 0 0 0],0.0,00 00 00 00 00 00 00 00,0x065,00000002
47.518299999999996,9.0,111,0.0,8,8.0,[183 155 176  55 254 253 239 127],0.0,B7 9B B0 37 FE FD EF 7F,0x06F,00000005
47.5193,9.0,101,0.0,1,1.0,[0 0 0 0 0 0 0 0],0.0,00 00 00 00 00 00 00 00,0x065,00000005
47.52055,9.0,111,0.0,8,8.0,[143 244 239 195 248 253  47 127],0.0,8F F4 EF C3 F8 FD 2F 7F,0x06F,00000004
47.5212,9.0,101,0.0,1,1.0,[0 0 0 0 0 0 0 0],0.0,00 00 00 00 00 00 00 00,0x065,00000004
47.7103,9.0,111,0.0,8,8.0,[  1 188 112  73 255 253 239 127],0.0,01 BC 70 49 FF FD EF 7F,0x06F,00000002
47.711099999999995,9.0,101,0.0,1,1.0,[0 0 0 0 0 0 0 0],0.0,00 00 00 00 00 00 00 00,0x065,00000002
47.7163,9.0,111,0.0,8,8.0,[183 155 176 183 255   9 240 127],0.0,B7 9B B0 B7 FF 09 F0 7F,0x06F,00000005
47.717349999999996,9.0,101,0.0,1,1.0,[0 0 0 0 0 0 0 0],0.0,00 00 00 00 00 00 00 00,0x065,00000005
47.71855,9.0,111,0.0,8,8.0,[139   4  16  68 248 253  15 127],0.0,8B 04 10 44 F8 FD 0F 7F,0x06F,00000004
47.71935,9.0,101,0.0,1,1.0,[0 0 0 0 0 0 0 0],0.0,00 00 00 00 00 00 00 00,0x065,00000004
47.9083,9.0,111,0.0,8,8.0,[  1 188 112  73 255 253 239 127],0.0,01 BC 70 49 FF FD EF 7F,0x06F,00000002
47.90915,9.0,101,0.0,1,1.0,[0 0 0 0 0 0 0 0],0.0,00 00 00 00 00 00 00 00,0x065,00000002
47.9143,9.0,111,0.0,8,8.0,[185 147 176  55   0  14 240 127],0.0,B9 93 B0 37 00 0E F0 7F,0x06F,00000005
47.91535,9.0,101,0.0,1,1.0,[0 0 0 0 0 0 0 0],0.0,00 00 00 00 00 00 00 00,0x065,00000005
47.91655,9.0,111,0.0,8,8.0,[141 252  79  68 248   5  16 127],0.0,8D FC 4F 44 F8 05 10 7F,0x06F,00000004
47.917199999999994,9.0,101,0.0,1,1.0,[0 0 0 0 0 0 0 0],0.0,00 00 00 00 00 00 00 00,0x065,00000004
48.1063,9.0,111,0.0,8,8.0,[  1 188 112  73 255 253 239 127],0.0,01 BC 70 49 FF FD EF 7F,0x06F,00000002
48.10715,9.0,101,0.0,1,1.0,[0 0 0 0 0 0 0 0],0.0,00 00 00 00 00 00 00 00,0x065,00000002
48.1123,9.0,111,0.0,8,8.0,[185 155 144  55 252 253 111 127],0.0,B9 9B 90 37 FC FD 6F 7F,0x06F,00000005
48.11335,9.0,101,0.0,1,1.0,[0 0 0 0 0 0 0 0],0.0,00 00 00 00 00 00 00 00,0x065,00000005
48.114549999999994,9.0,111,0.0,8,8.0,[141 244  47  68 248   9 208 126],0.0,8D F4 2F 44 F8 09 D0 7E,0x06F,00000004
48.115199999999994,9.0,101,0.0,1,1.0,[0 0 0 0 0 0 0 0],0.0,00 00 00 00 00 00 00 00,0x065,00000004
48.3043,9.0,111,0.0,8,8.0,[  1 188 112  73 255 253 239 127],0.0,01 BC 70 49 FF FD EF 7F,0x06F,00000002
48.30515,9.0,101,0.0,1,1.0,[0 0 0 0 0 0 0 0],0.0,00 00 00 00 00 00 00 00,0x065,00000002
48.3103,9.0,111,0.0,8,8.0,[183 147 176  55 254 249  79 127],0.0,B7 93 B0 37 FE F9 4F 7F,0x06F,00000005
48.31135,9.0,101,0.0,1,1.0,[0 0 0 0 0 0 0 0],0.0,00 00 00 00 00 00 00 00,0x065,00000005
48.312599999999996,9.0,111,0.0,8,8.0,[139 244  79  68 249  17 112 126],0.0,8B F4 4F 44 F9 11 70 7E,0x06F,00000004
48.31325,9.0,101,0.0,1,1.0,[0 0 0 0 0 0 0 0],0.0,00 00 00 00 00 00 00 00,0x065,00000004
48.5023,9.0,111,0.0,8,8.0,[  1 188 112  73 255 253 239 127],0.0,01 BC 70 49 FF FD EF 7F,0x06F,00000002
48.50295,9.0,101,0.0,1,1.0,[0 0 0 0 0 0 0 0],0.0,00 00 00 00 00 00 00 00,0x065,00000002
48.5083,9.0,111,0.0,8,8.0,[181 155 176  55 248 181 207 127],0.0,B5 9B B0 37 F8 B5 CF 7F,0x06F,00000005
48.509299999999996,9.0,101,0.0,1,1.0,[0 0 0 0 0 0 0 0],0.0,00 00 00 00 00 00 00 00,0x065,00000005
48.5106,9.0,111,0.0,8,8.0,[135 244 111  68 248 249 143 126],0.0,87 F4 6F 44 F8 F9 8F 7E,0x06F,00000004
48.511199999999995,9.0,101,0.0,1,1.0,[0 0 0 0 0 0 0 0],0.0,00 00 00 00 00 00 00 00,0x065,00000004
48.7003,9.0,111,0.0,8,8.0,[  1 188 112  73 255 253 239 127],0.0,01 BC 70 49 FF FD EF 7F,0x06F,00000002
48.7011,9.0,101,0.0,1,1.0,[0 0 0 0 0 0 0 0],0.0,00 00 00 00 00 00 00 00,0x065,00000002
48.7063,9.0,111,0.0,8,8.0,[183 155 240  55 254 245 143 127],0.0,B7 9B F0 37 FE F5 8F 7F,0x06F,00000005
48.7073,9.0,101,0.0,1,1.0,[0 0 0 0 0 0 0 0],0.0,00 00 00 00 00 00 00 00,0x065,00000005
48.7086,9.0,111,0.0,8,8.0,[137  12  48 196 248 205 111 126],0.0,89 0C 30 C4 F8 CD 6F 7E,0x06F,00000004
48.709199999999996,9.0,101,0.0,1,1.0,[0 0 0 0 0 0 0 0],0.0,00 00 00 00 00 00 00 00,0x065,00000004
48.8983,9.0,111,0.0,8,8.0,[  1 188 112  73 255 253 239 127],0.0,01 BC 70 49 FF FD EF 7F,0x06F,00000002
48.8991,9.0,101,0.0,1,1.0,[0 0 0 0 0 0 0 0],0.0,00 00 00 00 00 00 00 00,0x065,00000002
48.9043,9.0,111,0.0,8,8.0,[181 155 176  55 255 253 239 127],0.0,B5 9B B0 37 FF FD EF 7F,0x06F,00000005
48.9053,9.0,101,0.0,1,1.0,[0 0 0 0 0 0 0 0],0.0,00 00 00 00 00 00 00 00,0x065,00000005
48.9066,9.0,111,0.0,8,8.0,[149  12  16  68 247 241 143 126],0.0,95 0C 10 44 F7 F1 8F 7E,0x06F,00000004
48.907349999999994,9.0,101,0.0,1,1.0,[0 0 0 0 0 0 0 0],0.0,00 00 00 00 00 00 00 00,0x065,00000004
49.09629999999999,9.0,111,0.0,8,8.0,[  1 188 112  73 255 253 239 127],0.0,01 BC 70 49 FF FD EF 7F,0x06F,00000002
49.0973,9.0,101,0.0,1,1.0,[0 0 0 0 0 0 0 0],0.0,00 00 00 00 00 00 00 00,0x065,00000002
49.10235,9.0,111,0.0,8,8.0,[181 163 208  55 255 253 239 127],0.0,B5 A3 D0 37 FF FD EF 7F,0x06F,00000005
49.103449999999995,9.0,101,0.0,1,1.0,[0 0 0 0 0 0 0 0],0.0,00 00 00 00 00 00 00 00,0x065,00000005
49.1046,9.0,111,0.0,8,8.0,[135  20  48  68 248  21 144 126],0.0,87 14 30 44 F8 15 90 7E,0x06F,00000004
49.105199999999996,9.0,101,0.0,1,1.0,[0 0 0 0 0 0 0 0],0.0,00 00 00 00 00 00 00 00,0x065,00000004
49.294349999999994,9.0,111,0.0,8,8.0,[  1 188 112  73 255 249 239 127],0.0,01 BC 70 49 FF F9 EF 7F,0x06F,00000002
49.295199999999994,9.0,101,0.0,1,1.0,[0 0 0 0 0 0 0 0],0.0,00 00 00 00 00 00 00 00,0x065,00000002
49.30035,9.0,111,0.0,8,8.0,[181 155 208  55   0 254 239 127],0.0,B5 9B D0 37 00 FE EF 7F,0x06F,00000005
49.30135,9.0,101,0.0,1,1.0,[0 0 0 0 0 0 0 0],0.0,00 00 00 00 00 00 00 00,0x065,00000005
49.3026,9.0,111,0.0,8,8.0,[141  12  16  68 248   5  80 127],0.0,8D 0C 10 44 F8 05 50 7F,0x06F,00000004
49.30345,9.0,101,0.0,1,1.0,[0 0 0 0 0 0 0 0],0.0,00 00 00 00 00 00 00 00,0x065,00000004
49.492349999999995,9.0,111,0.0,8,8.0,[  1 188 112  73 255 253 239 127],0.0,01 BC 70 49 FF FD EF 7F,0x06F,00000002
49.493199999999995,9.0,101,0.0,1,1.0,[0 0 0 0 0 0 0 0],0.0,00 00 00 00 00 00 00 00,0x065,00000002
49.498349999999995,9.0,111,0.0,8,8.0,[181 155 176  55 255 249 239 127],0.0,B5 9B B0 37 FF F9 EF 7F,0x06F,00000005
49.50055,9.0,111,0.0,8,8.0,[141  20  80  68 248   9 240 126],0.0,8D 14 50 44 F8 09 F0 7E,0x06F,00000004
49.50145,9.0,101,0.0,1,1.0,[0 0 0 0 0 0 0 0],0.0,00 00 00 00 00 00 00 00,0x065,00000004
49.690349999999995,9.0,111,0.0,8,8.0,[  1 188 112  73 255 253 239 127],0.0,01 BC 70 49 FF FD EF 7F,0x06F,00000002
49.690949999999994,9.0,101,0.0,1,1.0,[0 0 0 0 0 0 0 0],0.0,00 00 00 00 00 00 00 00,0x065,00000002
49.6966,9.0,101,0.0,1,1.0,[0 0 0 0 0 0 0 0],0.0,00 00 00 00 00 00 00 00,0x065,00000005
49.69795,9.0,111,0.0,8,8.0,[181 155 176 183 254 253 239 127],0.0,B5 9B B0 B7 FE FD EF 7F,0x06F,00000005
49.6986,9.0,111,0.0,8,8.0,[139  60  48  68 249 249  15 127],0.0,8B 3C 30 44 F9 F9 0F 7F,0x06F,00000004
49.69925,9.0,101,0.0,1,1.0,[0 0 0 0 0 0 0 0],0.0,00 00 00 00 00 00 00 00,0x065,00000004
49.888349999999996,9.0,111,0.0,8,8.0,[  1 188 112  73 255 253 239 127],0.0,01 BC 70 49 FF FD EF 7F,0x06F,00000002
49.88909999999999,9.0,101,0.0,1,1.0,[0 0 0 0 0 0 0 0],0.0,00 00 00 00 00 00 00 00,0x065,00000002
49.8946,9.0,101,0.0,1,1.0,[0 0 0 0 0 0 0 0],0.0,00 00 00 00 00 00 00 00,0x065,00000005
49.89595,9.0,111,0.0,8,8.0,[181 155 176 183 255 253 239 127],0.0,B5 9B B0 B7 FF FD EF 7F,0x06F,00000005
49.8966,9.0,111,0.0,8,8.0,[137  36  16  68 250 249  79 127],0.0,89 24 10 44 FA F9 4F 7F,0x06F,00000004
49.89725,9.0,101,0.0,1,1.0,[0 0 0 0 0 0 0 0],0.0,00 00 00 00 00 00 00 00,0x065,00000004
50.086349999999996,9.0,111,0.0,8,8.0,[  1 188 112  73 255 253 239 127],0.0,01 BC 70 49 FF FD EF 7F,0x06F,00000002
50.08709999999999,9.0,101,0.0,1,1.0,[0 0 0 0 0 0 0 0],0.0,00 00 00 00 00 00 00 00,0x065,00000002
50.0926,9.0,101,0.0,1,1.0,[0 0 0 0 0 0 0 0],0.0,00 00 00 00 00 00 00 00,0x065,00000005
50.0941,9.0,111,0.0,8,8.0,[181 155 176  55 255 249 239 127],0.0,B5 9B B0 37 FF F9 EF 7F,0x06F,00000005
50.0946,9.0,111,0.0,8,8.0,[143   4  80 196 250 253  79 127],0.0,8F 04 50 C4 FA FD 4F 7F,0x06F,00000004
50.095349999999996,9.0,101,0.0,1,1.0,[0 0 0 0 0 0 0 0],0.0,00 00 00 00 00 00 00 00,0x065,00000004
50.284349999999996,9.0,111,0.0,8,8.0,[  1 188 112  73 255 253 239 127],0.0,01 BC 70 49 FF FD EF 7F,0x06F,00000002
50.285349999999994,9.0,101,0.0,1,1.0,[0 0 0 0 0 0 0 0],0.0,00 00 00 00 00 00 00 00,0x065,00000002
50.2906,9.0,101,0.0,1,1.0,[0 0 0 0 0 0 0 0],0.0,00 00 00 00 00 00 00 00,0x065,00000005
50.29195,9.0,111,0.0,8,8.0,[181 155 208 183 254 245 239 127],0.0,B5 9B D0 B7 FE F5 EF 7F,0x06F,00000005
50.2926,9.0,111,0.0,8,8.0,[141  12  48 196 250   1  48 127],0.0,8D 0C 30 C4 FA 01 30 7F,0x06F,00000004
50.2934,9.0,101,0.0,1,1.0,[0 0 0 0 0 0 0 0],0.0,00 00 00 00 00 00 00 00,0x065,00000004
50.482299999999995,9.0,111,0.0,8,8.0,[  1 188 112  73 255 253 239 127],0.0,01 BC 70 49 FF FD EF 7F,0x06F,00000002
50.4832,9.0,101,0.0,1,1.0,[0 0 0 0 0 0 0 0],0.0,00 00 00 00 00 00 00 00,0x065,00000002
50.4886,9.0,101,0.0,1,1.0,[0 0 0 0 0 0 0 0],0.0,00 00 00 00 00 00 00 00,0x065,00000005
50.48995,9.0,111,0.0,8,8.0,[181 155 208  55   0   2 240 127],0.0,B5 9B D0 37 00 02 F0 7F,0x06F,00000005
50.4906,9.0,111,0.0,8,8.0,[141  36  48 196 250 245  47 127],0.0,8D 24 30 C4 FA F5 2F 7F,0x06F,00000004
50.491499999999995,9.0,101,0.0,1,1.0,[0 0 0 0 0 0 0 0],0.0,00 00 00 00 00 00 00 00,0x065,00000004
50.68035,9.0,111,0.0,8,8.0,[  1 188 112  73 255 249 239 127],0.0,01 BC 70 49 FF F9 EF 7F,0x06F,00000002
50.6812,9.0,101,0.0,1,1.0,[0 0 0 0 0 0 0 0],0.0,00 00 00 00 00 00 00 00,0x065,00000002
50.6866,9.0,101,0.0,1,1.0,[0 0 0 0 0 0 0 0],0.0,00 00 00 00 00 00 00 00,0x065,00000005
50.68795,9.0,111,0.0,8,8.0,[181 155 208 183 254 249 239 127],0.0,B5 9B D0 B7 FE F9 EF 7F,0x06F,00000005
50.688599999999994,9.0,111,0.0,8,8.0,[141  12  16  68 251   1 112 127],0.0,8D 0C 10 44 FB 01 70 7F,0x06F,00000004
50.689499999999995,9.0,101,0.0,1,1.0,[0 0 0 0 0 0 0 0],0.0,00 00 00 00 00 00 00 00,0x065,00000004
50.87835,9.0,111,0.0,8,8.0,[  1 188 112  73 255 253 239 127],0.0,01 BC 70 49 FF FD EF 7F,0x06F,00000002
50.879349999999995,9.0,101,0.0,1,1.0,[0 0 0 0 0 0 0 0],0.0,00 00 00 00 00 00 00 00,0x065,00000002
50.88485,9.0,101,0.0,1,1.0,[0 0 0 0 0 0 0 0],0.0,00 00 00 00 00 00 00 00,0x065,00000005
50.88595,9.0,111,0.0,8,8.0,[181 155 208  55 253 225 207 127],0.0,B5 9B D0 37 FD E1 CF 7F,0x06F,00000005
50.886599999999994,9.0,111,0.0,8,8.0,[141 252  47  68 251   5 112 127],0.0,8D FC 2F 44 FB 05 70 7F,0x06F,00000004
50.887449999999994,9.0,101,0.0,1,1.0,[0 0 0 0 0 0 0 0],0.0,00 00 00 00 00 00 00 00,0x065,00000004
51.07635,9.0,111,0.0,8,8.0,[  1 188 112  73 255 253 239 127],0.0,01 BC 70 49 FF FD EF 7F,0x06F,00000002
51.077099999999994,9.0,101,0.0,1,1.0,[0 0 0 0 0 0 0 0],0.0,00 00 00 00 00 00 00 00,0x065,00000002
51.08265,9.0,101,0.0,1,1.0,[0 0 0 0 0 0 0 0],0.0,00 00 00 00 00 00 00 00,0x065,00000005
51.0841,9.0,111,0.0,8,8.0,[181 163 208 183   0 254 207 127],0.0,B5 A3 D0 B7 00 FE CF 7F,0x06F,00000005
51.084599999999995,9.0,111,0.0,8,8.0,[141 252  79 196 249   5 112 127],0.0,8D FC 4F C4 F9 05 70 7F,0x06F,00000004
51.0854,9.0,101,0.0,1,1.0,[0 0 0 0 0 0 0 0],0.0,00 00 00 00 00 00 00 00,0x065,00000004
51.27435,9.0,111,0.0,8,8.0,[  1 188 112  73 255 253 239 127],0.0,01 BC 70 49 FF FD EF 7F,0x06F,00000002
51.27515,9.0,101,0.0,1,1.0,[0 0 0 0 0 0 0 0],0.0,00 00 00 00 00 00 00 00,0x065,00000002
51.2806,9.0,101,0.0,1,1.0,[0 0 0 0 0 0 0 0],0.0,00 00 00 00 00 00 00 00,0x065,00000005
51.281949999999995,9.0,111,0.0,8,8.0,[181 155 208  55 255 241 239 127],0.0,B5 9B D0 37 FF F1 EF 7F,0x06F,00000005
51.28265,9.0,111,0.0,8,8.0,[141   4  48  68 248 245 143 127],0.0,8D 04 30 44 F8 F5 8F 7F,0x06F,00000004
51.2834,9.0,101,0.0,1,1.0,[0 0 0 0 0 0 0 0],0.0,00 00 00 00 00 00 00 00,0x065,00000004
51.47235,9.0,111,0.0,8,8.0,[  1 188 112  73 255 253 239 127],0.0,01 BC 70 49 FF FD EF 7F,0x06F,00000002
51.473349999999996,9.0,101,0.0,1,1.0,[0 0 0 0 0 0 0 0],0.0,00 00 00 00 00 00 00 00,0x065,00000002
51.4786,9.0,101,0.0,1,1.0,[0 0 0 0 0 0 0 0],0.0,00 00 00 00 00 00 00 00,0x065,00000005
51.479949999999995,9.0,111,0.0,8,8.0,[181 155 240 183 254   5 240 127],0.0,B5 9B F0 B7 FE 05 F0 7F,0x06F,00000005
51.4814,9.0,101,0.0,1,1.0,[0 0 0 0 0 0 0 0],0.0,00 00 00 00 00 00 00 00,0x065,00000004
51.48265,9.0,111,0.0,8,8.0,[141 244  47 196 246  29  80 127],0.0,8D F4 2F C4 F6 1D 50 7F,0x06F,00000004
51.67034999999999,9.0,111,0.0,8,8.0,[  1 188 112  73 255 253 239 127],0.0,01 BC 70 49 FF FD EF 7F,0x06F,00000002
51.67135,9.0,101,0.0,1,1.0,[0 0 0 0 0 0 0 0],0.0,00 00 00 00 00 00 00 00,0x065,00000002
51.67685,9.0,101,0.0,1,1.0,[0 0 0 0 0 0 0 0],0.0,00 00 00 00 00 00 00 00,0x065,00000005
51.677949999999996,9.0,111,0.0,8,8.0,[179 155 208  55 254 245 239 127],0.0,B3 9B D0 37 FE F5 EF 7F,0x06F,00000005
51.678599999999996,9.0,111,0.0,8,8.0,[139 236 143  68 248  17  80 127],0.0,8B EC 8F 44 F8 11 50 7F,0x06F,00000004
51.6796,9.0,101,0.0,1,1.0,[0 0 0 0 0 0 0 0],0.0,00 00 00 00 00 00 00 00,0x065,00000004
51.86834999999999,9.0,111,0.0,8,8.0,[  1 188 112  73 255 253 239 127],0.0,01 BC 70 49 FF FD EF 7F,0x06F,00000002
51.86919999999999,9.0,101,0.0,1,1.0,[0 0 0 0 0 0 0 0],0.0,00 00 00 00 00 00 00 00,0x065,00000002
51.8746,9.0,101,0.0,1,1.0,[0 0 0 0 0 0 0 0],0.0,00 00 00 00 00 00 00 00,0x065,00000005
51.876,9.0,111,0.0,8,8.0,[179 155 208 183 255 249 239 127],0.0,B3 9B D0 B7 FF F9 EF 7F,0x06F,00000005
51.876599999999996,9.0,111,0.0,8,8.0,[141 244  79 196 247 225  47 127],0.0,8D F4 4F C4 F7 E1 2F 7F,0x06F,00000004
51.877399999999994,9.0,101,0.0,1,1.0,[0 0 0 0 0 0 0 0],0.0,00 00 00 00 00 00 00 00,0x065,00000004
52.06634999999999,9.0,111,0.0,8,8.0,[  1 188 112  73 255 253 239 127],0.0,01 BC 70 49 FF FD EF 7F,0x06F,00000002
52.06739999999999,9.0,101,0.0,1,1.0,[0 0 0 0 0 0 0 0],0.0,00 00 00 00 00 00 00 00,0x065,00000002
52.072849999999995,9.0,101,0.0,1,1.0,[0 0 0 0 0 0 0 0],0.0,00 00 00 00 00 00 00 00,0x065,00000005
52.0741,9.0,111,0.0,8,8.0,[181 155 208 183   0   6 240 127],0.0,B5 9B D0 B7 00 06 F0 7F,0x06F,00000005
52.0746,9.0,111,0.0,8,8.0,[133 212 239 195 246 225  79 127],0.0,85 D4 EF C3 F6 E1 4F 7F,0x06F,00000004
52.0755,9.0,101,0.0,1,1.0,[0 0 0 0 0 0 0 0],0.0,00 00 00 00 00 00 00 00,0x065,00000004
52.26434999999999,9.0,111,0.0,8,8.0,[  1 188 112  73 255 253 239 127],0.0,01 BC 70 49 FF FD EF 7F,0x06F,00000002
52.26515,9.0,101,0.0,1,1.0,[0 0 0 0 0 0 0 0],0.0,00 00 00 00 00 00 00 00,0x065,00000002
52.2706,9.0,101,0.0,1,1.0,[0 0 0 0 0 0 0 0],0.0,00 00 00 00 00 00 00 00,0x065,00000005
52.272,9.0,111,0.0,8,8.0,[181 155 208 183 255   1 240 127],0.0,B5 9B D0 B7 FF 01 F0 7F,0x06F,00000005
52.2726,9.0,111,0.0,8,8.0,[143 220  15  68 244 209 143 127],0.0,8F DC 0F 44 F4 D1 8F 7F,0x06F,00000004
52.273399999999995,9.0,101,0.0,1,1.0,[0 0 0 0 0 0 0 0],0.0,00 00 00 00 00 00 00 00,0x065,00000004
52.462349999999994,9.0,111,0.0,8,8.0,[  1 188 112  73 255 253 239 127],0.0,01 BC 70 49 FF FD EF 7F,0x06F,00000002
52.46315,9.0,101,0.0,1,1.0,[0 0 0 0 0 0 0 0],0.0,00 00 00 00 00 00 00 00,0x065,00000002
52.46865,9.0,101,0.0,1,1.0,[0 0 0 0 0 0 0 0],0.0,00 00 00 00 00 00 00 00,0x065,00000005
52.47,9.0,111,0.0,8,8.0,[181 155 208 183 254 253 239 127],0.0,B5 9B D0 B7 FE FD EF 7F,0x06F,00000005
52.47065,9.0,111,0.0,8,8.0,[147 236  15 196 242 249  79 127],0.0,93 EC 0F C4 F2 F9 4F 7F,0x06F,00000004
52.471399999999996,9.0,101,0.0,1,1.0,[0 0 0 0 0 0 0 0],0.0,00 00 00 00 00 00 00 00,0x065,00000004
52.660349999999994,9.0,111,0.0,8,8.0,[  1 188 112 201 254 253 239 127],0.0,01 BC 70 C9 FE FD EF 7F,0x06F,00000002
52.66135,9.0,101,0.0,1,1.0,[0 0 0 0 0 0 0 0],0.0,00 00 00 00 00 00 00 00,0x065,00000002
52.66685,9.0,101,0.0,1,1.0,[0 0 0 0 0 0 0 0],0.0,00 00 00 00 00 00 00 00,0x065,00000005
52.668,9.0,111,0.0,8,8.0,[181 155 208 183   0   2  16 128],0.0,B5 9B D0 B7 00 02 10 80,0x06F,00000005
52.66865,9.0,111,0.0,8,8.0,[141 220  47 196 243   5 240 126],0.0,8D DC 2F C4 F3 05 F0 7E,0x06F,00000004
52.66965,9.0,101,0.0,1,1.0,[0 0 0 0 0 0 0 0],0.0,00 00 00 00 00 00 00 00,0x065,00000004
52.858349999999994,9.0,111,0.0,8,8.0,[  1 188 112  73 255 253 239 127],0.0,01 BC 70 49 FF FD EF 7F,0x06F,00000002
52.85934999999999,9.0,101,0.0,1,1.0,[0 0 0 0 0 0 0 0],0.0,00 00 00 00 00 00 00 00,0x065,00000002
52.86485,9.0,101,0.0,1,1.0,[0 0 0 0 0 0 0 0],0.0,00 00 00 00 00 00 00 00,0x065,00000005
52.866,9.0,111,0.0,8,8.0,[181 155 208 183 255   9 240 127],0.0,B5 9B D0 B7 FF 09 F0 7F,0x06F,00000005
52.86665,9.0,111,0.0,8,8.0,[141 220  15  68 241   9 240 126],0.0,8D DC 0F 44 F1 09 F0 7E,0x06F,00000004
52.86765,9.0,101,0.0,1,1.0,[0 0 0 0 0 0 0 0],0.0,00 00 00 00 00 00 00 00,0x065,00000004
53.056349999999995,9.0,111,0.0,8,8.0,[  1 188 112  73 255 253 239 127],0.0,01 BC 70 49 FF FD EF 7F,0x06F,00000002
53.057249999999996,9.0,101,0.0,1,1.0,[0 0 0 0 0 0 0 0],0.0,00 00 00 00 00 00 00 00,0x065,00000002
53.06285,9.0,101,0.0,1,1.0,[0 0 0 0 0 0 0 0],0.0,00 00 00 00 00 00 00 00,0x065,00000005
53.06415,9.0,111,0.0,8,8.0,[181 155 208  55 255  13 240 127],0.0,B5 9B D0 37 FF 0D F0 7F,0x06F,00000005
53.06465,9.0,111,0.0,8,8.0,[139 228  15  68 241   9 176 126],0.0,8B E4 0F 44 F1 09 B0 7E,0x06F,00000004
53.0655,9.0,101,0.0,1,1.0,[0 0 0 0 0 0 0 0],0.0,00 00 00 00 00 00 00 00,0x065,00000004
53.254349999999995,9.0,111,0.0,8,8.0,[  1 188 112  73 255 253 239 127],0.0,01 BC 70 49 FF FD EF 7F,0x06F,00000002
53.25534999999999,9.0,101,0.0,1,1.0,[0 0 0 0 0 0 0 0],0.0,00 00 00 00 00 00 00 00,0x065,00000002
53.2609,9.0,101,0.0,1,1.0,[0 0 0 0 0 0 0 0],0.0,00 00 00 00 00 00 00 00,0x065,00000005
53.2624,9.0,111,0.0,8,8.0,[183 155 208  55 255  13 240 127],0.0,B7 9B D0 37 FF 0D F0 7F,0x06F,00000005
53.262649999999994,9.0,111,0.0,8,8.0,[143 228  47 196 238 253 175 126],0.0,8F E4 2F C4 EE FD AF 7E,0x06F,00000004
53.2635,9.0,101,0.0,1,1.0,[0 0 0 0 0 0 0 0],0.0,00 00 00 00 00 00 00 00,0x065,00000004
53.4524,9.0,111,0.0,8,8.0,[  1 188 112  73 255 253 239 127],0.0,01 BC 70 49 FF FD EF 7F,0x06F,00000002
53.453399999999995,9.0,101,0.0,1,1.0,[0 0 0 0 0 0 0 0],0.0,00 00 00 00 00 00 00 00,0x065,00000002
53.4589,9.0,101,0.0,1,1.0,[0 0 0 0 0 0 0 0],0.0,00 00 00 00 00 00 00 00,0x065,00000005
53.46,9.0,111,0.0,8,8.0,[183 155 176  55   0  14 240 127],0.0,B7 9B B0 37 00 0E F0 7F,0x06F,00000005
53.460649999999994,9.0,111,0.0,8,8.0,[137 212  47  68 236   9 112 126],0.0,89 D4 2F 44 EC 09 70 7E,0x06F,00000004
53.46165,9.0,101,0.0,1,1.0,[0 0 0 0 0 0 0 0],0.0,00 00 00 00 00 00 00 00,0x065,00000004
53.6504,9.0,111,0.0,8,8.0,[  1 188 112  73 255 253 239 127],0.0,01 BC 70 49 FF FD EF 7F,0x06F,00000002
53.651399999999995,9.0,101,0.0,1,1.0,[0 0 0 0 0 0 0 0],0.0,00 00 00 00 00 00 00 00,0x065,00000002
53.65665,9.0,101,0.0,1,1.0,[0 0 0 0 0 0 0 0],0.0,00 00 00 00 00 00 00 00,0x065,00000005
53.658,9.0,111,0.0,8,8.0,[183 155 208 183   0  14 208 127],0.0,B7 9B D0 B7 00 0E D0 7F,0x06F,00000005
53.6586,9.0,111,0.0,8,8.0,[135 228 175 196 235 201 111 125],0.0,87 E4 AF C4 EB C9 6F 7D,0x06F,00000004
53.6594,9.0,101,0.0,1,1.0,[0 0 0 0 0 0 0 0],0.0,00 00 00 00 00 00 00 00,0x065,00000004
53.8484,9.0,111,0.0,8,8.0,[  1 188 112  73 255 253 239 127],0.0,01 BC 70 49 FF FD EF 7F,0x06F,00000002
53.849399999999996,9.0,101,0.0,1,1.0,[0 0 0 0 0 0 0 0],0.0,00 00 00 00 00 00 00 00,0x065,00000002
53.85485,9.0,101,0.0,1,1.0,[0 0 0 0 0 0 0 0],0.0,00 00 00 00 00 00 00 00,0x065,00000005
53.856,9.0,111,0.0,8,8.0,[183 155 176 183 254 245 239 127],0.0,B7 9B B0 B7 FE F5 EF 7F,0x06F,00000005
53.856649999999995,9.0,111,0.0,8,8.0,[137 212  47  68 233 205  47 126],0.0,89 D4 2F 44 E9 CD 2F 7E,0x06F,00000004
53.85765,9.0,101,0.0,1,1.0,[0 0 0 0 0 0 0 0],0.0,00 00 00 00 00 00 00 00,0x065,00000004
54.0464,9.0,111,0.0,8,8.0,[  1 188 112  73 255 253 239 127],0.0,01 BC 70 49 FF FD EF 7F,0x06F,00000002
54.047399999999996,9.0,101,0.0,1,1.0,[0 0 0 0 0 0 0 0],0.0,00 00 00 00 00 00 00 00,0x065,00000002
54.05285,9.0,101,0.0,1,1.0,[0 0 0 0 0 0 0 0],0.0,00 00 00 00 00 00 00 00,0x065,00000005
54.0541,9.0,111,0.0,8,8.0,[183 155 176  55 255 249 239 127],0.0,B7 9B B0 37 FF F9 EF 7F,0x06F,00000005
54.054649999999995,9.0,111,0.0,8,8.0,[139 204  47 196 231 233 111 125],0.0,8B CC 2F C4 E7 E9 6F 7D,0x06F,00000004
54.05565,9.0,101,0.0,1,1.0,[0 0 0 0 0 0 0 0],0.0,00 00 00 00 00 00 00 00,0x065,00000004
54.24439999999999,9.0,111,0.0,8,8.0,[  1 188 112  73 255 253 239 127],0.0,01 BC 70 49 FF FD EF 7F,0x06F,00000002
54.2454,9.0,101,0.0,1,1.0,[0 0 0 0 0 0 0 0],0.0,00 00 00 00 00 00 00 00,0x065,00000002
54.2504,9.0,111,0.0,8,8.0,[183 155 208 183 254 249  47 128],0.0,B7 9B D0 B7 FE F9 2F 80,0x06F,00000005
54.251,9.0,101,0.0,1,1.0,[0 0 0 0 0 0 0 0],0.0,00 00 00 00 00 00 00 00,0x065,00000005
54.252649999999996,9.0,111,0.0,8,8.0,[143 220 175  68 228 221 143 125],0.0,8F DC AF 44 E4 DD 8F 7D,0x06F,00000004
54.25365,9.0,101,0.0,1,1.0,[0 0 0 0 0 0 0 0],0.0,00 00 00 00 00 00 00 00,0x065,00000004
54.44239999999999,9.0,111,0.0,8,8.0,[  1 188 112  73 255 253 239 127],0.0,01 BC 70 49 FF FD EF 7F,0x06F,00000002
54.4434,9.0,101,0.0,1,1.0,[0 0 0 0 0 0 0 0],0.0,00 00 00 00 00 00 00 00,0x065,00000002
54.44885,9.0,101,0.0,1,1.0,[0 0 0 0 0 0 0 0],0.0,00 00 00 00 00 00 00 00,0x065,00000005
54.449999999999996,9.0,111,0.0,8,8.0,[181 155 176  55 255   1 240 127],0.0,B5 9B B0 37 FF 01 F0 7F,0x06F,00000005
54.450649999999996,9.0,111,0.0,8,8.0,[145 228 239 195 230   5  48 125],0.0,91 E4 EF C3 E6 05 30 7D,0x06F,00000004
54.451649999999994,9.0,101,0.0,1,1.0,[0 0 0 0 0 0 0 0],0.0,00 00 00 00 00 00 00 00,0x065,00000004
54.64035,9.0,111,0.0,8,8.0,[  1 188 112  73 255 253 239 127],0.0,01 BC 70 49 FF FD EF 7F,0x06F,00000002
54.6414,9.0,101,0.0,1,1.0,[0 0 0 0 0 0 0 0],0.0,00 00 00 00 00 00 00 00,0x065,00000002
54.646899999999995,9.0,101,0.0,1,1.0,[0 0 0 0 0 0 0 0],0.0,00 00 00 00 00 00 00 00,0x065,00000005
54.647999999999996,9.0,111,0.0,8,8.0,[183 155 176  55 255 241 239 127],0.0,B7 9B B0 37 FF F1 EF 7F,0x06F,00000005
54.648649999999996,9.0,111,0.0,8,8.0,[137 204  79 196 227   9 208 124],0.0,89 CC 4F C4 E3 09 D0 7C,0x06F,00000004
54.649649999999994,9.0,101,0.0,1,1.0,[0 0 0 0 0 0 0 0],0.0,00 00 00 00 00 00 00 00,0x065,00000004
54.83839999999999,9.0,111,0.0,8,8.0,[  1 188 112  73 255 253 239 127],0.0,01 BC 70 49 FF FD EF 7F,0x06F,00000002
54.8394,9.0,101,0.0,1,1.0,[0 0 0 0 0 0 0 0],0.0,00 00 00 00 00 00 00 00,0x065,00000002
54.844899999999996,9.0,101,0.0,1,1.0,[0 0 0 0 0 0 0 0],0.0,00 00 00 00 00 00 00 00,0x065,00000005
54.846,9.0,111,0.0,8,8.0,[181 155 176  55 254 225 207 127],0.0,B5 9B B0 37 FE E1 CF 7F,0x06F,00000005
54.84665,9.0,111,0.0,8,8.0,[143 212 111  68 227   9 144 124],0.0,8F D4 6F 44 E3 09 90 7C,0x06F,00000004
54.847449999999995,9.0,101,0.0,1,1.0,[0 0 0 0 0 0 0 0],0.0,00 00 00 00 00 00 00 00,0x065,00000004
55.03639999999999,9.0,111,0.0,8,8.0,[  1 188 112  73 255 253 239 127],0.0,01 BC 70 49 FF FD EF 7F,0x06F,00000002
55.03809999999999,9.0,101,0.0,1,1.0,[0 0 0 0 0 0 0 0],0.0,00 00 00 00 00 00 00 00,0x065,00000002
55.042899999999996,9.0,101,0.0,1,1.0,[0 0 0 0 0 0 0 0],0.0,00 00 00 00 00 00 00 00,0x065,00000005
55.044149999999995,9.0,111,0.0,8,8.0,[181 155 208 183 252 197 207 127],0.0,B5 9B D0 B7 FC C5 CF 7F,0x06F,00000005
55.04465,9.0,111,0.0,8,8.0,[139 220 111 196 226 253 111 124],0.0,8B DC 6F C4 E2 FD 6F 7C,0x06F,00000004
55.046299999999995,9.0,101,0.0,1,1.0,[0 0 0 0 0 0 0 0],0.0,00 00 00 00 00 00 00 00,0x065,00000004
55.234399999999994,9.0,111,0.0,8,8.0,[  1 188 112  73 255 253 239 127],0.0,01 BC 70 49 FF FD EF 7F,0x06F,00000002
55.240899999999996,9.0,101,0.0,1,1.0,[0 0 0 0 0 0 0 0],0.0,00 00 00 00 00 00 00 00,0x065,00000005
55.242,9.0,111,0.0,8,8.0,[179 163 176  55 247 125  79 128],0.0,B3 A3 B0 37 F7 7D 4F 80,0x06F,00000005
55.24265,9.0,111,0.0,8,8.0,[137 228 111 196 226   9 144 124],0.0,89 E4 6F C4 E2 09 90 7C,0x06F,00000004
55.243649999999995,9.0,101,0.0,1,1.0,[0 0 0 0 0 0 0 0],0.0,00 00 00 00 00 00 00 00,0x065,00000004
55.432649999999995,9.0,101,0.0,1,1.0,[0 0 0 0 0 0 0 0],0.0,00 00 00 00 00 00 00 00,0x065,00000002
55.43384999999999,9.0,111,0.0,8,8.0,[  1 188 112  73 255 253 239 127],0.0,01 BC 70 49 FF FD EF 7F,0x06F,00000002
55.4384,9.0,111,0.0,8,8.0,[177 163 240  55   0 186  47 128],0.0,B1 A3 F0 37 00 BA 2F 80,0x06F,00000005
55.439049999999995,9.0,101,0.0,1,1.0,[0 0 0 0 0 0 0 0],0.0,00 00 00 00 00 00 00 00,0x065,00000005
55.44065,9.0,111,0.0,8,8.0,[137 244 143 196 226 245 143 124],0.0,89 F4 8F C4 E2 F5 8F 7C,0x06F,00000004
55.441649999999996,9.0,101,0.0,1,1.0,[0 0 0 0 0 0 0 0],0.0,00 00 00 00 00 00 00 00,0x065,00000004
55.630649999999996,9.0,101,0.0,1,1.0,[0 0 0 0 0 0 0 0],0.0,00 00 00 00 00 00 00 00,0x065,00000002
55.63184999999999,9.0,111,0.0,8,8.0,[  1 188 112  73 255 253 239 127],0.0,01 BC 70 49 FF FD EF 7F,0x06F,00000002
55.6369,9.0,101,0.0,1,1.0,[0 0 0 0 0 0 0 0],0.0,00 00 00 00 00 00 00 00,0x065,00000005
55.638,9.0,111,0.0,8,8.0,[183 155 176  55  11  90 176 130],0.0,B7 9B B0 37 0B 5A B0 82,0x06F,00000005
55.63865,9.0,111,0.0,8,8.0,[139 244  79 196 227 249 207 124],0.0,8B F4 4F C4 E3 F9 CF 7C,0x06F,00000004
55.639649999999996,9.0,101,0.0,1,1.0,[0 0 0 0 0 0 0 0],0.0,00 00 00 00 00 00 00 00,0x065,00000004
55.828649999999996,9.0,101,0.0,1,1.0,[0 0 0 0 0 0 0 0],0.0,00 00 00 00 00 00 00 00,0x065,00000002
55.82984999999999,9.0,111,0.0,8,8.0,[  1 188 112  73 255 253 239 127],0.0,01 BC 70 49 FF FD EF 7F,0x06F,00000002
55.8349,9.0,101,0.0,1,1.0,[0 0 0 0 0 0 0 0],0.0,00 00 00 00 00 00 00 00,0x065,00000005
55.836,9.0,111,0.0,8,8.0,[197 107  16 183  43 178 209 129],0.0,C5 6B 10 B7 2B B2 D1 81,0x06F,00000005
55.83665,9.0,111,0.0,8,8.0,[141 252 143  68 228   5 240 124],0.0,8D FC 8F 44 E4 05 F0 7C,0x06F,00000004
55.83765,9.0,101,0.0,1,1.0,[0 0 0 0 0 0 0 0],0.0,00 00 00 00 00 00 00 00,0x065,00000004
56.0269,9.0,101,0.0,1,1.0,[0 0 0 0 0 0 0 0],0.0,00 00 00 00 00 00 00 00,0x065,00000002
56.028,9.0,111,0.0,8,8.0,[  1 188 112  73 255 253 239 127],0.0,01 BC 70 49 FF FD EF 7F,0x06F,00000002
56.03245,9.0,111,0.0,8,8.0,[195 131  48 183  32  34 241 140],0.0,C3 83 30 B7 20 22 F1 8C,0x06F,00000005
56.03375,9.0,101,0.0,1,1.0,[0 0 0 0 0 0 0 0],0.0,00 00 00 00 00 00 00 00,0x065,00000005
56.03465,9.0,111,0.0,8,8.0,[139   4 112  68 229  13 240 124],0.0,8B 04 70 44 E5 0D F0 7C,0x06F,00000004
56.03565,9.0,101,0.0,1,1.0,[0 0 0 0 0 0 0 0],0.0,00 00 00 00 00 00 00 00,0x065,00000004
56.22465,9.0,101,0.0,1,1.0,[0 0 0 0 0 0 0 0],0.0,00 00 00 00 00 00 00 00,0x065,00000002
56.225849999999994,9.0,111,0.0,8,8.0,[  1 188 112  73 255 253 239 127],0.0,01 BC 70 49 FF FD EF 7F,0x06F,00000002
56.2309,9.0,101,0.0,1,1.0,[0 0 0 0 0 0 0 0],0.0,00 00 00 00 00 00 00 00,0x065,00000005
56.23205,9.0,111,0.0,8,8.0,[207 115 240 182   1 254  15 129],0.0,CF 73 F0 B6 01 FE 0F 81,0x06F,00000005
56.23265,9.0,111,0.0,8,8.0,[137 252 143  68 231   1  48 125],0.0,89 FC 8F 44 E7 01 30 7D,0x06F,00000004
56.23365,9.0,101,0.0,1,1.0,[0 0 0 0 0 0 0 0],0.0,00 00 00 00 00 00 00 00,0x065,00000004
56.42265,9.0,101,0.0,1,1.0,[0 0 0 0 0 0 0 0],0.0,00 00 00 00 00 00 00 00,0x065,00000002
56.423849999999995,9.0,111,0.0,8,8.0,[  1 188 112 201 254 253 239 127],0.0,01 BC 70 C9 FE FD EF 7F,0x06F,00000002
56.4289,9.0,101,0.0,1,1.0,[0 0 0 0 0 0 0 0],0.0,00 00 00 00 00 00 00 00,0x065,00000005
56.43005,9.0,111,0.0,8,8.0,[207 115 240 182   0   6 176 128],0.0,CF 73 F0 B6 00 06 B0 80,0x06F,00000005
56.43065,9.0,111,0.0,8,8.0,[137  12 144  68 233 245  79 125],0.0,89 0C 90 44 E9 F5 4F 7D,0x06F,00000004
56.43165,9.0,101,0.0,1,1.0,[0 0 0 0 0 0 0 0],0.0,00 00 00 00 00 00 00 00,0x065,00000004
56.62065,9.0,101,0.0,1,1.0,[0 0 0 0 0 0 0 0],0.0,00 00 00 00 00 00 00 00,0x065,00000002
56.621849999999995,9.0,111,0.0,8,8.0,[  1 188 112  73 255 253 239 127],0.0,01 BC 70 49 FF FD EF 7F,0x06F,00000002
56.6264,9.0,111,0.0,8,8.0,[207 115 240 182   0   6 112 129],0.0,CF 73 F0 B6 00 06 70 81,0x06F,00000005
56.62705,9.0,101,0.0,1,1.0,[0 0 0 0 0 0 0 0],0.0,00 00 00 00 00 00 00 00,0x065,00000005
56.62865,9.0,111,0.0,8,8.0,[137  20 112 196 235 253 207 125],0.0,89 14 70 C4 EB FD CF 7D,0x06F,00000004
56.62965,9.0,101,0.0,1,1.0,[0 0 0 0 0 0 0 0],0.0,00 00 00 00 00 00 00 00,0x065,00000004
56.81889999999999,9.0,101,0.0,1,1.0,[0 0 0 0 0 0 0 0],0.0,00 00 00 00 00 00 00 00,0x065,00000002
56.819849999999995,9.0,111,0.0,8,8.0,[  1 188 112  73 255 253 239 127],0.0,01 BC 70 49 FF FD EF 7F,0x06F,00000002
56.8244,9.0,111,0.0,8,8.0,[207 115 240  54   0   2 112 129],0.0,CF 73 F0 36 00 02 70 81,0x06F,00000005
56.82505,9.0,101,0.0,1,1.0,[0 0 0 0 0 0 0 0],0.0,00 00 00 00 00 00 00 00,0x065,00000005
56.826699999999995,9.0,111,0.0,8,8.0,[139  20 112 196 238 245  15 126],0.0,8B 14 70 C4 EE F5 0F 7E,0x06F,00000004
57.01669999999999,9.0,101,0.0,1,1.0,[0 0 0 0 0 0 0 0],0.0,00 00 00 00 00 00 00 00,0x065,00000002
57.017999999999994,9.0,111,0.0,8,8.0,[  1 188 112  73 255 253 239 127],0.0,01 BC 70 49 FF FD EF 7F,0x06F,00000002
57.0229,9.0,101,0.0,1,1.0,[0 0 0 0 0 0 0 0],0.0,00 00 00 00 00 00 00 00,0x065,00000005
57.0242,9.0,111,0.0,8,8.0,[209 115 240  54   0   2  16 129],0.0,D1 73 F0 36 00 02 10 81,0x06F,00000005
57.02495,9.0,101,0.0,1,1.0,[0 0 0 0 0 0 0 0],0.0,00 00 00 00 00 00 00 00,0x065,00000004
57.0265,9.0,111,0.0,8,8.0,[139  52 112 196 242   1 112 126],0.0,8B 34 70 C4 F2 01 70 7E,0x06F,00000004
57.21489999999999,9.0,101,0.0,1,1.0,[0 0 0 0 0 0 0 0],0.0,00 00 00 00 00 00 00 00,0x065,00000002
57.215849999999996,9.0,111,0.0,8,8.0,[  1 188 112  73 255 253 239 127],0.0,01 BC 70 49 FF FD EF 7F,0x06F,00000002
57.2204,9.0,111,0.0,8,8.0,[207 123 240 182 255   1 176 129],0.0,CF 7B F0 B6 FF 01 B0 81,0x06F,00000005
57.22105,9.0,101,0.0,1,1.0,[0 0 0 0 0 0 0 0],0.0,00 00 00 00 00 00 00 00,0x065,00000005
57.22295,9.0,101,0.0,1,1.0,[0 0 0 0 0 0 0 0],0.0,00 00 00 00 00 00 00 00,0x065,00000004
57.224349999999994,9.0,111,0.0,8,8.0,[139  60  80  68 245   1 208 126],0.0,8B 3C 50 44 F5 01 D0 7E,0x06F,00000004
57.412699999999994,9.0,101,0.0,1,1.0,[0 0 0 0 0 0 0 0],0.0,00 00 00 00 00 00 00 00,0x065,00000002
57.41385,9.0,111,0.0,8,8.0,[  1 188 112 201 254 253 239 127],0.0,01 BC 70 C9 FE FD EF 7F,0x06F,00000002
57.41845,9.0,111,0.0,8,8.0,[209 115 240 182 255   1 112 128],0.0,D1 73 F0 B6 FF 01 70 80,0x06F,00000005
57.4191,9.0,101,0.0,1,1.0,[0 0 0 0 0 0 0 0],0.0,00 00 00 00 00 00 00 00,0x065,00000005
57.42095,9.0,101,0.0,1,1.0,[0 0 0 0 0 0 0 0],0.0,00 00 00 00 00 00 00 00,0x065,00000004
57.422399999999996,9.0,111,0.0,8,8.0,[139  52  80 196 249 253  79 127],0.0,8B 34 50 C4 F9 FD 4F 7F,0x06F,00000004
57.610699999999994,9.0,101,0.0,1,1.0,[0 0 0 0 0 0 0 0],0.0,00 00 00 00 00 00 00 00,0x065,00000002
57.61185,9.0,111,0.0,8,8.0,[  1 188 112  73 255 253 239 127],0.0,01 BC 70 49 FF FD EF 7F,0x06F,00000002
57.6169,9.0,101,0.0,1,1.0,[0 0 0 0 0 0 0 0],0.0,00 00 00 00 00 00 00 00,0x065,00000005
57.6171,9.0,111,0.0,8,8.0,[209 123 240  54 255   1 144 129],0.0,D1 7B F0 36 FF 01 90 81,0x06F,00000005
57.61895,9.0,101,0.0,1,1.0,[0 0 0 0 0 0 0 0],0.0,00 00 00 00 00 00 00 00,0x065,00000004
57.6204,9.0,111,0.0,8,8.0,[141  60  48 196 251 253 143 127],0.0,8D 3C 30 C4 FB FD 8F 7F,0x06F,00000004
57.808699999999995,9.0,101,0.0,1,1.0,[0 0 0 0 0 0 0 0],0.0,00 00 00 00 00 00 00 00,0x065,00000002
57.80985,9.0,111,0.0,8,8.0,[  1 188 112  73 255 253 239 127],0.0,01 BC 70 49 FF FD EF 7F,0x06F,00000002
57.81445,9.0,111,0.0,8,8.0,[211 123 240 182 255   1  48 129],0.0,D3 7B F0 B6 FF 01 30 81,0x06F,00000005
57.8151,9.0,101,0.0,1,1.0,[0 0 0 0 0 0 0 0],0.0,00 00 00 00 00 00 00 00,0x065,00000005
57.81695,9.0,101,0.0,1,1.0,[0 0 0 0 0 0 0 0],0.0,00 00 00 00 00 00 00 00,0x065,00000004
57.8184,9.0,111,0.0,8,8.0,[141  44  16  68 253 249 207 127],0.0,8D 2C 10 44 FD F9 CF 7F,0x06F,00000004
58.006899999999995,9.0,101,0.0,1,1.0,[0 0 0 0 0 0 0 0],0.0,00 00 00 00 00 00 00 00,0x065,00000002
58.007999999999996,9.0,111,0.0,8,8.0,[  1 188 112  73 255 253 239 127],0.0,01 BC 70 49 FF FD EF 7F,0x06F,00000002
58.01245,9.0,111,0.0,8,8.0,[209 123 240 182 255   1 208 128],0.0,D1 7B F0 B6 FF 01 D0 80,0x06F,00000005
58.0131,9.0,101,0.0,1,1.0,[0 0 0 0 0 0 0 0],0.0,00 00 00 00 00 00 00 00,0x065,00000005
58.01495,9.0,101,0.0,1,1.0,[0 0 0 0 0 0 0 0],0.0,00 00 00 00 00 00 00 00,0x065,00000004
58.01649999999999,9.0,111,0.0,8,8.0,[141 252  15 196 253 249 239 127],0.0,8D FC 0F C4 FD F9 EF 7F,0x06F,00000004
58.204899999999995,9.0,101,0.0,1,1.0,[0 0 0 0 0 0 0 0],0.0,00 00 00 00 00 00 00 00,0x065,00000002
58.20585,9.0,111,0.0,8,8.0,[  1 188 112  73 255 253 239 127],0.0,01 BC 70 49 FF FD EF 7F,0x06F,00000002
58.210449999999994,9.0,111,0.0,8,8.0,[209 123 240 182 255   1 208 129],0.0,D1 7B F0 B6 FF 01 D0 81,0x06F,00000005
58.211099999999995,9.0,101,0.0,1,1.0,[0 0 0 0 0 0 0 0],0.0,00 00 00 00 00 00 00 00,0x065,00000005
58.21295,9.0,101,0.0,1,1.0,[0 0 0 0 0 0 0 0],0.0,00 00 00 00 00 00 00 00,0x065,00000004
58.21445,9.0,111,0.0,8,8.0,[141   4 240 195 254 253 175 127],0.0,8D 04 F0 C3 FE FD AF 7F,0x06F,00000004
58.402899999999995,9.0,101,0.0,1,1.0,[0 0 0 0 0 0 0 0],0.0,00 00 00 00 00 00 00 00,0x065,00000002
58.40389999999999,9.0,111,0.0,8,8.0,[  1 188 112  73 255 253 239 127],0.0,01 BC 70 49 FF FD EF 7F,0x06F,00000002
58.408449999999995,9.0,111,0.0,8,8.0,[211 131 208  54 255   1  48 129],0.0,D3 83 D0 36 FF 01 30 81,0x06F,00000005
58.40905,9.0,101,0.0,1,1.0,[0 0 0 0 0 0 0 0],0.0,00 00 00 00 00 00 00 00,0x065,00000005
58.41095,9.0,101,0.0,1,1.0,[0 0 0 0 0 0 0 0],0.0,00 00 00 00 00 00 00 00,0x065,00000004
58.41245,9.0,111,0.0,8,8.0,[141  12  16 196 254 249 239 127],0.0,8D 0C 10 C4 FE F9 EF 7F,0x06F,00000004
58.600899999999996,9.0,101,0.0,1,1.0,[0 0 0 0 0 0 0 0],0.0,00 00 00 00 00 00 00 00,0x065,00000002
58.60189999999999,9.0,111,0.0,8,8.0,[  1 188 112  73 255 253 239 127],0.0,01 BC 70 49 FF FD EF 7F,0x06F,00000002
58.606449999999995,9.0,111,0.0,8,8.0,[211 131 240  54 255   1  80 129],0.0,D3 83 F0 36 FF 01 50 81,0x06F,00000005
58.60705,9.0,101,0.0,1,1.0,[0 0 0 0 0 0 0 0],0.0,00 00 00 00 00 00 00 00,0x065,00000005
58.609199999999994,9.0,101,0.0,1,1.0,[0 0 0 0 0 0 0 0],0.0,00 00 00 00 00 00 00 00,0x065,00000004
58.61045,9.0,111,0.0,8,8.0,[143  12  16 196 254 253 239 127],0.0,8F 0C 10 C4 FE FD EF 7F,0x06F,00000004
58.7987,9.0,101,0.0,1,1.0,[0 0 0 0 0 0 0 0],0.0,00 00 00 00 00 00 00 00,0x065,00000002
58.799899999999994,9.0,111,0.0,8,8.0,[  1 188 112  73 255 253 239 127],0.0,01 BC 70 49 FF FD EF 7F,0x06F,00000002
58.804899999999996,9.0,101,0.0,1,1.0,[0 0 0 0 0 0 0 0],0.0,00 00 00 00 00 00 00 00,0x065,00000005
58.80505,9.0,111,0.0,8,8.0,[211 131 240  54 255 253 143 129],0.0,D3 83 F0 36 FF FD 8F 81,0x06F,00000005
58.80694999999999,9.0,101,0.0,1,1.0,[0 0 0 0 0 0 0 0],0.0,00 00 00 00 00 00 00 00,0x065,00000004
58.80844999999999,9.0,111,0.0,8,8.0,[141  12 240 195 254 253 239 127],0.0,8D 0C F0 C3 FE FD EF 7F,0x06F,00000004
58.9969,9.0,101,0.0,1,1.0,[0 0 0 0 0 0 0 0],0.0,00 00 00 00 00 00 00 00,0x065,00000002
58.998,9.0,111,0.0,8,8.0,[  1 188 112 201 254 253 239 127],0.0,01 BC 70 C9 FE FD EF 7F,0x06F,00000002
59.002449999999996,9.0,111,0.0,8,8.0,[213 131 240  54 255 253  47 129],0.0,D5 83 F0 36 FF FD 2F 81,0x06F,00000005
59.003099999999996,9.0,101,0.0,1,1.0,[0 0 0 0 0 0 0 0],0.0,00 00 00 00 00 00 00 00,0x065,00000005
59.004949999999994,9.0,101,0.0,1,1.0,[0 0 0 0 0 0 0 0],0.0,00 00 00 00 00 00 00 00,0x065,00000004
59.0066,9.0,111,0.0,8,8.0,[141  20 240 195 254 253 207 127],0.0,8D 14 F0 C3 FE FD CF 7F,0x06F,00000004
59.1949,9.0,101,0.0,1,1.0,[0 0 0 0 0 0 0 0],0.0,00 00 00 00 00 00 00 00,0x065,00000002
59.195899999999995,9.0,111,0.0,8,8.0,[  1 188 112  73 255 253 239 127],0.0,01 BC 70 49 FF FD EF 7F,0x06F,00000002
59.20045,9.0,111,0.0,8,8.0,[213 131 240 182 254 249  79 129],0.0,D5 83 F0 B6 FE F9 4F 81,0x06F,00000005
59.2011,9.0,101,0.0,1,1.0,[0 0 0 0 0 0 0 0],0.0,00 00 00 00 00 00 00 00,0x065,00000005
59.202949999999994,9.0,101,0.0,1,1.0,[0 0 0 0 0 0 0 0],0.0,00 00 00 00 00 00 00 00,0x065,00000004
59.204499999999996,9.0,111,0.0,8,8.0,[143  20 240 195 254 249 207 127],0.0,8F 14 F0 C3 FE F9 CF 7F,0x06F,00000004
59.3929,9.0,101,0.0,1,1.0,[0 0 0 0 0 0 0 0],0.0,00 00 00 00 00 00 00 00,0x065,00000002
59.393899999999995,9.0,111,0.0,8,8.0,[  1 188 112 201 254 253 239 127],0.0,01 BC 70 C9 FE FD EF 7F,0x06F,00000002
59.39845,9.0,111,0.0,8,8.0,[213 139 208  54 255 253 239 128],0.0,D5 8B D0 36 FF FD EF 80,0x06F,00000005
59.3991,9.0,101,0.0,1,1.0,[0 0 0 0 0 0 0 0],0.0,00 00 00 00 00 00 00 00,0x065,00000005
59.401199999999996,9.0,101,0.0,1,1.0,[0 0 0 0 0 0 0 0],0.0,00 00 00 00 00 00 00 00,0x065,00000004
59.402499999999996,9.0,111,0.0,8,8.0,[143  20 240 195 254 253 207 127],0.0,8F 14 F0 C3 FE FD CF 7F,0x06F,00000004
59.59094999999999,9.0,101,0.0,1,1.0,[0 0 0 0 0 0 0 0],0.0,00 00 00 00 00 00 00 00,0x065,00000002
59.591899999999995,9.0,111,0.0,8,8.0,[  1 188 112  73 255 253 239 127],0.0,01 BC 70 49 FF FD EF 7F,0x06F,00000002
59.59645,9.0,111,0.0,8,8.0,[215 131 208  54 255   1 112 129],0.0,D7 83 D0 36 FF 01 70 81,0x06F,00000005
59.5971,9.0,101,0.0,1,1.0,[0 0 0 0 0 0 0 0],0.0,00 00 00 00 00 00 00 00,0x065,00000005
59.598949999999995,9.0,101,0.0,1,1.0,[0 0 0 0 0 0 0 0],0.0,00 00 00 00 00 00 00 00,0x065,00000004
59.6005,9.0,111,0.0,8,8.0,[143  28 240 195 253 249 175 127],0.0,8F 1C F0 C3 FD F9 AF 7F,0x06F,00000004
59.78894999999999,9.0,101,0.0,1,1.0,[0 0 0 0 0 0 0 0],0.0,00 00 00 00 00 00 00 00,0x065,00000002
59.789899999999996,9.0,111,0.0,8,8.0,[  1 188 112  73 255 249 239 127],0.0,01 BC 70 49 FF F9 EF 7F,0x06F,00000002
59.79445,9.0,111,0.0,8,8.0,[213 139 208  54 255   1 176 130],0.0,D5 8B D0 36 FF 01 B0 82,0x06F,00000005
59.7951,9.0,101,0.0,1,1.0,[0 0 0 0 0 0 0 0],0.0,00 00 00 00 00 00 00 00,0x065,00000005
59.7972,9.0,101,0.0,1,1.0,[0 0 0 0 0 0 0 0],0.0,00 00 00 00 00 00 00 00,0x065,00000004
59.798399999999994,9.0,111,0.0,8,8.0,[143  44 208 195 253 249 143 127],0.0,8F 2C D0 C3 FD F9 8F 7F,0x06F,00000004
59.98694999999999,9.0,101,0.0,1,1.0,[0 0 0 0 0 0 0 0],0.0,00 00 00 00 00 00 00 00,0x065,00000002
59.988049999999994,9.0,111,0.0,8,8.0,[  1 188 112 201 254 253 239 127],0.0,01 BC 70 C9 FE FD EF 7F,0x06F,00000002
59.99245,9.0,111,0.0,8,8.0,[213 139 208 182 254 253 111 129],0.0,D5 8B D0 B6 FE FD 6F 81,0x06F,00000005
59.99335,9.0,101,0.0,1,1.0,[0 0 0 0 0 0 0 0],0.0,00 00 00 00 00 00 00 00,0x065,00000005
59.994949999999996,9.0,101,0.0,1,1.0,[0 0 0 0 0 0 0 0],0.0,00 00 00 00 00 00 00 00,0x065,00000004
59.99655,9.0,111,0.0,8,8.0,[143  52 208  67 252 249 111 127],0.0,8F 34 D0 43 FC F9 6F 7F,0x06F,00000004
60.18494999999999,9.0,101,0.0,1,1.0,[0 0 0 0 0 0 0 0],0.0,00 00 00 00 00 00 00 00,0x065,00000002
60.1859,9.0,111,0.0,8,8.0,[  1 188 112  73 255 253 239 127],0.0,01 BC 70 49 FF FD EF 7F,0x06F,00000002
60.1905,9.0,111,0.0,8,8.0,[215 139 208 182 254 253 239 127],0.0,D7 8B D0 B6 FE FD EF 7F,0x06F,00000005
60.1911,9.0,101,0.0,1,1.0,[0 0 0 0 0 0 0 0],0.0,00 00 00 00 00 00 00 00,0x065,00000005
60.193,9.0,101,0.0,1,1.0,[0 0 0 0 0 0 0 0],0.0,00 00 00 00 00 00 00 00,0x065,00000004
60.194399999999995,9.0,111,0.0,8,8.0,[143  60 208 195 251 253 111 127],0.0,8F 3C D0 C3 FB FD 6F 7F,0x06F,00000004
60.382949999999994,9.0,101,0.0,1,1.0,[0 0 0 0 0 0 0 0],0.0,00 00 00 00 00 00 00 00,0x065,00000002
60.3839,9.0,111,0.0,8,8.0,[  1 188 112  73 255 253 239 127],0.0,01 BC 70 49 FF FD EF 7F,0x06F,00000002
60.38845,9.0,111,0.0,8,8.0,[215 139 208  54 255 253 239 127],0.0,D7 8B D0 36 FF FD EF 7F,0x06F,00000005
60.3891,9.0,101,0.0,1,1.0,[0 0 0 0 0 0 0 0],0.0,00 00 00 00 00 00 00 00,0x065,00000005
60.3912,9.0,101,0.0,1,1.0,[0 0 0 0 0 0 0 0],0.0,00 00 00 00 00 00 00 00,0x065,00000004
60.392399999999995,9.0,111,0.0,8,8.0,[143  68 208  67 251   1  48 127],0.0,8F 44 D0 43 FB 01 30 7F,0x06F,00000004
60.580949999999994,9.0,101,0.0,1,1.0,[0 0 0 0 0 0 0 0],0.0,00 00 00 00 00 00 00 00,0x065,00000002
60.58109999999999,9.0,111,0.0,8,8.0,[  1 188 112  73 255 253 239 127],0.0,01 BC 70 49 FF FD EF 7F,0x06F,00000002
60.58645,9.0,111,0.0,8,8.0,[215 139 208  54 255 253 239 127],0.0,D7 8B D0 36 FF FD EF 7F,0x06F,00000005
60.5871,9.0,101,0.0,1,1.0,[0 0 0 0 0 0 0 0],0.0,00 00 00 00 00 00 00 00,0x065,00000005
60.5892,9.0,101,0.0,1,1.0,[0 0 0 0 0 0 0 0],0.0,00 00 00 00 00 00 00 00,0x065,00000004
60.590399999999995,9.0,111,0.0,8,8.0,[143  76 208  67 250 249  79 127],0.0,8F 4C D0 43 FA F9 4F 7F,0x06F,00000004
60.778949999999995,9.0,101,0.0,1,1.0,[0 0 0 0 0 0 0 0],0.0,00 00 00 00 00 00 00 00,0x065,00000002
60.7799,9.0,111,0.0,8,8.0,[  1 188 112  73 255 253 239 127],0.0,01 BC 70 49 FF FD EF 7F,0x06F,00000002
60.78445,9.0,111,0.0,8,8.0,[215 139 208  54 255 253 239 127],0.0,D7 8B D0 36 FF FD EF 7F,0x06F,00000005
60.78525,9.0,101,0.0,1,1.0,[0 0 0 0 0 0 0 0],0.0,00 00 00 00 00 00 00 00,0x065,00000005
60.787,9.0,101,0.0,1,1.0,[0 0 0 0 0 0 0 0],0.0,00 00 00 00 00 00 00 00,0x065,00000004
60.788399999999996,9.0,111,0.0,8,8.0,[145  84 208 195 249 253  47 127],0.0,91 54 D0 C3 F9 FD 2F 7F,0x06F,00000004
60.976949999999995,9.0,101,0.0,1,1.0,[0 0 0 0 0 0 0 0],0.0,00 00 00 00 00 00 00 00,0x065,00000002
60.978049999999996,9.0,111,0.0,8,8.0,[  1 188 112  73 255 253 239 127],0.0,01 BC 70 49 FF FD EF 7F,0x06F,00000002
60.98245,9.0,111,0.0,8,8.0,[215 139 208  54 255 253 239 127],0.0,D7 8B D0 36 FF FD EF 7F,0x06F,00000005
60.9831,9.0,101,0.0,1,1.0,[0 0 0 0 0 0 0 0],0.0,00 00 00 00 00 00 00 00,0x065,00000005
60.9852,9.0,101,0.0,1,1.0,[0 0 0 0 0 0 0 0],0.0,00 00 00 00 00 00 00 00,0x065,00000004
60.986549999999994,9.0,111,0.0,8,8.0,[143  84 176 195 248 253  15 127],0.0,8F 54 B0 C3 F8 FD 0F 7F,0x06F,00000004
61.174949999999995,9.0,101,0.0,1,1.0,[0 0 0 0 0 0 0 0],0.0,00 00 00 00 00 00 00 00,0x065,00000002
61.1759,9.0,111,0.0,8,8.0,[  1 188 112  73 255 253 239 127],0.0,01 BC 70 49 FF FD EF 7F,0x06F,00000002
61.18045,9.0,111,0.0,8,8.0,[215 139 208  54 255 253 239 127],0.0,D7 8B D0 36 FF FD EF 7F,0x06F,00000005
61.18135,9.0,101,0.0,1,1.0,[0 0 0 0 0 0 0 0],0.0,00 00 00 00 00 00 00 00,0x065,00000005
61.18319999999999,9.0,101,0.0,1,1.0,[0 0 0 0 0 0 0 0],0.0,00 00 00 00 00 00 00 00,0x065,00000004
61.184400000000004,9.0,111,0.0,8,8.0,[143  76 240 195 248   1  48 127],0.0,8F 4C F0 C3 F8 01 30 7F,0x06F,00000004
61.37294999999999,9.0,101,0.0,1,1.0,[0 0 0 0 0 0 0 0],0.0,00 00 00 00 00 00 00 00,0x065,00000002
61.37389999999999,9.0,111,0.0,8,8.0,[  1 188 112  73 255 253 239 127],0.0,01 BC 70 49 FF FD EF 7F,0x06F,00000002
61.378449999999994,9.0,111,0.0,8,8.0,[215 139 208  54 255 253 239 127],0.0,D7 8B D0 36 FF FD EF 7F,0x06F,00000005
61.3791,9.0,101,0.0,1,1.0,[0 0 0 0 0 0 0 0],0.0,00 00 00 00 00 00 00 00,0x065,00000005
61.38094999999999,9.0,101,0.0,1,1.0,[0 0 0 0 0 0 0 0],0.0,00 00 00 00 00 00 00 00,0x065,00000004
61.3824,9.0,111,0.0,8,8.0,[145  76 240  67 249 253  47 127],0.0,91 4C F0 43 F9 FD 2F 7F,0x06F,00000004
61.570949999999996,9.0,101,0.0,1,1.0,[0 0 0 0 0 0 0 0],0.0,00 00 00 00 00 00 00 00,0x065,00000002
61.5719,9.0,111,0.0,8,8.0,[  1 188 112  73 255 253 239 127],0.0,01 BC 70 49 FF FD EF 7F,0x06F,00000002
61.5765,9.0,111,0.0,8,8.0,[215 139 208  54 255 253 239 127],0.0,D7 8B D0 36 FF FD EF 7F,0x06F,00000005
61.577149999999996,9.0,101,0.0,1,1.0,[0 0 0 0 0 0 0 0],0.0,00 00 00 00 00 00 00 00,0x065,00000005
61.57919999999999,9.0,101,0.0,1,1.0,[0 0 0 0 0 0 0 0],0.0,00 00 00 00 00 00 00 00,0x065,00000004
61.58044999999999,9.0,111,0.0,8,8.0,[139  76 240  67 250 249 111 127],0.0,8B 4C F0 43 FA F9 6F 7F,0x06F,00000004
61.76845,9.0,111,0.0,8,8.0,[  1 188 112  73 255 253 239 127],0.0,01 BC 70 49 FF FD EF 7F,0x06F,00000002
61.769149999999996,9.0,101,0.0,1,1.0,[0 0 0 0 0 0 0 0],0.0,00 00 00 00 00 00 00 00,0x065,00000002
61.774499999999996,9.0,111,0.0,8,8.0,[215 139 208  54 255 253 239 127],0.0,D7 8B D0 36 FF FD EF 7F,0x06F,00000005
61.77524999999999,9.0,101,0.0,1,1.0,[0 0 0 0 0 0 0 0],0.0,00 00 00 00 00 00 00 00,0x065,00000005
61.7772,9.0,101,0.0,1,1.0,[0 0 0 0 0 0 0 0],0.0,00 00 00 00 00 00 00 00,0x065,00000004
61.77845,9.0,111,0.0,8,8.0,[141  68 240  67 252 249 143 127],0.0,8D 44 F0 43 FC F9 8F 7F,0x06F,00000004
61.966499999999996,9.0,111,0.0,8,8.0,[  1 188 112 201 254 253 239 127],0.0,01 BC 70 C9 FE FD EF 7F,0x06F,00000002
61.96714999999999,9.0,101,0.0,1,1.0,[0 0 0 0 0 0 0 0],0.0,00 00 00 00 00 00 00 00,0x065,00000002
61.972500000000004,9.0,111,0.0,8,8.0,[215 139 208 182 255 253 239 127],0.0,D7 8B D0 B6 FF FD EF 7F,0x06F,00000005
61.97325,9.0,101,0.0,1,1.0,[0 0 0 0 0 0 0 0],0.0,00 00 00 00 00 00 00 00,0x065,00000005
61.97469999999999,9.0,111,0.0,8,8.0,[139  68  48  68 254   5 240 127],0.0,8B 44 30 44 FE 05 F0 7F,0x06F,00000004
61.97535,9.0,101,0.0,1,1.0,[0 0 0 0 0 0 0 0],0.0,00 00 00 00 00 00 00 00,0x065,00000004
62.16494999999999,9.0,101,0.0,1,1.0,[0 0 0 0 0 0 0 0],0.0,00 00 00 00 00 00 00 00,0x065,00000002
62.16589999999999,9.0,111,0.0,8,8.0,[  1 188 112  73 255 253 239 127],0.0,01 BC 70 49 FF FD EF 7F,0x06F,00000002
62.1705,9.0,111,0.0,8,8.0,[215 139 208 182 254   1 176 128],0.0,D7 8B D0 B6 FE 01 B0 80,0x06F,00000005
62.171150000000004,9.0,101,0.0,1,1.0,[0 0 0 0 0 0 0 0],0.0,00 00 00 00 00 00 00 00,0x065,00000005
62.1732,9.0,101,0.0,1,1.0,[0 0 0 0 0 0 0 0],0.0,00 00 00 00 00 00 00 00,0x065,00000004
62.17445,9.0,111,0.0,8,8.0,[141  76  48  68 255   1 240 127],0.0,8D 4C 30 44 FF 01 F0 7F,0x06F,00000004
62.36295,9.0,101,0.0,1,1.0,[0 0 0 0 0 0 0 0],0.0,00 00 00 00 00 00 00 00,0x065,00000002
62.3639,9.0,111,0.0,8,8.0,[  1 188 112  73 255 253 239 127],0.0,01 BC 70 49 FF FD EF 7F,0x06F,00000002
62.368500000000004,9.0,111,0.0,8,8.0,[215 139 208  54 255   1 208 128],0.0,D7 8B D0 36 FF 01 D0 80,0x06F,00000005
62.369350000000004,9.0,101,0.0,1,1.0,[0 0 0 0 0 0 0 0],0.0,00 00 00 00 00 00 00 00,0x065,00000005
62.371249999999996,9.0,101,0.0,1,1.0,[0 0 0 0 0 0 0 0],0.0,00 00 00 00 00 00 00 00,0x065,00000004
62.37244999999999,9.0,111,0.0,8,8.0,[139  76 240  67   0 254 239 127],0.0,8B 4C F0 43 00 FE EF 7F,0x06F,00000004
62.56049999999999,9.0,111,0.0,8,8.0,[  1 188 112  73 255 253 239 127],0.0,01 BC 70 49 FF FD EF 7F,0x06F,00000002
62.561099999999996,9.0,101,0.0,1,1.0,[0 0 0 0 0 0 0 0],0.0,00 00 00 00 00 00 00 00,0x065,00000002
62.5665,9.0,111,0.0,8,8.0,[215 139 208  54 255 249  47 128],0.0,D7 8B D0 36 FF F9 2F 80,0x06F,00000005
62.56735,9.0,101,0.0,1,1.0,[0 0 0 0 0 0 0 0],0.0,00 00 00 00 00 00 00 00,0x065,00000005
62.569250000000004,9.0,101,0.0,1,1.0,[0 0 0 0 0 0 0 0],0.0,00 00 00 00 00 00 00 00,0x065,00000004
62.57045,9.0,111,0.0,8,8.0,[141  68  16 196 255 245  15 128],0.0,8D 44 10 C4 FF F5 0F 80,0x06F,00000004
62.75895,9.0,101,0.0,1,1.0,[0 0 0 0 0 0 0 0],0.0,00 00 00 00 00 00 00 00,0x065,00000002
62.75994999999999,9.0,111,0.0,8,8.0,[  1 188 112  73 255 253 239 127],0.0,01 BC 70 49 FF FD EF 7F,0x06F,00000002
62.76449999999999,9.0,111,0.0,8,8.0,[215 139 208  54 255 253 111 128],0.0,D7 8B D0 36 FF FD 6F 80,0x06F,00000005
62.7651,9.0,101,0.0,1,1.0,[0 0 0 0 0 0 0 0],0.0,00 00 00 00 00 00 00 00,0x065,00000005
62.76725,9.0,101,0.0,1,1.0,[0 0 0 0 0 0 0 0],0.0,00 00 00 00 00 00 00 00,0x065,00000004
62.768449999999994,9.0,111,0.0,8,8.0,[141  68  16  68   0 246 239 127],0.0,8D 44 10 44 00 F6 EF 7F,0x06F,00000004
62.95644999999999,9.0,111,0.0,8,8.0,[  1 188 112  73 255 253 239 127],0.0,01 BC 70 49 FF FD EF 7F,0x06F,00000002
62.9571,9.0,101,0.0,1,1.0,[0 0 0 0 0 0 0 0],0.0,00 00 00 00 00 00 00 00,0x065,00000002
62.9625,9.0,111,0.0,8,8.0,[217 139 208  54 255   1 176 128],0.0,D9 8B D0 36 FF 01 B0 80,0x06F,00000005
62.963249999999995,9.0,101,0.0,1,1.0,[0 0 0 0 0 0 0 0],0.0,00 00 00 00 00 00 00 00,0x065,00000005
62.96524999999999,9.0,101,0.0,1,1.0,[0 0 0 0 0 0 0 0],0.0,00 00 00 00 00 00 00 00,0x065,00000004
62.966649999999994,9.0,111,0.0,8,8.0,[141  60 240 195 255 245  47 128],0.0,8D 3C F0 C3 FF F5 2F 80,0x06F,00000004
63.15445,9.0,111,0.0,8,8.0,[  1 188 112 201 254 253 239 127],0.0,01 BC 70 C9 FE FD EF 7F,0x06F,00000002
63.15514999999999,9.0,101,0.0,1,1.0,[0 0 0 0 0 0 0 0],0.0,00 00 00 00 00 00 00 00,0x065,00000002
63.16049999999999,9.0,111,0.0,8,8.0,[215 139 208  54 255 253 143 128],0.0,D7 8B D0 36 FF FD 8F 80,0x06F,00000005
63.16125,9.0,101,0.0,1,1.0,[0 0 0 0 0 0 0 0],0.0,00 00 00 00 00 00 00 00,0x065,00000005
63.162749999999996,9.0,111,0.0,8,8.0,[141  36  16  68   0 254  47 128],0.0,8D 24 10 44 00 FE 2F 80,0x06F,00000004
63.1634,9.0,101,0.0,1,1.0,[0 0 0 0 0 0 0 0],0.0,00 00 00 00 00 00 00 00,0x065,00000004
63.35249999999999,9.0,111,0.0,8,8.0,[  1 188 112 201 254 253 239 127],0.0,01 BC 70 C9 FE FD EF 7F,0x06F,00000002
63.35315,9.0,101,0.0,1,1.0,[0 0 0 0 0 0 0 0],0.0,00 00 00 00 00 00 00 00,0x065,00000002
63.3585,9.0,111,0.0,8,8.0,[215 147 208  54 255 253 143 128],0.0,D7 93 D0 36 FF FD 8F 80,0x06F,00000005
63.359500000000004,9.0,101,0.0,1,1.0,[0 0 0 0 0 0 0 0],0.0,00 00 00 00 00 00 00 00,0x065,00000005
63.36124999999999,9.0,101,0.0,1,1.0,[0 0 0 0 0 0 0 0],0.0,00 00 00 00 00 00 00 00,0x065,00000004
63.36254999999999,9.0,111,0.0,8,8.0,[143 252 239  67   0 250  79 128],0.0,8F FC EF 43 00 FA 4F 80,0x06F,00000004
63.55099999999999,9.0,101,0.0,1,1.0,[0 0 0 0 0 0 0 0],0.0,00 00 00 00 00 00 00 00,0x065,00000002
63.55114999999999,9.0,111,0.0,8,8.0,[  1 188 112  73 255 253 239 127],0.0,01 BC 70 49 FF FD EF 7F,0x06F,00000002
63.55649999999999,9.0,111,0.0,8,8.0,[217 139 208 182 254 253  15 128],0.0,D9 8B D0 B6 FE FD 0F 80,0x06F,00000005
63.55734999999999,9.0,101,0.0,1,1.0,[0 0 0 0 0 0 0 0],0.0,00 00 00 00 00 00 00 00,0x065,00000005
63.55925,9.0,101,0.0,1,1.0,[0 0 0 0 0 0 0 0],0.0,00 00 00 00 00 00 00 00,0x065,00000004
63.56055,9.0,111,0.0,8,8.0,[139 252 239  67   0   6  48 128],0.0,8B FC EF 43 00 06 30 80,0x06F,00000004
63.74849999999999,9.0,111,0.0,8,8.0,[  1 188 112  73 255 253 239 127],0.0,01 BC 70 49 FF FD EF 7F,0x06F,00000002
63.74915,9.0,101,0.0,1,1.0,[0 0 0 0 0 0 0 0],0.0,00 00 00 00 00 00 00 00,0x065,00000002
63.7545,9.0,111,0.0,8,8.0,[217 139 208  54 255 253 239 127],0.0,D9 8B D0 36 FF FD EF 7F,0x06F,00000005
63.7554,9.0,101,0.0,1,1.0,[0 0 0 0 0 0 0 0],0.0,00 00 00 00 00 00 00 00,0x065,00000005
63.75674999999999,9.0,111,0.0,8,8.0,[143 252  15 196   1 238  47 128],0.0,8F FC 0F C4 01 EE 2F 80,0x06F,00000004
63.7574,9.0,101,0.0,1,1.0,[0 0 0 0 0 0 0 0],0.0,00 00 00 00 00 00 00 00,0x065,00000004
63.94699999999999,9.0,101,0.0,1,1.0,[0 0 0 0 0 0 0 0],0.0,00 00 00 00 00 00 00 00,0x065,00000002
63.9481,9.0,111,0.0,8,8.0,[  1 188 112 201 254 253 239 127],0.0,01 BC 70 C9 FE FD EF 7F,0x06F,00000002
63.95249999999999,9.0,111,0.0,8,8.0,[217 139 208  54 255 253 239 127],0.0,D9 8B D0 36 FF FD EF 7F,0x06F,00000005
63.95315,9.0,101,0.0,1,1.0,[0 0 0 0 0 0 0 0],0.0,00 00 00 00 00 00 00 00,0x065,00000005
63.9552,9.0,101,0.0,1,1.0,[0 0 0 0 0 0 0 0],0.0,00 00 00 00 00 00 00 00,0x065,00000004
63.95665,9.0,111,0.0,8,8.0,[143 252 239 195   1   6  80 128],0.0,8F FC EF C3 01 06 50 80,0x06F,00000004
64.1445,9.0,111,0.0,8,8.0,[  1 188 112  73 255 253 239 127],0.0,01 BC 70 49 FF FD EF 7F,0x06F,00000002
64.14515,9.0,101,0.0,1,1.0,[0 0 0 0 0 0 0 0],0.0,00 00 00 00 00 00 00 00,0x065,00000002
64.1505,9.0,111,0.0,8,8.0,[217 139 208  54 255 253 239 127],0.0,D9 8B D0 36 FF FD EF 7F,0x06F,00000005
64.15129999999999,9.0,101,0.0,1,1.0,[0 0 0 0 0 0 0 0],0.0,00 00 00 00 00 00 00 00,0x065,00000005
64.15325,9.0,101,0.0,1,1.0,[0 0 0 0 0 0 0 0],0.0,00 00 00 00 00 00 00 00,0x065,00000004
64.15455,9.0,111,0.0,8,8.0,[139 252  47  68   2  26  48 128],0.0,8B FC 2F 44 02 1A 30 80,0x06F,00000004
64.3425,9.0,111,0.0,8,8.0,[  1 188 112  73 255 253 239 127],0.0,01 BC 70 49 FF FD EF 7F,0x06F,00000002
64.34315,9.0,101,0.0,1,1.0,[0 0 0 0 0 0 0 0],0.0,00 00 00 00 00 00 00 00,0x065,00000002
64.34854999999999,9.0,111,0.0,8,8.0,[217 139 208  54 255 253 239 127],0.0,D9 8B D0 36 FF FD EF 7F,0x06F,00000005
64.34929999999999,9.0,101,0.0,1,1.0,[0 0 0 0 0 0 0 0],0.0,00 00 00 00 00 00 00 00,0x065,00000005
64.35075,9.0,111,0.0,8,8.0,[143 252  15  68   3 250  79 128],0.0,8F FC 0F 44 03 FA 4F 80,0x06F,00000004
64.3514,9.0,101,0.0,1,1.0,[0 0 0 0 0 0 0 0],0.0,00 00 00 00 00 00 00 00,0x065,00000004
64.5405,9.0,111,0.0,8,8.0,[  1 188 112  73 255 253 239 127],0.0,01 BC 70 49 FF FD EF 7F,0x06F,00000002
64.54115,9.0,101,0.0,1,1.0,[0 0 0 0 0 0 0 0],0.0,00 00 00 00 00 00 00 00,0x065,00000002
64.5465,9.0,111,0.0,8,8.0,[217 139 208  54 255 253 239 127],0.0,D9 8B D0 36 FF FD EF 7F,0x06F,00000005
64.54754999999999,9.0,101,0.0,1,1.0,[0 0 0 0 0 0 0 0],0.0,00 00 00 00 00 00 00 00,0x065,00000005
64.54875,9.0,111,0.0,8,8.0,[139 252  47 196   3  18  80 128],0.0,8B FC 2F C4 03 12 50 80,0x06F,00000004
64.5494,9.0,101,0.0,1,1.0,[0 0 0 0 0 0 0 0],0.0,00 00 00 00 00 00 00 00,0x065,00000004
64.73849999999999,9.0,111,0.0,8,8.0,[  1 188 112  73 255 253 239 127],0.0,01 BC 70 49 FF FD EF 7F,0x06F,00000002
64.73915,9.0,101,0.0,1,1.0,[0 0 0 0 0 0 0 0],0.0,00 00 00 00 00 00 00 00,0x065,00000002
64.74449999999999,9.0,111,0.0,8,8.0,[217 139 208  54 255 253 239 127],0.0,D9 8B D0 36 FF FD EF 7F,0x06F,00000005
64.74539999999999,9.0,101,0.0,1,1.0,[0 0 0 0 0 0 0 0],0.0,00 00 00 00 00 00 00 00,0x065,00000005
64.74725000000001,9.0,101,0.0,1,1.0,[0 0 0 0 0 0 0 0],0.0,00 00 00 00 00 00 00 00,0x065,00000004
64.74855000000001,9.0,111,0.0,8,8.0,[135 252  79  68   3 222 111 128],0.0,87 FC 4F 44 03 DE 6F 80,0x06F,00000004
64.9365,9.0,111,0.0,8,8.0,[  1 188 112  73 255 253 239 127],0.0,01 BC 70 49 FF FD EF 7F,0x06F,00000002
64.93714999999999,9.0,101,0.0,1,1.0,[0 0 0 0 0 0 0 0],0.0,00 00 00 00 00 00 00 00,0x065,00000002
64.9425,9.0,111,0.0,8,8.0,[217 139 208  54 255 253 239 127],0.0,D9 8B D0 36 FF FD EF 7F,0x06F,00000005
64.9434,9.0,101,0.0,1,1.0,[0 0 0 0 0 0 0 0],0.0,00 00 00 00 00 00 00 00,0x065,00000005
64.94475,9.0,111,0.0,8,8.0,[147 252  79  68   3 234 175 128],0.0,93 FC 4F 44 03 EA AF 80,0x06F,00000004
64.9454,9.0,101,0.0,1,1.0,[0 0 0 0 0 0 0 0],0.0,00 00 00 00 00 00 00 00,0x065,00000004
65.13449999999999,9.0,111,0.0,8,8.0,[  1 188 112  73 255 253 239 127],0.0,01 BC 70 49 FF FD EF 7F,0x06F,00000002
65.13515,9.0,101,0.0,1,1.0,[0 0 0 0 0 0 0 0],0.0,00 00 00 00 00 00 00 00,0x065,00000002
65.14049999999999,9.0,111,0.0,8,8.0,[217 139 208  54 255 253 239 127],0.0,D9 8B D0 36 FF FD EF 7F,0x06F,00000005
65.14155,9.0,101,0.0,1,1.0,[0 0 0 0 0 0 0 0],0.0,00 00 00 00 00 00 00 00,0x065,00000005
65.14280000000001,9.0,111,0.0,8,8.0,[141 252  79  68   3 250 143 128],0.0,8D FC 4F 44 03 FA 8F 80,0x06F,00000004
65.14345,9.0,101,0.0,1,1.0,[0 0 0 0 0 0 0 0],0.0,00 00 00 00 00 00 00 00,0x065,00000004
65.3325,9.0,111,0.0,8,8.0,[  1 188 112  73 255 253 239 127],0.0,01 BC 70 49 FF FD EF 7F,0x06F,00000002
65.33314999999999,9.0,101,0.0,1,1.0,[0 0 0 0 0 0 0 0],0.0,00 00 00 00 00 00 00 00,0x065,00000002
65.3385,9.0,111,0.0,8,8.0,[217 139 208 182 254 253 239 127],0.0,D9 8B D0 B6 FE FD EF 7F,0x06F,00000005
65.3393,9.0,101,0.0,1,1.0,[0 0 0 0 0 0 0 0],0.0,00 00 00 00 00 00 00 00,0x065,00000005
65.3408,9.0,111,0.0,8,8.0,[139 252 111  68   4 230 207 127],0.0,8B FC 6F 44 04 E6 CF 7F,0x06F,00000004
65.34140000000001,9.0,101,0.0,1,1.0,[0 0 0 0 0 0 0 0],0.0,00 00 00 00 00 00 00 00,0x065,00000004
65.53049999999999,9.0,111,0.0,8,8.0,[  1 188 112  73 255 253 239 127],0.0,01 BC 70 49 FF FD EF 7F,0x06F,00000002
65.53115,9.0,101,0.0,1,1.0,[0 0 0 0 0 0 0 0],0.0,00 00 00 00 00 00 00 00,0x065,00000002
65.53649999999999,9.0,111,0.0,8,8.0,[217 139 208  54 255 253 239 127],0.0,D9 8B D0 36 FF FD EF 7F,0x06F,00000005
65.53729999999999,9.0,101,0.0,1,1.0,[0 0 0 0 0 0 0 0],0.0,00 00 00 00 00 00 00 00,0x065,00000005
65.53880000000001,9.0,111,0.0,8,8.0,[149  12 240 195   2  14  80 128],0.0,95 0C F0 C3 02 0E 50 80,0x06F,00000004
65.5394,9.0,101,0.0,1,1.0,[0 0 0 0 0 0 0 0],0.0,00 00 00 00 00 00 00 00,0x065,00000004
65.7285,9.0,111,0.0,8,8.0,[  1 188 112  73 255 253 239 127],0.0,01 BC 70 49 FF FD EF 7F,0x06F,00000002
65.72914999999999,9.0,101,0.0,1,1.0,[0 0 0 0 0 0 0 0],0.0,00 00 00 00 00 00 00 00,0x065,00000002
65.73454999999998,9.0,111,0.0,8,8.0,[217 139 208  54 255 253 239 127],0.0,D9 8B D0 36 FF FD EF 7F,0x06F,00000005
65.73554999999999,9.0,101,0.0,1,1.0,[0 0 0 0 0 0 0 0],0.0,00 00 00 00 00 00 00 00,0x065,00000005
65.7368,9.0,111,0.0,8,8.0,[139   4 240 195   2 254 111 128],0.0,8B 04 F0 C3 02 FE 6F 80,0x06F,00000004
65.73740000000001,9.0,101,0.0,1,1.0,[0 0 0 0 0 0 0 0],0.0,00 00 00 00 00 00 00 00,0x065,00000004
65.92649999999999,9.0,111,0.0,8,8.0,[  1 188 112  73 255 253 239 127],0.0,01 BC 70 49 FF FD EF 7F,0x06F,00000002
65.92729999999999,9.0,101,0.0,1,1.0,[0 0 0 0 0 0 0 0],0.0,00 00 00 00 00 00 00 00,0x065,00000002
65.93254999999999,9.0,111,0.0,8,8.0,[217 139 208  54 255 253 111 128],0.0,D9 8B D0 36 FF FD 6F 80,0x06F,00000005
65.93355,9.0,101,0.0,1,1.0,[0 0 0 0 0 0 0 0],0.0,00 00 00 00 00 00 00 00,0x065,00000005
65.93480000000001,9.0,111,0.0,8,8.0,[143 252 207 195   1 242  79 128],0.0,8F FC CF C3 01 F2 4F 80,0x06F,00000004
65.9354,9.0,101,0.0,1,1.0,[0 0 0 0 0 0 0 0],0.0,00 00 00 00 00 00 00 00,0x065,00000004
66.12455,9.0,111,0.0,8,8.0,[  1 188 112  73 255 253 239 127],0.0,01 BC 70 49 FF FD EF 7F,0x06F,00000002
66.12519999999999,9.0,101,0.0,1,1.0,[0 0 0 0 0 0 0 0],0.0,00 00 00 00 00 00 00 00,0x065,00000002
66.13054999999999,9.0,111,0.0,8,8.0,[217 139 208  54 255 253  79 128],0.0,D9 8B D0 36 FF FD 4F 80,0x06F,00000005
66.13139999999999,9.0,101,0.0,1,1.0,[0 0 0 0 0 0 0 0],0.0,00 00 00 00 00 00 00 00,0x065,00000005
66.1328,9.0,111,0.0,8,8.0,[143 252  15 196   1   2  16 128],0.0,8F FC 0F C4 01 02 10 80,0x06F,00000004
66.13340000000001,9.0,101,0.0,1,1.0,[0 0 0 0 0 0 0 0],0.0,00 00 00 00 00 00 00 00,0x065,00000004
66.32254999999999,9.0,111,0.0,8,8.0,[  1 188 112  73 255 253 239 127],0.0,01 BC 70 49 FF FD EF 7F,0x06F,00000002
66.32339999999999,9.0,101,0.0,1,1.0,[0 0 0 0 0 0 0 0],0.0,00 00 00 00 00 00 00 00,0x065,00000002
66.32854999999999,9.0,111,0.0,8,8.0,[217 147 208  54 255   1 112 128],0.0,D9 93 D0 36 FF 01 70 80,0x06F,00000005
66.32955,9.0,101,0.0,1,1.0,[0 0 0 0 0 0 0 0],0.0,00 00 00 00 00 00 00 00,0x065,00000005
66.33075000000001,9.0,111,0.0,8,8.0,[141   4 240 195   0 250  15 128],0.0,8D 04 F0 C3 00 FA 0F 80,0x06F,00000004
66.3314,9.0,101,0.0,1,1.0,[0 0 0 0 0 0 0 0],0.0,00 00 00 00 00 00 00 00,0x065,00000004
66.52055,9.0,111,0.0,8,8.0,[  1 188 112 201 254 253 239 127],0.0,01 BC 70 C9 FE FD EF 7F,0x06F,00000002
66.52114999999999,9.0,101,0.0,1,1.0,[0 0 0 0 0 0 0 0],0.0,00 00 00 00 00 00 00 00,0x065,00000002
66.52654999999999,9.0,111,0.0,8,8.0,[217 147 208 182 255 253  47 129],0.0,D9 93 D0 B6 FF FD 2F 81,0x06F,00000005
66.52754999999999,9.0,101,0.0,1,1.0,[0 0 0 0 0 0 0 0],0.0,00 00 00 00 00 00 00 00,0x065,00000005
66.5288,9.0,111,0.0,8,8.0,[141 252 239 195   0 254  47 128],0.0,8D FC EF C3 00 FE 2F 80,0x06F,00000004
66.52945,9.0,101,0.0,1,1.0,[0 0 0 0 0 0 0 0],0.0,00 00 00 00 00 00 00 00,0x065,00000004
66.71855,9.0,111,0.0,8,8.0,[  1 188 112  73 255 253 239 127],0.0,01 BC 70 49 FF FD EF 7F,0x06F,00000002
66.71915,9.0,101,0.0,1,1.0,[0 0 0 0 0 0 0 0],0.0,00 00 00 00 00 00 00 00,0x065,00000002
66.72455,9.0,111,0.0,8,8.0,[217 147 208  54 255 253 175 128],0.0,D9 93 D0 36 FF FD AF 80,0x06F,00000005
66.72534999999999,9.0,101,0.0,1,1.0,[0 0 0 0 0 0 0 0],0.0,00 00 00 00 00 00 00 00,0x065,00000005
66.7268,9.0,111,0.0,8,8.0,[143 252  15 196   0   2  80 128],0.0,8F FC 0F C4 00 02 50 80,0x06F,00000004
66.72745,9.0,101,0.0,1,1.0,[0 0 0 0 0 0 0 0],0.0,00 00 00 00 00 00 00 00,0x065,00000004
66.91655,9.0,111,0.0,8,8.0,[  1 188 112  73 255 253 239 127],0.0,01 BC 70 49 FF FD EF 7F,0x06F,00000002
66.91714999999999,9.0,101,0.0,1,1.0,[0 0 0 0 0 0 0 0],0.0,00 00 00 00 00 00 00 00,0x065,00000002
66.92254999999999,9.0,111,0.0,8,8.0,[217 147 208  54 255 253  15 128],0.0,D9 93 D0 36 FF FD 0F 80,0x06F,00000005
66.92354999999999,9.0,101,0.0,1,1.0,[0 0 0 0 0 0 0 0],0.0,00 00 00 00 00 00 00 00,0x065,00000005
66.9248,9.0,111,0.0,8,8.0,[141 252  15  68   1 250  47 128],0.0,8D FC 0F 44 01 FA 2F 80,0x06F,00000004
66.92545,9.0,101,0.0,1,1.0,[0 0 0 0 0 0 0 0],0.0,00 00 00 00 00 00 00 00,0x065,00000004
67.11455,9.0,111,0.0,8,8.0,[  1 188 112  73 255 253 239 127],0.0,01 BC 70 49 FF FD EF 7F,0x06F,00000002
67.11529999999999,9.0,101,0.0,1,1.0,[0 0 0 0 0 0 0 0],0.0,00 00 00 00 00 00 00 00,0x065,00000002
67.12055,9.0,111,0.0,8,8.0,[217 147 208  54 255 253 239 127],0.0,D9 93 D0 36 FF FD EF 7F,0x06F,00000005
67.12154999999998,9.0,101,0.0,1,1.0,[0 0 0 0 0 0 0 0],0.0,00 00 00 00 00 00 00 00,0x065,00000005
67.1228,9.0,111,0.0,8,8.0,[141 252 239  67   1  10  80 128],0.0,8D FC EF 43 01 0A 50 80,0x06F,00000004
67.12345,9.0,101,0.0,1,1.0,[0 0 0 0 0 0 0 0],0.0,00 00 00 00 00 00 00 00,0x065,00000004
67.31315,9.0,101,0.0,1,1.0,[0 0 0 0 0 0 0 0],0.0,00 00 00 00 00 00 00 00,0x065,00000002
67.3141,9.0,111,0.0,8,8.0,[  1 188 112  73 255 253 239 127],0.0,01 BC 70 49 FF FD EF 7F,0x06F,00000002
67.31854999999999,9.0,111,0.0,8,8.0,[217 147 208  54 255 253 239 127],0.0,D9 93 D0 36 FF FD EF 7F,0x06F,00000005
67.31939999999999,9.0,101,0.0,1,1.0,[0 0 0 0 0 0 0 0],0.0,00 00 00 00 00 00 00 00,0x065,00000005
67.3208,9.0,111,0.0,8,8.0,[141 236 207 195   1 246  79 128],0.0,8D EC CF C3 01 F6 4F 80,0x06F,00000004
67.32145,9.0,101,0.0,1,1.0,[0 0 0 0 0 0 0 0],0.0,00 00 00 00 00 00 00 00,0x065,00000004
67.51055,9.0,111,0.0,8,8.0,[  1 188 112  73 255 253 239 127],0.0,01 BC 70 49 FF FD EF 7F,0x06F,00000002
67.5114,9.0,101,0.0,1,1.0,[0 0 0 0 0 0 0 0],0.0,00 00 00 00 00 00 00 00,0x065,00000002
67.51655,9.0,111,0.0,8,8.0,[217 147 208  54 255 253 239 127],0.0,D9 93 D0 36 FF FD EF 7F,0x06F,00000005
67.51754999999999,9.0,101,0.0,1,1.0,[0 0 0 0 0 0 0 0],0.0,00 00 00 00 00 00 00 00,0x065,00000005
67.5188,9.0,111,0.0,8,8.0,[139 244  47  68   1   2 144 128],0.0,8B F4 2F 44 01 02 90 80,0x06F,00000004
67.51945,9.0,101,0.0,1,1.0,[0 0 0 0 0 0 0 0],0.0,00 00 00 00 00 00 00 00,0x065,00000004
67.70854999999999,9.0,111,0.0,8,8.0,[  1 188 112  73 255 253 239 127],0.0,01 BC 70 49 FF FD EF 7F,0x06F,00000002
67.70939999999999,9.0,101,0.0,1,1.0,[0 0 0 0 0 0 0 0],0.0,00 00 00 00 00 00 00 00,0x065,00000002
67.71454999999999,9.0,111,0.0,8,8.0,[217 147 208  54 255 253 239 127],0.0,D9 93 D0 36 FF FD EF 7F,0x06F,00000005
67.71555,9.0,101,0.0,1,1.0,[0 0 0 0 0 0 0 0],0.0,00 00 00 00 00 00 00 00,0x065,00000005
67.7168,9.0,111,0.0,8,8.0,[143 236 207  67   2 242  47 128],0.0,8F EC CF 43 02 F2 2F 80,0x06F,00000004
67.71770000000001,9.0,101,0.0,1,1.0,[0 0 0 0 0 0 0 0],0.0,00 00 00 00 00 00 00 00,0x065,00000004
67.90655,9.0,111,0.0,8,8.0,[  1 188 112  73 255 253 239 127],0.0,01 BC 70 49 FF FD EF 7F,0x06F,00000002
67.90719999999999,9.0,101,0.0,1,1.0,[0 0 0 0 0 0 0 0],0.0,00 00 00 00 00 00 00 00,0x065,00000002
67.91255,9.0,111,0.0,8,8.0,[217 147 208  54 255 253 239 127],0.0,D9 93 D0 36 FF FD EF 7F,0x06F,00000005
67.91354999999999,9.0,101,0.0,1,1.0,[0 0 0 0 0 0 0 0],0.0,00 00 00 00 00 00 00 00,0x065,00000005
67.9148,9.0,111,0.0,8,8.0,[143 244 239 195   1 250  79 128],0.0,8F F4 EF C3 01 FA 4F 80,0x06F,00000004
67.91545,9.0,101,0.0,1,1.0,[0 0 0 0 0 0 0 0],0.0,00 00 00 00 00 00 00 00,0x065,00000004
68.10454999999999,9.0,111,0.0,8,8.0,[  1 188 112  73 255 253 239 127],0.0,01 BC 70 49 FF FD EF 7F,0x06F,00000002
68.1052,9.0,101,0.0,1,1.0,[0 0 0 0 0 0 0 0],0.0,00 00 00 00 00 00 00 00,0x065,00000002
68.11054999999999,9.0,111,0.0,8,8.0,[217 147 208  54 255 253 239 127],0.0,D9 93 D0 36 FF FD EF 7F,0x06F,00000005
68.11155,9.0,101,0.0,1,1.0,[0 0 0 0 0 0 0 0],0.0,00 00 00 00 00 00 00 00,0x065,00000005
68.11280000000001,9.0,111,0.0,8,8.0,[143 244 239 195   1  10  16 128],0.0,8F F4 EF C3 01 0A 10 80,0x06F,00000004
68.11345,9.0,101,0.0,1,1.0,[0 0 0 0 0 0 0 0],0.0,00 00 00 00 00 00 00 00,0x065,00000004
68.30255,9.0,111,0.0,8,8.0,[  1 188 112  73 255 253 239 127],0.0,01 BC 70 49 FF FD EF 7F,0x06F,00000002
68.30335,9.0,101,0.0,1,1.0,[0 0 0 0 0 0 0 0],0.0,00 00 00 00 00 00 00 00,0x065,00000002
68.30855,9.0,111,0.0,8,8.0,[217 147 208  54 255 253 239 127],0.0,D9 93 D0 36 FF FD EF 7F,0x06F,00000005
68.30954999999999,9.0,101,0.0,1,1.0,[0 0 0 0 0 0 0 0],0.0,00 00 00 00 00 00 00 00,0x065,00000005
68.3108,9.0,111,0.0,8,8.0,[143 236  47  68   1   2  48 128],0.0,8F EC 2F 44 01 02 30 80,0x06F,00000004
68.3116,9.0,101,0.0,1,1.0,[0 0 0 0 0 0 0 0],0.0,00 00 00 00 00 00 00 00,0x065,00000004
68.50054999999999,9.0,111,0.0,8,8.0,[  1 188 112  73 255 253 239 127],0.0,01 BC 70 49 FF FD EF 7F,0x06F,00000002
68.50134999999999,9.0,101,0.0,1,1.0,[0 0 0 0 0 0 0 0],0.0,00 00 00 00 00 00 00 00,0x065,00000002
68.50659999999999,9.0,111,0.0,8,8.0,[217 147 208  54 255 253 239 127],0.0,D9 93 D0 36 FF FD EF 7F,0x06F,00000005
68.5076,9.0,101,0.0,1,1.0,[0 0 0 0 0 0 0 0],0.0,00 00 00 00 00 00 00 00,0x065,00000005
68.50880000000001,9.0,111,0.0,8,8.0,[143 244  15 196   1 250 239 127],0.0,8F F4 0F C4 01 FA EF 7F,0x06F,00000004
68.5096,9.0,101,0.0,1,1.0,[0 0 0 0 0 0 0 0],0.0,00 00 00 00 00 00 00 00,0x065,00000004
68.69855,9.0,111,0.0,8,8.0,[  1 188 112  73 255 253 239 127],0.0,01 BC 70 49 FF FD EF 7F,0x06F,00000002
68.69945,9.0,101,0.0,1,1.0,[0 0 0 0 0 0 0 0],0.0,00 00 00 00 00 00 00 00,0x065,00000002
68.70459999999999,9.0,111,0.0,8,8.0,[217 147 208  54 255 253 239 127],0.0,D9 93 D0 36 FF FD EF 7F,0x06F,00000005
68.70559999999999,9.0,101,0.0,1,1.0,[0 0 0 0 0 0 0 0],0.0,00 00 00 00 00 00 00 00,0x065,00000005
68.7068,9.0,111,0.0,8,8.0,[141 244 207  67   2 254  15 128],0.0,8D F4 CF 43 02 FE 0F 80,0x06F,00000004
68.70745000000001,9.0,101,0.0,1,1.0,[0 0 0 0 0 0 0 0],0.0,00 00 00 00 00 00 00 00,0x065,00000004
68.89654999999999,9.0,111,0.0,8,8.0,[  1 188 112  73 255 253 239 127],0.0,01 BC 70 49 FF FD EF 7F,0x06F,00000002
68.89739999999999,9.0,101,0.0,1,1.0,[0 0 0 0 0 0 0 0],0.0,00 00 00 00 00 00 00 00,0x065,00000002
68.90254999999999,9.0,111,0.0,8,8.0,[217 147 208  54 255 253 239 127],0.0,D9 93 D0 36 FF FD EF 7F,0x06F,00000005
68.9036,9.0,101,0.0,1,1.0,[0 0 0 0 0 0 0 0],0.0,00 00 00 00 00 00 00 00,0x065,00000005
68.90480000000001,9.0,111,0.0,8,8.0,[143 236  15  68   2  10  16 128],0.0,8F EC 0F 44 02 0A 10 80,0x06F,00000004
68.90570000000001,9.0,101,0.0,1,1.0,[0 0 0 0 0 0 0 0],0.0,00 00 00 00 00 00 00 00,0x065,00000004
69.09455,9.0,111,0.0,8,8.0,[  1 188 112  73 255 253 239 127],0.0,01 BC 70 49 FF FD EF 7F,0x06F,00000002
69.09519999999999,9.0,101,0.0,1,1.0,[0 0 0 0 0 0 0 0],0.0,00 00 00 00 00 00 00 00,0x065,00000002
69.10054999999998,9.0,111,0.0,8,8.0,[217 147 208  54 255 253 239 127],0.0,D9 93 D0 36 FF FD EF 7F,0x06F,00000005
69.10175,9.0,101,0.0,1,1.0,[0 0 0 0 0 0 0 0],0.0,00 00 00 00 00 00 00 00,0x065,00000005
69.1028,9.0,111,0.0,8,8.0,[145 244  47  68   2 246  79 128],0.0,91 F4 2F 44 02 F6 4F 80,0x06F,00000004
69.10345000000001,9.0,101,0.0,1,1.0,[0 0 0 0 0 0 0 0],0.0,00 00 00 00 00 00 00 00,0x065,00000004
69.29254999999999,9.0,111,0.0,8,8.0,[  1 188 112  73 255 253 239 127],0.0,01 BC 70 49 FF FD EF 7F,0x06F,00000002
69.29334999999999,9.0,101,0.0,1,1.0,[0 0 0 0 0 0 0 0],0.0,00 00 00 00 00 00 00 00,0x065,00000002
69.29854999999999,9.0,111,0.0,8,8.0,[217 147 208  54 255 253 239 127],0.0,D9 93 D0 36 FF FD EF 7F,0x06F,00000005
69.30085,9.0,111,0.0,8,8.0,[143 244 239 195   1 246 111 128],0.0,8F F4 EF C3 01 F6 6F 80,0x06F,00000004
69.3015,9.0,101,0.0,1,1.0,[0 0 0 0 0 0 0 0],0.0,00 00 00 00 00 00 00 00,0x065,00000004
69.49055,9.0,111,0.0,8,8.0,[  1 188 112  73 255 253 239 127],0.0,01 BC 70 49 FF FD EF 7F,0x06F,00000002
69.49135,9.0,101,0.0,1,1.0,[0 0 0 0 0 0 0 0],0.0,00 00 00 00 00 00 00 00,0x065,00000002
69.49685,9.0,101,0.0,1,1.0,[0 0 0 0 0 0 0 0],0.0,00 00 00 00 00 00 00 00,0x065,00000005
69.4981,9.0,111,0.0,8,8.0,[217 147 208  54 255 253 239 127],0.0,D9 93 D0 36 FF FD EF 7F,0x06F,00000005
69.49885,9.0,111,0.0,8,8.0,[141 244 239  67   2 250  79 128],0.0,8D F4 EF 43 02 FA 4F 80,0x06F,00000004
69.4996,9.0,101,0.0,1,1.0,[0 0 0 0 0 0 0 0],0.0,00 00 00 00 00 00 00 00,0x065,00000004
69.68854999999999,9.0,111,0.0,8,8.0,[  1 188 112 201 254 253 239 127],0.0,01 BC 70 C9 FE FD EF 7F,0x06F,00000002
69.68955,9.0,101,0.0,1,1.0,[0 0 0 0 0 0 0 0],0.0,00 00 00 00 00 00 00 00,0x065,00000002
69.69484999999999,9.0,101,0.0,1,1.0,[0 0 0 0 0 0 0 0],0.0,00 00 00 00 00 00 00 00,0x065,00000005
69.69609999999999,9.0,111,0.0,8,8.0,[217 147 208  54 255 253 239 127],0.0,D9 93 D0 36 FF FD EF 7F,0x06F,00000005
69.69685,9.0,111,0.0,8,8.0,[141 244 239  67   2 250  79 128],0.0,8D F4 EF 43 02 FA 4F 80,0x06F,00000004
69.69760000000001,9.0,101,0.0,1,1.0,[0 0 0 0 0 0 0 0],0.0,00 00 00 00 00 00 00 00,0x065,00000004
69.88655,9.0,111,0.0,8,8.0,[  1 188 112  73 255 253 239 127],0.0,01 BC 70 49 FF FD EF 7F,0x06F,00000002
69.88745,9.0,101,0.0,1,1.0,[0 0 0 0 0 0 0 0],0.0,00 00 00 00 00 00 00 00,0x065,00000002
69.89304999999999,9.0,101,0.0,1,1.0,[0 0 0 0 0 0 0 0],0.0,00 00 00 00 00 00 00 00,0x065,00000005
69.8941,9.0,111,0.0,8,8.0,[217 147 208  54 255 253 239 127],0.0,D9 93 D0 36 FF FD EF 7F,0x06F,00000005
69.89485,9.0,111,0.0,8,8.0,[141 244  15  68   2   6  80 128],0.0,8D F4 0F 44 02 06 50 80,0x06F,00000004
69.8957,9.0,101,0.0,1,1.0,[0 0 0 0 0 0 0 0],0.0,00 00 00 00 00 00 00 00,0x065,00000004
70.08455,9.0,111,0.0,8,8.0,[  1 188 112 201 254 253 239 127],0.0,01 BC 70 C9 FE FD EF 7F,0x06F,00000002
70.08545,9.0,101,0.0,1,1.0,[0 0 0 0 0 0 0 0],0.0,00 00 00 00 00 00 00 00,0x065,00000002
70.09084999999999,9.0,101,0.0,1,1.0,[0 0 0 0 0 0 0 0],0.0,00 00 00 00 00 00 00 00,0x065,00000005
70.09235,9.0,111,0.0,8,8.0,[217 147 208  54 255 253 239 127],0.0,D9 93 D0 36 FF FD EF 7F,0x06F,00000005
70.09285,9.0,111,0.0,8,8.0,[143 244  15  68   2 246  79 128],0.0,8F F4 0F 44 02 F6 4F 80,0x06F,00000004
70.0937,9.0,101,0.0,1,1.0,[0 0 0 0 0 0 0 0],0.0,00 00 00 00 00 00 00 00,0x065,00000004
70.28259999999999,9.0,111,0.0,8,8.0,[  1 188 112  73 255 253 239 127],0.0,01 BC 70 49 FF FD EF 7F,0x06F,00000002
70.28344999999999,9.0,101,0.0,1,1.0,[0 0 0 0 0 0 0 0],0.0,00 00 00 00 00 00 00 00,0x065,00000002
70.28885,9.0,101,0.0,1,1.0,[0 0 0 0 0 0 0 0],0.0,00 00 00 00 00 00 00 00,0x065,00000005
70.2901,9.0,111,0.0,8,8.0,[217 147 208  54 255 253 239 127],0.0,D9 93 D0 36 FF FD EF 7F,0x06F,00000005
70.29085,9.0,111,0.0,8,8.0,[143 244  15  68   2 254  79 128],0.0,8F F4 0F 44 02 FE 4F 80,0x06F,00000004
70.2917,9.0,101,0.0,1,1.0,[0 0 0 0 0 0 0 0],0.0,00 00 00 00 00 00 00 00,0x065,00000004
70.4806,9.0,111,0.0,8,8.0,[  1 188 112  73 255 253 239 127],0.0,01 BC 70 49 FF FD EF 7F,0x06F,00000002
70.48134999999999,9.0,101,0.0,1,1.0,[0 0 0 0 0 0 0 0],0.0,00 00 00 00 00 00 00 00,0x065,00000002
70.48684999999999,9.0,101,0.0,1,1.0,[0 0 0 0 0 0 0 0],0.0,00 00 00 00 00 00 00 00,0x065,00000005
70.48809999999999,9.0,111,0.0,8,8.0,[217 147 208 182 254 253 239 127],0.0,D9 93 D0 B6 FE FD EF 7F,0x06F,00000005
70.4888,9.0,111,0.0,8,8.0,[141 244 239 195   1 246  79 128],0.0,8D F4 EF C3 01 F6 4F 80,0x06F,00000004
70.48945,9.0,101,0.0,1,1.0,[0 0 0 0 0 0 0 0],0.0,00 00 00 00 00 00 00 00,0x065,00000004
70.67859999999999,9.0,111,0.0,8,8.0,[  1 188 112  73 255 253 239 127],0.0,01 BC 70 49 FF FD EF 7F,0x06F,00000002
70.67935,9.0,101,0.0,1,1.0,[0 0 0 0 0 0 0 0],0.0,00 00 00 00 00 00 00 00,0x065,00000002
70.68485,9.0,101,0.0,1,1.0,[0 0 0 0 0 0 0 0],0.0,00 00 00 00 00 00 00 00,0x065,00000005
70.6861,9.0,111,0.0,8,8.0,[217 147 208  54 255 253 239 127],0.0,D9 93 D0 36 FF FD EF 7F,0x06F,00000005
70.68685,9.0,111,0.0,8,8.0,[141 244 239 195   1 254  79 128],0.0,8D F4 EF C3 01 FE 4F 80,0x06F,00000004
70.6876,9.0,101,0.0,1,1.0,[0 0 0 0 0 0 0 0],0.0,00 00 00 00 00 00 00 00,0x065,00000004
70.8766,9.0,111,0.0,8,8.0,[  1 188 112  73 255 253 239 127],0.0,01 BC 70 49 FF FD EF 7F,0x06F,00000002
70.8776,9.0,101,0.0,1,1.0,[0 0 0 0 0 0 0 0],0.0,00 00 00 00 00 00 00 00,0x065,00000002
70.88284999999999,9.0,101,0.0,1,1.0,[0 0 0 0 0 0 0 0],0.0,00 00 00 00 00 00 00 00,0x065,00000005
70.88409999999999,9.0,111,0.0,8,8.0,[217 147 208 182 254 253 239 127],0.0,D9 93 D0 B6 FE FD EF 7F,0x06F,00000005
70.88485,9.0,111,0.0,8,8.0,[141 244  15 196   1   6  48 128],0.0,8D F4 0F C4 01 06 30 80,0x06F,00000004
70.8856,9.0,101,0.0,1,1.0,[0 0 0 0 0 0 0 0],0.0,00 00 00 00 00 00 00 00,0x065,00000004
71.07459999999999,9.0,111,0.0,8,8.0,[  1 188 112  73 255 253 239 127],0.0,01 BC 70 49 FF FD EF 7F,0x06F,00000002
71.0756,9.0,101,0.0,1,1.0,[0 0 0 0 0 0 0 0],0.0,00 00 00 00 00 00 00 00,0x065,00000002
71.08104999999999,9.0,101,0.0,1,1.0,[0 0 0 0 0 0 0 0],0.0,00 00 00 00 00 00 00 00,0x065,00000005
71.08234999999999,9.0,111,0.0,8,8.0,[217 147 208  54 255 253 239 127],0.0,D9 93 D0 36 FF FD EF 7F,0x06F,00000005
71.08285000000001,9.0,111,0.0,8,8.0,[141 244  47 196   1 250  47 128],0.0,8D F4 2F C4 01 FA 2F 80,0x06F,00000004
71.08385,9.0,101,0.0,1,1.0,[0 0 0 0 0 0 0 0],0.0,00 00 00 00 00 00 00 00,0x065,00000004
71.2726,9.0,111,0.0,8,8.0,[  1 188 112 201 254 253 239 127],0.0,01 BC 70 C9 FE FD EF 7F,0x06F,00000002
71.27345,9.0,101,0.0,1,1.0,[0 0 0 0 0 0 0 0],0.0,00 00 00 00 00 00 00 00,0x065,00000002
71.27884999999999,9.0,101,0.0,1,1.0,[0 0 0 0 0 0 0 0],0.0,00 00 00 00 00 00 00 00,0x065,00000005
71.28014999999999,9.0,111,0.0,8,8.0,[217 147 208  54 255 253 239 127],0.0,D9 93 D0 36 FF FD EF 7F,0x06F,00000005
71.2817,9.0,101,0.0,1,1.0,[0 0 0 0 0 0 0 0],0.0,00 00 00 00 00 00 00 00,0x065,00000004
71.28305,9.0,111,0.0,8,8.0,[139 236  79  68   1  26  80 128],0.0,8B EC 4F 44 01 1A 50 80,0x06F,00000004
71.47054999999999,9.0,111,0.0,8,8.0,[  1 188 112  73 255 253 239 127],0.0,01 BC 70 49 FF FD EF 7F,0x06F,00000002
71.47144999999999,9.0,101,0.0,1,1.0,[0 0 0 0 0 0 0 0],0.0,00 00 00 00 00 00 00 00,0x065,00000002
71.4771,9.0,101,0.0,1,1.0,[0 0 0 0 0 0 0 0],0.0,00 00 00 00 00 00 00 00,0x065,00000005
71.47814999999999,9.0,111,0.0,8,8.0,[217 147 208  54 255 253 239 127],0.0,D9 93 D0 36 FF FD EF 7F,0x06F,00000005
71.47885000000001,9.0,111,0.0,8,8.0,[139 244  15 196   1  14  48 128],0.0,8B F4 0F C4 01 0E 30 80,0x06F,00000004
71.47975000000001,9.0,101,0.0,1,1.0,[0 0 0 0 0 0 0 0],0.0,00 00 00 00 00 00 00 00,0x065,00000004
71.6686,9.0,111,0.0,8,8.0,[  1 188 112  73 255 253 239 127],0.0,01 BC 70 49 FF FD EF 7F,0x06F,00000002
71.66959999999999,9.0,101,0.0,1,1.0,[0 0 0 0 0 0 0 0],0.0,00 00 00 00 00 00 00 00,0x065,00000002
71.67509999999999,9.0,101,0.0,1,1.0,[0 0 0 0 0 0 0 0],0.0,00 00 00 00 00 00 00 00,0x065,00000005
71.67614999999999,9.0,111,0.0,8,8.0,[217 147 208  54 255 253 239 127],0.0,D9 93 D0 36 FF FD EF 7F,0x06F,00000005
71.67685,9.0,111,0.0,8,8.0,[141 236  47 196   1 246 111 128],0.0,8D EC 2F C4 01 F6 6F 80,0x06F,00000004
71.67750000000001,9.0,101,0.0,1,1.0,[0 0 0 0 0 0 0 0],0.0,00 00 00 00 00 00 00 00,0x065,00000004
71.86659999999999,9.0,111,0.0,8,8.0,[  1 188 112  73 255 253 239 127],0.0,01 BC 70 49 FF FD EF 7F,0x06F,00000002
71.86734999999999,9.0,101,0.0,1,1.0,[0 0 0 0 0 0 0 0],0.0,00 00 00 00 00 00 00 00,0x065,00000002
71.87289999999999,9.0,101,0.0,1,1.0,[0 0 0 0 0 0 0 0],0.0,00 00 00 00 00 00 00 00,0x065,00000005
71.87414999999999,9.0,111,0.0,8,8.0,[217 147 208  54 255 253 239 127],0.0,D9 93 D0 36 FF FD EF 7F,0x06F,00000005
71.87485000000001,9.0,111,0.0,8,8.0,[143 244  47 196   2  10 240 127],0.0,8F F4 2F C4 02 0A F0 7F,0x06F,00000004
71.87565000000001,9.0,101,0.0,1,1.0,[0 0 0 0 0 0 0 0],0.0,00 00 00 00 00 00 00 00,0x065,00000004
72.0646,9.0,111,0.0,8,8.0,[  1 188 112  73 255 253 239 127],0.0,01 BC 70 49 FF FD EF 7F,0x06F,00000002
72.06559999999999,9.0,101,0.0,1,1.0,[0 0 0 0 0 0 0 0],0.0,00 00 00 00 00 00 00 00,0x065,00000002
72.0709,9.0,101,0.0,1,1.0,[0 0 0 0 0 0 0 0],0.0,00 00 00 00 00 00 00 00,0x065,00000005
72.07234999999999,9.0,111,0.0,8,8.0,[217 147 208  54 255 253 239 127],0.0,D9 93 D0 36 FF FD EF 7F,0x06F,00000005
72.07285,9.0,111,0.0,8,8.0,[143 236  47 196   1   2  48 128],0.0,8F EC 2F C4 01 02 30 80,0x06F,00000004
72.07365,9.0,101,0.0,1,1.0,[0 0 0 0 0 0 0 0],0.0,00 00 00 00 00 00 00 00,0x065,00000004
72.26259999999999,9.0,111,0.0,8,8.0,[  1 188 112  73 255 253 239 127],0.0,01 BC 70 49 FF FD EF 7F,0x06F,00000002
72.2636,9.0,101,0.0,1,1.0,[0 0 0 0 0 0 0 0],0.0,00 00 00 00 00 00 00 00,0x065,00000002
72.2691,9.0,101,0.0,1,1.0,[0 0 0 0 0 0 0 0],0.0,00 00 00 00 00 00 00 00,0x065,00000005
72.27014999999999,9.0,111,0.0,8,8.0,[217 147 208  54 255 253 239 127],0.0,D9 93 D0 36 FF FD EF 7F,0x06F,00000005
72.27085000000001,9.0,111,0.0,8,8.0,[141 236  47  68   2 254  15 128],0.0,8D EC 2F 44 02 FE 0F 80,0x06F,00000004
72.27185,9.0,101,0.0,1,1.0,[0 0 0 0 0 0 0 0],0.0,00 00 00 00 00 00 00 00,0x065,00000004
72.4606,9.0,111,0.0,8,8.0,[  1 188 112  73 255 253 239 127],0.0,01 BC 70 49 FF FD EF 7F,0x06F,00000002
72.4615,9.0,101,0.0,1,1.0,[0 0 0 0 0 0 0 0],0.0,00 00 00 00 00 00 00 00,0x065,00000002
72.46709999999999,9.0,101,0.0,1,1.0,[0 0 0 0 0 0 0 0],0.0,00 00 00 00 00 00 00 00,0x065,00000005
72.46815,9.0,111,0.0,8,8.0,[217 147 208  54 255 253 239 127],0.0,D9 93 D0 36 FF FD EF 7F,0x06F,00000005
72.46885,9.0,111,0.0,8,8.0,[139 236 239 195   1   6  16 128],0.0,8B EC EF C3 01 06 10 80,0x06F,00000004
72.4697,9.0,101,0.0,1,1.0,[0 0 0 0 0 0 0 0],0.0,00 00 00 00 00 00 00 00,0x065,00000004
72.65859999999999,9.0,111,0.0,8,8.0,[  1 188 112 201 254 253 239 127],0.0,01 BC 70 C9 FE FD EF 7F,0x06F,00000002
72.6596,9.0,101,0.0,1,1.0,[0 0 0 0 0 0 0 0],0.0,00 00 00 00 00 00 00 00,0x065,00000002
72.6651,9.0,101,0.0,1,1.0,[0 0 0 0 0 0 0 0],0.0,00 00 00 00 00 00 00 00,0x065,00000005
72.66614999999999,9.0,111,0.0,8,8.0,[217 147 208  54 255 253 239 127],0.0,D9 93 D0 36 FF FD EF 7F,0x06F,00000005
72.66685,9.0,111,0.0,8,8.0,[143 236 239 195   2 246 239 127],0.0,8F EC EF C3 02 F6 EF 7F,0x06F,00000004
72.6677,9.0,101,0.0,1,1.0,[0 0 0 0 0 0 0 0],0.0,00 00 00 00 00 00 00 00,0x065,00000004
72.8566,9.0,111,0.0,8,8.0,[  1 188 112  73 255 253 239 127],0.0,01 BC 70 49 FF FD EF 7F,0x06F,00000002
72.85759999999999,9.0,101,0.0,1,1.0,[0 0 0 0 0 0 0 0],0.0,00 00 00 00 00 00 00 00,0x065,00000002
72.86309999999999,9.0,101,0.0,1,1.0,[0 0 0 0 0 0 0 0],0.0,00 00 00 00 00 00 00 00,0x065,00000005
72.86415,9.0,111,0.0,8,8.0,[217 147 208  54 255 253 239 127],0.0,D9 93 D0 36 FF FD EF 7F,0x06F,00000005
72.86485,9.0,111,0.0,8,8.0,[145 236  15  68   2   2  16 128],0.0,91 EC 0F 44 02 02 10 80,0x06F,00000004
72.86585000000001,9.0,101,0.0,1,1.0,[0 0 0 0 0 0 0 0],0.0,00 00 00 00 00 00 00 00,0x065,00000004
73.0546,9.0,111,0.0,8,8.0,[  1 188 112  73 255 253 239 127],0.0,01 BC 70 49 FF FD EF 7F,0x06F,00000002
73.05539999999999,9.0,101,0.0,1,1.0,[0 0 0 0 0 0 0 0],0.0,00 00 00 00 00 00 00 00,0x065,00000002
73.06084999999999,9.0,101,0.0,1,1.0,[0 0 0 0 0 0 0 0],0.0,00 00 00 00 00 00 00 00,0x065,00000005
73.06235,9.0,111,0.0,8,8.0,[217 147 208  54 255 253 239 127],0.0,D9 93 D0 36 FF FD EF 7F,0x06F,00000005
73.06285,9.0,111,0.0,8,8.0,[141 236 239 195   1 246  79 128],0.0,8D EC EF C3 01 F6 4F 80,0x06F,00000004
73.06365000000001,9.0,101,0.0,1,1.0,[0 0 0 0 0 0 0 0],0.0,00 00 00 00 00 00 00 00,0x065,00000004
73.2526,9.0,111,0.0,8,8.0,[  1 188 112  73 255 253 239 127],0.0,01 BC 70 49 FF FD EF 7F,0x06F,00000002
73.25359999999999,9.0,101,0.0,1,1.0,[0 0 0 0 0 0 0 0],0.0,00 00 00 00 00 00 00 00,0x065,00000002
73.2589,9.0,101,0.0,1,1.0,[0 0 0 0 0 0 0 0],0.0,00 00 00 00 00 00 00 00,0x065,00000005
73.26015,9.0,111,0.0,8,8.0,[217 147 208  54 255 253  79 128],0.0,D9 93 D0 36 FF FD 4F 80,0x06F,00000005
73.26085,9.0,111,0.0,8,8.0,[141 252  15 196   1 250 111 128],0.0,8D FC 0F C4 01 FA 6F 80,0x06F,00000004
73.26165,9.0,101,0.0,1,1.0,[0 0 0 0 0 0 0 0],0.0,00 00 00 00 00 00 00 00,0x065,00000004
73.4506,9.0,111,0.0,8,8.0,[  1 188 112  73 255 253 239 127],0.0,01 BC 70 49 FF FD EF 7F,0x06F,00000002
73.4516,9.0,101,0.0,1,1.0,[0 0 0 0 0 0 0 0],0.0,00 00 00 00 00 00 00 00,0x065,00000002
73.4571,9.0,101,0.0,1,1.0,[0 0 0 0 0 0 0 0],0.0,00 00 00 00 00 00 00 00,0x065,00000005
73.45814999999999,9.0,111,0.0,8,8.0,[217 147 208  54 255 253  47 128],0.0,D9 93 D0 36 FF FD 2F 80,0x06F,00000005
73.4589,9.0,111,0.0,8,8.0,[143 244  15  68   2 254  79 128],0.0,8F F4 0F 44 02 FE 4F 80,0x06F,00000004
73.45985,9.0,101,0.0,1,1.0,[0 0 0 0 0 0 0 0],0.0,00 00 00 00 00 00 00 00,0x065,00000004
73.64859999999999,9.0,111,0.0,8,8.0,[  1 188 112  73 255 253 239 127],0.0,01 BC 70 49 FF FD EF 7F,0x06F,00000002
73.64959999999999,9.0,101,0.0,1,1.0,[0 0 0 0 0 0 0 0],0.0,00 00 00 00 00 00 00 00,0x065,00000002
73.65509999999999,9.0,101,0.0,1,1.0,[0 0 0 0 0 0 0 0],0.0,00 00 00 00 00 00 00 00,0x065,00000005
73.65615,9.0,111,0.0,8,8.0,[219 147 208  54 255 253  47 128],0.0,DB 93 D0 36 FF FD 2F 80,0x06F,00000005
73.65690000000001,9.0,111,0.0,8,8.0,[141 236  15  68   2 254  79 128],0.0,8D EC 0F 44 02 FE 4F 80,0x06F,00000004
73.6579,9.0,101,0.0,1,1.0,[0 0 0 0 0 0 0 0],0.0,00 00 00 00 00 00 00 00,0x065,00000004
73.8466,9.0,111,0.0,8,8.0,[  1 188 112  73 255 253 239 127],0.0,01 BC 70 49 FF FD EF 7F,0x06F,00000002
73.8476,9.0,101,0.0,1,1.0,[0 0 0 0 0 0 0 0],0.0,00 00 00 00 00 00 00 00,0x065,00000002
73.85309999999998,9.0,101,0.0,1,1.0,[0 0 0 0 0 0 0 0],0.0,00 00 00 00 00 00 00 00,0x065,00000005
73.85414999999999,9.0,111,0.0,8,8.0,[219 147 208 182 254 253 175 128],0.0,DB 93 D0 B6 FE FD AF 80,0x06F,00000005
73.8549,9.0,111,0.0,8,8.0,[141 244  47 196   2  10  48 128],0.0,8D F4 2F C4 02 0A 30 80,0x06F,00000004
73.85575,9.0,101,0.0,1,1.0,[0 0 0 0 0 0 0 0],0.0,00 00 00 00 00 00 00 00,0x065,00000004
74.04459999999999,9.0,111,0.0,8,8.0,[  1 188 112  73 255 253 239 127],0.0,01 BC 70 49 FF FD EF 7F,0x06F,00000002
74.0456,9.0,101,0.0,1,1.0,[0 0 0 0 0 0 0 0],0.0,00 00 00 00 00 00 00 00,0x065,00000002
74.05114999999999,9.0,101,0.0,1,1.0,[0 0 0 0 0 0 0 0],0.0,00 00 00 00 00 00 00 00,0x065,00000005
74.05239999999999,9.0,111,0.0,8,8.0,[219 147 208  54 255   1 176 128],0.0,DB 93 D0 36 FF 01 B0 80,0x06F,00000005
74.05290000000001,9.0,111,0.0,8,8.0,[141 244 239 195   2   2  48 128],0.0,8D F4 EF C3 02 02 30 80,0x06F,00000004
74.0539,9.0,101,0.0,1,1.0,[0 0 0 0 0 0 0 0],0.0,00 00 00 00 00 00 00 00,0x065,00000004
74.2426,9.0,111,0.0,8,8.0,[  1 188 112  73 255 253 239 127],0.0,01 BC 70 49 FF FD EF 7F,0x06F,00000002
74.24374999999999,9.0,101,0.0,1,1.0,[0 0 0 0 0 0 0 0],0.0,00 00 00 00 00 00 00 00,0x065,00000002
74.24914999999999,9.0,101,0.0,1,1.0,[0 0 0 0 0 0 0 0],0.0,00 00 00 00 00 00 00 00,0x065,00000005
74.25014999999999,9.0,111,0.0,8,8.0,[219 147 208  54 255 253  47 128],0.0,DB 93 D0 36 FF FD 2F 80,0x06F,00000005
74.2509,9.0,111,0.0,8,8.0,[141 244  15  68   2   6 112 128],0.0,8D F4 0F 44 02 06 70 80,0x06F,00000004
74.2519,9.0,101,0.0,1,1.0,[0 0 0 0 0 0 0 0],0.0,00 00 00 00 00 00 00 00,0x065,00000004
74.44064999999999,9.0,111,0.0,8,8.0,[  1 188 112  73 255 253 239 127],0.0,01 BC 70 49 FF FD EF 7F,0x06F,00000002
74.4416,9.0,101,0.0,1,1.0,[0 0 0 0 0 0 0 0],0.0,00 00 00 00 00 00 00 00,0x065,00000002
74.44715,9.0,101,0.0,1,1.0,[0 0 0 0 0 0 0 0],0.0,00 00 00 00 00 00 00 00,0x065,00000005
74.44814999999998,9.0,111,0.0,8,8.0,[219 147 208  54 255 253  47 128],0.0,DB 93 D0 36 FF FD 2F 80,0x06F,00000005
74.44890000000001,9.0,111,0.0,8,8.0,[141 244  15  68   2   6  48 128],0.0,8D F4 0F 44 02 06 30 80,0x06F,00000004
74.4499,9.0,101,0.0,1,1.0,[0 0 0 0 0 0 0 0],0.0,00 00 00 00 00 00 00 00,0x065,00000004
74.63865,9.0,111,0.0,8,8.0,[  1 188 112  73 255 253 239 127],0.0,01 BC 70 49 FF FD EF 7F,0x06F,00000002
74.63964999999999,9.0,101,0.0,1,1.0,[0 0 0 0 0 0 0 0],0.0,00 00 00 00 00 00 00 00,0x065,00000002
74.64514999999999,9.0,101,0.0,1,1.0,[0 0 0 0 0 0 0 0],0.0,00 00 00 00 00 00 00 00,0x065,00000005
74.64614999999999,9.0,111,0.0,8,8.0,[219 147 208  54 255 253 239 127],0.0,DB 93 D0 36 FF FD EF 7F,0x06F,00000005
74.64685,9.0,111,0.0,8,8.0,[137 244  15  68   2 254  15 128],0.0,89 F4 0F 44 02 FE 0F 80,0x06F,00000004
74.6479,9.0,101,0.0,1,1.0,[0 0 0 0 0 0 0 0],0.0,00 00 00 00 00 00 00 00,0x065,00000004
74.83664999999999,9.0,111,0.0,8,8.0,[  1 188 112  73 255 253 239 127],0.0,01 BC 70 49 FF FD EF 7F,0x06F,00000002
74.83765,9.0,101,0.0,1,1.0,[0 0 0 0 0 0 0 0],0.0,00 00 00 00 00 00 00 00,0x065,00000002
74.84309999999999,9.0,101,0.0,1,1.0,[0 0 0 0 0 0 0 0],0.0,00 00 00 00 00 00 00 00,0x065,00000005
74.84414999999998,9.0,111,0.0,8,8.0,[251 219  48 182  76 190 111  66],0.0,FB DB 30 B6 4C BE 6F 42,0x06F,00000005
74.84490000000001,9.0,111,0.0,8,8.0,[143 244 239 195   2   2  16 128],0.0,8F F4 EF C3 02 02 10 80,0x06F,00000004
74.8459,9.0,101,0.0,1,1.0,[0 0 0 0 0 0 0 0],0.0,00 00 00 00 00 00 00 00,0x065,00000004
75.03465,9.0,111,0.0,8,8.0,[  1 188 112  73 255 253 239 127],0.0,01 BC 70 49 FF FD EF 7F,0x06F,00000002
75.03644999999999,9.0,101,0.0,1,1.0,[0 0 0 0 0 0 0 0],0.0,00 00 00 00 00 00 00 00,0x065,00000002
75.04064999999999,9.0,111,0.0,8,8.0,[181 163 112  53 225   1 224 157],0.0,B5 A3 70 35 E1 01 E0 9D,0x06F,00000005
75.04129999999999,9.0,101,0.0,1,1.0,[0 0 0 0 0 0 0 0],0.0,00 00 00 00 00 00 00 00,0x065,00000005
75.0429,9.0,111,0.0,8,8.0,[139 244  47  68   2  10  48 128],0.0,8B F4 2F 44 02 0A 30 80,0x06F,00000004
75.04375,9.0,101,0.0,1,1.0,[0 0 0 0 0 0 0 0],0.0,00 00 00 00 00 00 00 00,0x065,00000004
75.23264999999999,9.0,111,0.0,8,8.0,[  1 188 112  73 255 253 239 127],0.0,01 BC 70 49 FF FD EF 7F,0x06F,00000002
75.2391,9.0,101,0.0,1,1.0,[0 0 0 0 0 0 0 0],0.0,00 00 00 00 00 00 00 00,0x065,00000005
75.24019999999999,9.0,111,0.0,8,8.0,[ 89 179  15 197 161   1   0 113],0.0,59 B3 0F C5 A1 01 00 71,0x06F,00000005
75.2409,9.0,111,0.0,8,8.0,[141 244 239  67   2 206  15 128],0.0,8D F4 EF 43 02 CE 0F 80,0x06F,00000004
75.2419,9.0,101,0.0,1,1.0,[0 0 0 0 0 0 0 0],0.0,00 00 00 00 00 00 00 00,0x065,00000004
75.4309,9.0,101,0.0,1,1.0,[0 0 0 0 0 0 0 0],0.0,00 00 00 00 00 00 00 00,0x065,00000002
75.43209999999999,9.0,111,0.0,8,8.0,[  1 188 112  73 255 253 239 127],0.0,01 BC 70 49 FF FD EF 7F,0x06F,00000002
75.43714999999999,9.0,101,0.0,1,1.0,[0 0 0 0 0 0 0 0],0.0,00 00 00 00 00 00 00 00,0x065,00000005
75.4382,9.0,111,0.0,8,8.0,[163 139 144  74 211  73 167 118],0.0,A3 8B 90 4A D3 49 A7 76,0x06F,00000005
75.4389,9.0,111,0.0,8,8.0,[143 252  79 196   1  14 144 128],0.0,8F FC 4F C4 01 0E 90 80,0x06F,00000004
75.43990000000001,9.0,101,0.0,1,1.0,[0 0 0 0 0 0 0 0],0.0,00 00 00 00 00 00 00 00,0x065,00000004
75.62889999999999,9.0,101,0.0,1,1.0,[0 0 0 0 0 0 0 0],0.0,00 00 00 00 00 00 00 00,0x065,00000002
75.6301,9.0,111,0.0,8,8.0,[  1 188 112  73 255 253 239 127],0.0,01 BC 70 49 FF FD EF 7F,0x06F,00000002
75.6351,9.0,101,0.0,1,1.0,[0 0 0 0 0 0 0 0],0.0,00 00 00 00 00 00 00 00,0x065,00000005
75.63619999999999,9.0,111,0.0,8,8.0,[251 171 175  73  95 241   6 126],0.0,FB AB AF 49 5F F1 06 7E,0x06F,00000005
75.6369,9.0,111,0.0,8,8.0,[133 244  15  68   1 218 143 128],0.0,85 F4 0F 44 01 DA 8F 80,0x06F,00000004
75.6379,9.0,101,0.0,1,1.0,[0 0 0 0 0 0 0 0],0.0,00 00 00 00 00 00 00 00,0x065,00000004
75.8269,9.0,101,0.0,1,1.0,[0 0 0 0 0 0 0 0],0.0,00 00 00 00 00 00 00 00,0x065,00000002
75.82809999999999,9.0,111,0.0,8,8.0,[  1 188 112  73 255 253 239 127],0.0,01 BC 70 49 FF FD EF 7F,0x06F,00000002
75.83314999999999,9.0,101,0.0,1,1.0,[0 0 0 0 0 0 0 0],0.0,00 00 00 00 00 00 00 00,0x065,00000005
75.8342,9.0,111,0.0,8,8.0,[245 235 206  70 131  25  76 136],0.0,F5 EB CE 46 83 19 4C 88,0x06F,00000005
75.8349,9.0,111,0.0,8,8.0,[145 244 239  67   2 254  79 128],0.0,91 F4 EF 43 02 FE 4F 80,0x06F,00000004
75.83590000000001,9.0,101,0.0,1,1.0,[0 0 0 0 0 0 0 0],0.0,00 00 00 00 00 00 00 00,0x065,00000004
76.02489999999999,9.0,101,0.0,1,1.0,[0 0 0 0 0 0 0 0],0.0,00 00 00 00 00 00 00 00,0x065,00000002
76.02619999999999,9.0,111,0.0,8,8.0,[  1 188 112  73 255 253 239 127],0.0,01 BC 70 49 FF FD EF 7F,0x06F,00000002
76.03065,9.0,111,0.0,8,8.0,[223 235 237 195 109   5 145 132],0.0,DF EB ED C3 6D 05 91 84,0x06F,00000005
76.03129999999999,9.0,101,0.0,1,1.0,[0 0 0 0 0 0 0 0],0.0,00 00 00 00 00 00 00 00,0x065,00000005
76.0329,9.0,111,0.0,8,8.0,[141 252  15  68   2   6  16 128],0.0,8D FC 0F 44 02 06 10 80,0x06F,00000004
76.03455000000001,9.0,101,0.0,1,1.0,[0 0 0 0 0 0 0 0],0.0,00 00 00 00 00 00 00 00,0x065,00000004
76.2229,9.0,101,0.0,1,1.0,[0 0 0 0 0 0 0 0],0.0,00 00 00 00 00 00 00 00,0x065,00000002
76.22409999999999,9.0,111,0.0,8,8.0,[  1 188 112  73 255 253 239 127],0.0,01 BC 70 49 FF FD EF 7F,0x06F,00000002
76.22864999999999,9.0,111,0.0,8,8.0,[255 187 237 196 200 117  16 129],0.0,FF BB ED C4 C8 75 10 81,0x06F,00000005
76.2293,9.0,101,0.0,1,1.0,[0 0 0 0 0 0 0 0],0.0,00 00 00 00 00 00 00 00,0x065,00000005
76.2309,9.0,111,0.0,8,8.0,[139 244  15 196   2 238  79 128],0.0,8B F4 0F C4 02 EE 4F 80,0x06F,00000004
76.23190000000001,9.0,101,0.0,1,1.0,[0 0 0 0 0 0 0 0],0.0,00 00 00 00 00 00 00 00,0x065,00000004
76.42089999999999,9.0,101,0.0,1,1.0,[0 0 0 0 0 0 0 0],0.0,00 00 00 00 00 00 00 00,0x065,00000002
76.4221,9.0,111,0.0,8,8.0,[  1 188 112  73 255 253 239 127],0.0,01 BC 70 49 FF FD EF 7F,0x06F,00000002
76.42714999999998,9.0,101,0.0,1,1.0,[0 0 0 0 0 0 0 0],0.0,00 00 00 00 00 00 00 00,0x065,00000005
76.42819999999999,9.0,111,0.0,8,8.0,[ 43 148  78  73 188  39 170  88],0.0,2B 94 4E 49 BC 27 AA 58,0x06F,00000005
76.4289,9.0,111,0.0,8,8.0,[141 244 239  67   3   2  48 128],0.0,8D F4 EF 43 03 02 30 80,0x06F,00000004
76.4299,9.0,101,0.0,1,1.0,[0 0 0 0 0 0 0 0],0.0,00 00 00 00 00 00 00 00,0x065,00000004
76.6189,9.0,101,0.0,1,1.0,[0 0 0 0 0 0 0 0],0.0,00 00 00 00 00 00 00 00,0x065,00000002
76.6201,9.0,111,0.0,8,8.0,[  1 188 112 201 254 253 239 127],0.0,01 BC 70 C9 FE FD EF 7F,0x06F,00000002
76.62514999999999,9.0,101,0.0,1,1.0,[0 0 0 0 0 0 0 0],0.0,00 00 00 00 00 00 00 00,0x065,00000005
76.62619999999998,9.0,111,0.0,8,8.0,[ 81  20 143  73 167 201 106 141],0.0,51 14 8F 49 A7 C9 6A 8D,0x06F,00000005
76.6269,9.0,111,0.0,8,8.0,[143 244  15 196   2 250  79 128],0.0,8F F4 0F C4 02 FA 4F 80,0x06F,00000004
76.81715,9.0,101,0.0,1,1.0,[0 0 0 0 0 0 0 0],0.0,00 00 00 00 00 00 00 00,0x065,00000002
76.8181,9.0,111,0.0,8,8.0,[  1 188 112  73 255 253 239 127],0.0,01 BC 70 49 FF FD EF 7F,0x06F,00000002
76.82269999999998,9.0,111,0.0,8,8.0,[ 57  76  14  69 248  40  16 139],0.0,39 4C 0E 45 F8 28 10 8B,0x06F,00000005
76.82329999999999,9.0,101,0.0,1,1.0,[0 0 0 0 0 0 0 0],0.0,00 00 00 00 00 00 00 00,0x065,00000005
76.82515000000001,9.0,101,0.0,1,1.0,[0 0 0 0 0 0 0 0],0.0,00 00 00 00 00 00 00 00,0x065,00000004
76.8268,9.0,111,0.0,8,8.0,[141 244  15 196   2 254 111 128],0.0,8D F4 0F C4 02 FE 6F 80,0x06F,00000004
77.0149,9.0,101,0.0,1,1.0,[0 0 0 0 0 0 0 0],0.0,00 00 00 00 00 00 00 00,0x065,00000002
77.01625,9.0,111,0.0,8,8.0,[  1 188 112  73 255 253 239 127],0.0,01 BC 70 49 FF FD EF 7F,0x06F,00000002
77.02114999999999,9.0,101,0.0,1,1.0,[0 0 0 0 0 0 0 0],0.0,00 00 00 00 00 00 00 00,0x065,00000005
77.02304999999998,9.0,111,0.0,8,8.0,[ 45 228  77 196 196 141  15 132],0.0,2D E4 4D C4 C4 8D 0F 84,0x06F,00000005
77.0232,9.0,101,0.0,1,1.0,[0 0 0 0 0 0 0 0],0.0,00 00 00 00 00 00 00 00,0x065,00000004
77.0249,9.0,111,0.0,8,8.0,[141 244  15 196   2 242  79 128],0.0,8D F4 0F C4 02 F2 4F 80,0x06F,00000004
77.21289999999999,9.0,101,0.0,1,1.0,[0 0 0 0 0 0 0 0],0.0,00 00 00 00 00 00 00 00,0x065,00000002
77.21409999999999,9.0,111,0.0,8,8.0,[  1 188 112  73 255 253 239 127],0.0,01 BC 70 49 FF FD EF 7F,0x06F,00000002
77.21865,9.0,111,0.0,8,8.0,[ 43 188  13  67 215 125 240 132],0.0,2B BC 0D 43 D7 7D F0 84,0x06F,00000005
77.21929999999999,9.0,101,0.0,1,1.0,[0 0 0 0 0 0 0 0],0.0,00 00 00 00 00 00 00 00,0x065,00000005
77.22120000000001,9.0,101,0.0,1,1.0,[0 0 0 0 0 0 0 0],0.0,00 00 00 00 00 00 00 00,0x065,00000004
77.22275,9.0,111,0.0,8,8.0,[141 244 239 195   2 254  79 128],0.0,8D F4 EF C3 02 FE 4F 80,0x06F,00000004
77.41114999999999,9.0,101,0.0,1,1.0,[0 0 0 0 0 0 0 0],0.0,00 00 00 00 00 00 00 00,0x065,00000002
77.4121,9.0,111,0.0,8,8.0,[  1 188 112  73 255 253 239 127],0.0,01 BC 70 49 FF FD EF 7F,0x06F,00000002
77.41664999999999,9.0,111,0.0,8,8.0,[ 37 180 109 194   7  94  48 126],0.0,25 B4 6D C2 07 5E 30 7E,0x06F,00000005
77.41729999999998,9.0,101,0.0,1,1.0,[0 0 0 0 0 0 0 0],0.0,00 00 00 00 00 00 00 00,0x065,00000005
77.4192,9.0,101,0.0,1,1.0,[0 0 0 0 0 0 0 0],0.0,00 00 00 00 00 00 00 00,0x065,00000004
77.42075,9.0,111,0.0,8,8.0,[141 244  15 196   2 246  79 128],0.0,8D F4 0F C4 02 F6 4F 80,0x06F,00000004
77.6091,9.0,101,0.0,1,1.0,[0 0 0 0 0 0 0 0],0.0,00 00 00 00 00 00 00 00,0x065,00000002
77.61009999999999,9.0,111,0.0,8,8.0,[  1 188 112  73 255 253 239 127],0.0,01 BC 70 49 FF FD EF 7F,0x06F,00000002
77.61464999999998,9.0,111,0.0,8,8.0,[ 31 196 109  66 110  58 241 128],0.0,1F C4 6D 42 6E 3A F1 80,0x06F,00000005
77.61529999999999,9.0,101,0.0,1,1.0,[0 0 0 0 0 0 0 0],0.0,00 00 00 00 00 00 00 00,0x065,00000005
77.6174,9.0,101,0.0,1,1.0,[0 0 0 0 0 0 0 0],0.0,00 00 00 00 00 00 00 00,0x065,00000004
77.61875,9.0,111,0.0,8,8.0,[141 244  15  68   2 250  79 128],0.0,8D F4 0F 44 02 FA 4F 80,0x06F,00000004
77.8069,9.0,101,0.0,1,1.0,[0 0 0 0 0 0 0 0],0.0,00 00 00 00 00 00 00 00,0x065,00000002
77.8081,9.0,111,0.0,8,8.0,[  1 188 112  73 255 253 239 127],0.0,01 BC 70 49 FF FD EF 7F,0x06F,00000002
77.81315,9.0,101,0.0,1,1.0,[0 0 0 0 0 0 0 0],0.0,00 00 00 00 00 00 00 00,0x065,00000005
77.81329999999998,9.0,111,0.0,8,8.0,[ 23 228 109  69  74 222  17 136],0.0,17 E4 6D 45 4A DE 11 88,0x06F,00000005
77.8152,9.0,101,0.0,1,1.0,[0 0 0 0 0 0 0 0],0.0,00 00 00 00 00 00 00 00,0x065,00000004
77.8168,9.0,111,0.0,8,8.0,[143 244  15  68   2 250  79 128],0.0,8F F4 0F 44 02 FA 4F 80,0x06F,00000004
78.00515,9.0,101,0.0,1,1.0,[0 0 0 0 0 0 0 0],0.0,00 00 00 00 00 00 00 00,0x065,00000002
78.00625,9.0,111,0.0,8,8.0,[  1 188 112  73 255 253 239 127],0.0,01 BC 70 49 FF FD EF 7F,0x06F,00000002
78.01064999999998,9.0,111,0.0,8,8.0,[ 19 220 109 198   0 218  15 125],0.0,13 DC 6D C6 00 DA 0F 7D,0x06F,00000005
78.01129999999999,9.0,101,0.0,1,1.0,[0 0 0 0 0 0 0 0],0.0,00 00 00 00 00 00 00 00,0x065,00000005
78.0134,9.0,101,0.0,1,1.0,[0 0 0 0 0 0 0 0],0.0,00 00 00 00 00 00 00 00,0x065,00000004
78.0149,9.0,111,0.0,8,8.0,[141 244  15 196   2   2  48 128],0.0,8D F4 0F C4 02 02 30 80,0x06F,00000004
78.20294999999999,9.0,101,0.0,1,1.0,[0 0 0 0 0 0 0 0],0.0,00 00 00 00 00 00 00 00,0x065,00000002
78.2041,9.0,111,0.0,8,8.0,[  1 188 112  73 255 253 239 127],0.0,01 BC 70 49 FF FD EF 7F,0x06F,00000002
78.20915,9.0,101,0.0,1,1.0,[0 0 0 0 0 0 0 0],0.0,00 00 00 00 00 00 00 00,0x065,00000005
78.21029999999999,9.0,111,0.0,8,8.0,[ 31 220 109 197  27 182  80 125],0.0,1F DC 6D C5 1B B6 50 7D,0x06F,00000005
78.21115,9.0,101,0.0,1,1.0,[0 0 0 0 0 0 0 0],0.0,00 00 00 00 00 00 00 00,0x065,00000004
78.2128,9.0,111,0.0,8,8.0,[143 244  47 196   2 246  79 128],0.0,8F F4 2F C4 02 F6 4F 80,0x06F,00000004
78.40095,9.0,101,0.0,1,1.0,[0 0 0 0 0 0 0 0],0.0,00 00 00 00 00 00 00 00,0x065,00000002
78.40209999999999,9.0,111,0.0,8,8.0,[  1 188 112  73 255 253 239 127],0.0,01 BC 70 49 FF FD EF 7F,0x06F,00000002
78.40669999999999,9.0,111,0.0,8,8.0,[  1  92  46  70  17 226  46 114],0.0,01 5C 2E 46 11 E2 2E 72,0x06F,00000005
78.40735,9.0,101,0.0,1,1.0,[0 0 0 0 0 0 0 0],0.0,00 00 00 00 00 00 00 00,0x065,00000005
78.4092,9.0,101,0.0,1,1.0,[0 0 0 0 0 0 0 0],0.0,00 00 00 00 00 00 00 00,0x065,00000004
78.41080000000001,9.0,111,0.0,8,8.0,[141 244  15 196   2   6  80 128],0.0,8D F4 0F C4 02 06 50 80,0x06F,00000004
78.59915,9.0,101,0.0,1,1.0,[0 0 0 0 0 0 0 0],0.0,00 00 00 00 00 00 00 00,0x065,00000002
78.6001,9.0,111,0.0,8,8.0,[  1 188 112  73 255 253 239 127],0.0,01 BC 70 49 FF FD EF 7F,0x06F,00000002
78.6047,9.0,111,0.0,8,8.0,[ 33  52 238 198 216  17  79 126],0.0,21 34 EE C6 D8 11 4F 7E,0x06F,00000005
78.60534999999999,9.0,101,0.0,1,1.0,[0 0 0 0 0 0 0 0],0.0,00 00 00 00 00 00 00 00,0x065,00000005
78.6072,9.0,101,0.0,1,1.0,[0 0 0 0 0 0 0 0],0.0,00 00 00 00 00 00 00 00,0x065,00000004
78.6088,9.0,111,0.0,8,8.0,[141 244  15  68   2 254  79 128],0.0,8D F4 0F 44 02 FE 4F 80,0x06F,00000004
78.79714999999999,9.0,101,0.0,1,1.0,[0 0 0 0 0 0 0 0],0.0,00 00 00 00 00 00 00 00,0x065,00000002
78.79809999999999,9.0,111,0.0,8,8.0,[  1 188 112  73 255 253 239 127],0.0,01 BC 70 49 FF FD EF 7F,0x06F,00000002
78.80269999999999,9.0,111,0.0,8,8.0,[ 35  52  14 198   7  46 112 130],0.0,23 34 0E C6 07 2E 70 82,0x06F,00000005
78.80335,9.0,101,0.0,1,1.0,[0 0 0 0 0 0 0 0],0.0,00 00 00 00 00 00 00 00,0x065,00000005
78.8054,9.0,101,0.0,1,1.0,[0 0 0 0 0 0 0 0],0.0,00 00 00 00 00 00 00 00,0x065,00000004
78.80680000000001,9.0,111,0.0,8,8.0,[143 244  15 196   2   6  48 128],0.0,8F F4 0F C4 02 06 30 80,0x06F,00000004
78.99515,9.0,101,0.0,1,1.0,[0 0 0 0 0 0 0 0],0.0,00 00 00 00 00 00 00 00,0x065,00000002
78.99624999999999,9.0,111,0.0,8,8.0,[  1 188 112  73 255 253 239 127],0.0,01 BC 70 49 FF FD EF 7F,0x06F,00000002
79.0007,9.0,111,0.0,8,8.0,[ 31  84  78  70  12  26  82 116],0.0,1F 54 4E 46 0C 1A 52 74,0x06F,00000005
79.00134999999999,9.0,101,0.0,1,1.0,[0 0 0 0 0 0 0 0],0.0,00 00 00 00 00 00 00 00,0x065,00000005
79.0032,9.0,101,0.0,1,1.0,[0 0 0 0 0 0 0 0],0.0,00 00 00 00 00 00 00 00,0x065,00000004
79.00495000000001,9.0,111,0.0,8,8.0,[141 244 207 195   2 254  47 128],0.0,8D F4 CF C3 02 FE 2F 80,0x06F,00000004
79.19314999999999,9.0,101,0.0,1,1.0,[0 0 0 0 0 0 0 0],0.0,00 00 00 00 00 00 00 00,0x065,00000002
79.19409999999999,9.0,111,0.0,8,8.0,[  1 188 112  73 255 253 239 127],0.0,01 BC 70 49 FF FD EF 7F,0x06F,00000002
79.19869999999999,9.0,111,0.0,8,8.0,[ 49  36 142  70  24  66 146 104],0.0,31 24 8E 46 18 42 92 68,0x06F,00000005
79.19935,9.0,101,0.0,1,1.0,[0 0 0 0 0 0 0 0],0.0,00 00 00 00 00 00 00 00,0x065,00000005
79.20145000000001,9.0,101,0.0,1,1.0,[0 0 0 0 0 0 0 0],0.0,00 00 00 00 00 00 00 00,0x065,00000004
79.2028,9.0,111,0.0,8,8.0,[139 244  47  68   2  14  48 128],0.0,8B F4 2F 44 02 0E 30 80,0x06F,00000004
79.39115,9.0,101,0.0,1,1.0,[0 0 0 0 0 0 0 0],0.0,00 00 00 00 00 00 00 00,0x065,00000002
79.39215,9.0,111,0.0,8,8.0,[  1 188 112  73 255 253 239 127],0.0,01 BC 70 49 FF FD EF 7F,0x06F,00000002
79.3967,9.0,111,0.0,8,8.0,[ 39 156 110  71  68  90  17 133],0.0,27 9C 6E 47 44 5A 11 85,0x06F,00000005
79.39755,9.0,101,0.0,1,1.0,[0 0 0 0 0 0 0 0],0.0,00 00 00 00 00 00 00 00,0x065,00000005
79.39945,9.0,101,0.0,1,1.0,[0 0 0 0 0 0 0 0],0.0,00 00 00 00 00 00 00 00,0x065,00000004
79.4008,9.0,111,0.0,8,8.0,[141 244 239  67   2   2  48 128],0.0,8D F4 EF 43 02 02 30 80,0x06F,00000004
79.58895,9.0,101,0.0,1,1.0,[0 0 0 0 0 0 0 0],0.0,00 00 00 00 00 00 00 00,0x065,00000002
79.59015,9.0,111,0.0,8,8.0,[  1 188 112  73 255 253 239 127],0.0,01 BC 70 49 FF FD EF 7F,0x06F,00000002
79.59469999999999,9.0,111,0.0,8,8.0,[ 25 140 206  71  34  74 208 116],0.0,19 8C CE 47 22 4A D0 74,0x06F,00000005
79.59535,9.0,101,0.0,1,1.0,[0 0 0 0 0 0 0 0],0.0,00 00 00 00 00 00 00 00,0x065,00000005
79.5972,9.0,101,0.0,1,1.0,[0 0 0 0 0 0 0 0],0.0,00 00 00 00 00 00 00 00,0x065,00000004
79.5988,9.0,111,0.0,8,8.0,[145 236  47  68   2  10  48 128],0.0,91 EC 2F 44 02 0A 30 80,0x06F,00000004
79.78715,9.0,101,0.0,1,1.0,[0 0 0 0 0 0 0 0],0.0,00 00 00 00 00 00 00 00,0x065,00000002
79.78814999999999,9.0,111,0.0,8,8.0,[  1 188 112  73 255 253 239 127],0.0,01 BC 70 49 FF FD EF 7F,0x06F,00000002
79.7927,9.0,111,0.0,8,8.0,[ 33 188  46 200 201 165  46 118],0.0,21 BC 2E C8 C9 A5 2E 76,0x06F,00000005
79.79334999999999,9.0,101,0.0,1,1.0,[0 0 0 0 0 0 0 0],0.0,00 00 00 00 00 00 00 00,0x065,00000005
79.79520000000001,9.0,101,0.0,1,1.0,[0 0 0 0 0 0 0 0],0.0,00 00 00 00 00 00 00 00,0x065,00000004
79.7968,9.0,111,0.0,8,8.0,[143 244 239  67   1 254  15 128],0.0,8F F4 EF 43 01 FE 0F 80,0x06F,00000004
79.98514999999999,9.0,101,0.0,1,1.0,[0 0 0 0 0 0 0 0],0.0,00 00 00 00 00 00 00 00,0x065,00000002
79.98625,9.0,111,0.0,8,8.0,[  1 188 112  73 255 253 239 127],0.0,01 BC 70 49 FF FD EF 7F,0x06F,00000002
79.99069999999999,9.0,111,0.0,8,8.0,[ 43 148  14 200 162 249 239 131],0.0,2B 94 0E C8 A2 F9 EF 83,0x06F,00000005
79.99134999999998,9.0,101,0.0,1,1.0,[0 0 0 0 0 0 0 0],0.0,00 00 00 00 00 00 00 00,0x065,00000005
79.99345000000001,9.0,101,0.0,1,1.0,[0 0 0 0 0 0 0 0],0.0,00 00 00 00 00 00 00 00,0x065,00000004
79.99495,9.0,111,0.0,8,8.0,[143 244 239  67   1 246  47 128],0.0,8F F4 EF 43 01 F6 2F 80,0x06F,00000004
80.1827,9.0,111,0.0,8,8.0,[  1 188 112  73 255 253 239 127],0.0,01 BC 70 49 FF FD EF 7F,0x06F,00000002
80.18334999999999,9.0,101,0.0,1,1.0,[0 0 0 0 0 0 0 0],0.0,00 00 00 00 00 00 00 00,0x065,00000002
80.18869999999998,9.0,111,0.0,8,8.0,[ 41 124  14 199 251 209  46 130],0.0,29 7C 0E C7 FB D1 2E 82,0x06F,00000005
80.1895,9.0,101,0.0,1,1.0,[0 0 0 0 0 0 0 0],0.0,00 00 00 00 00 00 00 00,0x065,00000005
80.19145,9.0,101,0.0,1,1.0,[0 0 0 0 0 0 0 0],0.0,00 00 00 00 00 00 00 00,0x065,00000004
80.1928,9.0,111,0.0,8,8.0,[143 244  15 196   0 250 239 127],0.0,8F F4 0F C4 00 FA EF 7F,0x06F,00000004
80.38119999999999,9.0,101,0.0,1,1.0,[0 0 0 0 0 0 0 0],0.0,00 00 00 00 00 00 00 00,0x065,00000002
80.38215,9.0,111,0.0,8,8.0,[  1 188 112  73 255 253 239 127],0.0,01 BC 70 49 FF FD EF 7F,0x06F,00000002
80.38669999999999,9.0,111,0.0,8,8.0,[ 47 100 238 198 244  25 143 129],0.0,2F 64 EE C6 F4 19 8F 81,0x06F,00000005
80.38734999999998,9.0,101,0.0,1,1.0,[0 0 0 0 0 0 0 0],0.0,00 00 00 00 00 00 00 00,0x065,00000005
80.38945,9.0,101,0.0,1,1.0,[0 0 0 0 0 0 0 0],0.0,00 00 00 00 00 00 00 00,0x065,00000004
80.3908,9.0,111,0.0,8,8.0,[141 244  15 196   0 238  15 128],0.0,8D F4 0F C4 00 EE 0F 80,0x06F,00000004
80.5792,9.0,101,0.0,1,1.0,[0 0 0 0 0 0 0 0],0.0,00 00 00 00 00 00 00 00,0x065,00000002
80.58014999999999,9.0,111,0.0,8,8.0,[  1 188 112  73 255 253 239 127],0.0,01 BC 70 49 FF FD EF 7F,0x06F,00000002
80.58469999999998,9.0,111,0.0,8,8.0,[ 57 100  14  70 207 197 238 127],0.0,39 64 0E 46 CF C5 EE 7F,0x06F,00000005
80.58559999999999,9.0,101,0.0,1,1.0,[0 0 0 0 0 0 0 0],0.0,00 00 00 00 00 00 00 00,0x065,00000005
80.58745,9.0,101,0.0,1,1.0,[0 0 0 0 0 0 0 0],0.0,00 00 00 00 00 00 00 00,0x065,00000004
80.58885000000001,9.0,111,0.0,8,8.0,[145 244  79 196   1 254  47 128],0.0,91 F4 4F C4 01 FE 2F 80,0x06F,00000004
80.77695,9.0,101,0.0,1,1.0,[0 0 0 0 0 0 0 0],0.0,00 00 00 00 00 00 00 00,0x065,00000002
80.77815,9.0,111,0.0,8,8.0,[  1 188 112 201 254 253 239 127],0.0,01 BC 70 C9 FE FD EF 7F,0x06F,00000002
80.78269999999999,9.0,111,0.0,8,8.0,[ 57  12 238  68 187 141  14 116],0.0,39 0C EE 44 BB 8D 0E 74,0x06F,00000005
80.78359999999999,9.0,101,0.0,1,1.0,[0 0 0 0 0 0 0 0],0.0,00 00 00 00 00 00 00 00,0x065,00000005
80.7852,9.0,101,0.0,1,1.0,[0 0 0 0 0 0 0 0],0.0,00 00 00 00 00 00 00 00,0x065,00000004
80.78685,9.0,111,0.0,8,8.0,[143 244  15  68   2 242  47 128],0.0,8F F4 0F 44 02 F2 2F 80,0x06F,00000004
80.9752,9.0,101,0.0,1,1.0,[0 0 0 0 0 0 0 0],0.0,00 00 00 00 00 00 00 00,0x065,00000002
80.9763,9.0,111,0.0,8,8.0,[  1 188 112  73 255 253 239 127],0.0,01 BC 70 49 FF FD EF 7F,0x06F,00000002
80.98074999999999,9.0,111,0.0,8,8.0,[ 73  12 206  67  31 194 141 125],0.0,49 0C CE 43 1F C2 8D 7D,0x06F,00000005
80.98134999999999,9.0,101,0.0,1,1.0,[0 0 0 0 0 0 0 0],0.0,00 00 00 00 00 00 00 00,0x065,00000005
80.98345,9.0,101,0.0,1,1.0,[0 0 0 0 0 0 0 0],0.0,00 00 00 00 00 00 00 00,0x065,00000004
80.98495,9.0,111,0.0,8,8.0,[139 252  15  68   2 246  47 128],0.0,8B FC 0F 44 02 F6 2F 80,0x06F,00000004
81.1732,9.0,101,0.0,1,1.0,[0 0 0 0 0 0 0 0],0.0,00 00 00 00 00 00 00 00,0x065,00000002
81.17415,9.0,111,0.0,8,8.0,[  1 188 112  73 255 253 239 127],0.0,01 BC 70 49 FF FD EF 7F,0x06F,00000002
81.17875,9.0,111,0.0,8,8.0,[ 89  20  46 196 216 201 142 134],0.0,59 14 2E C4 D8 C9 8E 86,0x06F,00000005
81.17934999999999,9.0,101,0.0,1,1.0,[0 0 0 0 0 0 0 0],0.0,00 00 00 00 00 00 00 00,0x065,00000005
81.18145,9.0,101,0.0,1,1.0,[0 0 0 0 0 0 0 0],0.0,00 00 00 00 00 00 00 00,0x065,00000004
81.1828,9.0,111,0.0,8,8.0,[145 244 207  67   2 250  47 128],0.0,91 F4 CF 43 02 FA 2F 80,0x06F,00000004
81.3707,9.0,111,0.0,8,8.0,[  1 188 112  73 255 253 239 127],0.0,01 BC 70 49 FF FD EF 7F,0x06F,00000002
81.37134999999999,9.0,101,0.0,1,1.0,[0 0 0 0 0 0 0 0],0.0,00 00 00 00 00 00 00 00,0x065,00000002
81.37669999999999,9.0,111,0.0,8,8.0,[ 79  36 142 194  59  37 239 157],0.0,4F 24 8E C2 3B 25 EF 9D,0x06F,00000005
81.37749999999998,9.0,101,0.0,1,1.0,[0 0 0 0 0 0 0 0],0.0,00 00 00 00 00 00 00 00,0x065,00000005
81.37945,9.0,101,0.0,1,1.0,[0 0 0 0 0 0 0 0],0.0,00 00 00 00 00 00 00 00,0x065,00000004
81.38080000000001,9.0,111,0.0,8,8.0,[141 244  15  68   2  10  48 128],0.0,8D F4 0F 44 02 0A 30 80,0x06F,00000004
81.5692,9.0,101,0.0,1,1.0,[0 0 0 0 0 0 0 0],0.0,00 00 00 00 00 00 00 00,0x065,00000002
81.57015,9.0,111,0.0,8,8.0,[  1 188 112  73 255 253 239 127],0.0,01 BC 70 49 FF FD EF 7F,0x06F,00000002
81.57469999999999,9.0,111,0.0,8,8.0,[ 53 188  77  64 207  21  79 139],0.0,35 BC 4D 40 CF 15 4F 8B,0x06F,00000005
81.57549999999999,9.0,101,0.0,1,1.0,[0 0 0 0 0 0 0 0],0.0,00 00 00 00 00 00 00 00,0x065,00000005
81.57745,9.0,101,0.0,1,1.0,[0 0 0 0 0 0 0 0],0.0,00 00 00 00 00 00 00 00,0x065,00000004
81.5788,9.0,111,0.0,8,8.0,[143 244 239 195   2 242 239 127],0.0,8F F4 EF C3 02 F2 EF 7F,0x06F,00000004
81.76719999999999,9.0,101,0.0,1,1.0,[0 0 0 0 0 0 0 0],0.0,00 00 00 00 00 00 00 00,0x065,00000002
81.76814999999999,9.0,111,0.0,8,8.0,[  1 188 112  73 255 253 239 127],0.0,01 BC 70 49 FF FD EF 7F,0x06F,00000002
81.77269999999999,9.0,111,0.0,8,8.0,[ 49 172 141  64  50 158  17 127],0.0,31 AC 8D 40 32 9E 11 7F,0x06F,00000005
81.77359999999999,9.0,101,0.0,1,1.0,[0 0 0 0 0 0 0 0],0.0,00 00 00 00 00 00 00 00,0x065,00000005
81.77545,9.0,101,0.0,1,1.0,[0 0 0 0 0 0 0 0],0.0,00 00 00 00 00 00 00 00,0x065,00000004
81.77680000000001,9.0,111,0.0,8,8.0,[143 252  15 196   1   2  80 128],0.0,8F FC 0F C4 01 02 50 80,0x06F,00000004
81.9647,9.0,111,0.0,8,8.0,[  1 188 112  73 255 253 239 127],0.0,01 BC 70 49 FF FD EF 7F,0x06F,00000002
81.96535,9.0,101,0.0,1,1.0,[0 0 0 0 0 0 0 0],0.0,00 00 00 00 00 00 00 00,0x065,00000002
81.9707,9.0,111,0.0,8,8.0,[ 49 236 109  67 138  22 210 116],0.0,31 EC 6D 43 8A 16 D2 74,0x06F,00000005
81.9716,9.0,101,0.0,1,1.0,[0 0 0 0 0 0 0 0],0.0,00 00 00 00 00 00 00 00,0x065,00000005
81.97345,9.0,101,0.0,1,1.0,[0 0 0 0 0 0 0 0],0.0,00 00 00 00 00 00 00 00,0x065,00000004
81.9749,9.0,111,0.0,8,8.0,[143 244 207  67   1 254 111 128],0.0,8F F4 CF 43 01 FE 6F 80,0x06F,00000004
82.16319999999999,9.0,101,0.0,1,1.0,[0 0 0 0 0 0 0 0],0.0,00 00 00 00 00 00 00 00,0x065,00000002
82.16414999999999,9.0,111,0.0,8,8.0,[  1 188 112  73 255 253 239 127],0.0,01 BC 70 49 FF FD EF 7F,0x06F,00000002
82.16869999999999,9.0,111,0.0,8,8.0,[ 61  52 110 197 143  90 175 115],0.0,3D 34 6E C5 8F 5A AF 73,0x06F,00000005
82.16935,9.0,101,0.0,1,1.0,[0 0 0 0 0 0 0 0],0.0,00 00 00 00 00 00 00 00,0x065,00000005
82.17145000000001,9.0,101,0.0,1,1.0,[0 0 0 0 0 0 0 0],0.0,00 00 00 00 00 00 00 00,0x065,00000004
82.17275000000001,9.0,111,0.0,8,8.0,[143 220 207  67   1   2 112 128],0.0,8F DC CF 43 01 02 70 80,0x06F,00000004
82.3612,9.0,101,0.0,1,1.0,[0 0 0 0 0 0 0 0],0.0,00 00 00 00 00 00 00 00,0x065,00000002
82.36134999999999,9.0,111,0.0,8,8.0,[  1 188 112  73 255 253 239 127],0.0,01 BC 70 49 FF FD EF 7F,0x06F,00000002
82.36675,9.0,111,0.0,8,8.0,[ 73  84 174 197  84 231 142 112],0.0,49 54 AE C5 54 E7 8E 70,0x06F,00000005
82.36749999999999,9.0,101,0.0,1,1.0,[0 0 0 0 0 0 0 0],0.0,00 00 00 00 00 00 00 00,0x065,00000005
82.36945,9.0,101,0.0,1,1.0,[0 0 0 0 0 0 0 0],0.0,00 00 00 00 00 00 00 00,0x065,00000004
82.37075,9.0,111,0.0,8,8.0,[141 220 239 195   1 246  47 128],0.0,8D DC EF C3 01 F6 2F 80,0x06F,00000004
82.55869999999999,9.0,111,0.0,8,8.0,[  1 188 112  73 255 253 239 127],0.0,01 BC 70 49 FF FD EF 7F,0x06F,00000002
82.55935,9.0,101,0.0,1,1.0,[0 0 0 0 0 0 0 0],0.0,00 00 00 00 00 00 00 00,0x065,00000002
82.56474999999999,9.0,111,0.0,8,8.0,[ 77 212 239 201 238  81 208 121],0.0,4D D4 EF C9 EE 51 D0 79,0x06F,00000005
82.56549999999999,9.0,101,0.0,1,1.0,[0 0 0 0 0 0 0 0],0.0,00 00 00 00 00 00 00 00,0x065,00000005
82.56700000000001,9.0,111,0.0,8,8.0,[145 220 239 195   1   6  16 128],0.0,91 DC EF C3 01 06 10 80,0x06F,00000004
82.5676,9.0,101,0.0,1,1.0,[0 0 0 0 0 0 0 0],0.0,00 00 00 00 00 00 00 00,0x065,00000004
82.7567,9.0,111,0.0,8,8.0,[  1 188 112  73 255 253 239 127],0.0,01 BC 70 49 FF FD EF 7F,0x06F,00000002
82.75734999999999,9.0,101,0.0,1,1.0,[0 0 0 0 0 0 0 0],0.0,00 00 00 00 00 00 00 00,0x065,00000002
82.76274999999998,9.0,111,0.0,8,8.0,[ 65 188 207 200 115 177 111 135],0.0,41 BC CF C8 73 B1 6F 87,0x06F,00000005
82.7635,9.0,101,0.0,1,1.0,[0 0 0 0 0 0 0 0],0.0,00 00 00 00 00 00 00 00,0x065,00000005
82.765,9.0,111,0.0,8,8.0,[141 204 239 195   1   6  16 128],0.0,8D CC EF C3 01 06 10 80,0x06F,00000004
82.7656,9.0,101,0.0,1,1.0,[0 0 0 0 0 0 0 0],0.0,00 00 00 00 00 00 00 00,0x065,00000004
82.95519999999999,9.0,101,0.0,1,1.0,[0 0 0 0 0 0 0 0],0.0,00 00 00 00 00 00 00 00,0x065,00000002
82.9563,9.0,111,0.0,8,8.0,[  1 188 112  73 255 253 239 127],0.0,01 BC 70 49 FF FD EF 7F,0x06F,00000002
82.96074999999999,9.0,111,0.0,8,8.0,[ 57 196 238  72 154  49 114 118],0.0,39 C4 EE 48 9A 31 72 76,0x06F,00000005
82.96159999999999,9.0,101,0.0,1,1.0,[0 0 0 0 0 0 0 0],0.0,00 00 00 00 00 00 00 00,0x065,00000005
82.96345000000001,9.0,101,0.0,1,1.0,[0 0 0 0 0 0 0 0],0.0,00 00 00 00 00 00 00 00,0x065,00000004
82.9649,9.0,111,0.0,8,8.0,[147 172  47  68   1 246  47 128],0.0,93 AC 2F 44 01 F6 2F 80,0x06F,00000004
83.15275,9.0,111,0.0,8,8.0,[  1 188 112 201 254 253 239 127],0.0,01 BC 70 C9 FE FD EF 7F,0x06F,00000002
83.15334999999999,9.0,101,0.0,1,1.0,[0 0 0 0 0 0 0 0],0.0,00 00 00 00 00 00 00 00,0x065,00000002
83.15874999999998,9.0,111,0.0,8,8.0,[ 53 220 206 199 184 197 111 137],0.0,35 DC CE C7 B8 C5 6F 89,0x06F,00000005
83.15959999999998,9.0,101,0.0,1,1.0,[0 0 0 0 0 0 0 0],0.0,00 00 00 00 00 00 00 00,0x065,00000005
83.16145,9.0,101,0.0,1,1.0,[0 0 0 0 0 0 0 0],0.0,00 00 00 00 00 00 00 00,0x065,00000004
83.16275,9.0,111,0.0,8,8.0,[135 180 239 195   1 242  79 128],0.0,87 B4 EF C3 01 F2 4F 80,0x06F,00000004
83.35074999999999,9.0,111,0.0,8,8.0,[  1 188 112  73 255 253 239 127],0.0,01 BC 70 49 FF FD EF 7F,0x06F,00000002
83.35135,9.0,101,0.0,1,1.0,[0 0 0 0 0 0 0 0],0.0,00 00 00 00 00 00 00 00,0x065,00000002
83.35674999999999,9.0,111,0.0,8,8.0,[ 51 180 110 199  24 250  50 140],0.0,33 B4 6E C7 18 FA 32 8C,0x06F,00000005
83.35759999999999,9.0,101,0.0,1,1.0,[0 0 0 0 0 0 0 0],0.0,00 00 00 00 00 00 00 00,0x065,00000005
83.35945000000001,9.0,101,0.0,1,1.0,[0 0 0 0 0 0 0 0],0.0,00 00 00 00 00 00 00 00,0x065,00000004
83.36075,9.0,111,0.0,8,8.0,[137 164 175 195   0 238 143 128],0.0,89 A4 AF C3 00 EE 8F 80,0x06F,00000004
83.54875,9.0,111,0.0,8,8.0,[  1 188 112  73 255 253 239 127],0.0,01 BC 70 49 FF FD EF 7F,0x06F,00000002
83.54934999999999,9.0,101,0.0,1,1.0,[0 0 0 0 0 0 0 0],0.0,00 00 00 00 00 00 00 00,0x065,00000002
83.55474999999998,9.0,111,0.0,8,8.0,[ 41 172  78 199  42 186 208 123],0.0,29 AC 4E C7 2A BA D0 7B,0x06F,00000005
83.55555,9.0,101,0.0,1,1.0,[0 0 0 0 0 0 0 0],0.0,00 00 00 00 00 00 00 00,0x065,00000005
83.55745,9.0,101,0.0,1,1.0,[0 0 0 0 0 0 0 0],0.0,00 00 00 00 00 00 00 00,0x065,00000004
83.55875,9.0,111,0.0,8,8.0,[141 164 239 195   0 246  79 128],0.0,8D A4 EF C3 00 F6 4F 80,0x06F,00000004
83.74674999999999,9.0,111,0.0,8,8.0,[  1 188 112  73 255 253 239 127],0.0,01 BC 70 49 FF FD EF 7F,0x06F,00000002
83.74735,9.0,101,0.0,1,1.0,[0 0 0 0 0 0 0 0],0.0,00 00 00 00 00 00 00 00,0x065,00000002
83.75274999999999,9.0,111,0.0,8,8.0,[ 51 164 206 199 219  25  15 134],0.0,33 A4 CE C7 DB 19 0F 86,0x06F,00000005
83.75354999999999,9.0,101,0.0,1,1.0,[0 0 0 0 0 0 0 0],0.0,00 00 00 00 00 00 00 00,0x065,00000005
83.75500000000001,9.0,111,0.0,8,8.0,[147 164  47  68   1 254  47 128],0.0,93 A4 2F 44 01 FE 2F 80,0x06F,00000004
83.75565,9.0,101,0.0,1,1.0,[0 0 0 0 0 0 0 0],0.0,00 00 00 00 00 00 00 00,0x065,00000004
83.94475,9.0,111,0.0,8,8.0,[  1 188 112  73 255 253 239 127],0.0,01 BC 70 49 FF FD EF 7F,0x06F,00000002
83.94534999999999,9.0,101,0.0,1,1.0,[0 0 0 0 0 0 0 0],0.0,00 00 00 00 00 00 00 00,0x065,00000002
83.95074999999999,9.0,111,0.0,8,8.0,[ 47 156 142  71  40 178  16 144],0.0,2F 9C 8E 47 28 B2 10 90,0x06F,00000005
83.9515,9.0,101,0.0,1,1.0,[0 0 0 0 0 0 0 0],0.0,00 00 00 00 00 00 00 00,0x065,00000005
83.953,9.0,111,0.0,8,8.0,[139 148 239 195   0 250  47 128],0.0,8B 94 EF C3 00 FA 2F 80,0x06F,00000004
83.95365,9.0,101,0.0,1,1.0,[0 0 0 0 0 0 0 0],0.0,00 00 00 00 00 00 00 00,0x065,00000004
84.1432,9.0,101,0.0,1,1.0,[0 0 0 0 0 0 0 0],0.0,00 00 00 00 00 00 00 00,0x065,00000002
84.1442,9.0,111,0.0,8,8.0,[  1 188 112  73 255 253 239 127],0.0,01 BC 70 49 FF FD EF 7F,0x06F,00000002
84.14874999999999,9.0,111,0.0,8,8.0,[ 37  20 143  70  76 138 240 146],0.0,25 14 8F 46 4C 8A F0 92,0x06F,00000005
84.14974999999998,9.0,101,0.0,1,1.0,[0 0 0 0 0 0 0 0],0.0,00 00 00 00 00 00 00 00,0x065,00000005
84.1515,9.0,101,0.0,1,1.0,[0 0 0 0 0 0 0 0],0.0,00 00 00 00 00 00 00 00,0x065,00000004
84.15275,9.0,111,0.0,8,8.0,[137 148 207  67   0 254  15 128],0.0,89 94 CF 43 00 FE 0F 80,0x06F,00000004
84.34075,9.0,111,0.0,8,8.0,[  1 188 112  73 255 253 239 127],0.0,01 BC 70 49 FF FD EF 7F,0x06F,00000002
84.3414,9.0,101,0.0,1,1.0,[0 0 0 0 0 0 0 0],0.0,00 00 00 00 00 00 00 00,0x065,00000002
84.34674999999999,9.0,111,0.0,8,8.0,[249 227  13  73 246 221  79 123],0.0,F9 E3 0D 49 F6 DD 4F 7B,0x06F,00000005
84.34759999999999,9.0,101,0.0,1,1.0,[0 0 0 0 0 0 0 0],0.0,00 00 00 00 00 00 00 00,0x065,00000005
84.349,9.0,111,0.0,8,8.0,[143 148 239 195   0 242  15 128],0.0,8F 94 EF C3 00 F2 0F 80,0x06F,00000004
84.34965,9.0,101,0.0,1,1.0,[0 0 0 0 0 0 0 0],0.0,00 00 00 00 00 00 00 00,0x065,00000004
84.53875,9.0,111,0.0,8,8.0,[  1 188 112  73 255 253 239 127],0.0,01 BC 70 49 FF FD EF 7F,0x06F,00000002
84.5394,9.0,101,0.0,1,1.0,[0 0 0 0 0 0 0 0],0.0,00 00 00 00 00 00 00 00,0x065,00000002
84.54475,9.0,111,0.0,8,8.0,[ 37  12 175  71   3 106  78 133],0.0,25 0C AF 47 03 6A 4E 85,0x06F,00000005
84.54565,9.0,101,0.0,1,1.0,[0 0 0 0 0 0 0 0],0.0,00 00 00 00 00 00 00 00,0x065,00000005
84.547,9.0,111,0.0,8,8.0,[143 148 207  67   0 250  47 128],0.0,8F 94 CF 43 00 FA 2F 80,0x06F,00000004
84.54765,9.0,101,0.0,1,1.0,[0 0 0 0 0 0 0 0],0.0,00 00 00 00 00 00 00 00,0x065,00000004
84.73675,9.0,111,0.0,8,8.0,[  1 188 112  73 255 253 239 127],0.0,01 BC 70 49 FF FD EF 7F,0x06F,00000002
84.7374,9.0,101,0.0,1,1.0,[0 0 0 0 0 0 0 0],0.0,00 00 00 00 00 00 00 00,0x065,00000002
84.74274999999999,9.0,111,0.0,8,8.0,[ 43  44  15  73 214 137 144 136],0.0,2B 2C 0F 49 D6 89 90 88,0x06F,00000005
84.74354999999998,9.0,101,0.0,1,1.0,[0 0 0 0 0 0 0 0],0.0,00 00 00 00 00 00 00 00,0x065,00000005
84.7455,9.0,101,0.0,1,1.0,[0 0 0 0 0 0 0 0],0.0,00 00 00 00 00 00 00 00,0x065,00000004
84.74685000000001,9.0,111,0.0,8,8.0,[141 140 239  67   0 250  15 128],0.0,8D 8C EF 43 00 FA 0F 80,0x06F,00000004
84.93475,9.0,111,0.0,8,8.0,[  1 188 112  73 255 253 239 127],0.0,01 BC 70 49 FF FD EF 7F,0x06F,00000002
84.93539999999999,9.0,101,0.0,1,1.0,[0 0 0 0 0 0 0 0],0.0,00 00 00 00 00 00 00 00,0x065,00000002
84.94149999999999,9.0,101,0.0,1,1.0,[0 0 0 0 0 0 0 0],0.0,00 00 00 00 00 00 00 00,0x065,00000005
84.94279999999999,9.0,111,0.0,8,8.0,[ 39 172  78  70 248 253 239 138],0.0,27 AC 4E 46 F8 FD EF 8A,0x06F,00000005
84.943,9.0,111,0.0,8,8.0,[143 140 207  67   0   2  16 128],0.0,8F 8C CF 43 00 02 10 80,0x06F,00000004
84.94365,9.0,101,0.0,1,1.0,[0 0 0 0 0 0 0 0],0.0,00 00 00 00 00 00 00 00,0x065,00000004
85.13274999999999,9.0,111,0.0,8,8.0,[  1 188 112 201 254 253 239 127],0.0,01 BC 70 C9 FE FD EF 7F,0x06F,00000002
85.1334,9.0,101,0.0,1,1.0,[0 0 0 0 0 0 0 0],0.0,00 00 00 00 00 00 00 00,0x065,00000002
85.13879999999999,9.0,111,0.0,8,8.0,[ 39 236 174  72  10   6  47 136],0.0,27 EC AE 48 0A 06 2F 88,0x06F,00000005
85.13954999999999,9.0,101,0.0,1,1.0,[0 0 0 0 0 0 0 0],0.0,00 00 00 00 00 00 00 00,0x065,00000005
85.141,9.0,111,0.0,8,8.0,[145 132 239 195 255 253 239 127],0.0,91 84 EF C3 FF FD EF 7F,0x06F,00000004
85.14165,9.0,101,0.0,1,1.0,[0 0 0 0 0 0 0 0],0.0,00 00 00 00 00 00 00 00,0x065,00000004
85.33075,9.0,111,0.0,8,8.0,[  1 188 112  73 255 253 239 127],0.0,01 BC 70 49 FF FD EF 7F,0x06F,00000002
85.33155,9.0,101,0.0,1,1.0,[0 0 0 0 0 0 0 0],0.0,00 00 00 00 00 00 00 00,0x065,00000002
85.3368,9.0,111,0.0,8,8.0,[ 33 140 238 199  16  66 207 128],0.0,21 8C EE C7 10 42 CF 80,0x06F,00000005
85.33779999999999,9.0,101,0.0,1,1.0,[0 0 0 0 0 0 0 0],0.0,00 00 00 00 00 00 00 00,0x065,00000005
85.339,9.0,111,0.0,8,8.0,[141 140 207  67 255 245  15 128],0.0,8D 8C CF 43 FF F5 0F 80,0x06F,00000004
85.33965,9.0,101,0.0,1,1.0,[0 0 0 0 0 0 0 0],0.0,00 00 00 00 00 00 00 00,0x065,00000004
85.52874999999999,9.0,111,0.0,8,8.0,[  1 188 112 201 254 253 239 127],0.0,01 BC 70 C9 FE FD EF 7F,0x06F,00000002
85.5294,9.0,101,0.0,1,1.0,[0 0 0 0 0 0 0 0],0.0,00 00 00 00 00 00 00 00,0x065,00000002
85.53479999999999,9.0,111,0.0,8,8.0,[ 43 188  14  72 235 197 143 123],0.0,2B BC 0E 48 EB C5 8F 7B,0x06F,00000005
85.53564999999999,9.0,101,0.0,1,1.0,[0 0 0 0 0 0 0 0],0.0,00 00 00 00 00 00 00 00,0x065,00000005
85.537,9.0,111,0.0,8,8.0,[145 228 239 195 255 249 207 127],0.0,91 E4 EF C3 FF F9 CF 7F,0x06F,00000004
85.53765,9.0,101,0.0,1,1.0,[0 0 0 0 0 0 0 0],0.0,00 00 00 00 00 00 00 00,0x065,00000004
85.72675,9.0,111,0.0,8,8.0,[  1 188 112  73 255 253 239 127],0.0,01 BC 70 49 FF FD EF 7F,0x06F,00000002
85.72739999999999,9.0,101,0.0,1,1.0,[0 0 0 0 0 0 0 0],0.0,00 00 00 00 00 00 00 00,0x065,00000002
85.73275,9.0,111,0.0,8,8.0,[ 11  92 206  72 245 201 239 130],0.0,0B 5C CE 48 F5 C9 EF 82,0x06F,00000005
85.73364999999998,9.0,101,0.0,1,1.0,[0 0 0 0 0 0 0 0],0.0,00 00 00 00 00 00 00 00,0x065,00000005
85.735,9.0,111,0.0,8,8.0,[141 236 207 195   0 254 175 127],0.0,8D EC CF C3 00 FE AF 7F,0x06F,00000004
85.73565,9.0,101,0.0,1,1.0,[0 0 0 0 0 0 0 0],0.0,00 00 00 00 00 00 00 00,0x065,00000004
85.92474999999999,9.0,111,0.0,8,8.0,[  1 188 112  73 255 253 239 127],0.0,01 BC 70 49 FF FD EF 7F,0x06F,00000002
85.92559999999999,9.0,101,0.0,1,1.0,[0 0 0 0 0 0 0 0],0.0,00 00 00 00 00 00 00 00,0x065,00000002
85.93074999999999,9.0,111,0.0,8,8.0,[ 39 188  14  72  16 238 175 126],0.0,27 BC 0E 48 10 EE AF 7E,0x06F,00000005
85.9318,9.0,101,0.0,1,1.0,[0 0 0 0 0 0 0 0],0.0,00 00 00 00 00 00 00 00,0x065,00000005
85.933,9.0,111,0.0,8,8.0,[143 252 207  67 255 249  15 128],0.0,8F FC CF 43 FF F9 0F 80,0x06F,00000004
85.93365,9.0,101,0.0,1,1.0,[0 0 0 0 0 0 0 0],0.0,00 00 00 00 00 00 00 00,0x065,00000004
86.12275,9.0,111,0.0,8,8.0,[  1 188 112  73 255 253 239 127],0.0,01 BC 70 49 FF FD EF 7F,0x06F,00000002
86.12339999999999,9.0,101,0.0,1,1.0,[0 0 0 0 0 0 0 0],0.0,00 00 00 00 00 00 00 00,0x065,00000002
86.12875,9.0,111,0.0,8,8.0,[ 43 180 206  71 243  81 240 124],0.0,2B B4 CE 47 F3 51 F0 7C,0x06F,00000005
86.12955,9.0,101,0.0,1,1.0,[0 0 0 0 0 0 0 0],0.0,00 00 00 00 00 00 00 00,0x065,00000005
86.13105,9.0,111,0.0,8,8.0,[143 244 239  67 255 249  15 128],0.0,8F F4 EF 43 FF F9 0F 80,0x06F,00000004
86.13170000000001,9.0,101,0.0,1,1.0,[0 0 0 0 0 0 0 0],0.0,00 00 00 00 00 00 00 00,0x065,00000004
86.32074999999999,9.0,111,0.0,8,8.0,[  1 188 112  73 255 253 239 127],0.0,01 BC 70 49 FF FD EF 7F,0x06F,00000002
86.3214,9.0,101,0.0,1,1.0,[0 0 0 0 0 0 0 0],0.0,00 00 00 00 00 00 00 00,0x065,00000002
86.32674999999999,9.0,111,0.0,8,8.0,[ 43 172  14 200   3 234  47 122],0.0,2B AC 0E C8 03 EA 2F 7A,0x06F,00000005
86.32775,9.0,101,0.0,1,1.0,[0 0 0 0 0 0 0 0],0.0,00 00 00 00 00 00 00 00,0x065,00000005
86.32905000000001,9.0,111,0.0,8,8.0,[141 252 207 195 255 253 239 127],0.0,8D FC CF C3 FF FD EF 7F,0x06F,00000004
86.32965,9.0,101,0.0,1,1.0,[0 0 0 0 0 0 0 0],0.0,00 00 00 00 00 00 00 00,0x065,00000004
86.51875,9.0,111,0.0,8,8.0,[  1 188 112  73 255 253 239 127],0.0,01 BC 70 49 FF FD EF 7F,0x06F,00000002
86.51955,9.0,101,0.0,1,1.0,[0 0 0 0 0 0 0 0],0.0,00 00 00 00 00 00 00 00,0x065,00000002
86.52479999999998,9.0,111,0.0,8,8.0,[ 49 204  78 200 255 229 175 134],0.0,31 CC 4E C8 FF E5 AF 86,0x06F,00000005
86.52574999999999,9.0,101,0.0,1,1.0,[0 0 0 0 0 0 0 0],0.0,00 00 00 00 00 00 00 00,0x065,00000005
86.52705,9.0,111,0.0,8,8.0,[143 252 207 195 255 253 239 127],0.0,8F FC CF C3 FF FD EF 7F,0x06F,00000004
86.52765000000001,9.0,101,0.0,1,1.0,[0 0 0 0 0 0 0 0],0.0,00 00 00 00 00 00 00 00,0x065,00000004
86.71674999999999,9.0,111,0.0,8,8.0,[  1 188 112  73 255 253 239 127],0.0,01 BC 70 49 FF FD EF 7F,0x06F,00000002
86.71754999999999,9.0,101,0.0,1,1.0,[0 0 0 0 0 0 0 0],0.0,00 00 00 00 00 00 00 00,0x065,00000002
86.72279999999999,9.0,111,0.0,8,8.0,[ 37 164 206  71  24 174 239 133],0.0,25 A4 CE 47 18 AE EF 85,0x06F,00000005
86.72379999999998,9.0,101,0.0,1,1.0,[0 0 0 0 0 0 0 0],0.0,00 00 00 00 00 00 00 00,0x065,00000005
86.72505,9.0,111,0.0,8,8.0,[143  20 208  67   0 250 239 127],0.0,8F 14 D0 43 00 FA EF 7F,0x06F,00000004
86.72565,9.0,101,0.0,1,1.0,[0 0 0 0 0 0 0 0],0.0,00 00 00 00 00 00 00 00,0x065,00000004
86.91475,9.0,111,0.0,8,8.0,[  1 188 112  73 255 253 239 127],0.0,01 BC 70 49 FF FD EF 7F,0x06F,00000002
86.91565,9.0,101,0.0,1,1.0,[0 0 0 0 0 0 0 0],0.0,00 00 00 00 00 00 00 00,0x065,00000002
86.92079999999999,9.0,111,0.0,8,8.0,[ 25 140 110 199 195 209 207 127],0.0,19 8C 6E C7 C3 D1 CF 7F,0x06F,00000005
86.92179999999999,9.0,101,0.0,1,1.0,[0 0 0 0 0 0 0 0],0.0,00 00 00 00 00 00 00 00,0x065,00000005
86.92305,9.0,111,0.0,8,8.0,[143  44 208  67   0 246 207 127],0.0,8F 2C D0 43 00 F6 CF 7F,0x06F,00000004
86.92365000000001,9.0,101,0.0,1,1.0,[0 0 0 0 0 0 0 0],0.0,00 00 00 00 00 00 00 00,0x065,00000004
87.1128,9.0,111,0.0,8,8.0,[  1 188 112 201 254 253 239 127],0.0,01 BC 70 C9 FE FD EF 7F,0x06F,00000002
87.11364999999999,9.0,101,0.0,1,1.0,[0 0 0 0 0 0 0 0],0.0,00 00 00 00 00 00 00 00,0x065,00000002
87.12105,9.0,111,0.0,8,8.0,[145  76 208 195   0 246 207 127],0.0,91 4C D0 C3 00 F6 CF 7F,0x06F,00000004
87.12165,9.0,101,0.0,1,1.0,[0 0 0 0 0 0 0 0],0.0,00 00 00 00 00 00 00 00,0x065,00000004
87.3108,9.0,111,0.0,8,8.0,[  1 188 112  73 255 253 239 127],0.0,01 BC 70 49 FF FD EF 7F,0x06F,00000002
87.31139999999999,9.0,101,0.0,1,1.0,[0 0 0 0 0 0 0 0],0.0,00 00 00 00 00 00 00 00,0x065,00000002
87.319,9.0,111,0.0,8,8.0,[143 100 240  67   1 254 175 127],0.0,8F 64 F0 43 01 FE AF 7F,0x06F,00000004
87.31965,9.0,101,0.0,1,1.0,[0 0 0 0 0 0 0 0],0.0,00 00 00 00 00 00 00 00,0x065,00000004
87.5088,9.0,111,0.0,8,8.0,[  1 188 112 201 254 253 239 127],0.0,01 BC 70 C9 FE FD EF 7F,0x06F,00000002
87.5094,9.0,101,0.0,1,1.0,[0 0 0 0 0 0 0 0],0.0,00 00 00 00 00 00 00 00,0x065,00000002
87.51705,9.0,111,0.0,8,8.0,[141 116 176 195   1 250  15 128],0.0,8D 74 B0 C3 01 FA 0F 80,0x06F,00000004
87.5177,9.0,101,0.0,1,1.0,[0 0 0 0 0 0 0 0],0.0,00 00 00 00 00 00 00 00,0x065,00000004
87.70679999999999,9.0,111,0.0,8,8.0,[  1 188 112  73 255 253 239 127],0.0,01 BC 70 49 FF FD EF 7F,0x06F,00000002
87.70755,9.0,101,0.0,1,1.0,[0 0 0 0 0 0 0 0],0.0,00 00 00 00 00 00 00 00,0x065,00000002
87.71505,9.0,111,0.0,8,8.0,[145 116 176 195   1 250  47 128],0.0,91 74 B0 C3 01 FA 2F 80,0x06F,00000004
87.7157,9.0,101,0.0,1,1.0,[0 0 0 0 0 0 0 0],0.0,00 00 00 00 00 00 00 00,0x065,00000004
87.9048,9.0,111,0.0,8,8.0,[  1 188 112  73 255 253 239 127],0.0,01 BC 70 49 FF FD EF 7F,0x06F,00000002
87.90554999999999,9.0,101,0.0,1,1.0,[0 0 0 0 0 0 0 0],0.0,00 00 00 00 00 00 00 00,0x065,00000002
87.91305,9.0,111,0.0,8,8.0,[143 108 240  67   2 254  47 128],0.0,8F 6C F0 43 02 FE 2F 80,0x06F,00000004
87.91380000000001,9.0,101,0.0,1,1.0,[0 0 0 0 0 0 0 0],0.0,00 00 00 00 00 00 00 00,0x065,00000004
88.10279999999999,9.0,111,0.0,8,8.0,[  1 188 112  73 255 253 239 127],0.0,01 BC 70 49 FF FD EF 7F,0x06F,00000002
88.10364999999999,9.0,101,0.0,1,1.0,[0 0 0 0 0 0 0 0],0.0,00 00 00 00 00 00 00 00,0x065,00000002
88.11105,9.0,111,0.0,8,8.0,[143 100  16 196   2 250  79 128],0.0,8F 64 10 C4 02 FA 4F 80,0x06F,00000004
88.1117,9.0,101,0.0,1,1.0,[0 0 0 0 0 0 0 0],0.0,00 00 00 00 00 00 00 00,0x065,00000004
88.30075,9.0,111,0.0,8,8.0,[  1 188 112  73 255 253 239 127],0.0,01 BC 70 49 FF FD EF 7F,0x06F,00000002
88.30165,9.0,101,0.0,1,1.0,[0 0 0 0 0 0 0 0],0.0,00 00 00 00 00 00 00 00,0x065,00000002
88.30905,9.0,111,0.0,8,8.0,[143 100 240 195   3   2 112 128],0.0,8F 64 F0 C3 03 02 70 80,0x06F,00000004
88.30995,9.0,101,0.0,1,1.0,[0 0 0 0 0 0 0 0],0.0,00 00 00 00 00 00 00 00,0x065,00000004
88.49879999999999,9.0,111,0.0,8,8.0,[  1 188 112  73 255 253 239 127],0.0,01 BC 70 49 FF FD EF 7F,0x06F,00000002
88.49964999999999,9.0,101,0.0,1,1.0,[0 0 0 0 0 0 0 0],0.0,00 00 00 00 00 00 00 00,0x065,00000002
88.50705,9.0,111,0.0,8,8.0,[143  92 240 195   3 254 111 128],0.0,8F 5C F0 C3 03 FE 6F 80,0x06F,00000004
88.50795000000001,9.0,101,0.0,1,1.0,[0 0 0 0 0 0 0 0],0.0,00 00 00 00 00 00 00 00,0x065,00000004
88.6968,9.0,111,0.0,8,8.0,[  1 188 112  73 255 253 239 127],0.0,01 BC 70 49 FF FD EF 7F,0x06F,00000002
88.69744999999999,9.0,101,0.0,1,1.0,[0 0 0 0 0 0 0 0],0.0,00 00 00 00 00 00 00 00,0x065,00000002
88.70505,9.0,111,0.0,8,8.0,[143 100 240  67   5   2 112 128],0.0,8F 64 F0 43 05 02 70 80,0x06F,00000004
88.70570000000001,9.0,101,0.0,1,1.0,[0 0 0 0 0 0 0 0],0.0,00 00 00 00 00 00 00 00,0x065,00000004
88.8951,9.0,111,0.0,8,8.0,[  1 188 112  73 255 253 239 127],0.0,01 BC 70 49 FF FD EF 7F,0x06F,00000002
88.8959,9.0,101,0.0,1,1.0,[0 0 0 0 0 0 0 0],0.0,00 00 00 00 00 00 00 00,0x065,00000002
88.90305000000001,9.0,111,0.0,8,8.0,[143 100 176 195   3 250  79 128],0.0,8F 64 B0 C3 03 FA 4F 80,0x06F,00000004
88.9037,9.0,101,0.0,1,1.0,[0 0 0 0 0 0 0 0],0.0,00 00 00 00 00 00 00 00,0x065,00000004
89.0928,9.0,111,0.0,8,8.0,[  1 188 112  73 255 253 239 127],0.0,01 BC 70 49 FF FD EF 7F,0x06F,00000002
89.0936,9.0,101,0.0,1,1.0,[0 0 0 0 0 0 0 0],0.0,00 00 00 00 00 00 00 00,0x065,00000002
89.10105,9.0,111,0.0,8,8.0,[147 100 208  67   2   2  48 128],0.0,93 64 D0 43 02 02 30 80,0x06F,00000004
89.10185,9.0,101,0.0,1,1.0,[0 0 0 0 0 0 0 0],0.0,00 00 00 00 00 00 00 00,0x065,00000004
89.29079999999999,9.0,111,0.0,8,8.0,[  1 188 112  73 255 253 239 127],0.0,01 BC 70 49 FF FD EF 7F,0x06F,00000002
89.2918,9.0,101,0.0,1,1.0,[0 0 0 0 0 0 0 0],0.0,00 00 00 00 00 00 00 00,0x065,00000002
89.29905000000001,9.0,111,0.0,8,8.0,[145 100  16  68   2 242  15 128],0.0,91 64 10 44 02 F2 0F 80,0x06F,00000004
89.29985,9.0,101,0.0,1,1.0,[0 0 0 0 0 0 0 0],0.0,00 00 00 00 00 00 00 00,0x065,00000004
89.4888,9.0,111,0.0,8,8.0,[  1 188 112  73 255 253 239 127],0.0,01 BC 70 49 FF FD EF 7F,0x06F,00000002
89.4897,9.0,101,0.0,1,1.0,[0 0 0 0 0 0 0 0],0.0,00 00 00 00 00 00 00 00,0x065,00000002
89.49705,9.0,111,0.0,8,8.0,[139  92  80  68   4  18 176 128],0.0,8B 5C 50 44 04 12 B0 80,0x06F,00000004
89.4979,9.0,101,0.0,1,1.0,[0 0 0 0 0 0 0 0],0.0,00 00 00 00 00 00 00 00,0x065,00000004
89.68679999999999,9.0,111,0.0,8,8.0,[  1 188 112  73 255 253 239 127],0.0,01 BC 70 49 FF FD EF 7F,0x06F,00000002
89.68769999999999,9.0,101,0.0,1,1.0,[0 0 0 0 0 0 0 0],0.0,00 00 00 00 00 00 00 00,0x065,00000002
89.69505000000001,9.0,111,0.0,8,8.0,[141  92  80  68   6 250 175 128],0.0,8D 5C 50 44 06 FA AF 80,0x06F,00000004
89.69595,9.0,101,0.0,1,1.0,[0 0 0 0 0 0 0 0],0.0,00 00 00 00 00 00 00 00,0x065,00000004
89.8848,9.0,111,0.0,8,8.0,[  1 188 112  73 255 253 239 127],0.0,01 BC 70 49 FF FD EF 7F,0x06F,00000002
89.8856,9.0,101,0.0,1,1.0,[0 0 0 0 0 0 0 0],0.0,00 00 00 00 00 00 00 00,0x065,00000002
89.89305,9.0,111,0.0,8,8.0,[141  92  80 196   6  14 176 128],0.0,8D 5C 50 C4 06 0E B0 80,0x06F,00000004
89.8937,9.0,101,0.0,1,1.0,[0 0 0 0 0 0 0 0],0.0,00 00 00 00 00 00 00 00,0x065,00000004
90.08279999999999,9.0,111,0.0,8,8.0,[  1 188 112  73 255 253 239 127],0.0,01 BC 70 49 FF FD EF 7F,0x06F,00000002
90.08359999999999,9.0,101,0.0,1,1.0,[0 0 0 0 0 0 0 0],0.0,00 00 00 00 00 00 00 00,0x065,00000002
90.09105,9.0,111,0.0,8,8.0,[139  92  48  68   7  26 176 128],0.0,8B 5C 30 44 07 1A B0 80,0x06F,00000004
90.09185000000001,9.0,101,0.0,1,1.0,[0 0 0 0 0 0 0 0],0.0,00 00 00 00 00 00 00 00,0x065,00000004
90.2808,9.0,111,0.0,8,8.0,[  1 188 112  73 255 253 239 127],0.0,01 BC 70 49 FF FD EF 7F,0x06F,00000002
90.2816,9.0,101,0.0,1,1.0,[0 0 0 0 0 0 0 0],0.0,00 00 00 00 00 00 00 00,0x065,00000002
90.2891,9.0,111,0.0,8,8.0,[139  92 144 196   7  18 176 128],0.0,8B 5C 90 C4 07 12 B0 80,0x06F,00000004
90.28985,9.0,101,0.0,1,1.0,[0 0 0 0 0 0 0 0],0.0,00 00 00 00 00 00 00 00,0x065,00000004
90.47879999999999,9.0,111,0.0,8,8.0,[  1 188 112  73 255 253 239 127],0.0,01 BC 70 49 FF FD EF 7F,0x06F,00000002
90.4798,9.0,101,0.0,1,1.0,[0 0 0 0 0 0 0 0],0.0,00 00 00 00 00 00 00 00,0x065,00000002
90.4871,9.0,111,0.0,8,8.0,[135  76 208  68   8   2 240 128],0.0,87 4C D0 44 08 02 F0 80,0x06F,00000004
90.4881,9.0,101,0.0,1,1.0,[0 0 0 0 0 0 0 0],0.0,00 00 00 00 00 00 00 00,0x065,00000004
90.6768,9.0,111,0.0,8,8.0,[  1 188 112 201 254 253 239 127],0.0,01 BC 70 C9 FE FD EF 7F,0x06F,00000002
90.67769999999999,9.0,101,0.0,1,1.0,[0 0 0 0 0 0 0 0],0.0,00 00 00 00 00 00 00 00,0x065,00000002
90.6851,9.0,111,0.0,8,8.0,[139  44  16 196   7   6  48 129],0.0,8B 2C 10 C4 07 06 30 81,0x06F,00000004
90.68595,9.0,101,0.0,1,1.0,[0 0 0 0 0 0 0 0],0.0,00 00 00 00 00 00 00 00,0x065,00000004
90.8748,9.0,111,0.0,8,8.0,[  1 188 112  73 255 253 239 127],0.0,01 BC 70 49 FF FD EF 7F,0x06F,00000002
90.8757,9.0,101,0.0,1,1.0,[0 0 0 0 0 0 0 0],0.0,00 00 00 00 00 00 00 00,0x065,00000002
90.8831,9.0,111,0.0,8,8.0,[143  36 240 195   3 226 175 128],0.0,8F 24 F0 C3 03 E2 AF 80,0x06F,00000004
90.88395,9.0,101,0.0,1,1.0,[0 0 0 0 0 0 0 0],0.0,00 00 00 00 00 00 00 00,0x065,00000004
91.07279999999999,9.0,111,0.0,8,8.0,[  1 188 112  73 255 253 239 127],0.0,01 BC 70 49 FF FD EF 7F,0x06F,00000002
91.07379999999999,9.0,101,0.0,1,1.0,[0 0 0 0 0 0 0 0],0.0,00 00 00 00 00 00 00 00,0x065,00000002
91.0811,9.0,111,0.0,8,8.0,[139  36 240 195   1  46  16 128],0.0,8B 24 F0 C3 01 2E 10 80,0x06F,00000004
91.08195,9.0,101,0.0,1,1.0,[0 0 0 0 0 0 0 0],0.0,00 00 00 00 00 00 00 00,0x065,00000004
91.27085,9.0,111,0.0,8,8.0,[  1 188 112  73 255 253 239 127],0.0,01 BC 70 49 FF FD EF 7F,0x06F,00000002
91.27159999999999,9.0,101,0.0,1,1.0,[0 0 0 0 0 0 0 0],0.0,00 00 00 00 00 00 00 00,0x065,00000002
91.2791,9.0,111,0.0,8,8.0,[149  20 208  67 255 221 207 127],0.0,95 14 D0 43 FF DD CF 7F,0x06F,00000004
91.27985,9.0,101,0.0,1,1.0,[0 0 0 0 0 0 0 0],0.0,00 00 00 00 00 00 00 00,0x065,00000004
91.46884999999999,9.0,111,0.0,8,8.0,[  1 188 112 201 254 253 239 127],0.0,01 BC 70 C9 FE FD EF 7F,0x06F,00000002
91.46985,9.0,101,0.0,1,1.0,[0 0 0 0 0 0 0 0],0.0,00 00 00 00 00 00 00 00,0x065,00000002
91.47705,9.0,111,0.0,8,8.0,[153  36 208  67 252   5 112 128],0.0,99 24 D0 43 FC 05 70 80,0x06F,00000004
91.47785,9.0,101,0.0,1,1.0,[0 0 0 0 0 0 0 0],0.0,00 00 00 00 00 00 00 00,0x065,00000004
91.66685,9.0,111,0.0,8,8.0,[  1 188 112  73 255 253 239 127],0.0,01 BC 70 49 FF FD EF 7F,0x06F,00000002
91.66784999999999,9.0,101,0.0,1,1.0,[0 0 0 0 0 0 0 0],0.0,00 00 00 00 00 00 00 00,0x065,00000002
91.6751,9.0,111,0.0,8,8.0,[143  12 176  67 252 197 239 127],0.0,8F 0C B0 43 FC C5 EF 7F,0x06F,00000004
91.6761,9.0,101,0.0,1,1.0,[0 0 0 0 0 0 0 0],0.0,00 00 00 00 00 00 00 00,0x065,00000004
91.86484999999999,9.0,111,0.0,8,8.0,[  1 188 112  73 255 253 239 127],0.0,01 BC 70 49 FF FD EF 7F,0x06F,00000002
91.86585,9.0,101,0.0,1,1.0,[0 0 0 0 0 0 0 0],0.0,00 00 00 00 00 00 00 00,0x065,00000002
91.87310000000001,9.0,111,0.0,8,8.0,[151  28 208 195 250 241  79 127],0.0,97 1C D0 C3 FA F1 4F 7F,0x06F,00000004
91.8741,9.0,101,0.0,1,1.0,[0 0 0 0 0 0 0 0],0.0,00 00 00 00 00 00 00 00,0x065,00000004
92.06285,9.0,111,0.0,8,8.0,[  1 188 112 201 254 253 239 127],0.0,01 BC 70 C9 FE FD EF 7F,0x06F,00000002
92.0637,9.0,101,0.0,1,1.0,[0 0 0 0 0 0 0 0],0.0,00 00 00 00 00 00 00 00,0x065,00000002
92.0711,9.0,111,0.0,8,8.0,[157  28 208 195 249   5 208 127],0.0,9D 1C D0 C3 F9 05 D0 7F,0x06F,00000004
92.07195,9.0,101,0.0,1,1.0,[0 0 0 0 0 0 0 0],0.0,00 00 00 00 00 00 00 00,0x065,00000004
92.26084999999999,9.0,111,0.0,8,8.0,[  1 188 112  73 255 253 239 127],0.0,01 BC 70 49 FF FD EF 7F,0x06F,00000002
92.26185,9.0,101,0.0,1,1.0,[0 0 0 0 0 0 0 0],0.0,00 00 00 00 00 00 00 00,0x065,00000002
92.26910000000001,9.0,111,0.0,8,8.0,[137  36  80  67 248 245 175 128],0.0,89 24 50 43 F8 F5 AF 80,0x06F,00000004
92.26995000000001,9.0,101,0.0,1,1.0,[0 0 0 0 0 0 0 0],0.0,00 00 00 00 00 00 00 00,0x065,00000004
92.4588,9.0,111,0.0,8,8.0,[  1 188 112  73 255 253 239 127],0.0,01 BC 70 49 FF FD EF 7F,0x06F,00000002
92.4596,9.0,101,0.0,1,1.0,[0 0 0 0 0 0 0 0],0.0,00 00 00 00 00 00 00 00,0x065,00000002
92.4671,9.0,111,0.0,8,8.0,[141  28 144 195 249   1 208 127],0.0,8D 1C 90 C3 F9 01 D0 7F,0x06F,00000004
92.4679,9.0,101,0.0,1,1.0,[0 0 0 0 0 0 0 0],0.0,00 00 00 00 00 00 00 00,0x065,00000004
92.65679999999999,9.0,111,0.0,8,8.0,[  1 188 112  73 255 253 239 127],0.0,01 BC 70 49 FF FD EF 7F,0x06F,00000002
92.65785,9.0,101,0.0,1,1.0,[0 0 0 0 0 0 0 0],0.0,00 00 00 00 00 00 00 00,0x065,00000002
92.66510000000001,9.0,111,0.0,8,8.0,[137  20  48 195 252  21 208 126],0.0,89 14 30 C3 FC 15 D0 7E,0x06F,00000004
92.66590000000001,9.0,101,0.0,1,1.0,[0 0 0 0 0 0 0 0],0.0,00 00 00 00 00 00 00 00,0x065,00000004
92.85489999999999,9.0,111,0.0,8,8.0,[  1 188 112  73 255 253 239 127],0.0,01 BC 70 49 FF FD EF 7F,0x06F,00000002
92.85589999999999,9.0,101,0.0,1,1.0,[0 0 0 0 0 0 0 0],0.0,00 00 00 00 00 00 00 00,0x065,00000002
92.8631,9.0,111,0.0,8,8.0,[147 252 239 195 251 241 207 127],0.0,93 FC EF C3 FB F1 CF 7F,0x06F,00000004
92.86410000000001,9.0,101,0.0,1,1.0,[0 0 0 0 0 0 0 0],0.0,00 00 00 00 00 00 00 00,0x065,00000004
93.05284999999999,9.0,111,0.0,8,8.0,[  1 188 112  73 255 253 239 127],0.0,01 BC 70 49 FF FD EF 7F,0x06F,00000002
93.05385,9.0,101,0.0,1,1.0,[0 0 0 0 0 0 0 0],0.0,00 00 00 00 00 00 00 00,0x065,00000002
93.0611,9.0,111,0.0,8,8.0,[143  36 208 195 252  17  80 127],0.0,8F 24 D0 C3 FC 11 50 7F,0x06F,00000004
93.0621,9.0,101,0.0,1,1.0,[0 0 0 0 0 0 0 0],0.0,00 00 00 00 00 00 00 00,0x065,00000004
93.25085,9.0,111,0.0,8,8.0,[  1 188 112  73 255 253 239 127],0.0,01 BC 70 49 FF FD EF 7F,0x06F,00000002
93.2517,9.0,101,0.0,1,1.0,[0 0 0 0 0 0 0 0],0.0,00 00 00 00 00 00 00 00,0x065,00000002
93.2591,9.0,111,0.0,8,8.0,[143  44 208  67 253 197 143 127],0.0,8F 2C D0 43 FD C5 8F 7F,0x06F,00000004
93.25995,9.0,101,0.0,1,1.0,[0 0 0 0 0 0 0 0],0.0,00 00 00 00 00 00 00 00,0x065,00000004
93.44885,9.0,111,0.0,8,8.0,[  1 188 112  73 255 253 239 127],0.0,01 BC 70 49 FF FD EF 7F,0x06F,00000002
93.44985,9.0,101,0.0,1,1.0,[0 0 0 0 0 0 0 0],0.0,00 00 00 00 00 00 00 00,0x065,00000002
93.4571,9.0,111,0.0,8,8.0,[145  44 112 195 253 249 111 127],0.0,91 2C 70 C3 FD F9 6F 7F,0x06F,00000004
93.4581,9.0,101,0.0,1,1.0,[0 0 0 0 0 0 0 0],0.0,00 00 00 00 00 00 00 00,0x065,00000004
93.64684999999999,9.0,111,0.0,8,8.0,[  1 188 112 201 254 253 239 127],0.0,01 BC 70 C9 FE FD EF 7F,0x06F,00000002
93.64784999999999,9.0,101,0.0,1,1.0,[0 0 0 0 0 0 0 0],0.0,00 00 00 00 00 00 00 00,0x065,00000002
93.6551,9.0,111,0.0,8,8.0,[145  44 176  67 253   1 112 127],0.0,91 2C B0 43 FD 01 70 7F,0x06F,00000004
93.65610000000001,9.0,101,0.0,1,1.0,[0 0 0 0 0 0 0 0],0.0,00 00 00 00 00 00 00 00,0x065,00000004
93.84485,9.0,111,0.0,8,8.0,[  1 188 112  73 255 253 239 127],0.0,01 BC 70 49 FF FD EF 7F,0x06F,00000002
93.84585,9.0,101,0.0,1,1.0,[0 0 0 0 0 0 0 0],0.0,00 00 00 00 00 00 00 00,0x065,00000002
93.8531,9.0,111,0.0,8,8.0,[143  36  16  68 254   1  48 128],0.0,8F 24 10 44 FE 01 30 80,0x06F,00000004
93.8539,9.0,101,0.0,1,1.0,[0 0 0 0 0 0 0 0],0.0,00 00 00 00 00 00 00 00,0x065,00000004
94.04284999999999,9.0,111,0.0,8,8.0,[  1 188 112  73 255 253 239 127],0.0,01 BC 70 49 FF FD EF 7F,0x06F,00000002
94.04384999999999,9.0,101,0.0,1,1.0,[0 0 0 0 0 0 0 0],0.0,00 00 00 00 00 00 00 00,0x065,00000002
94.0511,9.0,111,0.0,8,8.0,[145   4  80 196   0   6  48 128],0.0,91 04 50 C4 00 06 30 80,0x06F,00000004
94.0521,9.0,101,0.0,1,1.0,[0 0 0 0 0 0 0 0],0.0,00 00 00 00 00 00 00 00,0x065,00000004
94.24085,9.0,111,0.0,8,8.0,[  1 188 112  73 255 253 239 127],0.0,01 BC 70 49 FF FD EF 7F,0x06F,00000002
94.24189999999999,9.0,101,0.0,1,1.0,[0 0 0 0 0 0 0 0],0.0,00 00 00 00 00 00 00 00,0x065,00000002
94.2491,9.0,111,0.0,8,8.0,[143   4 240 195   0  14  48 128],0.0,8F 04 F0 C3 00 0E 30 80,0x06F,00000004
94.2501,9.0,101,0.0,1,1.0,[0 0 0 0 0 0 0 0],0.0,00 00 00 00 00 00 00 00,0x065,00000004
94.43884999999999,9.0,111,0.0,8,8.0,[  1 188 112 201 254 253 239 127],0.0,01 BC 70 C9 FE FD EF 7F,0x06F,00000002
94.44,9.0,101,0.0,1,1.0,[0 0 0 0 0 0 0 0],0.0,00 00 00 00 00 00 00 00,0x065,00000002
94.44715000000001,9.0,111,0.0,8,8.0,[139   4  16  68   0 246 175 128],0.0,8B 04 10 44 00 F6 AF 80,0x06F,00000004
94.4481,9.0,101,0.0,1,1.0,[0 0 0 0 0 0 0 0],0.0,00 00 00 00 00 00 00 00,0x065,00000004
94.63685,9.0,111,0.0,8,8.0,[  1 188 112  73 255 253 239 127],0.0,01 BC 70 49 FF FD EF 7F,0x06F,00000002
94.63785,9.0,101,0.0,1,1.0,[0 0 0 0 0 0 0 0],0.0,00 00 00 00 00 00 00 00,0x065,00000002
94.64515,9.0,111,0.0,8,8.0,[137   4 112  68   2 246  47 128],0.0,89 04 70 44 02 F6 2F 80,0x06F,00000004
94.64615,9.0,101,0.0,1,1.0,[0 0 0 0 0 0 0 0],0.0,00 00 00 00 00 00 00 00,0x065,00000004
94.83484999999999,9.0,111,0.0,8,8.0,[  1 188 112  73 255 253 239 127],0.0,01 BC 70 49 FF FD EF 7F,0x06F,00000002
94.84315000000001,9.0,111,0.0,8,8.0,[135  20  48 196   4  18 240 127],0.0,87 14 30 C4 04 12 F0 7F,0x06F,00000004
94.84415,9.0,101,0.0,1,1.0,[0 0 0 0 0 0 0 0],0.0,00 00 00 00 00 00 00 00,0x065,00000004
95.03314999999999,9.0,101,0.0,1,1.0,[0 0 0 0 0 0 0 0],0.0,00 00 00 00 00 00 00 00,0x065,00000002
95.03444999999999,9.0,111,0.0,8,8.0,[  1 188 112  73 255 253 239 127],0.0,01 BC 70 49 FF FD EF 7F,0x06F,00000002
95.04115,9.0,111,0.0,8,8.0,[145  12 112 196   3  38  16 129],0.0,91 0C 70 C4 03 26 10 81,0x06F,00000004
95.04215,9.0,101,0.0,1,1.0,[0 0 0 0 0 0 0 0],0.0,00 00 00 00 00 00 00 00,0x065,00000004
95.23115,9.0,101,0.0,1,1.0,[0 0 0 0 0 0 0 0],0.0,00 00 00 00 00 00 00 00,0x065,00000002
95.2323,9.0,111,0.0,8,8.0,[  1 188 112  73 255 253 239 127],0.0,01 BC 70 49 FF FD EF 7F,0x06F,00000002
95.23915000000001,9.0,111,0.0,8,8.0,[137  20  48  68   5   6 176 128],0.0,89 14 30 44 05 06 B0 80,0x06F,00000004
95.24015,9.0,101,0.0,1,1.0,[0 0 0 0 0 0 0 0],0.0,00 00 00 00 00 00 00 00,0x065,00000004
95.42914999999999,9.0,101,0.0,1,1.0,[0 0 0 0 0 0 0 0],0.0,00 00 00 00 00 00 00 00,0x065,00000002
95.43029999999999,9.0,111,0.0,8,8.0,[  1 188 112  73 255 253 239 127],0.0,01 BC 70 49 FF FD EF 7F,0x06F,00000002
95.43715,9.0,111,0.0,8,8.0,[135  28  48 197   5  18 144 128],0.0,87 1C 30 C5 05 12 90 80,0x06F,00000004
95.43815000000001,9.0,101,0.0,1,1.0,[0 0 0 0 0 0 0 0],0.0,00 00 00 00 00 00 00 00,0x065,00000004
95.62715,9.0,101,0.0,1,1.0,[0 0 0 0 0 0 0 0],0.0,00 00 00 00 00 00 00 00,0x065,00000002
95.6283,9.0,111,0.0,8,8.0,[  1 188 112  73 255 253 239 127],0.0,01 BC 70 49 FF FD EF 7F,0x06F,00000002
95.63515,9.0,111,0.0,8,8.0,[137  20 240  68   8   2 112 128],0.0,89 14 F0 44 08 02 70 80,0x06F,00000004
95.63615,9.0,101,0.0,1,1.0,[0 0 0 0 0 0 0 0],0.0,00 00 00 00 00 00 00 00,0x065,00000004
95.82515,9.0,101,0.0,1,1.0,[0 0 0 0 0 0 0 0],0.0,00 00 00 00 00 00 00 00,0x065,00000002
95.82629999999999,9.0,111,0.0,8,8.0,[  1 188 112  73 255 253 239 127],0.0,01 BC 70 49 FF FD EF 7F,0x06F,00000002
95.83315,9.0,111,0.0,8,8.0,[139 252  79  68   6 234 239 128],0.0,8B FC 4F 44 06 EA EF 80,0x06F,00000004
95.83415000000001,9.0,101,0.0,1,1.0,[0 0 0 0 0 0 0 0],0.0,00 00 00 00 00 00 00 00,0x065,00000004
96.02314999999999,9.0,101,0.0,1,1.0,[0 0 0 0 0 0 0 0],0.0,00 00 00 00 00 00 00 00,0x065,00000002
96.02444999999999,9.0,111,0.0,8,8.0,[  1 188 112  73 255 253 239 127],0.0,01 BC 70 49 FF FD EF 7F,0x06F,00000002
96.03115,9.0,111,0.0,8,8.0,[147 236 239  67   3 250  15 129],0.0,93 EC EF 43 03 FA 0F 81,0x06F,00000004
96.03285,9.0,101,0.0,1,1.0,[0 0 0 0 0 0 0 0],0.0,00 00 00 00 00 00 00 00,0x065,00000004
96.22134999999999,9.0,101,0.0,1,1.0,[0 0 0 0 0 0 0 0],0.0,00 00 00 00 00 00 00 00,0x065,00000002
96.22234999999999,9.0,111,0.0,8,8.0,[  1 188 112  73 255 253 239 127],0.0,01 BC 70 49 FF FD EF 7F,0x06F,00000002
96.22915,9.0,111,0.0,8,8.0,[139 236  47 196   3  14  16 128],0.0,8B EC 2F C4 03 0E 10 80,0x06F,00000004
96.41914999999999,9.0,101,0.0,1,1.0,[0 0 0 0 0 0 0 0],0.0,00 00 00 00 00 00 00 00,0x065,00000002
96.42035,9.0,111,0.0,8,8.0,[  1 188 112  73 255 253 239 127],0.0,01 BC 70 49 FF FD EF 7F,0x06F,00000002
96.4274,9.0,101,0.0,1,1.0,[0 0 0 0 0 0 0 0],0.0,00 00 00 00 00 00 00 00,0x065,00000004
96.4291,9.0,111,0.0,8,8.0,[143 220 175  68   4  18 240 127],0.0,8F DC AF 44 04 12 F0 7F,0x06F,00000004
96.61715,9.0,101,0.0,1,1.0,[0 0 0 0 0 0 0 0],0.0,00 00 00 00 00 00 00 00,0x065,00000002
96.61834999999999,9.0,111,0.0,8,8.0,[  1 188 112  73 255 253 239 127],0.0,01 BC 70 49 FF FD EF 7F,0x06F,00000002
96.6254,9.0,101,0.0,1,1.0,[0 0 0 0 0 0 0 0],0.0,00 00 00 00 00 00 00 00,0x065,00000004
96.6271,9.0,111,0.0,8,8.0,[137 220  15  69   4  10 208 128],0.0,89 DC 0F 45 04 0A D0 80,0x06F,00000004
96.81519999999999,9.0,101,0.0,1,1.0,[0 0 0 0 0 0 0 0],0.0,00 00 00 00 00 00 00 00,0x065,00000002
96.81635,9.0,111,0.0,8,8.0,[  1 188 112  73 255 253 239 127],0.0,01 BC 70 49 FF FD EF 7F,0x06F,00000002
96.8234,9.0,101,0.0,1,1.0,[0 0 0 0 0 0 0 0],0.0,00 00 00 00 00 00 00 00,0x065,00000004
96.8251,9.0,111,0.0,8,8.0,[135 212 175  68   5 246  15 129],0.0,87 D4 AF 44 05 F6 0F 81,0x06F,00000004
97.01334999999999,9.0,101,0.0,1,1.0,[0 0 0 0 0 0 0 0],0.0,00 00 00 00 00 00 00 00,0x065,00000002
97.01445,9.0,111,0.0,8,8.0,[  1 188 112  73 255 253 239 127],0.0,01 BC 70 49 FF FD EF 7F,0x06F,00000002
97.0214,9.0,101,0.0,1,1.0,[0 0 0 0 0 0 0 0],0.0,00 00 00 00 00 00 00 00,0x065,00000004
97.0232,9.0,111,0.0,8,8.0,[149 188 239 196   6  18 176 128],0.0,95 BC EF C4 06 12 B0 80,0x06F,00000004
97.21114999999999,9.0,101,0.0,1,1.0,[0 0 0 0 0 0 0 0],0.0,00 00 00 00 00 00 00 00,0x065,00000002
97.21234999999999,9.0,111,0.0,8,8.0,[  1 188 112 201 254 253 239 127],0.0,01 BC 70 C9 FE FD EF 7F,0x06F,00000002
97.21940000000001,9.0,101,0.0,1,1.0,[0 0 0 0 0 0 0 0],0.0,00 00 00 00 00 00 00 00,0x065,00000004
97.221,9.0,111,0.0,8,8.0,[137 164 207 196   6 230  79 129],0.0,89 A4 CF C4 06 E6 4F 81,0x06F,00000004
97.40939999999999,9.0,101,0.0,1,1.0,[0 0 0 0 0 0 0 0],0.0,00 00 00 00 00 00 00 00,0x065,00000002
97.41035,9.0,111,0.0,8,8.0,[  1 188 112  73 255 253 239 127],0.0,01 BC 70 49 FF FD EF 7F,0x06F,00000002
97.4174,9.0,101,0.0,1,1.0,[0 0 0 0 0 0 0 0],0.0,00 00 00 00 00 00 00 00,0x065,00000004
97.41905,9.0,111,0.0,8,8.0,[129 180 175 196   9 214  47 129],0.0,81 B4 AF C4 09 D6 2F 81,0x06F,00000004
97.6074,9.0,101,0.0,1,1.0,[0 0 0 0 0 0 0 0],0.0,00 00 00 00 00 00 00 00,0x065,00000002
97.60834999999999,9.0,111,0.0,8,8.0,[  1 188 112 201 254 253 239 127],0.0,01 BC 70 C9 FE FD EF 7F,0x06F,00000002
97.61565,9.0,101,0.0,1,1.0,[0 0 0 0 0 0 0 0],0.0,00 00 00 00 00 00 00 00,0x065,00000004
97.61705,9.0,111,0.0,8,8.0,[129 228  15 197  10 254 111 129],0.0,81 E4 0F C5 0A FE 6F 81,0x06F,00000004
97.80515,9.0,101,0.0,1,1.0,[0 0 0 0 0 0 0 0],0.0,00 00 00 00 00 00 00 00,0x065,00000002
97.80635,9.0,111,0.0,8,8.0,[  1 188 112  73 255 253 239 127],0.0,01 BC 70 49 FF FD EF 7F,0x06F,00000002
97.8134,9.0,101,0.0,1,1.0,[0 0 0 0 0 0 0 0],0.0,00 00 00 00 00 00 00 00,0x065,00000004
97.81505,9.0,111,0.0,8,8.0,[131 236 207 196   8 230  79 128],0.0,83 EC CF C4 08 E6 4F 80,0x06F,00000004
98.0034,9.0,101,0.0,1,1.0,[0 0 0 0 0 0 0 0],0.0,00 00 00 00 00 00 00 00,0x065,00000002
98.0045,9.0,111,0.0,8,8.0,[  1 188 112  73 255 253 239 127],0.0,01 BC 70 49 FF FD EF 7F,0x06F,00000002
98.01145,9.0,101,0.0,1,1.0,[0 0 0 0 0 0 0 0],0.0,00 00 00 00 00 00 00 00,0x065,00000004
98.01315,9.0,111,0.0,8,8.0,[147 236 175 196   6   6 144 128],0.0,93 EC AF C4 06 06 90 80,0x06F,00000004
98.20139999999999,9.0,101,0.0,1,1.0,[0 0 0 0 0 0 0 0],0.0,00 00 00 00 00 00 00 00,0x065,00000002
98.20235,9.0,111,0.0,8,8.0,[  1 188 112  73 255 253 239 127],0.0,01 BC 70 49 FF FD EF 7F,0x06F,00000002
98.20965,9.0,101,0.0,1,1.0,[0 0 0 0 0 0 0 0],0.0,00 00 00 00 00 00 00 00,0x065,00000004
98.211,9.0,111,0.0,8,8.0,[143 220 175 196   7   2 112 128],0.0,8F DC AF C4 07 02 70 80,0x06F,00000004
98.3994,9.0,101,0.0,1,1.0,[0 0 0 0 0 0 0 0],0.0,00 00 00 00 00 00 00 00,0x065,00000002
98.40034999999999,9.0,111,0.0,8,8.0,[  1 188 112  73 255 253 239 127],0.0,01 BC 70 49 FF FD EF 7F,0x06F,00000002
98.40745,9.0,101,0.0,1,1.0,[0 0 0 0 0 0 0 0],0.0,00 00 00 00 00 00 00 00,0x065,00000004
98.409,9.0,111,0.0,8,8.0,[133 252  47  69   9 246 143 128],0.0,85 FC 2F 45 09 F6 8F 80,0x06F,00000004
98.5974,9.0,101,0.0,1,1.0,[0 0 0 0 0 0 0 0],0.0,00 00 00 00 00 00 00 00,0x065,00000002
98.59835,9.0,111,0.0,8,8.0,[  1 188 112  73 255 253 239 127],0.0,01 BC 70 49 FF FD EF 7F,0x06F,00000002
98.60545,9.0,101,0.0,1,1.0,[0 0 0 0 0 0 0 0],0.0,00 00 00 00 00 00 00 00,0x065,00000004
98.607,9.0,111,0.0,8,8.0,[143  28 112 196   7 234  15 129],0.0,8F 1C 70 C4 07 EA 0F 81,0x06F,00000004
98.79539999999999,9.0,101,0.0,1,1.0,[0 0 0 0 0 0 0 0],0.0,00 00 00 00 00 00 00 00,0x065,00000002
98.79634999999999,9.0,111,0.0,8,8.0,[  1 188 112 201 254 253 239 127],0.0,01 BC 70 C9 FE FD EF 7F,0x06F,00000002
98.80365,9.0,101,0.0,1,1.0,[0 0 0 0 0 0 0 0],0.0,00 00 00 00 00 00 00 00,0x065,00000004
98.80505000000001,9.0,111,0.0,8,8.0,[139  20 176 196   7  10 240 128],0.0,8B 14 B0 C4 07 0A F0 80,0x06F,00000004
98.99319999999999,9.0,101,0.0,1,1.0,[0 0 0 0 0 0 0 0],0.0,00 00 00 00 00 00 00 00,0x065,00000002
98.99449999999999,9.0,111,0.0,8,8.0,[  1 188 112  73 255 253 239 127],0.0,01 BC 70 49 FF FD EF 7F,0x06F,00000002
99.00145,9.0,101,0.0,1,1.0,[0 0 0 0 0 0 0 0],0.0,00 00 00 00 00 00 00 00,0x065,00000004
99.00315,9.0,111,0.0,8,8.0,[137  20 240  68   9 242 239 128],0.0,89 14 F0 44 09 F2 EF 80,0x06F,00000004
99.19139999999999,9.0,101,0.0,1,1.0,[0 0 0 0 0 0 0 0],0.0,00 00 00 00 00 00 00 00,0x065,00000002
99.19239999999999,9.0,111,0.0,8,8.0,[  1 188 112  73 255 253 239 127],0.0,01 BC 70 49 FF FD EF 7F,0x06F,00000002
99.19945,9.0,101,0.0,1,1.0,[0 0 0 0 0 0 0 0],0.0,00 00 00 00 00 00 00 00,0x065,00000004
99.20105000000001,9.0,111,0.0,8,8.0,[135  12 240 196   8 246 239 128],0.0,87 0C F0 C4 08 F6 EF 80,0x06F,00000004
99.3894,9.0,101,0.0,1,1.0,[0 0 0 0 0 0 0 0],0.0,00 00 00 00 00 00 00 00,0x065,00000002
99.39065,9.0,111,0.0,8,8.0,[  1 188 112  73 255 253 239 127],0.0,01 BC 70 49 FF FD EF 7F,0x06F,00000002
99.39765,9.0,101,0.0,1,1.0,[0 0 0 0 0 0 0 0],0.0,00 00 00 00 00 00 00 00,0x065,00000004
99.39905,9.0,111,0.0,8,8.0,[133   4 208  68   8 246 111 129],0.0,85 04 D0 44 08 F6 6F 81,0x06F,00000004
99.58739999999999,9.0,101,0.0,1,1.0,[0 0 0 0 0 0 0 0],0.0,00 00 00 00 00 00 00 00,0x065,00000002
99.58755,9.0,111,0.0,8,8.0,[  1 188 112 201 254 253 239 127],0.0,01 BC 70 C9 FE FD EF 7F,0x06F,00000002
99.59565,9.0,101,0.0,1,1.0,[0 0 0 0 0 0 0 0],0.0,00 00 00 00 00 00 00 00,0x065,00000004
99.59705,9.0,111,0.0,8,8.0,[137 236 239 196   8  14  16 129],0.0,89 EC EF C4 08 0E 10 81,0x06F,00000004
99.7854,9.0,101,0.0,1,1.0,[0 0 0 0 0 0 0 0],0.0,00 00 00 00 00 00 00 00,0x065,00000002
99.78635,9.0,111,0.0,8,8.0,[  1 188 112  73 255 253 239 127],0.0,01 BC 70 49 FF FD EF 7F,0x06F,00000002
99.79345,9.0,101,0.0,1,1.0,[0 0 0 0 0 0 0 0],0.0,00 00 00 00 00 00 00 00,0x065,00000004
99.79505,9.0,111,0.0,8,8.0,[133 228 239 196   9 250 239 128],0.0,85 E4 EF C4 09 FA EF 80,0x06F,00000004
99.98339999999999,9.0,101,0.0,1,1.0,[0 0 0 0 0 0 0 0],0.0,00 00 00 00 00 00 00 00,0x065,00000002
99.9845,9.0,111,0.0,8,8.0,[  1 188 112  73 255 253 239 127],0.0,01 BC 70 49 FF FD EF 7F,0x06F,00000002
99.99165,9.0,101,0.0,1,1.0,[0 0 0 0 0 0 0 0],0.0,00 00 00 00 00 00 00 00,0x065,00000004
99.9932,9.0,111,0.0,8,8.0,[137 228 207  68  10 238 239 128],0.0,89 E4 CF 44 0A EE EF 80,0x06F,00000004
100.1814,9.0,101,0.0,1,1.0,[0 0 0 0 0 0 0 0],0.0,00 00 00 00 00 00 00 00,0x065,00000002
100.18235,9.0,111,0.0,8,8.0,[  1 188 112 201 254 253 239 127],0.0,01 BC 70 C9 FE FD EF 7F,0x06F,00000002
100.1897,9.0,101,0.0,1,1.0,[0 0 0 0 0 0 0 0],0.0,00 00 00 00 00 00 00 00,0x065,00000004
100.19105,9.0,111,0.0,8,8.0,[139 212 207 196   9 254  79 129],0.0,8B D4 CF C4 09 FE 4F 81,0x06F,00000004
100.37939999999999,9.0,101,0.0,1,1.0,[0 0 0 0 0 0 0 0],0.0,00 00 00 00 00 00 00 00,0x065,00000002
100.38034999999999,9.0,111,0.0,8,8.0,[  1 188 112  73 255 253 239 127],0.0,01 BC 70 49 FF FD EF 7F,0x06F,00000002
100.38745,9.0,101,0.0,1,1.0,[0 0 0 0 0 0 0 0],0.0,00 00 00 00 00 00 00 00,0x065,00000004
100.38905,9.0,111,0.0,8,8.0,[135 188 239 196  10 238  15 129],0.0,87 BC EF C4 0A EE 0F 81,0x06F,00000004
100.5774,9.0,101,0.0,1,1.0,[0 0 0 0 0 0 0 0],0.0,00 00 00 00 00 00 00 00,0x065,00000002
100.57839999999999,9.0,111,0.0,8,8.0,[  1 188 112  73 255 253 239 127],0.0,01 BC 70 49 FF FD EF 7F,0x06F,00000002
100.5857,9.0,101,0.0,1,1.0,[0 0 0 0 0 0 0 0],0.0,00 00 00 00 00 00 00 00,0x065,00000004
100.58705,9.0,111,0.0,8,8.0,[137 188  47  68  10 182 207 129],0.0,89 BC 2F 44 0A B6 CF 81,0x06F,00000004
100.77494999999999,9.0,111,0.0,8,8.0,[  1 188 112  73 255 253 239 127],0.0,01 BC 70 49 FF FD EF 7F,0x06F,00000002
100.77555,9.0,101,0.0,1,1.0,[0 0 0 0 0 0 0 0],0.0,00 00 00 00 00 00 00 00,0x065,00000002
100.7837,9.0,101,0.0,1,1.0,[0 0 0 0 0 0 0 0],0.0,00 00 00 00 00 00 00 00,0x065,00000004
100.78505,9.0,111,0.0,8,8.0,[133 164  79  69   8  70 208 129],0.0,85 A4 4F 45 08 46 D0 81,0x06F,00000004
100.9729,9.0,111,0.0,8,8.0,[  1 188 112  73 255 253 239 127],0.0,01 BC 70 49 FF FD EF 7F,0x06F,00000002
100.97354999999999,9.0,101,0.0,1,1.0,[0 0 0 0 0 0 0 0],0.0,00 00 00 00 00 00 00 00,0x065,00000002
100.9812,9.0,111,0.0,8,8.0,[133 148 143  69  11  74 208 128],0.0,85 94 8F 45 0B 4A D0 80,0x06F,00000004
100.98185000000001,9.0,101,0.0,1,1.0,[0 0 0 0 0 0 0 0],0.0,00 00 00 00 00 00 00 00,0x065,00000004
101.17145,9.0,101,0.0,1,1.0,[0 0 0 0 0 0 0 0],0.0,00 00 00 00 00 00 00 00,0x065,00000002
101.1724,9.0,111,0.0,8,8.0,[  1 188 112  73 255 253 239 127],0.0,01 BC 70 49 FF FD EF 7F,0x06F,00000002
101.1797,9.0,101,0.0,1,1.0,[0 0 0 0 0 0 0 0],0.0,00 00 00 00 00 00 00 00,0x065,00000004
101.18105,9.0,111,0.0,8,8.0,[135 164  15  69  11  18 176 128],0.0,87 A4 0F 45 0B 12 B0 80,0x06F,00000004
101.36944999999999,9.0,101,0.0,1,1.0,[0 0 0 0 0 0 0 0],0.0,00 00 00 00 00 00 00 00,0x065,00000002
101.37039999999999,9.0,111,0.0,8,8.0,[  1 188 112  73 255 253 239 127],0.0,01 BC 70 49 FF FD EF 7F,0x06F,00000002
101.3777,9.0,101,0.0,1,1.0,[0 0 0 0 0 0 0 0],0.0,00 00 00 00 00 00 00 00,0x065,00000004
101.37905,9.0,111,0.0,8,8.0,[135 188 239 196   8 250 111 129],0.0,87 BC EF C4 08 FA 6F 81,0x06F,00000004
101.56745,9.0,101,0.0,1,1.0,[0 0 0 0 0 0 0 0],0.0,00 00 00 00 00 00 00 00,0x065,00000002
101.5684,9.0,111,0.0,8,8.0,[  1 188 112  73 255 253 239 127],0.0,01 BC 70 49 FF FD EF 7F,0x06F,00000002
101.57545,9.0,101,0.0,1,1.0,[0 0 0 0 0 0 0 0],0.0,00 00 00 00 00 00 00 00,0x065,00000004
101.57705,9.0,111,0.0,8,8.0,[149 220 175  68  10  10 208 128],0.0,95 DC AF 44 0A 0A D0 80,0x06F,00000004
101.76544999999999,9.0,101,0.0,1,1.0,[0 0 0 0 0 0 0 0],0.0,00 00 00 00 00 00 00 00,0x065,00000002
101.76639999999999,9.0,111,0.0,8,8.0,[  1 188 112  73 255 253 239 127],0.0,01 BC 70 49 FF FD EF 7F,0x06F,00000002
101.77365,9.0,101,0.0,1,1.0,[0 0 0 0 0 0 0 0],0.0,00 00 00 00 00 00 00 00,0x065,00000004
101.77510000000001,9.0,111,0.0,8,8.0,[131 244 143 196   9 198 175 128],0.0,83 F4 8F C4 09 C6 AF 80,0x06F,00000004
101.96294999999999,9.0,111,0.0,8,8.0,[  1 188 112  73 253 249 207 127],0.0,01 BC 70 49 FD F9 CF 7F,0x06F,00000002
101.9636,9.0,101,0.0,1,1.0,[0 0 0 0 0 0 0 0],0.0,00 00 00 00 00 00 00 00,0x065,00000002
101.9717,9.0,101,0.0,1,1.0,[0 0 0 0 0 0 0 0],0.0,00 00 00 00 00 00 00 00,0x065,00000004
101.9732,9.0,111,0.0,8,8.0,[151 212 143  68   9  14 112 129],0.0,97 D4 8F 44 09 0E 70 81,0x06F,00000004
102.16095,9.0,111,0.0,8,8.0,[  7 180  16  74   0  14  16 128],0.0,07 B4 10 4A 00 0E 10 80,0x06F,00000002
102.16159999999999,9.0,101,0.0,1,1.0,[0 0 0 0 0 0 0 0],0.0,00 00 00 00 00 00 00 00,0x065,00000002
102.1692,9.0,111,0.0,8,8.0,[121 236  47  68   9  22 240 128],0.0,79 EC 2F 44 09 16 F0 80,0x06F,00000004
102.16985,9.0,101,0.0,1,1.0,[0 0 0 0 0 0 0 0],0.0,00 00 00 00 00 00 00 00,0x065,00000004
102.35945,9.0,101,0.0,1,1.0,[0 0 0 0 0 0 0 0],0.0,00 00 00 00 00 00 00 00,0x065,00000002
102.3604,9.0,111,0.0,8,8.0,[  1 188 112  73 255   1 240 127],0.0,01 BC 70 49 FF 01 F0 7F,0x06F,00000002
102.3677,9.0,101,0.0,1,1.0,[0 0 0 0 0 0 0 0],0.0,00 00 00 00 00 00 00 00,0x065,00000004
102.36905,9.0,111,0.0,8,8.0,[143 228 239 196   8 226 111 129],0.0,8F E4 EF C4 08 E2 6F 81,0x06F,00000004
102.55744999999999,9.0,101,0.0,1,1.0,[0 0 0 0 0 0 0 0],0.0,00 00 00 00 00 00 00 00,0x065,00000002
102.5576,9.0,111,0.0,8,8.0,[  1 188 112  73 255 253 239 127],0.0,01 BC 70 49 FF FD EF 7F,0x06F,00000002
102.5657,9.0,101,0.0,1,1.0,[0 0 0 0 0 0 0 0],0.0,00 00 00 00 00 00 00 00,0x065,00000004
102.56705000000001,9.0,111,0.0,8,8.0,[135 252  47  69  11 246 175 128],0.0,87 FC 2F 45 0B F6 AF 80,0x06F,00000004
102.75495,9.0,111,0.0,8,8.0,[  1 188 112  73 255 253 239 127],0.0,01 BC 70 49 FF FD EF 7F,0x06F,00000002
102.75559999999999,9.0,101,0.0,1,1.0,[0 0 0 0 0 0 0 0],0.0,00 00 00 00 00 00 00 00,0x065,00000002
102.7637,9.0,101,0.0,1,1.0,[0 0 0 0 0 0 0 0],0.0,00 00 00 00 00 00 00 00,0x065,00000004
102.76385,9.0,111,0.0,8,8.0,[135   4  80 197  11 254 207 128],0.0,87 04 50 C5 0B FE CF 80,0x06F,00000004
102.95344999999999,9.0,101,0.0,1,1.0,[0 0 0 0 0 0 0 0],0.0,00 00 00 00 00 00 00 00,0x065,00000002
102.95455,9.0,111,0.0,8,8.0,[  1 188 112  73 255 253 239 127],0.0,01 BC 70 49 FF FD EF 7F,0x06F,00000002
102.96170000000001,9.0,101,0.0,1,1.0,[0 0 0 0 0 0 0 0],0.0,00 00 00 00 00 00 00 00,0x065,00000004
102.9632,9.0,111,0.0,8,8.0,[135  12  80  69  12 250 111 129],0.0,87 0C 50 45 0C FA 6F 81,0x06F,00000004
103.15095,9.0,111,0.0,8,8.0,[  1 188 112  73 255 253 239 127],0.0,01 BC 70 49 FF FD EF 7F,0x06F,00000002
103.15159999999999,9.0,101,0.0,1,1.0,[0 0 0 0 0 0 0 0],0.0,00 00 00 00 00 00 00 00,0x065,00000002
103.1597,9.0,101,0.0,1,1.0,[0 0 0 0 0 0 0 0],0.0,00 00 00 00 00 00 00 00,0x065,00000004
103.1611,9.0,111,0.0,8,8.0,[131  20  16  69  12 234 143 129],0.0,83 14 10 45 0C EA 8F 81,0x06F,00000004
103.34894999999999,9.0,111,0.0,8,8.0,[  1 188 112  73 255 253 239 127],0.0,01 BC 70 49 FF FD EF 7F,0x06F,00000002
103.3496,9.0,101,0.0,1,1.0,[0 0 0 0 0 0 0 0],0.0,00 00 00 00 00 00 00 00,0x065,00000002
103.35725000000001,9.0,111,0.0,8,8.0,[135  20  48 197  11 242 143 129],0.0,87 14 30 C5 0B F2 8F 81,0x06F,00000004
103.35785,9.0,101,0.0,1,1.0,[0 0 0 0 0 0 0 0],0.0,00 00 00 00 00 00 00 00,0x065,00000004
103.54695,9.0,111,0.0,8,8.0,[  1 188 112  73 255 253 239 127],0.0,01 BC 70 49 FF FD EF 7F,0x06F,00000002
103.54759999999999,9.0,101,0.0,1,1.0,[0 0 0 0 0 0 0 0],0.0,00 00 00 00 00 00 00 00,0x065,00000002
103.55525,9.0,111,0.0,8,8.0,[129  36 240  68  12   6 112 129],0.0,81 24 F0 44 0C 06 70 81,0x06F,00000004
103.55585,9.0,101,0.0,1,1.0,[0 0 0 0 0 0 0 0],0.0,00 00 00 00 00 00 00 00,0x065,00000004
103.74494999999999,9.0,111,0.0,8,8.0,[  1 188 112  73 255 253 239 127],0.0,01 BC 70 49 FF FD EF 7F,0x06F,00000002
103.7456,9.0,101,0.0,1,1.0,[0 0 0 0 0 0 0 0],0.0,00 00 00 00 00 00 00 00,0x065,00000002
103.7537,9.0,101,0.0,1,1.0,[0 0 0 0 0 0 0 0],0.0,00 00 00 00 00 00 00 00,0x065,00000004
103.7551,9.0,111,0.0,8,8.0,[147  20  80  69  12   6 112 129],0.0,93 14 50 45 0C 06 70 81,0x06F,00000004
103.943,9.0,111,0.0,8,8.0,[  1 188 112  73 255 253 239 127],0.0,01 BC 70 49 FF FD EF 7F,0x06F,00000002
103.94364999999999,9.0,101,0.0,1,1.0,[0 0 0 0 0 0 0 0],0.0,00 00 00 00 00 00 00 00,0x065,00000002
103.95125,9.0,111,0.0,8,8.0,[133  28  48  69  14 246 111 128],0.0,85 1C 30 45 0E F6 6F 80,0x06F,00000004
103.95185000000001,9.0,101,0.0,1,1.0,[0 0 0 0 0 0 0 0],0.0,00 00 00 00 00 00 00 00,0x065,00000004
104.14144999999999,9.0,101,0.0,1,1.0,[0 0 0 0 0 0 0 0],0.0,00 00 00 00 00 00 00 00,0x065,00000002
104.1416,9.0,111,0.0,8,8.0,[  1 188 112  73 255 253 239 127],0.0,01 BC 70 49 FF FD EF 7F,0x06F,00000002
104.1497,9.0,101,0.0,1,1.0,[0 0 0 0 0 0 0 0],0.0,00 00 00 00 00 00 00 00,0x065,00000004
104.1511,9.0,111,0.0,8,8.0,[139  28  80  69  13   2 144 129],0.0,8B 1C 50 45 0D 02 90 81,0x06F,00000004
104.339,9.0,111,0.0,8,8.0,[  1 188 112  73 255 253 239 127],0.0,01 BC 70 49 FF FD EF 7F,0x06F,00000002
104.33959999999999,9.0,101,0.0,1,1.0,[0 0 0 0 0 0 0 0],0.0,00 00 00 00 00 00 00 00,0x065,00000002
104.34725,9.0,111,0.0,8,8.0,[129  28 112  69  13  18 176 129],0.0,81 1C 70 45 0D 12 B0 81,0x06F,00000004
104.3479,9.0,101,0.0,1,1.0,[0 0 0 0 0 0 0 0],0.0,00 00 00 00 00 00 00 00,0x065,00000004
104.53699999999999,9.0,111,0.0,8,8.0,[  1 188 112  73 255 253 239 127],0.0,01 BC 70 49 FF FD EF 7F,0x06F,00000002
104.5376,9.0,101,0.0,1,1.0,[0 0 0 0 0 0 0 0],0.0,00 00 00 00 00 00 00 00,0x065,00000002
104.54525,9.0,111,0.0,8,8.0,[129  52  48 197  12  30 112 129],0.0,81 34 30 C5 0C 1E 70 81,0x06F,00000004
104.5459,9.0,101,0.0,1,1.0,[0 0 0 0 0 0 0 0],0.0,00 00 00 00 00 00 00 00,0x065,00000004
104.735,9.0,111,0.0,8,8.0,[  1 188 112  73 255 253 239 127],0.0,01 BC 70 49 FF FD EF 7F,0x06F,00000002
104.73559999999999,9.0,101,0.0,1,1.0,[0 0 0 0 0 0 0 0],0.0,00 00 00 00 00 00 00 00,0x065,00000002
104.74325,9.0,111,0.0,8,8.0,[129  68 208 196  10 250  47 130],0.0,81 44 D0 C4 0A FA 2F 82,0x06F,00000004
104.7439,9.0,101,0.0,1,1.0,[0 0 0 0 0 0 0 0],0.0,00 00 00 00 00 00 00 00,0x065,00000004
104.93299999999999,9.0,111,0.0,8,8.0,[  1 188 112 201 254 253 239 127],0.0,01 BC 70 C9 FE FD EF 7F,0x06F,00000002
104.9336,9.0,101,0.0,1,1.0,[0 0 0 0 0 0 0 0],0.0,00 00 00 00 00 00 00 00,0x065,00000002
104.94175,9.0,101,0.0,1,1.0,[0 0 0 0 0 0 0 0],0.0,00 00 00 00 00 00 00 00,0x065,00000004
104.94325,9.0,111,0.0,8,8.0,[135  68  16 197   7 222 111 129],0.0,87 44 10 C5 07 DE 6F 81,0x06F,00000004
105.13095,9.0,111,0.0,8,8.0,[  1 188 112  73 255 253 239 127],0.0,01 BC 70 49 FF FD EF 7F,0x06F,00000002
105.13159999999999,9.0,101,0.0,1,1.0,[0 0 0 0 0 0 0 0],0.0,00 00 00 00 00 00 00 00,0x065,00000002
105.13925,9.0,111,0.0,8,8.0,[123  84  16  68  11 254 207 127],0.0,7B 54 10 44 0B FE CF 7F,0x06F,00000004
105.1399,9.0,101,0.0,1,1.0,[0 0 0 0 0 0 0 0],0.0,00 00 00 00 00 00 00 00,0x065,00000004
105.329,9.0,111,0.0,8,8.0,[  1 188 112  73 255 253 239 127],0.0,01 BC 70 49 FF FD EF 7F,0x06F,00000002
105.32985,9.0,101,0.0,1,1.0,[0 0 0 0 0 0 0 0],0.0,00 00 00 00 00 00 00 00,0x065,00000002
105.33725,9.0,111,0.0,8,8.0,[135  60 240 196   6   6 240 129],0.0,87 3C F0 C4 06 06 F0 81,0x06F,00000004
105.3379,9.0,101,0.0,1,1.0,[0 0 0 0 0 0 0 0],0.0,00 00 00 00 00 00 00 00,0x065,00000004
105.52699999999999,9.0,111,0.0,8,8.0,[  1 188 112  73 255 253 239 127],0.0,01 BC 70 49 FF FD EF 7F,0x06F,00000002
105.52765,9.0,101,0.0,1,1.0,[0 0 0 0 0 0 0 0],0.0,00 00 00 00 00 00 00 00,0x065,00000002
105.53525,9.0,111,0.0,8,8.0,[151  60  16  68  11 174  79 127],0.0,97 3C 10 44 0B AE 4F 7F,0x06F,00000004
105.5359,9.0,101,0.0,1,1.0,[0 0 0 0 0 0 0 0],0.0,00 00 00 00 00 00 00 00,0x065,00000004
105.725,9.0,111,0.0,8,8.0,[  1 188 112  73 255 253 239 127],0.0,01 BC 70 49 FF FD EF 7F,0x06F,00000002
105.72564999999999,9.0,101,0.0,1,1.0,[0 0 0 0 0 0 0 0],0.0,00 00 00 00 00 00 00 00,0x065,00000002
105.73325,9.0,111,0.0,8,8.0,[133  68 176  68   5 246  15 129],0.0,85 44 B0 44 05 F6 0F 81,0x06F,00000004
105.7339,9.0,101,0.0,1,1.0,[0 0 0 0 0 0 0 0],0.0,00 00 00 00 00 00 00 00,0x065,00000004
105.92299999999999,9.0,111,0.0,8,8.0,[  1 188 112  73 255 253 239 127],0.0,01 BC 70 49 FF FD EF 7F,0x06F,00000002
105.92365,9.0,101,0.0,1,1.0,[0 0 0 0 0 0 0 0],0.0,00 00 00 00 00 00 00 00,0x065,00000002
105.93125,9.0,111,0.0,8,8.0,[135  68 208 196   6   6 240 128],0.0,87 44 D0 C4 06 06 F0 80,0x06F,00000004
105.9319,9.0,101,0.0,1,1.0,[0 0 0 0 0 0 0 0],0.0,00 00 00 00 00 00 00 00,0x065,00000004
106.121,9.0,111,0.0,8,8.0,[  1 188 112  73 255 253 239 127],0.0,01 BC 70 49 FF FD EF 7F,0x06F,00000002
106.1218,9.0,101,0.0,1,1.0,[0 0 0 0 0 0 0 0],0.0,00 00 00 00 00 00 00 00,0x065,00000002
106.12925,9.0,111,0.0,8,8.0,[133  60 144 196   6  10 208 128],0.0,85 3C 90 C4 06 0A D0 80,0x06F,00000004
106.13005,9.0,101,0.0,1,1.0,[0 0 0 0 0 0 0 0],0.0,00 00 00 00 00 00 00 00,0x065,00000004
106.31899999999999,9.0,111,0.0,8,8.0,[  1 188 112  73 255 253 239 127],0.0,01 BC 70 49 FF FD EF 7F,0x06F,00000002
106.31965,9.0,101,0.0,1,1.0,[0 0 0 0 0 0 0 0],0.0,00 00 00 00 00 00 00 00,0x065,00000002
106.32725,9.0,111,0.0,8,8.0,[135  76 176 196   7 238 239 128],0.0,87 4C B0 C4 07 EE EF 80,0x06F,00000004
106.3279,9.0,101,0.0,1,1.0,[0 0 0 0 0 0 0 0],0.0,00 00 00 00 00 00 00 00,0x065,00000004
106.517,9.0,111,0.0,8,8.0,[  1 188 112  73 255 253 239 127],0.0,01 BC 70 49 FF FD EF 7F,0x06F,00000002
106.5179,9.0,101,0.0,1,1.0,[0 0 0 0 0 0 0 0],0.0,00 00 00 00 00 00 00 00,0x065,00000002
106.52525,9.0,111,0.0,8,8.0,[137  92 208 196   7 250 207 128],0.0,89 5C D0 C4 07 FA CF 80,0x06F,00000004
106.52590000000001,9.0,101,0.0,1,1.0,[0 0 0 0 0 0 0 0],0.0,00 00 00 00 00 00 00 00,0x065,00000004
106.71565,9.0,101,0.0,1,1.0,[0 0 0 0 0 0 0 0],0.0,00 00 00 00 00 00 00 00,0x065,00000002
106.71674999999999,9.0,111,0.0,8,8.0,[  1 188 112  73 255 253 239 127],0.0,01 BC 70 49 FF FD EF 7F,0x06F,00000002
106.72325000000001,9.0,111,0.0,8,8.0,[135 108 176  68   6  18 112 129],0.0,87 6C B0 44 06 12 70 81,0x06F,00000004
106.7239,9.0,101,0.0,1,1.0,[0 0 0 0 0 0 0 0],0.0,00 00 00 00 00 00 00 00,0x065,00000004
106.913,9.0,111,0.0,8,8.0,[  1 188 112  73 255 253 239 127],0.0,01 BC 70 49 FF FD EF 7F,0x06F,00000002
106.91364999999999,9.0,101,0.0,1,1.0,[0 0 0 0 0 0 0 0],0.0,00 00 00 00 00 00 00 00,0x065,00000002
106.92125,9.0,111,0.0,8,8.0,[139 132  16  69   8   2 144 128],0.0,8B 84 10 45 08 02 90 80,0x06F,00000004
106.92190000000001,9.0,101,0.0,1,1.0,[0 0 0 0 0 0 0 0],0.0,00 00 00 00 00 00 00 00,0x065,00000004
107.11099999999999,9.0,111,0.0,8,8.0,[  1 188 112  73 255 253 239 127],0.0,01 BC 70 49 FF FD EF 7F,0x06F,00000002
107.11165,9.0,101,0.0,1,1.0,[0 0 0 0 0 0 0 0],0.0,00 00 00 00 00 00 00 00,0x065,00000002
107.1193,9.0,111,0.0,8,8.0,[139 180  16 197   8  30  16 128],0.0,8B B4 10 C5 08 1E 10 80,0x06F,00000004
107.11995,9.0,101,0.0,1,1.0,[0 0 0 0 0 0 0 0],0.0,00 00 00 00 00 00 00 00,0x065,00000004
107.309,9.0,111,0.0,8,8.0,[  1 188 112  73 255 253 239 127],0.0,01 BC 70 49 FF FD EF 7F,0x06F,00000002
107.3098,9.0,101,0.0,1,1.0,[0 0 0 0 0 0 0 0],0.0,00 00 00 00 00 00 00 00,0x065,00000002
107.3173,9.0,111,0.0,8,8.0,[147 220 208 197   6 206 175 127],0.0,93 DC D0 C5 06 CE AF 7F,0x06F,00000004
107.31805,9.0,101,0.0,1,1.0,[0 0 0 0 0 0 0 0],0.0,00 00 00 00 00 00 00 00,0x065,00000004
107.50699999999999,9.0,111,0.0,8,8.0,[  1 188 112  73 255 253 239 127],0.0,01 BC 70 49 FF FD EF 7F,0x06F,00000002
107.50765,9.0,101,0.0,1,1.0,[0 0 0 0 0 0 0 0],0.0,00 00 00 00 00 00 00 00,0x065,00000002
107.5153,9.0,111,0.0,8,8.0,[157 196 144 196   4 234  47 128],0.0,9D C4 90 C4 04 EA 2F 80,0x06F,00000004
107.5159,9.0,101,0.0,1,1.0,[0 0 0 0 0 0 0 0],0.0,00 00 00 00 00 00 00 00,0x065,00000004
107.705,9.0,111,0.0,8,8.0,[  1 188 112  73 255 253 239 127],0.0,01 BC 70 49 FF FD EF 7F,0x06F,00000002
107.7059,9.0,101,0.0,1,1.0,[0 0 0 0 0 0 0 0],0.0,00 00 00 00 00 00 00 00,0x065,00000002
107.7133,9.0,111,0.0,8,8.0,[127 196  48 196   3   6 240 128],0.0,7F C4 30 C4 03 06 F0 80,0x06F,00000004
107.7139,9.0,101,0.0,1,1.0,[0 0 0 0 0 0 0 0],0.0,00 00 00 00 00 00 00 00,0x065,00000004
107.90299999999999,9.0,111,0.0,8,8.0,[  1 188 112  73 255 253 239 127],0.0,01 BC 70 49 FF FD EF 7F,0x06F,00000002
107.9039,9.0,101,0.0,1,1.0,[0 0 0 0 0 0 0 0],0.0,00 00 00 00 00 00 00 00,0x065,00000002
107.9113,9.0,111,0.0,8,8.0,[131  36 144 196   1 246 143 129],0.0,83 24 90 C4 01 F6 8F 81,0x06F,00000004
107.91215,9.0,101,0.0,1,1.0,[0 0 0 0 0 0 0 0],0.0,00 00 00 00 00 00 00 00,0x065,00000004
108.10104999999999,9.0,111,0.0,8,8.0,[  1 188 112  73 255 253 239 127],0.0,01 BC 70 49 FF FD EF 7F,0x06F,00000002
108.1017,9.0,101,0.0,1,1.0,[0 0 0 0 0 0 0 0],0.0,00 00 00 00 00 00 00 00,0x065,00000002
108.1093,9.0,111,0.0,8,8.0,[133 236 207  67 254 237 175 129],0.0,85 EC CF 43 FE ED AF 81,0x06F,00000004
108.1099,9.0,101,0.0,1,1.0,[0 0 0 0 0 0 0 0],0.0,00 00 00 00 00 00 00 00,0x065,00000004
108.29905,9.0,111,0.0,8,8.0,[  1 188 112  73 255 253 239 127],0.0,01 BC 70 49 FF FD EF 7F,0x06F,00000002
108.29979999999999,9.0,101,0.0,1,1.0,[0 0 0 0 0 0 0 0],0.0,00 00 00 00 00 00 00 00,0x065,00000002
108.30725,9.0,111,0.0,8,8.0,[135 204 143  67   1  18 144 127],0.0,87 CC 8F 43 01 12 90 7F,0x06F,00000004
108.3079,9.0,101,0.0,1,1.0,[0 0 0 0 0 0 0 0],0.0,00 00 00 00 00 00 00 00,0x065,00000004
108.49704999999999,9.0,111,0.0,8,8.0,[  1 188 112  73 255 253 239 127],0.0,01 BC 70 49 FF FD EF 7F,0x06F,00000002
108.49789999999999,9.0,101,0.0,1,1.0,[0 0 0 0 0 0 0 0],0.0,00 00 00 00 00 00 00 00,0x065,00000002
108.5053,9.0,111,0.0,8,8.0,[147 164 239 195 254  29 240 128],0.0,93 A4 EF C3 FE 1D F0 80,0x06F,00000004
108.50605,9.0,101,0.0,1,1.0,[0 0 0 0 0 0 0 0],0.0,00 00 00 00 00 00 00 00,0x065,00000004
108.69505,9.0,111,0.0,8,8.0,[  1 188 112  73 255 253 239 127],0.0,01 BC 70 49 FF FD EF 7F,0x06F,00000002
108.69605,9.0,101,0.0,1,1.0,[0 0 0 0 0 0 0 0],0.0,00 00 00 00 00 00 00 00,0x065,00000002
108.7033,9.0,111,0.0,8,8.0,[135 100  47  68   1   2 176 127],0.0,87 64 2F 44 01 02 B0 7F,0x06F,00000004
108.70405,9.0,101,0.0,1,1.0,[0 0 0 0 0 0 0 0],0.0,00 00 00 00 00 00 00 00,0x065,00000004
108.89304999999999,9.0,111,0.0,8,8.0,[  1 188 112 201 254 253 239 127],0.0,01 BC 70 C9 FE FD EF 7F,0x06F,00000002
108.89389999999999,9.0,101,0.0,1,1.0,[0 0 0 0 0 0 0 0],0.0,00 00 00 00 00 00 00 00,0x065,00000002
108.9013,9.0,111,0.0,8,8.0,[141  44 111  68 255   5  16 129],0.0,8D 2C 6F 44 FF 05 10 81,0x06F,00000004
108.90215,9.0,101,0.0,1,1.0,[0 0 0 0 0 0 0 0],0.0,00 00 00 00 00 00 00 00,0x065,00000004
109.09105,9.0,111,0.0,8,8.0,[  1 188 112  73 255 253 239 127],0.0,01 BC 70 49 FF FD EF 7F,0x06F,00000002
109.0919,9.0,101,0.0,1,1.0,[0 0 0 0 0 0 0 0],0.0,00 00 00 00 00 00 00 00,0x065,00000002
109.0993,9.0,111,0.0,8,8.0,[137  12  15 196   0 238  15 128],0.0,89 0C 0F C4 00 EE 0F 80,0x06F,00000004
109.10015,9.0,101,0.0,1,1.0,[0 0 0 0 0 0 0 0],0.0,00 00 00 00 00 00 00 00,0x065,00000004
109.28899999999999,9.0,111,0.0,8,8.0,[  1 188 112 201 254 253 239 127],0.0,01 BC 70 C9 FE FD EF 7F,0x06F,00000002
109.28989999999999,9.0,101,0.0,1,1.0,[0 0 0 0 0 0 0 0],0.0,00 00 00 00 00 00 00 00,0x065,00000002
109.2973,9.0,111,0.0,8,8.0,[139  20  47  68   0 230  79 128],0.0,8B 14 2F 44 00 E6 4F 80,0x06F,00000004
109.29795,9.0,101,0.0,1,1.0,[0 0 0 0 0 0 0 0],0.0,00 00 00 00 00 00 00 00,0x065,00000004
109.48705,9.0,111,0.0,8,8.0,[  1 188 112  73 255 253 239 127],0.0,01 BC 70 49 FF FD EF 7F,0x06F,00000002
109.4878,9.0,101,0.0,1,1.0,[0 0 0 0 0 0 0 0],0.0,00 00 00 00 00 00 00 00,0x065,00000002
109.4953,9.0,111,0.0,8,8.0,[135  36  79  68 255 229 175 128],0.0,87 24 4F 44 FF E5 AF 80,0x06F,00000004
109.49595000000001,9.0,101,0.0,1,1.0,[0 0 0 0 0 0 0 0],0.0,00 00 00 00 00 00 00 00,0x065,00000004
109.68504999999999,9.0,111,0.0,8,8.0,[  1 188 112  73 255 253 239 127],0.0,01 BC 70 49 FF FD EF 7F,0x06F,00000002
109.68584999999999,9.0,101,0.0,1,1.0,[0 0 0 0 0 0 0 0],0.0,00 00 00 00 00 00 00 00,0x065,00000002
109.69330000000001,9.0,111,0.0,8,8.0,[129  44 239  67 255  13 112 128],0.0,81 2C EF 43 FF 0D 70 80,0x06F,00000004
109.6941,9.0,101,0.0,1,1.0,[0 0 0 0 0 0 0 0],0.0,00 00 00 00 00 00 00 00,0x065,00000004
109.88305,9.0,111,0.0,8,8.0,[  1 188 112  73 255 253 239 127],0.0,01 BC 70 49 FF FD EF 7F,0x06F,00000002
109.88404999999999,9.0,101,0.0,1,1.0,[0 0 0 0 0 0 0 0],0.0,00 00 00 00 00 00 00 00,0x065,00000002
109.8913,9.0,111,0.0,8,8.0,[115  28 207 196   1  66  80 127],0.0,73 1C CF C4 01 42 50 7F,0x06F,00000004
109.8921,9.0,101,0.0,1,1.0,[0 0 0 0 0 0 0 0],0.0,00 00 00 00 00 00 00 00,0x065,00000004
110.08104999999999,9.0,111,0.0,8,8.0,[  1 188 112 201 254 253 239 127],0.0,01 BC 70 C9 FE FD EF 7F,0x06F,00000002
110.08189999999999,9.0,101,0.0,1,1.0,[0 0 0 0 0 0 0 0],0.0,00 00 00 00 00 00 00 00,0x065,00000002
110.08930000000001,9.0,111,0.0,8,8.0,[143  20  47 196 254   5 240 128],0.0,8F 14 2F C4 FE 05 F0 80,0x06F,00000004
110.09015000000001,9.0,101,0.0,1,1.0,[0 0 0 0 0 0 0 0],0.0,00 00 00 00 00 00 00 00,0x065,00000004
110.27905,9.0,111,0.0,8,8.0,[  1 188 112  73 255 253 239 127],0.0,01 BC 70 49 FF FD EF 7F,0x06F,00000002
110.27995,9.0,101,0.0,1,1.0,[0 0 0 0 0 0 0 0],0.0,00 00 00 00 00 00 00 00,0x065,00000002
110.2873,9.0,111,0.0,8,8.0,[133  52 175  67   1 214 239 127],0.0,85 34 AF 43 01 D6 EF 7F,0x06F,00000004
110.28815,9.0,101,0.0,1,1.0,[0 0 0 0 0 0 0 0],0.0,00 00 00 00 00 00 00 00,0x065,00000004
110.47704999999999,9.0,111,0.0,8,8.0,[  1 188 112  73 255 253 239 127],0.0,01 BC 70 49 FF FD EF 7F,0x06F,00000002
110.47794999999999,9.0,101,0.0,1,1.0,[0 0 0 0 0 0 0 0],0.0,00 00 00 00 00 00 00 00,0x065,00000002
110.4853,9.0,111,0.0,8,8.0,[147  44  79 196   0 254 175 127],0.0,93 2C 4F C4 00 FE AF 7F,0x06F,00000004
110.48615,9.0,101,0.0,1,1.0,[0 0 0 0 0 0 0 0],0.0,00 00 00 00 00 00 00 00,0x065,00000004
110.67505,9.0,111,0.0,8,8.0,[  1 188 112  73 255 253 239 127],0.0,01 BC 70 49 FF FD EF 7F,0x06F,00000002
110.67585,9.0,101,0.0,1,1.0,[0 0 0 0 0 0 0 0],0.0,00 00 00 00 00 00 00 00,0x065,00000002
110.6833,9.0,111,0.0,8,8.0,[143  36  79 196   0  34 208 127],0.0,8F 24 4F C4 00 22 D0 7F,0x06F,00000004
110.6841,9.0,101,0.0,1,1.0,[0 0 0 0 0 0 0 0],0.0,00 00 00 00 00 00 00 00,0x065,00000004
110.87304999999999,9.0,111,0.0,8,8.0,[  1 188 112  73 255 253 239 127],0.0,01 BC 70 49 FF FD EF 7F,0x06F,00000002
110.87384999999999,9.0,101,0.0,1,1.0,[0 0 0 0 0 0 0 0],0.0,00 00 00 00 00 00 00 00,0x065,00000002
110.8813,9.0,111,0.0,8,8.0,[143  36 143 196   0 246 175 127],0.0,8F 24 8F C4 00 F6 AF 7F,0x06F,00000004
110.88210000000001,9.0,101,0.0,1,1.0,[0 0 0 0 0 0 0 0],0.0,00 00 00 00 00 00 00 00,0x065,00000004
111.07105,9.0,111,0.0,8,8.0,[  1 188 112  73 255 253 239 127],0.0,01 BC 70 49 FF FD EF 7F,0x06F,00000002
111.07209999999999,9.0,101,0.0,1,1.0,[0 0 0 0 0 0 0 0],0.0,00 00 00 00 00 00 00 00,0x065,00000002
111.0793,9.0,111,0.0,8,8.0,[145  52 207  67   0  38 208 127],0.0,91 34 CF 43 00 26 D0 7F,0x06F,00000004
111.0801,9.0,101,0.0,1,1.0,[0 0 0 0 0 0 0 0],0.0,00 00 00 00 00 00 00 00,0x065,00000004
111.26905,9.0,111,0.0,8,8.0,[  1 188 112  73 255 253 239 127],0.0,01 BC 70 49 FF FD EF 7F,0x06F,00000002
111.27005,9.0,101,0.0,1,1.0,[0 0 0 0 0 0 0 0],0.0,00 00 00 00 00 00 00 00,0x065,00000002
111.27735,9.0,111,0.0,8,8.0,[143  92  79 195 255 145 143 128],0.0,8F 5C 4F C3 FF 91 8F 80,0x06F,00000004
111.2783,9.0,101,0.0,1,1.0,[0 0 0 0 0 0 0 0],0.0,00 00 00 00 00 00 00 00,0x065,00000004
111.46704999999999,9.0,111,0.0,8,8.0,[  1 188 112  73 255 253 239 127],0.0,01 BC 70 49 FF FD EF 7F,0x06F,00000002
111.46789999999999,9.0,101,0.0,1,1.0,[0 0 0 0 0 0 0 0],0.0,00 00 00 00 00 00 00 00,0x065,00000002
111.47535,9.0,111,0.0,8,8.0,[133 164 207  67   0  18 112 128],0.0,85 A4 CF 43 00 12 70 80,0x06F,00000004
111.4762,9.0,101,0.0,1,1.0,[0 0 0 0 0 0 0 0],0.0,00 00 00 00 00 00 00 00,0x065,00000004
111.66505,9.0,111,0.0,8,8.0,[  1 188 112  73 255 253 239 127],0.0,01 BC 70 49 FF FD EF 7F,0x06F,00000002
111.66605,9.0,101,0.0,1,1.0,[0 0 0 0 0 0 0 0],0.0,00 00 00 00 00 00 00 00,0x065,00000002
111.67335,9.0,111,0.0,8,8.0,[143 164 239  67   0 206  79 128],0.0,8F A4 EF 43 00 CE 4F 80,0x06F,00000004
111.6742,9.0,101,0.0,1,1.0,[0 0 0 0 0 0 0 0],0.0,00 00 00 00 00 00 00 00,0x065,00000004
111.86304999999999,9.0,111,0.0,8,8.0,[  1 188 112  73 255 253 239 127],0.0,01 BC 70 49 FF FD EF 7F,0x06F,00000002
111.86404999999999,9.0,101,0.0,1,1.0,[0 0 0 0 0 0 0 0],0.0,00 00 00 00 00 00 00 00,0x065,00000002
111.87135,9.0,111,0.0,8,8.0,[137 196  79 196   1 254 175 127],0.0,89 C4 4F C4 01 FE AF 7F,0x06F,00000004
111.87235,9.0,101,0.0,1,1.0,[0 0 0 0 0 0 0 0],0.0,00 00 00 00 00 00 00 00,0x065,00000004
112.06105,9.0,111,0.0,8,8.0,[  1 188 112 201 254 253 239 127],0.0,01 BC 70 C9 FE FD EF 7F,0x06F,00000002
112.06184999999999,9.0,101,0.0,1,1.0,[0 0 0 0 0 0 0 0],0.0,00 00 00 00 00 00 00 00,0x065,00000002
112.06935,9.0,111,0.0,8,8.0,[139 188  47 196   0 246  15 128],0.0,8B BC 2F C4 00 F6 0F 80,0x06F,00000004
112.0701,9.0,101,0.0,1,1.0,[0 0 0 0 0 0 0 0],0.0,00 00 00 00 00 00 00 00,0x065,00000004
112.25904999999999,9.0,111,0.0,8,8.0,[  1 188 112  73 255 253 239 127],0.0,01 BC 70 49 FF FD EF 7F,0x06F,00000002
112.26004999999999,9.0,101,0.0,1,1.0,[0 0 0 0 0 0 0 0],0.0,00 00 00 00 00 00 00 00,0x065,00000002
112.26735000000001,9.0,111,0.0,8,8.0,[141 204  79 196   0   2  48 128],0.0,8D CC 4F C4 00 02 30 80,0x06F,00000004
112.2681,9.0,101,0.0,1,1.0,[0 0 0 0 0 0 0 0],0.0,00 00 00 00 00 00 00 00,0x065,00000004
112.4571,9.0,111,0.0,8,8.0,[  1 188 112  73 255 253 239 127],0.0,01 BC 70 49 FF FD EF 7F,0x06F,00000002
112.45809999999999,9.0,101,0.0,1,1.0,[0 0 0 0 0 0 0 0],0.0,00 00 00 00 00 00 00 00,0x065,00000002
112.46535,9.0,111,0.0,8,8.0,[139 212  15  68   1 254  15 128],0.0,8B D4 0F 44 01 FE 0F 80,0x06F,00000004
112.46635,9.0,101,0.0,1,1.0,[0 0 0 0 0 0 0 0],0.0,00 00 00 00 00 00 00 00,0x065,00000004
112.65509999999999,9.0,111,0.0,8,8.0,[  1 188 112 201 254 253 239 127],0.0,01 BC 70 C9 FE FD EF 7F,0x06F,00000002
112.6561,9.0,101,0.0,1,1.0,[0 0 0 0 0 0 0 0],0.0,00 00 00 00 00 00 00 00,0x065,00000002
112.66335000000001,9.0,111,0.0,8,8.0,[143 220  47  68   1   2  48 128],0.0,8F DC 2F 44 01 02 30 80,0x06F,00000004
112.66435,9.0,101,0.0,1,1.0,[0 0 0 0 0 0 0 0],0.0,00 00 00 00 00 00 00 00,0x065,00000004
112.8531,9.0,111,0.0,8,8.0,[  1 188 112  73 255 253 239 127],0.0,01 BC 70 49 FF FD EF 7F,0x06F,00000002
112.85409999999999,9.0,101,0.0,1,1.0,[0 0 0 0 0 0 0 0],0.0,00 00 00 00 00 00 00 00,0x065,00000002
112.86135,9.0,111,0.0,8,8.0,[143 212 239 195   0 246  47 128],0.0,8F D4 EF C3 00 F6 2F 80,0x06F,00000004
112.8622,9.0,101,0.0,1,1.0,[0 0 0 0 0 0 0 0],0.0,00 00 00 00 00 00 00 00,0x065,00000004
113.05109999999999,9.0,111,0.0,8,8.0,[  1 188 112  73 255 253 239 127],0.0,01 BC 70 49 FF FD EF 7F,0x06F,00000002
113.0521,9.0,101,0.0,1,1.0,[0 0 0 0 0 0 0 0],0.0,00 00 00 00 00 00 00 00,0x065,00000002
113.05935,9.0,111,0.0,8,8.0,[139 204  15  68   1 250  15 128],0.0,8B CC 0F 44 01 FA 0F 80,0x06F,00000004
113.06035,9.0,101,0.0,1,1.0,[0 0 0 0 0 0 0 0],0.0,00 00 00 00 00 00 00 00,0x065,00000004
113.2491,9.0,111,0.0,8,8.0,[  1 188 112  73 255 253 239 127],0.0,01 BC 70 49 FF FD EF 7F,0x06F,00000002
113.24985,9.0,101,0.0,1,1.0,[0 0 0 0 0 0 0 0],0.0,00 00 00 00 00 00 00 00,0x065,00000002
113.25735,9.0,111,0.0,8,8.0,[139 196  47  68   1 250  47 128],0.0,8B C4 2F 44 01 FA 2F 80,0x06F,00000004
113.25815,9.0,101,0.0,1,1.0,[0 0 0 0 0 0 0 0],0.0,00 00 00 00 00 00 00 00,0x065,00000004
113.44709999999999,9.0,111,0.0,8,8.0,[  1 188 112  73 255 253 239 127],0.0,01 BC 70 49 FF FD EF 7F,0x06F,00000002
113.4481,9.0,101,0.0,1,1.0,[0 0 0 0 0 0 0 0],0.0,00 00 00 00 00 00 00 00,0x065,00000002
113.45535,9.0,111,0.0,8,8.0,[141 180  15  68   0 254  15 128],0.0,8D B4 0F 44 00 FE 0F 80,0x06F,00000004
113.45635,9.0,101,0.0,1,1.0,[0 0 0 0 0 0 0 0],0.0,00 00 00 00 00 00 00 00,0x065,00000004
113.64505,9.0,111,0.0,8,8.0,[  1 188 112  73 255 253 239 127],0.0,01 BC 70 49 FF FD EF 7F,0x06F,00000002
113.64609999999999,9.0,101,0.0,1,1.0,[0 0 0 0 0 0 0 0],0.0,00 00 00 00 00 00 00 00,0x065,00000002
113.65335,9.0,111,0.0,8,8.0,[143 188 239 195   0  22 240 127],0.0,8F BC EF C3 00 16 F0 7F,0x06F,00000004
113.65435000000001,9.0,101,0.0,1,1.0,[0 0 0 0 0 0 0 0],0.0,00 00 00 00 00 00 00 00,0x065,00000004
113.84309999999999,9.0,111,0.0,8,8.0,[  1 180 112 201 255 249 239 127],0.0,01 B4 70 C9 FF F9 EF 7F,0x06F,00000002
113.8441,9.0,101,0.0,1,1.0,[0 0 0 0 0 0 0 0],0.0,00 00 00 00 00 00 00 00,0x065,00000002
113.85135,9.0,111,0.0,8,8.0,[139 188 143 195   0 250  15 128],0.0,8B BC 8F C3 00 FA 0F 80,0x06F,00000004
113.85235,9.0,101,0.0,1,1.0,[0 0 0 0 0 0 0 0],0.0,00 00 00 00 00 00 00 00,0x065,00000004
114.04109999999999,9.0,111,0.0,8,8.0,[  1 180  80 201   2  78 208 127],0.0,01 B4 50 C9 02 4E D0 7F,0x06F,00000002
114.04209999999999,9.0,101,0.0,1,1.0,[0 0 0 0 0 0 0 0],0.0,00 00 00 00 00 00 00 00,0x065,00000002
114.04935,9.0,111,0.0,8,8.0,[137 204 111  67   0   2  16 128],0.0,89 CC 6F 43 00 02 10 80,0x06F,00000004
114.05025,9.0,101,0.0,1,1.0,[0 0 0 0 0 0 0 0],0.0,00 00 00 00 00 00 00 00,0x065,00000004
114.2391,9.0,111,0.0,8,8.0,[  1 180 112  73   7  46  80 119],0.0,01 B4 70 49 07 2E 50 77,0x06F,00000002
114.2401,9.0,101,0.0,1,1.0,[0 0 0 0 0 0 0 0],0.0,00 00 00 00 00 00 00 00,0x065,00000002
114.24735,9.0,111,0.0,8,8.0,[141 188 207 195 255   5  48 128],0.0,8D BC CF C3 FF 05 30 80,0x06F,00000004
114.2484,9.0,101,0.0,1,1.0,[0 0 0 0 0 0 0 0],0.0,00 00 00 00 00 00 00 00,0x065,00000004
114.43709999999999,9.0,111,0.0,8,8.0,[  7 164 208  72 155 145 111 138],0.0,07 A4 D0 48 9B 91 6F 8A,0x06F,00000002
114.43825,9.0,101,0.0,1,1.0,[0 0 0 0 0 0 0 0],0.0,00 00 00 00 00 00 00 00,0x065,00000002
114.44535,9.0,111,0.0,8,8.0,[139 188 239  67 254   5 240 127],0.0,8B BC EF 43 FE 05 F0 7F,0x06F,00000004
114.44635,9.0,101,0.0,1,1.0,[0 0 0 0 0 0 0 0],0.0,00 00 00 00 00 00 00 00,0x065,00000004
114.6351,9.0,111,0.0,8,8.0,[249 171  80  73 242   5 144 126],0.0,F9 AB 50 49 F2 05 90 7E,0x06F,00000002
114.64335,9.0,111,0.0,8,8.0,[137 196 239  67 253 225  47 127],0.0,89 C4 EF 43 FD E1 2F 7F,0x06F,00000004
114.64435,9.0,101,0.0,1,1.0,[0 0 0 0 0 0 0 0],0.0,00 00 00 00 00 00 00 00,0x065,00000004
114.83335,9.0,101,0.0,1,1.0,[0 0 0 0 0 0 0 0],0.0,00 00 00 00 00 00 00 00,0x065,00000002
114.83455,9.0,111,0.0,8,8.0,[  1 148 112  73   9  34  47 128],0.0,01 94 70 49 09 22 2F 80,0x06F,00000002
114.84135,9.0,111,0.0,8,8.0,[139 188 207 194 249   5  16 128],0.0,8B BC CF C2 F9 05 10 80,0x06F,00000004
114.84235,9.0,101,0.0,1,1.0,[0 0 0 0 0 0 0 0],0.0,00 00 00 00 00 00 00 00,0x065,00000004
115.03134999999999,9.0,101,0.0,1,1.0,[0 0 0 0 0 0 0 0],0.0,00 00 00 00 00 00 00 00,0x065,00000002
115.03269999999999,9.0,111,0.0,8,8.0,[ 25 124 240 201 147 129 203 133],0.0,19 7C F0 C9 93 81 CB 85,0x06F,00000002
115.03935,9.0,111,0.0,8,8.0,[151 196 111 195 247  21  48 127],0.0,97 C4 6F C3 F7 15 30 7F,0x06F,00000004
115.04035,9.0,101,0.0,1,1.0,[0 0 0 0 0 0 0 0],0.0,00 00 00 00 00 00 00 00,0x065,00000004
115.22935,9.0,101,0.0,1,1.0,[0 0 0 0 0 0 0 0],0.0,00 00 00 00 00 00 00 00,0x065,00000002
115.23055,9.0,111,0.0,8,8.0,[ 37 244 175  73 184  53 139 148],0.0,25 F4 AF 49 B8 35 8B 94,0x06F,00000002
115.23735,9.0,111,0.0,8,8.0,[147 180  47  67 245 249 111 127],0.0,93 B4 2F 43 F5 F9 6F 7F,0x06F,00000004
115.23835,9.0,101,0.0,1,1.0,[0 0 0 0 0 0 0 0],0.0,00 00 00 00 00 00 00 00,0x065,00000004
115.42734999999999,9.0,101,0.0,1,1.0,[0 0 0 0 0 0 0 0],0.0,00 00 00 00 00 00 00 00,0x065,00000002
115.42854999999999,9.0,111,0.0,8,8.0,[ 55 228 239 200  76 114 145 136],0.0,37 E4 EF C8 4C 72 91 88,0x06F,00000002
115.4354,9.0,111,0.0,8,8.0,[145 180  79 195 245   5 112 126],0.0,91 B4 4F C3 F5 05 70 7E,0x06F,00000004
115.43635,9.0,101,0.0,1,1.0,[0 0 0 0 0 0 0 0],0.0,00 00 00 00 00 00 00 00,0x065,00000004
115.62535,9.0,101,0.0,1,1.0,[0 0 0 0 0 0 0 0],0.0,00 00 00 00 00 00 00 00,0x065,00000002
115.62655,9.0,111,0.0,8,8.0,[ 41 228  47 201   5 238 142 136],0.0,29 E4 2F C9 05 EE 8E 88,0x06F,00000002
115.6334,9.0,111,0.0,8,8.0,[155 180 239 194 242 249 111 126],0.0,9B B4 EF C2 F2 F9 6F 7E,0x06F,00000004
115.6344,9.0,101,0.0,1,1.0,[0 0 0 0 0 0 0 0],0.0,00 00 00 00 00 00 00 00,0x065,00000004
115.82339999999999,9.0,101,0.0,1,1.0,[0 0 0 0 0 0 0 0],0.0,00 00 00 00 00 00 00 00,0x065,00000002
115.82454999999999,9.0,111,0.0,8,8.0,[ 53 148 207 199 199  29 238 130],0.0,35 94 CF C7 C7 1D EE 82,0x06F,00000002
115.8314,9.0,111,0.0,8,8.0,[157 172  47 195 237  41  48 126],0.0,9D AC 2F C3 ED 29 30 7E,0x06F,00000004
115.8324,9.0,101,0.0,1,1.0,[0 0 0 0 0 0 0 0],0.0,00 00 00 00 00 00 00 00,0x065,00000004
116.02139999999999,9.0,101,0.0,1,1.0,[0 0 0 0 0 0 0 0],0.0,00 00 00 00 00 00 00 00,0x065,00000002
116.02269999999999,9.0,111,0.0,8,8.0,[103  20 175 198 152  81 142 129],0.0,67 14 AF C6 98 51 8E 81,0x06F,00000002
116.0294,9.0,111,0.0,8,8.0,[153 156 175 195 236   1  80 125],0.0,99 9C AF C3 EC 01 50 7D,0x06F,00000004
116.03105000000001,9.0,101,0.0,1,1.0,[0 0 0 0 0 0 0 0],0.0,00 00 00 00 00 00 00 00,0x065,00000004
116.2194,9.0,101,0.0,1,1.0,[0 0 0 0 0 0 0 0],0.0,00 00 00 00 00 00 00 00,0x065,00000002
116.22054999999999,9.0,111,0.0,8,8.0,[103 108 206 199 184  88 209 168],0.0,67 6C CE C7 B8 58 D1 A8,0x06F,00000002
116.2274,9.0,111,0.0,8,8.0,[155 164 111 195 234  21 176 125],0.0,9B A4 6F C3 EA 15 B0 7D,0x06F,00000004
116.4176,9.0,101,0.0,1,1.0,[0 0 0 0 0 0 0 0],0.0,00 00 00 00 00 00 00 00,0x065,00000002
116.41855,9.0,111,0.0,8,8.0,[ 55   4 206  66 230  32  79 177],0.0,37 04 CE 42 E6 20 4F B1,0x06F,00000002
116.42565,9.0,101,0.0,1,1.0,[0 0 0 0 0 0 0 0],0.0,00 00 00 00 00 00 00 00,0x065,00000004
116.42725,9.0,111,0.0,8,8.0,[145 164 111 195 233   9  80 125],0.0,91 A4 6F C3 E9 09 50 7D,0x06F,00000004
116.6154,9.0,101,0.0,1,1.0,[0 0 0 0 0 0 0 0],0.0,00 00 00 00 00 00 00 00,0x065,00000002
116.61654999999999,9.0,111,0.0,8,8.0,[ 45  28  46  64 211 117  47 121],0.0,2D 1C 2E 40 D3 75 2F 79,0x06F,00000002
116.62365,9.0,101,0.0,1,1.0,[0 0 0 0 0 0 0 0],0.0,00 00 00 00 00 00 00 00,0x065,00000004
116.62525000000001,9.0,111,0.0,8,8.0,[149 156 143  67 234  29 176 125],0.0,95 9C 8F 43 EA 1D B0 7D,0x06F,00000004
116.81339999999999,9.0,101,0.0,1,1.0,[0 0 0 0 0 0 0 0],0.0,00 00 00 00 00 00 00 00,0x065,00000002
116.81455,9.0,111,0.0,8,8.0,[ 55 164  45 192  12  86 111 121],0.0,37 A4 2D C0 0C 56 6F 79,0x06F,00000002
116.82165,9.0,101,0.0,1,1.0,[0 0 0 0 0 0 0 0],0.0,00 00 00 00 00 00 00 00,0x065,00000004
116.82325,9.0,111,0.0,8,8.0,[139 132 143 195 236   5 176 125],0.0,8B 84 8F C3 EC 05 B0 7D,0x06F,00000004
117.01159999999999,9.0,101,0.0,1,1.0,[0 0 0 0 0 0 0 0],0.0,00 00 00 00 00 00 00 00,0x065,00000002
117.0127,9.0,111,0.0,8,8.0,[ 55 228  77  64  10 102 175 126],0.0,37 E4 4D 40 0A 66 AF 7E,0x06F,00000002
117.0199,9.0,101,0.0,1,1.0,[0 0 0 0 0 0 0 0],0.0,00 00 00 00 00 00 00 00,0x065,00000004
117.02145,9.0,111,0.0,8,8.0,[143  84  47  68 240 249 175 126],0.0,8F 54 2F 44 F0 F9 AF 7E,0x06F,00000004
117.20939999999999,9.0,101,0.0,1,1.0,[0 0 0 0 0 0 0 0],0.0,00 00 00 00 00 00 00 00,0x065,00000002
117.21055,9.0,111,0.0,8,8.0,[ 71  12  14  72 184  74 212  88],0.0,47 0C 0E 48 B8 4A D4 58,0x06F,00000002
117.21765,9.0,101,0.0,1,1.0,[0 0 0 0 0 0 0 0],0.0,00 00 00 00 00 00 00 00,0x065,00000004
117.21925,9.0,111,0.0,8,8.0,[141  76  15 197 248 241 207 127],0.0,8D 4C 0F C5 F8 F1 CF 7F,0x06F,00000004
117.4074,9.0,101,0.0,1,1.0,[0 0 0 0 0 0 0 0],0.0,00 00 00 00 00 00 00 00,0x065,00000002
117.40859999999999,9.0,111,0.0,8,8.0,[ 89 156  14 200  81 106 243 121],0.0,59 9C 0E C8 51 6A F3 79,0x06F,00000002
117.41565,9.0,101,0.0,1,1.0,[0 0 0 0 0 0 0 0],0.0,00 00 00 00 00 00 00 00,0x065,00000004
117.41725,9.0,111,0.0,8,8.0,[135 100  15  68 254   5  48 128],0.0,87 64 0F 44 FE 05 30 80,0x06F,00000004
117.6056,9.0,101,0.0,1,1.0,[0 0 0 0 0 0 0 0],0.0,00 00 00 00 00 00 00 00,0x065,00000002
117.60659999999999,9.0,111,0.0,8,8.0,[ 67  60 207  71   6  70  16 117],0.0,43 3C CF 47 06 46 10 75,0x06F,00000002
117.61365,9.0,101,0.0,1,1.0,[0 0 0 0 0 0 0 0],0.0,00 00 00 00 00 00 00 00,0x065,00000004
117.61525,9.0,111,0.0,8,8.0,[123  92 239  67   2 238  79 127],0.0,7B 5C EF 43 02 EE 4F 7F,0x06F,00000004
117.80359999999999,9.0,101,0.0,1,1.0,[0 0 0 0 0 0 0 0],0.0,00 00 00 00 00 00 00 00,0x065,00000002
117.8046,9.0,111,0.0,8,8.0,[ 75 236 174 200  12 154 240 122],0.0,4B EC AE C8 0C 9A F0 7A,0x06F,00000002
117.8119,9.0,101,0.0,1,1.0,[0 0 0 0 0 0 0 0],0.0,00 00 00 00 00 00 00 00,0x065,00000004
117.81325,9.0,111,0.0,8,8.0,[131 132 111  67   1 226 143 128],0.0,83 84 6F 43 01 E2 8F 80,0x06F,00000004
118.00165,9.0,101,0.0,1,1.0,[0 0 0 0 0 0 0 0],0.0,00 00 00 00 00 00 00 00,0x065,00000002
118.00269999999999,9.0,111,0.0,8,8.0,[ 77  36  47 201  15  86 144 123],0.0,4D 24 2F C9 0F 56 90 7B,0x06F,00000002
118.00965000000001,9.0,101,0.0,1,1.0,[0 0 0 0 0 0 0 0],0.0,00 00 00 00 00 00 00 00,0x065,00000004
118.01145,9.0,111,0.0,8,8.0,[129 164  15  68   2 254 175 127],0.0,81 A4 0F 44 02 FE AF 7F,0x06F,00000004
118.19964999999999,9.0,101,0.0,1,1.0,[0 0 0 0 0 0 0 0],0.0,00 00 00 00 00 00 00 00,0x065,00000002
118.2006,9.0,111,0.0,8,8.0,[ 71  84 207 199  27  74 175 122],0.0,47 54 CF C7 1B 4A AF 7A,0x06F,00000002
118.2079,9.0,101,0.0,1,1.0,[0 0 0 0 0 0 0 0],0.0,00 00 00 00 00 00 00 00,0x065,00000004
118.20925,9.0,111,0.0,8,8.0,[149 172  47  68   2   6  80 128],0.0,95 AC 2F 44 02 06 50 80,0x06F,00000004
118.39739999999999,9.0,101,0.0,1,1.0,[0 0 0 0 0 0 0 0],0.0,00 00 00 00 00 00 00 00,0x065,00000002
118.39859999999999,9.0,111,0.0,8,8.0,[ 39  60 111 201 236  77 112 123],0.0,27 3C 6F C9 EC 4D 70 7B,0x06F,00000002
118.40565,9.0,101,0.0,1,1.0,[0 0 0 0 0 0 0 0],0.0,00 00 00 00 00 00 00 00,0x065,00000004
118.40725,9.0,111,0.0,8,8.0,[137 140 143  68   1  30 176 128],0.0,89 8C 8F 44 01 1E B0 80,0x06F,00000004
118.5954,9.0,101,0.0,1,1.0,[0 0 0 0 0 0 0 0],0.0,00 00 00 00 00 00 00 00,0x065,00000002
118.5966,9.0,111,0.0,8,8.0,[ 65 124 175  72  10 214 111 122],0.0,41 7C AF 48 0A D6 6F 7A,0x06F,00000002
118.60365,9.0,101,0.0,1,1.0,[0 0 0 0 0 0 0 0],0.0,00 00 00 00 00 00 00 00,0x065,00000004
118.6053,9.0,111,0.0,8,8.0,[135 180 111 196 255 229  47 128],0.0,87 B4 6F C4 FF E5 2F 80,0x06F,00000004
118.79364999999999,9.0,101,0.0,1,1.0,[0 0 0 0 0 0 0 0],0.0,00 00 00 00 00 00 00 00,0x065,00000002
118.79459999999999,9.0,111,0.0,8,8.0,[ 53  68  79  73 232 249  16 116],0.0,35 44 4F 49 E8 F9 10 74,0x06F,00000002
118.80165,9.0,101,0.0,1,1.0,[0 0 0 0 0 0 0 0],0.0,00 00 00 00 00 00 00 00,0x065,00000004
118.80330000000001,9.0,111,0.0,8,8.0,[137 132  47 196   2 222  47 128],0.0,89 84 2F C4 02 DE 2F 80,0x06F,00000004
118.99164999999999,9.0,101,0.0,1,1.0,[0 0 0 0 0 0 0 0],0.0,00 00 00 00 00 00 00 00,0x065,00000002
118.99274999999999,9.0,111,0.0,8,8.0,[ 87  92 111 199  46  86  46 135],0.0,57 5C 6F C7 2E 56 2E 87,0x06F,00000002
118.9999,9.0,101,0.0,1,1.0,[0 0 0 0 0 0 0 0],0.0,00 00 00 00 00 00 00 00,0x065,00000004
119.0014,9.0,111,0.0,8,8.0,[139 132  15 196   0  18 240 127],0.0,8B 84 0F C4 00 12 F0 7F,0x06F,00000004
119.18964999999999,9.0,101,0.0,1,1.0,[0 0 0 0 0 0 0 0],0.0,00 00 00 00 00 00 00 00,0x065,00000002
119.19059999999999,9.0,111,0.0,8,8.0,[ 69  84  47 201 251 109  16 128],0.0,45 54 2F C9 FB 6D 10 80,0x06F,00000002
119.1977,9.0,101,0.0,1,1.0,[0 0 0 0 0 0 0 0],0.0,00 00 00 00 00 00 00 00,0x065,00000004
119.19925,9.0,111,0.0,8,8.0,[137 156  79 196   0  10  16 128],0.0,89 9C 4F C4 00 0A 10 80,0x06F,00000004
119.38765,9.0,101,0.0,1,1.0,[0 0 0 0 0 0 0 0],0.0,00 00 00 00 00 00 00 00,0x065,00000002
119.3886,9.0,111,0.0,8,8.0,[ 75 108 207 200  11 238  47 122],0.0,4B 6C CF C8 0B EE 2F 7A,0x06F,00000002
119.3959,9.0,101,0.0,1,1.0,[0 0 0 0 0 0 0 0],0.0,00 00 00 00 00 00 00 00,0x065,00000004
119.39725,9.0,111,0.0,8,8.0,[139 196  79  68   1 246 239 127],0.0,8B C4 4F 44 01 F6 EF 7F,0x06F,00000004
119.58564999999999,9.0,101,0.0,1,1.0,[0 0 0 0 0 0 0 0],0.0,00 00 00 00 00 00 00 00,0x065,00000002
119.58659999999999,9.0,111,0.0,8,8.0,[ 55 156  47 201 253  21 240 127],0.0,37 9C 2F C9 FD 15 F0 7F,0x06F,00000002
119.5939,9.0,101,0.0,1,1.0,[0 0 0 0 0 0 0 0],0.0,00 00 00 00 00 00 00 00,0x065,00000004
119.59565,9.0,111,0.0,8,8.0,[141 212  47  68   1 246  47 128],0.0,8D D4 2F 44 01 F6 2F 80,0x06F,00000004
119.78339999999999,9.0,101,0.0,1,1.0,[0 0 0 0 0 0 0 0],0.0,00 00 00 00 00 00 00 00,0x065,00000002
119.7846,9.0,111,0.0,8,8.0,[ 75 180 111  72 252 157 143 116],0.0,4B B4 6F 48 FC 9D 8F 74,0x06F,00000002
119.7917,9.0,101,0.0,1,1.0,[0 0 0 0 0 0 0 0],0.0,00 00 00 00 00 00 00 00,0x065,00000004
119.79325,9.0,111,0.0,8,8.0,[141 204  79 196   1   2  16 128],0.0,8D CC 4F C4 01 02 10 80,0x06F,00000004
119.98164999999999,9.0,101,0.0,1,1.0,[0 0 0 0 0 0 0 0],0.0,00 00 00 00 00 00 00 00,0x065,00000002
119.98275,9.0,111,0.0,8,8.0,[ 71 180 111 200  18  14 209 126],0.0,47 B4 6F C8 12 0E D1 7E,0x06F,00000002
119.9899,9.0,101,0.0,1,1.0,[0 0 0 0 0 0 0 0],0.0,00 00 00 00 00 00 00 00,0x065,00000004
119.9914,9.0,111,0.0,8,8.0,[139 204  47 196   2 254  15 128],0.0,8B CC 2F C4 02 FE 0F 80,0x06F,00000004
120.17965,9.0,101,0.0,1,1.0,[0 0 0 0 0 0 0 0],0.0,00 00 00 00 00 00 00 00,0x065,00000002
120.18064999999999,9.0,111,0.0,8,8.0,[ 75 180 175  72  24 246 111 135],0.0,4B B4 AF 48 18 F6 6F 87,0x06F,00000002
120.1879,9.0,101,0.0,1,1.0,[0 0 0 0 0 0 0 0],0.0,00 00 00 00 00 00 00 00,0x065,00000004
120.1893,9.0,111,0.0,8,8.0,[139 204 111 196   4   6  80 128],0.0,8B CC 6F C4 04 06 50 80,0x06F,00000004
120.37714999999999,9.0,111,0.0,8,8.0,[ 75 196 143  72 253 169 175 125],0.0,4B C4 8F 48 FD A9 AF 7D,0x06F,00000002
120.3778,9.0,101,0.0,1,1.0,[0 0 0 0 0 0 0 0],0.0,00 00 00 00 00 00 00 00,0x065,00000002
120.3859,9.0,101,0.0,1,1.0,[0 0 0 0 0 0 0 0],0.0,00 00 00 00 00 00 00 00,0x065,00000004
120.3873,9.0,111,0.0,8,8.0,[137 212 111  68   5 250 143 128],0.0,89 D4 6F 44 05 FA 8F 80,0x06F,00000004
120.57565,9.0,101,0.0,1,1.0,[0 0 0 0 0 0 0 0],0.0,00 00 00 00 00 00 00 00,0x065,00000002
120.5766,9.0,111,0.0,8,8.0,[ 75 196 175 200  25 170 207 115],0.0,4B C4 AF C8 19 AA CF 73,0x06F,00000002
120.5839,9.0,101,0.0,1,1.0,[0 0 0 0 0 0 0 0],0.0,00 00 00 00 00 00 00 00,0x065,00000004
120.5853,9.0,111,0.0,8,8.0,[137 220 143 196   6 242 207 128],0.0,89 DC 8F C4 06 F2 CF 80,0x06F,00000004
120.77364999999999,9.0,101,0.0,1,1.0,[0 0 0 0 0 0 0 0],0.0,00 00 00 00 00 00 00 00,0x065,00000002
120.77459999999999,9.0,111,0.0,8,8.0,[ 87 196 175 200 253 241  16 124],0.0,57 C4 AF C8 FD F1 10 7C,0x06F,00000002
120.78190000000001,9.0,101,0.0,1,1.0,[0 0 0 0 0 0 0 0],0.0,00 00 00 00 00 00 00 00,0x065,00000004
120.7833,9.0,111,0.0,8,8.0,[141 220  15  68   9 250  47 129],0.0,8D DC 0F 44 09 FA 2F 81,0x06F,00000004
120.9712,9.0,111,0.0,8,8.0,[ 65 228 111  72   5 138  80 134],0.0,41 E4 6F 48 05 8A 50 86,0x06F,00000002
120.97184999999999,9.0,101,0.0,1,1.0,[0 0 0 0 0 0 0 0],0.0,00 00 00 00 00 00 00 00,0x065,00000002
120.97970000000001,9.0,101,0.0,1,1.0,[0 0 0 0 0 0 0 0],0.0,00 00 00 00 00 00 00 00,0x065,00000004
120.98145,9.0,111,0.0,8,8.0,[137 212 111  68  12   6 112 129],0.0,89 D4 6F 44 0C 06 70 81,0x06F,00000004
121.16964999999999,9.0,101,0.0,1,1.0,[0 0 0 0 0 0 0 0],0.0,00 00 00 00 00 00 00 00,0x065,00000002
121.1706,9.0,111,0.0,8,8.0,[ 61   4 240  71  14 114 143 116],0.0,3D 04 F0 47 0E 72 8F 74,0x06F,00000002
121.17790000000001,9.0,101,0.0,1,1.0,[0 0 0 0 0 0 0 0],0.0,00 00 00 00 00 00 00 00,0x065,00000004
121.1793,9.0,111,0.0,8,8.0,[137 220 175 196  15 254 111 129],0.0,89 DC AF C4 0F FE 6F 81,0x06F,00000004
121.36765,9.0,101,0.0,1,1.0,[0 0 0 0 0 0 0 0],0.0,00 00 00 00 00 00 00 00,0x065,00000002
121.36779999999999,9.0,111,0.0,8,8.0,[ 75  36 112  72  32 106 240 134],0.0,4B 24 70 48 20 6A F0 86,0x06F,00000002
121.3759,9.0,101,0.0,1,1.0,[0 0 0 0 0 0 0 0],0.0,00 00 00 00 00 00 00 00,0x065,00000004
121.3773,9.0,111,0.0,8,8.0,[139  20 144 196  18 242 143 129],0.0,8B 14 90 C4 12 F2 8F 81,0x06F,00000004
121.56519999999999,9.0,111,0.0,8,8.0,[ 53  12 112  73 253 149 175 127],0.0,35 0C 70 49 FD 95 AF 7F,0x06F,00000002
121.5658,9.0,101,0.0,1,1.0,[0 0 0 0 0 0 0 0],0.0,00 00 00 00 00 00 00 00,0x065,00000002
121.57345000000001,9.0,111,0.0,8,8.0,[137  36 240  68  24   6  48 130],0.0,89 24 F0 44 18 06 30 82,0x06F,00000004
121.5741,9.0,101,0.0,1,1.0,[0 0 0 0 0 0 0 0],0.0,00 00 00 00 00 00 00 00,0x065,00000004
121.76365,9.0,101,0.0,1,1.0,[0 0 0 0 0 0 0 0],0.0,00 00 00 00 00 00 00 00,0x065,00000002
121.76464999999999,9.0,111,0.0,8,8.0,[ 81 220  15  73  19 174  47 123],0.0,51 DC 0F 49 13 AE 2F 7B,0x06F,00000002
121.77195,9.0,101,0.0,1,1.0,[0 0 0 0 0 0 0 0],0.0,00 00 00 00 00 00 00 00,0x065,00000004
121.7733,9.0,111,0.0,8,8.0,[133  60  16 197  28 246 239 130],0.0,85 3C 10 C5 1C F6 EF 82,0x06F,00000004
121.96164999999999,9.0,101,0.0,1,1.0,[0 0 0 0 0 0 0 0],0.0,00 00 00 00 00 00 00 00,0x065,00000002
121.96274999999999,9.0,111,0.0,8,8.0,[ 69  36  80 200 224  77  80 122],0.0,45 24 50 C8 E0 4D 50 7A,0x06F,00000002
121.96995,9.0,101,0.0,1,1.0,[0 0 0 0 0 0 0 0],0.0,00 00 00 00 00 00 00 00,0x065,00000004
121.97145,9.0,111,0.0,8,8.0,[131  52  48  69  33 226 143 131],0.0,83 34 30 45 21 E2 8F 83,0x06F,00000004
122.1592,9.0,111,0.0,8,8.0,[ 71 236 207  72   0  90  79 114],0.0,47 EC CF 48 00 5A 4F 72,0x06F,00000002
122.15984999999999,9.0,101,0.0,1,1.0,[0 0 0 0 0 0 0 0],0.0,00 00 00 00 00 00 00 00,0x065,00000002
122.16795,9.0,101,0.0,1,1.0,[0 0 0 0 0 0 0 0],0.0,00 00 00 00 00 00 00 00,0x065,00000004
122.1693,9.0,111,0.0,8,8.0,[129  36 112 197  37 234  47 132],0.0,81 24 70 C5 25 EA 2F 84,0x06F,00000004
122.35764999999999,9.0,101,0.0,1,1.0,[0 0 0 0 0 0 0 0],0.0,00 00 00 00 00 00 00 00,0x065,00000002
122.35865,9.0,111,0.0,8,8.0,[ 73  68 208  71   0 222  79 126],0.0,49 44 D0 47 00 DE 4F 7E,0x06F,00000002
122.36595,9.0,101,0.0,1,1.0,[0 0 0 0 0 0 0 0],0.0,00 00 00 00 00 00 00 00,0x065,00000004
122.3673,9.0,111,0.0,8,8.0,[135  44 112 197  43  14  16 133],0.0,87 2C 70 C5 2B 0E 10 85,0x06F,00000004
122.55519999999999,9.0,111,0.0,8,8.0,[ 75  20 176 200   2 102 144 132],0.0,4B 14 B0 C8 02 66 90 84,0x06F,00000002
122.55584999999999,9.0,101,0.0,1,1.0,[0 0 0 0 0 0 0 0],0.0,00 00 00 00 00 00 00 00,0x065,00000002
122.56395,9.0,101,0.0,1,1.0,[0 0 0 0 0 0 0 0],0.0,00 00 00 00 00 00 00 00,0x065,00000004
122.56530000000001,9.0,111,0.0,8,8.0,[125  12 176 197  45 250 175 133],0.0,7D 0C B0 C5 2D FA AF 85,0x06F,00000004
122.75319999999999,9.0,111,0.0,8,8.0,[ 61  20  80  73   6 130  15 124],0.0,3D 14 50 49 06 82 0F 7C,0x06F,00000002
122.75384999999999,9.0,101,0.0,1,1.0,[0 0 0 0 0 0 0 0],0.0,00 00 00 00 00 00 00 00,0x065,00000002
122.76145,9.0,111,0.0,8,8.0,[133  12 112 197  47 250  79 134],0.0,85 0C 70 C5 2F FA 4F 86,0x06F,00000004
122.7621,9.0,101,0.0,1,1.0,[0 0 0 0 0 0 0 0],0.0,00 00 00 00 00 00 00 00,0x065,00000004
122.95119999999999,9.0,111,0.0,8,8.0,[ 67 252 239  72 247 153 240 126],0.0,43 FC EF 48 F7 99 F0 7E,0x06F,00000002
122.95185,9.0,101,0.0,1,1.0,[0 0 0 0 0 0 0 0],0.0,00 00 00 00 00 00 00 00,0x065,00000002
122.95945,9.0,111,0.0,8,8.0,[123   4 208  69  47 222  79 134],0.0,7B 04 D0 45 2F DE 4F 86,0x06F,00000004
122.9601,9.0,101,0.0,1,1.0,[0 0 0 0 0 0 0 0],0.0,00 00 00 00 00 00 00 00,0x065,00000004
123.1497,9.0,101,0.0,1,1.0,[0 0 0 0 0 0 0 0],0.0,00 00 00 00 00 00 00 00,0x065,00000002
123.15065,9.0,111,0.0,8,8.0,[ 59  60 112  72   9  70  47 129],0.0,3B 3C 70 48 09 46 2F 81,0x06F,00000002
123.15795,9.0,101,0.0,1,1.0,[0 0 0 0 0 0 0 0],0.0,00 00 00 00 00 00 00 00,0x065,00000004
123.15935,9.0,111,0.0,8,8.0,[135   4 240  69  48 222 207 133],0.0,87 04 F0 45 30 DE CF 85,0x06F,00000004
123.34719999999999,9.0,111,0.0,8,8.0,[ 73  60 144  72   3   2 176 127],0.0,49 3C 90 48 03 02 B0 7F,0x06F,00000002
123.34785,9.0,101,0.0,1,1.0,[0 0 0 0 0 0 0 0],0.0,00 00 00 00 00 00 00 00,0x065,00000002
123.35595,9.0,101,0.0,1,1.0,[0 0 0 0 0 0 0 0],0.0,00 00 00 00 00 00 00 00,0x065,00000004
123.3573,9.0,111,0.0,8,8.0,[137  36 144 197  48 242 207 133],0.0,89 24 90 C5 30 F2 CF 85,0x06F,00000004
123.5452,9.0,111,0.0,8,8.0,[ 41  20  80  73   2 166 175 130],0.0,29 14 50 49 02 A6 AF 82,0x06F,00000002
123.54584999999999,9.0,101,0.0,1,1.0,[0 0 0 0 0 0 0 0],0.0,00 00 00 00 00 00 00 00,0x065,00000002
123.55345,9.0,111,0.0,8,8.0,[127  52 144 197  47   6  80 133],0.0,7F 34 90 C5 2F 06 50 85,0x06F,00000004
123.5541,9.0,101,0.0,1,1.0,[0 0 0 0 0 0 0 0],0.0,00 00 00 00 00 00 00 00,0x065,00000004
123.74319999999999,9.0,111,0.0,8,8.0,[ 89  20 240 199 249 165  15 133],0.0,59 14 F0 C7 F9 A5 0F 85,0x06F,00000002
123.74385,9.0,101,0.0,1,1.0,[0 0 0 0 0 0 0 0],0.0,00 00 00 00 00 00 00 00,0x065,00000002
123.75195000000001,9.0,101,0.0,1,1.0,[0 0 0 0 0 0 0 0],0.0,00 00 00 00 00 00 00 00,0x065,00000004
123.7533,9.0,111,0.0,8,8.0,[125  68  48 197  44 242  79 133],0.0,7D 44 30 C5 2C F2 4F 85,0x06F,00000004
123.9412,9.0,111,0.0,8,8.0,[ 77   4 240 199  28 210  79 122],0.0,4D 04 F0 C7 1C D2 4F 7A,0x06F,00000002
123.94184999999999,9.0,101,0.0,1,1.0,[0 0 0 0 0 0 0 0],0.0,00 00 00 00 00 00 00 00,0x065,00000002
123.9495,9.0,111,0.0,8,8.0,[123  84 112  69  42 218  79 133],0.0,7B 54 70 45 2A DA 4F 85,0x06F,00000004
123.95015000000001,9.0,101,0.0,1,1.0,[0 0 0 0 0 0 0 0],0.0,00 00 00 00 00 00 00 00,0x065,00000004
124.13919999999999,9.0,111,0.0,8,8.0,[ 91 236  79 201 227 225  80 137],0.0,5B EC 4F C9 E3 E1 50 89,0x06F,00000002
124.13985,9.0,101,0.0,1,1.0,[0 0 0 0 0 0 0 0],0.0,00 00 00 00 00 00 00 00,0x065,00000002
124.14750000000001,9.0,111,0.0,8,8.0,[133  28 208  69  40 254 207 132],0.0,85 1C D0 45 28 FE CF 84,0x06F,00000004
124.14815,9.0,101,0.0,1,1.0,[0 0 0 0 0 0 0 0],0.0,00 00 00 00 00 00 00 00,0x065,00000004
124.3372,9.0,111,0.0,8,8.0,[101 228  47  71  46  74 173 126],0.0,65 E4 2F 47 2E 4A AD 7E,0x06F,00000002
124.33784999999999,9.0,101,0.0,1,1.0,[0 0 0 0 0 0 0 0],0.0,00 00 00 00 00 00 00 00,0x065,00000002
124.3455,9.0,111,0.0,8,8.0,[127  52 144 197  35   6  16 133],0.0,7F 34 90 C5 23 06 10 85,0x06F,00000004
124.3461,9.0,101,0.0,1,1.0,[0 0 0 0 0 0 0 0],0.0,00 00 00 00 00 00 00 00,0x065,00000004
124.53519999999999,9.0,111,0.0,8,8.0,[ 89  20 240 199  10 158  79 136],0.0,59 14 F0 C7 0A 9E 4F 88,0x06F,00000002
124.53585,9.0,101,0.0,1,1.0,[0 0 0 0 0 0 0 0],0.0,00 00 00 00 00 00 00 00,0x065,00000002
124.5435,9.0,111,0.0,8,8.0,[129  36  80  69  34 246 143 132],0.0,81 24 50 45 22 F6 8F 84,0x06F,00000004
124.5441,9.0,101,0.0,1,1.0,[0 0 0 0 0 0 0 0],0.0,00 00 00 00 00 00 00 00,0x065,00000004
124.7332,9.0,111,0.0,8,8.0,[ 89 180 207 199  28  22 176 149],0.0,59 B4 CF C7 1C 16 B0 95,0x06F,00000002
124.73384999999999,9.0,101,0.0,1,1.0,[0 0 0 0 0 0 0 0],0.0,00 00 00 00 00 00 00 00,0x065,00000002
124.7415,9.0,111,0.0,8,8.0,[131  44  48 197  29 250 111 132],0.0,83 2C 30 C5 1D FA 6F 84,0x06F,00000004
124.74210000000001,9.0,101,0.0,1,1.0,[0 0 0 0 0 0 0 0],0.0,00 00 00 00 00 00 00 00,0x065,00000004
124.93124999999999,9.0,111,0.0,8,8.0,[ 59 244 175  72  36 178  16 135],0.0,3B F4 AF 48 24 B2 10 87,0x06F,00000002
124.9319,9.0,101,0.0,1,1.0,[0 0 0 0 0 0 0 0],0.0,00 00 00 00 00 00 00 00,0x065,00000002
124.93995,9.0,101,0.0,1,1.0,[0 0 0 0 0 0 0 0],0.0,00 00 00 00 00 00 00 00,0x065,00000004
124.9401,9.0,111,0.0,8,8.0,[137  44  80  69  23 254 239 130],0.0,89 2C 50 45 17 FE EF 82,0x06F,00000004
125.12924999999998,9.0,111,0.0,8,8.0,[167 236 207 215 168 178  55 115],0.0,A7 EC CF D7 A8 B2 37 73,0x06F,00000002
125.12989999999999,9.0,101,0.0,1,1.0,[0 0 0 0 0 0 0 0],0.0,00 00 00 00 00 00 00 00,0x065,00000002
125.13744999999999,9.0,111,0.0,8,8.0,[133  44 176 196  18   2 112 130],0.0,85 2C B0 C4 12 02 70 82,0x06F,00000004
125.1381,9.0,101,0.0,1,1.0,[0 0 0 0 0 0 0 0],0.0,00 00 00 00 00 00 00 00,0x065,00000004
125.32724999999999,9.0,111,0.0,8,8.0,[ 37  36 112 201  10  26  16 102],0.0,25 24 70 C9 0A 1A 10 66,0x06F,00000002
125.32784999999998,9.0,101,0.0,1,1.0,[0 0 0 0 0 0 0 0],0.0,00 00 00 00 00 00 00 00,0x065,00000002
125.33550000000001,9.0,111,0.0,8,8.0,[137  44 208  68  14 226 175 129],0.0,89 2C D0 44 0E E2 AF 81,0x06F,00000004
125.33614999999999,9.0,101,0.0,1,1.0,[0 0 0 0 0 0 0 0],0.0,00 00 00 00 00 00 00 00,0x065,00000004
125.52525,9.0,111,0.0,8,8.0,[ 51  60 144 200  91  46  49 131],0.0,33 3C 90 C8 5B 2E 31 83,0x06F,00000002
125.52599999999998,9.0,101,0.0,1,1.0,[0 0 0 0 0 0 0 0],0.0,00 00 00 00 00 00 00 00,0x065,00000002
125.53349999999999,9.0,111,0.0,8,8.0,[141  36 112 196   9 238  79 129],0.0,8D 24 70 C4 09 EE 4F 81,0x06F,00000004
125.53415,9.0,101,0.0,1,1.0,[0 0 0 0 0 0 0 0],0.0,00 00 00 00 00 00 00 00,0x065,00000004
125.72324999999998,9.0,111,0.0,8,8.0,[  5 228  80 203  41 171 250 124],0.0,05 E4 50 CB 29 AB FA 7C,0x06F,00000002
125.72385,9.0,101,0.0,1,1.0,[0 0 0 0 0 0 0 0],0.0,00 00 00 00 00 00 00 00,0x065,00000002
125.7315,9.0,111,0.0,8,8.0,[139  44  80 196   6 238 143 128],0.0,8B 2C 50 C4 06 EE 8F 80,0x06F,00000004
125.73215,9.0,101,0.0,1,1.0,[0 0 0 0 0 0 0 0],0.0,00 00 00 00 00 00 00 00,0x065,00000004
125.92124999999999,9.0,111,0.0,8,8.0,[  7 180 112  73   5 246 239 130],0.0,07 B4 70 49 05 F6 EF 82,0x06F,00000002
125.9221,9.0,101,0.0,1,1.0,[0 0 0 0 0 0 0 0],0.0,00 00 00 00 00 00 00 00,0x065,00000002
125.9295,9.0,111,0.0,8,8.0,[139  36 144  68   3 246 111 128],0.0,8B 24 90 44 03 F6 6F 80,0x06F,00000004
125.93015000000001,9.0,101,0.0,1,1.0,[0 0 0 0 0 0 0 0],0.0,00 00 00 00 00 00 00 00,0x065,00000004
126.11919999999998,9.0,111,0.0,8,8.0,[  7 164 144 201 248 245  79 128],0.0,07 A4 90 C9 F8 F5 4F 80,0x06F,00000002
126.12009999999998,9.0,101,0.0,1,1.0,[0 0 0 0 0 0 0 0],0.0,00 00 00 00 00 00 00 00,0x065,00000002
126.12750000000001,9.0,111,0.0,8,8.0,[139  36  16  68   1 254  79 128],0.0,8B 24 10 44 01 FE 4F 80,0x06F,00000004
126.12814999999999,9.0,101,0.0,1,1.0,[0 0 0 0 0 0 0 0],0.0,00 00 00 00 00 00 00 00,0x065,00000004
126.31725,9.0,111,0.0,8,8.0,[  5 180 112  73   0 254 207 127],0.0,05 B4 70 49 00 FE CF 7F,0x06F,00000002
126.31789999999998,9.0,101,0.0,1,1.0,[0 0 0 0 0 0 0 0],0.0,00 00 00 00 00 00 00 00,0x065,00000002
126.32549999999999,9.0,111,0.0,8,8.0,[141  28  80 196   0  18  16 128],0.0,8D 1C 50 C4 00 12 10 80,0x06F,00000004
126.32615,9.0,101,0.0,1,1.0,[0 0 0 0 0 0 0 0],0.0,00 00 00 00 00 00 00 00,0x065,00000004
126.51524999999998,9.0,111,0.0,8,8.0,[  7 172 112  73 255   1 208 127],0.0,07 AC 70 49 FF 01 D0 7F,0x06F,00000002
126.51589999999999,9.0,101,0.0,1,1.0,[0 0 0 0 0 0 0 0],0.0,00 00 00 00 00 00 00 00,0x065,00000002
126.5235,9.0,111,0.0,8,8.0,[137  28 112 196 255 253  15 128],0.0,89 1C 70 C4 FF FD 0F 80,0x06F,00000004
126.52415,9.0,101,0.0,1,1.0,[0 0 0 0 0 0 0 0],0.0,00 00 00 00 00 00 00 00,0x065,00000004
126.71324999999999,9.0,111,0.0,8,8.0,[  7 180 112 201 255 253  47 128],0.0,07 B4 70 C9 FF FD 2F 80,0x06F,00000002
126.714,9.0,101,0.0,1,1.0,[0 0 0 0 0 0 0 0],0.0,00 00 00 00 00 00 00 00,0x065,00000002
126.7215,9.0,111,0.0,8,8.0,[145  36  16 196 254 233 207 127],0.0,91 24 10 C4 FE E9 CF 7F,0x06F,00000004
126.72215000000001,9.0,101,0.0,1,1.0,[0 0 0 0 0 0 0 0],0.0,00 00 00 00 00 00 00 00,0x065,00000004
126.91125,9.0,111,0.0,8,8.0,[  7 172 112 201 255 253 239 127],0.0,07 AC 70 C9 FF FD EF 7F,0x06F,00000002
126.91205,9.0,101,0.0,1,1.0,[0 0 0 0 0 0 0 0],0.0,00 00 00 00 00 00 00 00,0x065,00000002
126.91950000000001,9.0,111,0.0,8,8.0,[143  28 240  67 253   9 176 127],0.0,8F 1C F0 43 FD 09 B0 7F,0x06F,00000004
126.92030000000001,9.0,101,0.0,1,1.0,[0 0 0 0 0 0 0 0],0.0,00 00 00 00 00 00 00 00,0x065,00000004
127.10925,9.0,111,0.0,8,8.0,[  7 180 112 201 254 253 207 127],0.0,07 B4 70 C9 FE FD CF 7F,0x06F,00000002
127.11015,9.0,101,0.0,1,1.0,[0 0 0 0 0 0 0 0],0.0,00 00 00 00 00 00 00 00,0x065,00000002
127.11749999999999,9.0,111,0.0,8,8.0,[143  28  16  68 252 253 175 127],0.0,8F 1C 10 44 FC FD AF 7F,0x06F,00000004
127.11815,9.0,101,0.0,1,1.0,[0 0 0 0 0 0 0 0],0.0,00 00 00 00 00 00 00 00,0x065,00000004
127.30724999999998,9.0,111,0.0,8,8.0,[  7 172 112 201   0 254 239 127],0.0,07 AC 70 C9 00 FE EF 7F,0x06F,00000002
127.30814999999998,9.0,101,0.0,1,1.0,[0 0 0 0 0 0 0 0],0.0,00 00 00 00 00 00 00 00,0x065,00000002
127.3155,9.0,111,0.0,8,8.0,[141  28  16  68 252 249 143 127],0.0,8D 1C 10 44 FC F9 8F 7F,0x06F,00000004
127.31635000000001,9.0,101,0.0,1,1.0,[0 0 0 0 0 0 0 0],0.0,00 00 00 00 00 00 00 00,0x065,00000004
127.50524999999999,9.0,111,0.0,8,8.0,[  7 180 112 201 254 253 207 127],0.0,07 B4 70 C9 FE FD CF 7F,0x06F,00000002
127.5059,9.0,101,0.0,1,1.0,[0 0 0 0 0 0 0 0],0.0,00 00 00 00 00 00 00 00,0x065,00000002
127.51350000000001,9.0,111,0.0,8,8.0,[141  20  80 196 250 245  47 127],0.0,8D 14 50 C4 FA F5 2F 7F,0x06F,00000004
127.51415000000001,9.0,101,0.0,1,1.0,[0 0 0 0 0 0 0 0],0.0,00 00 00 00 00 00 00 00,0x065,00000004
127.70325,9.0,111,0.0,8,8.0,[  7 180 112  73 255 253 239 127],0.0,07 B4 70 49 FF FD EF 7F,0x06F,00000002
127.7039,9.0,101,0.0,1,1.0,[0 0 0 0 0 0 0 0],0.0,00 00 00 00 00 00 00 00,0x065,00000002
127.71149999999999,9.0,111,0.0,8,8.0,[143  28 176 195 249 253  15 127],0.0,8F 1C B0 C3 F9 FD 0F 7F,0x06F,00000004
127.71215,9.0,101,0.0,1,1.0,[0 0 0 0 0 0 0 0],0.0,00 00 00 00 00 00 00 00,0x065,00000004
127.90125,9.0,111,0.0,8,8.0,[  7 180 112  73 255 253 239 127],0.0,07 B4 70 49 FF FD EF 7F,0x06F,00000002
127.90205,9.0,101,0.0,1,1.0,[0 0 0 0 0 0 0 0],0.0,00 00 00 00 00 00 00 00,0x065,00000002
127.9095,9.0,111,0.0,8,8.0,[141  12  48 196 248 253 111 127],0.0,8D 0C 30 C4 F8 FD 6F 7F,0x06F,00000004
127.91015,9.0,101,0.0,1,1.0,[0 0 0 0 0 0 0 0],0.0,00 00 00 00 00 00 00 00,0x065,00000004
128.09924999999998,9.0,111,0.0,8,8.0,[  7 180 112 201 254 253 239 127],0.0,07 B4 70 C9 FE FD EF 7F,0x06F,00000002
128.10004999999998,9.0,101,0.0,1,1.0,[0 0 0 0 0 0 0 0],0.0,00 00 00 00 00 00 00 00,0x065,00000002
128.10754999999997,9.0,111,0.0,8,8.0,[141   4 240  67 249 249 143 127],0.0,8D 04 F0 43 F9 F9 8F 7F,0x06F,00000004
128.10829999999999,9.0,101,0.0,1,1.0,[0 0 0 0 0 0 0 0],0.0,00 00 00 00 00 00 00 00,0x065,00000004
128.29725,9.0,111,0.0,8,8.0,[  7 180 112 201 254 253 239 127],0.0,07 B4 70 C9 FE FD EF 7F,0x06F,00000002
128.2981,9.0,101,0.0,1,1.0,[0 0 0 0 0 0 0 0],0.0,00 00 00 00 00 00 00 00,0x065,00000002
128.30554999999998,9.0,111,0.0,8,8.0,[145 244  47 196 250 253  47 127],0.0,91 F4 2F C4 FA FD 2F 7F,0x06F,00000004
128.3062,9.0,101,0.0,1,1.0,[0 0 0 0 0 0 0 0],0.0,00 00 00 00 00 00 00 00,0x065,00000004
128.49525,9.0,111,0.0,8,8.0,[  7 180 112  73 255 253 239 127],0.0,07 B4 70 49 FF FD EF 7F,0x06F,00000002
128.49615,9.0,101,0.0,1,1.0,[0 0 0 0 0 0 0 0],0.0,00 00 00 00 00 00 00 00,0x065,00000002
128.50355,9.0,111,0.0,8,8.0,[137 236 143  68 253   5 144 127],0.0,89 EC 8F 44 FD 05 90 7F,0x06F,00000004
128.50439999999998,9.0,101,0.0,1,1.0,[0 0 0 0 0 0 0 0],0.0,00 00 00 00 00 00 00 00,0x065,00000004
128.69324999999998,9.0,111,0.0,8,8.0,[  7 180 112  73 255 253 239 127],0.0,07 B4 70 49 FF FD EF 7F,0x06F,00000002
128.69414999999998,9.0,101,0.0,1,1.0,[0 0 0 0 0 0 0 0],0.0,00 00 00 00 00 00 00 00,0x065,00000002
128.70155,9.0,111,0.0,8,8.0,[137 220 207  68   0  22  80 128],0.0,89 DC CF 44 00 16 50 80,0x06F,00000004
128.70239999999998,9.0,101,0.0,1,1.0,[0 0 0 0 0 0 0 0],0.0,00 00 00 00 00 00 00 00,0x065,00000004
128.89124999999999,9.0,111,0.0,8,8.0,[  7 180 112  73 255 253 239 127],0.0,07 B4 70 49 FF FD EF 7F,0x06F,00000002
128.89204999999998,9.0,101,0.0,1,1.0,[0 0 0 0 0 0 0 0],0.0,00 00 00 00 00 00 00 00,0x065,00000002
128.89954999999998,9.0,111,0.0,8,8.0,[135 212 239  68   5 250 207 128],0.0,87 D4 EF 44 05 FA CF 80,0x06F,00000004
128.90015,9.0,101,0.0,1,1.0,[0 0 0 0 0 0 0 0],0.0,00 00 00 00 00 00 00 00,0x065,00000004
129.08929999999998,9.0,111,0.0,8,8.0,[  7 180 112  73 255 253 239 127],0.0,07 B4 70 49 FF FD EF 7F,0x06F,00000002
129.09005,9.0,101,0.0,1,1.0,[0 0 0 0 0 0 0 0],0.0,00 00 00 00 00 00 00 00,0x065,00000002
129.09754999999998,9.0,111,0.0,8,8.0,[135 220  15  69   6   2 208 128],0.0,87 DC 0F 45 06 02 D0 80,0x06F,00000004
129.0983,9.0,101,0.0,1,1.0,[0 0 0 0 0 0 0 0],0.0,00 00 00 00 00 00 00 00,0x065,00000004
129.2873,9.0,111,0.0,8,8.0,[  7 180 112 201 254 253 239 127],0.0,07 B4 70 C9 FE FD EF 7F,0x06F,00000002
129.28805,9.0,101,0.0,1,1.0,[0 0 0 0 0 0 0 0],0.0,00 00 00 00 00 00 00 00,0x065,00000002
129.29555,9.0,111,0.0,8,8.0,[133 220  15 197   7  10 176 128],0.0,85 DC 0F C5 07 0A B0 80,0x06F,00000004
129.29629999999997,9.0,101,0.0,1,1.0,[0 0 0 0 0 0 0 0],0.0,00 00 00 00 00 00 00 00,0x065,00000004
129.4853,9.0,111,0.0,8,8.0,[  7 180 112 201 254 253 239 127],0.0,07 B4 70 C9 FE FD EF 7F,0x06F,00000002
129.4863,9.0,101,0.0,1,1.0,[0 0 0 0 0 0 0 0],0.0,00 00 00 00 00 00 00 00,0x065,00000002
129.49355,9.0,111,0.0,8,8.0,[133 212  47 197   7 250 239 128],0.0,85 D4 2F C5 07 FA EF 80,0x06F,00000004
129.49454999999998,9.0,101,0.0,1,1.0,[0 0 0 0 0 0 0 0],0.0,00 00 00 00 00 00 00 00,0x065,00000004
129.6833,9.0,111,0.0,8,8.0,[  7 180 112  73 255 253 239 127],0.0,07 B4 70 49 FF FD EF 7F,0x06F,00000002
129.68415,9.0,101,0.0,1,1.0,[0 0 0 0 0 0 0 0],0.0,00 00 00 00 00 00 00 00,0x065,00000002
129.69154999999998,9.0,111,0.0,8,8.0,[133 220  15  69   7  10 240 128],0.0,85 DC 0F 45 07 0A F0 80,0x06F,00000004
129.6924,9.0,101,0.0,1,1.0,[0 0 0 0 0 0 0 0],0.0,00 00 00 00 00 00 00 00,0x065,00000004
129.88129999999998,9.0,111,0.0,8,8.0,[  7 180 112  73 255 253 239 127],0.0,07 B4 70 49 FF FD EF 7F,0x06F,00000002
129.88215,9.0,101,0.0,1,1.0,[0 0 0 0 0 0 0 0],0.0,00 00 00 00 00 00 00 00,0x065,00000002
129.88954999999999,9.0,111,0.0,8,8.0,[139 220 111 196   6 246 175 128],0.0,8B DC 6F C4 06 F6 AF 80,0x06F,00000004
129.8904,9.0,101,0.0,1,1.0,[0 0 0 0 0 0 0 0],0.0,00 00 00 00 00 00 00 00,0x065,00000004
130.0793,9.0,111,0.0,8,8.0,[  7 180 112  73 255 253 239 127],0.0,07 B4 70 49 FF FD EF 7F,0x06F,00000002
130.08005,9.0,101,0.0,1,1.0,[0 0 0 0 0 0 0 0],0.0,00 00 00 00 00 00 00 00,0x065,00000002
130.08755,9.0,111,0.0,8,8.0,[137 228 111  68   2   2  48 128],0.0,89 E4 6F 44 02 02 30 80,0x06F,00000004
130.0882,9.0,101,0.0,1,1.0,[0 0 0 0 0 0 0 0],0.0,00 00 00 00 00 00 00 00,0x065,00000004
130.2773,9.0,111,0.0,8,8.0,[  7 180 112  73 255 253 239 127],0.0,07 B4 70 49 FF FD EF 7F,0x06F,00000002
130.27804999999998,9.0,101,0.0,1,1.0,[0 0 0 0 0 0 0 0],0.0,00 00 00 00 00 00 00 00,0x065,00000002
130.28555,9.0,111,0.0,8,8.0,[143 228 239  67 255 225  15 128],0.0,8F E4 EF 43 FF E1 0F 80,0x06F,00000004
130.28635,9.0,101,0.0,1,1.0,[0 0 0 0 0 0 0 0],0.0,00 00 00 00 00 00 00 00,0x065,00000004
130.47525,9.0,111,0.0,8,8.0,[  7 180 112  73 255 253 239 127],0.0,07 B4 70 49 FF FD EF 7F,0x06F,00000002
130.47629999999998,9.0,101,0.0,1,1.0,[0 0 0 0 0 0 0 0],0.0,00 00 00 00 00 00 00 00,0x065,00000002
130.48354999999998,9.0,111,0.0,8,8.0,[141 220  15  68 252 245 207 127],0.0,8D DC 0F 44 FC F5 CF 7F,0x06F,00000004
130.48434999999998,9.0,101,0.0,1,1.0,[0 0 0 0 0 0 0 0],0.0,00 00 00 00 00 00 00 00,0x065,00000004
130.67329999999998,9.0,111,0.0,8,8.0,[  7 180 112  73 255 253 239 127],0.0,07 B4 70 49 FF FD EF 7F,0x06F,00000002
130.6743,9.0,101,0.0,1,1.0,[0 0 0 0 0 0 0 0],0.0,00 00 00 00 00 00 00 00,0x065,00000002
130.68155,9.0,111,0.0,8,8.0,[137 228  15  68 250 245 143 127],0.0,89 E4 0F 44 FA F5 8F 7F,0x06F,00000004
130.68255,9.0,101,0.0,1,1.0,[0 0 0 0 0 0 0 0],0.0,00 00 00 00 00 00 00 00,0x065,00000004
130.87215,9.0,101,0.0,1,1.0,[0 0 0 0 0 0 0 0],0.0,00 00 00 00 00 00 00 00,0x065,00000002
130.8733,9.0,111,0.0,8,8.0,[  7 180 112  73 255 253 239 127],0.0,07 B4 70 49 FF FD EF 7F,0x06F,00000002
130.87955,9.0,111,0.0,8,8.0,[147 228  79 195 248 229  47 127],0.0,93 E4 4F C3 F8 E5 2F 7F,0x06F,00000004
130.88045,9.0,101,0.0,1,1.0,[0 0 0 0 0 0 0 0],0.0,00 00 00 00 00 00 00 00,0x065,00000004
131.0693,9.0,111,0.0,8,8.0,[  7 180 112  73 255 253 239 127],0.0,07 B4 70 49 FF FD EF 7F,0x06F,00000002
131.07014999999998,9.0,101,0.0,1,1.0,[0 0 0 0 0 0 0 0],0.0,00 00 00 00 00 00 00 00,0x065,00000002
131.07754999999997,9.0,111,0.0,8,8.0,[149 220  47  67 246 249  15 127],0.0,95 DC 2F 43 F6 F9 0F 7F,0x06F,00000004
131.0784,9.0,101,0.0,1,1.0,[0 0 0 0 0 0 0 0],0.0,00 00 00 00 00 00 00 00,0x065,00000004
131.2673,9.0,111,0.0,8,8.0,[  7 180 112 201 254 253 239 127],0.0,07 B4 70 C9 FE FD EF 7F,0x06F,00000002
131.26829999999998,9.0,101,0.0,1,1.0,[0 0 0 0 0 0 0 0],0.0,00 00 00 00 00 00 00 00,0x065,00000002
131.27554999999998,9.0,111,0.0,8,8.0,[149 220  79  67 244 245 175 126],0.0,95 DC 4F 43 F4 F5 AF 7E,0x06F,00000004
131.2764,9.0,101,0.0,1,1.0,[0 0 0 0 0 0 0 0],0.0,00 00 00 00 00 00 00 00,0x065,00000004
131.46529999999998,9.0,111,0.0,8,8.0,[  7 180 112  73 255 253 239 127],0.0,07 B4 70 49 FF FD EF 7F,0x06F,00000002
131.46609999999998,9.0,101,0.0,1,1.0,[0 0 0 0 0 0 0 0],0.0,00 00 00 00 00 00 00 00,0x065,00000002
131.47355,9.0,111,0.0,8,8.0,[145 212  15  67 241   1 112 126],0.0,91 D4 0F 43 F1 01 70 7E,0x06F,00000004
131.47435,9.0,101,0.0,1,1.0,[0 0 0 0 0 0 0 0],0.0,00 00 00 00 00 00 00 00,0x065,00000004
131.6633,9.0,111,0.0,8,8.0,[  7 180 112  73 255 253 239 127],0.0,07 B4 70 49 FF FD EF 7F,0x06F,00000002
131.6643,9.0,101,0.0,1,1.0,[0 0 0 0 0 0 0 0],0.0,00 00 00 00 00 00 00 00,0x065,00000002
131.67155,9.0,111,0.0,8,8.0,[147 212  15 195 241  21  80 126],0.0,93 D4 0F C3 F1 15 50 7E,0x06F,00000004
131.67235,9.0,101,0.0,1,1.0,[0 0 0 0 0 0 0 0],0.0,00 00 00 00 00 00 00 00,0x065,00000004
131.8613,9.0,111,0.0,8,8.0,[  7 180 112  73 255 253 239 127],0.0,07 B4 70 49 FF FD EF 7F,0x06F,00000002
131.8623,9.0,101,0.0,1,1.0,[0 0 0 0 0 0 0 0],0.0,00 00 00 00 00 00 00 00,0x065,00000002
131.86954999999998,9.0,111,0.0,8,8.0,[145 212  15  67 241  25  80 126],0.0,91 D4 0F 43 F1 19 50 7E,0x06F,00000004
131.87054999999998,9.0,101,0.0,1,1.0,[0 0 0 0 0 0 0 0],0.0,00 00 00 00 00 00 00 00,0x065,00000004
132.05929999999998,9.0,111,0.0,8,8.0,[  7 180 112  73 255 253 239 127],0.0,07 B4 70 49 FF FD EF 7F,0x06F,00000002
132.06035,9.0,101,0.0,1,1.0,[0 0 0 0 0 0 0 0],0.0,00 00 00 00 00 00 00 00,0x065,00000002
132.06754999999998,9.0,111,0.0,8,8.0,[145 220 143 195 241   1 112 126],0.0,91 DC 8F C3 F1 01 70 7E,0x06F,00000004
132.06855,9.0,101,0.0,1,1.0,[0 0 0 0 0 0 0 0],0.0,00 00 00 00 00 00 00 00,0x065,00000004
132.2573,9.0,111,0.0,8,8.0,[  7 180 112  73 255 253 239 127],0.0,07 B4 70 49 FF FD EF 7F,0x06F,00000002
132.25815,9.0,101,0.0,1,1.0,[0 0 0 0 0 0 0 0],0.0,00 00 00 00 00 00 00 00,0x065,00000002
132.26559999999998,9.0,111,0.0,8,8.0,[143 212 175  67 242  17 144 126],0.0,8F D4 AF 43 F2 11 90 7E,0x06F,00000004
132.26645,9.0,101,0.0,1,1.0,[0 0 0 0 0 0 0 0],0.0,00 00 00 00 00 00 00 00,0x065,00000004
132.4553,9.0,111,0.0,8,8.0,[  7 180 112  73 255 253 239 127],0.0,07 B4 70 49 FF FD EF 7F,0x06F,00000002
132.4563,9.0,101,0.0,1,1.0,[0 0 0 0 0 0 0 0],0.0,00 00 00 00 00 00 00 00,0x065,00000002
132.46359999999999,9.0,111,0.0,8,8.0,[139 212  47 196 244   9 208 126],0.0,8B D4 2F C4 F4 09 D0 7E,0x06F,00000004
132.4646,9.0,101,0.0,1,1.0,[0 0 0 0 0 0 0 0],0.0,00 00 00 00 00 00 00 00,0x065,00000004
132.6533,9.0,111,0.0,8,8.0,[  7 180 112  73 255 253 239 127],0.0,07 B4 70 49 FF FD EF 7F,0x06F,00000002
132.65429999999998,9.0,101,0.0,1,1.0,[0 0 0 0 0 0 0 0],0.0,00 00 00 00 00 00 00 00,0x065,00000002
132.6616,9.0,111,0.0,8,8.0,[139 220 239  67 250   9  80 127],0.0,8B DC EF 43 FA 09 50 7F,0x06F,00000004
132.66234999999998,9.0,101,0.0,1,1.0,[0 0 0 0 0 0 0 0],0.0,00 00 00 00 00 00 00 00,0x065,00000004
132.85129999999998,9.0,111,0.0,8,8.0,[  7 180 112 201 254 253 239 127],0.0,07 B4 70 C9 FE FD EF 7F,0x06F,00000002
132.85229999999999,9.0,101,0.0,1,1.0,[0 0 0 0 0 0 0 0],0.0,00 00 00 00 00 00 00 00,0x065,00000002
132.8596,9.0,111,0.0,8,8.0,[137 220 175 196 254 249 207 127],0.0,89 DC AF C4 FE F9 CF 7F,0x06F,00000004
132.8604,9.0,101,0.0,1,1.0,[0 0 0 0 0 0 0 0],0.0,00 00 00 00 00 00 00 00,0x065,00000004
133.0493,9.0,111,0.0,8,8.0,[  7 180 112  73 255 253 239 127],0.0,07 B4 70 49 FF FD EF 7F,0x06F,00000002
133.0503,9.0,101,0.0,1,1.0,[0 0 0 0 0 0 0 0],0.0,00 00 00 00 00 00 00 00,0x065,00000002
133.05759999999998,9.0,111,0.0,8,8.0,[139 212 207 196   1  22  48 128],0.0,8B D4 CF C4 01 16 30 80,0x06F,00000004
133.05859999999998,9.0,101,0.0,1,1.0,[0 0 0 0 0 0 0 0],0.0,00 00 00 00 00 00 00 00,0x065,00000004
133.2473,9.0,111,0.0,8,8.0,[  7 180 112  73 255 253 239 127],0.0,07 B4 70 49 FF FD EF 7F,0x06F,00000002
133.2483,9.0,101,0.0,1,1.0,[0 0 0 0 0 0 0 0],0.0,00 00 00 00 00 00 00 00,0x065,00000002
133.2556,9.0,111,0.0,8,8.0,[135 220  15  69   5  18 144 128],0.0,87 DC 0F 45 05 12 90 80,0x06F,00000004
133.2566,9.0,101,0.0,1,1.0,[0 0 0 0 0 0 0 0],0.0,00 00 00 00 00 00 00 00,0x065,00000004
133.44535,9.0,111,0.0,8,8.0,[  7 180 112  73 255 253 239 127],0.0,07 B4 70 49 FF FD EF 7F,0x06F,00000002
133.44635,9.0,101,0.0,1,1.0,[0 0 0 0 0 0 0 0],0.0,00 00 00 00 00 00 00 00,0x065,00000002
133.4536,9.0,111,0.0,8,8.0,[129 220  79 197   8  14  16 129],0.0,81 DC 4F C5 08 0E 10 81,0x06F,00000004
133.45444999999998,9.0,101,0.0,1,1.0,[0 0 0 0 0 0 0 0],0.0,00 00 00 00 00 00 00 00,0x065,00000004
133.64335,9.0,111,0.0,8,8.0,[  7 180 112  73 255 253 239 127],0.0,07 B4 70 49 FF FD EF 7F,0x06F,00000002
133.64435,9.0,101,0.0,1,1.0,[0 0 0 0 0 0 0 0],0.0,00 00 00 00 00 00 00 00,0x065,00000002
133.65159999999997,9.0,111,0.0,8,8.0,[125 228 175 197  11   2  48 129],0.0,7D E4 AF C5 0B 02 30 81,0x06F,00000004
133.65259999999998,9.0,101,0.0,1,1.0,[0 0 0 0 0 0 0 0],0.0,00 00 00 00 00 00 00 00,0x065,00000004
133.84135,9.0,111,0.0,8,8.0,[  7 180 112  73 255 253 239 127],0.0,07 B4 70 49 FF FD EF 7F,0x06F,00000002
133.8425,9.0,101,0.0,1,1.0,[0 0 0 0 0 0 0 0],0.0,00 00 00 00 00 00 00 00,0x065,00000002
133.84959999999998,9.0,111,0.0,8,8.0,[133 228 143  69  12 238  47 129],0.0,85 E4 8F 45 0C EE 2F 81,0x06F,00000004
133.8506,9.0,101,0.0,1,1.0,[0 0 0 0 0 0 0 0],0.0,00 00 00 00 00 00 00 00,0x065,00000004
134.03934999999998,9.0,111,0.0,8,8.0,[  7 180 112  73 255 253 239 127],0.0,07 B4 70 49 FF FD EF 7F,0x06F,00000002
134.04035,9.0,101,0.0,1,1.0,[0 0 0 0 0 0 0 0],0.0,00 00 00 00 00 00 00 00,0x065,00000002
134.0476,9.0,111,0.0,8,8.0,[133 228 143  69  11 238  47 129],0.0,85 E4 8F 45 0B EE 2F 81,0x06F,00000004
134.0486,9.0,101,0.0,1,1.0,[0 0 0 0 0 0 0 0],0.0,00 00 00 00 00 00 00 00,0x065,00000004
134.23735,9.0,111,0.0,8,8.0,[  7 180 112 201 254 249 239 127],0.0,07 B4 70 C9 FE F9 EF 7F,0x06F,00000002
134.23835,9.0,101,0.0,1,1.0,[0 0 0 0 0 0 0 0],0.0,00 00 00 00 00 00 00 00,0x065,00000002
134.2456,9.0,111,0.0,8,8.0,[129 228 111  69  10 254  79 129],0.0,81 E4 6F 45 0A FE 4F 81,0x06F,00000004
134.24659999999997,9.0,101,0.0,1,1.0,[0 0 0 0 0 0 0 0],0.0,00 00 00 00 00 00 00 00,0x065,00000004
134.43535,9.0,111,0.0,8,8.0,[  7 180 112  73 255 253 239 127],0.0,07 B4 70 49 FF FD EF 7F,0x06F,00000002
134.43635,9.0,101,0.0,1,1.0,[0 0 0 0 0 0 0 0],0.0,00 00 00 00 00 00 00 00,0x065,00000002
134.44359999999998,9.0,111,0.0,8,8.0,[133 244 239 196   6 210  47 129],0.0,85 F4 EF C4 06 D2 2F 81,0x06F,00000004
134.44459999999998,9.0,101,0.0,1,1.0,[0 0 0 0 0 0 0 0],0.0,00 00 00 00 00 00 00 00,0x065,00000004
134.6333,9.0,111,0.0,8,8.0,[  7 180 112  73 255 253 239 127],0.0,07 B4 70 49 FF FD EF 7F,0x06F,00000002
134.64159999999998,9.0,111,0.0,8,8.0,[141 244 111 196   3 234 143 128],0.0,8D F4 6F C4 03 EA 8F 80,0x06F,00000004
134.6426,9.0,101,0.0,1,1.0,[0 0 0 0 0 0 0 0],0.0,00 00 00 00 00 00 00 00,0x065,00000004
134.8318,9.0,101,0.0,1,1.0,[0 0 0 0 0 0 0 0],0.0,00 00 00 00 00 00 00 00,0x065,00000002
134.8329,9.0,111,0.0,8,8.0,[  7 172  80 201   2 254  15 128],0.0,07 AC 50 C9 02 FE 0F 80,0x06F,00000002
134.8396,9.0,111,0.0,8,8.0,[141 244  79  68   0 242  47 128],0.0,8D F4 4F 44 00 F2 2F 80,0x06F,00000004
134.8406,9.0,101,0.0,1,1.0,[0 0 0 0 0 0 0 0],0.0,00 00 00 00 00 00 00 00,0x065,00000004
135.0296,9.0,101,0.0,1,1.0,[0 0 0 0 0 0 0 0],0.0,00 00 00 00 00 00 00 00,0x065,00000002
135.03099999999998,9.0,111,0.0,8,8.0,[ 15 204 176  73   3   6 240 127],0.0,0F CC B0 49 03 06 F0 7F,0x06F,00000002
135.0376,9.0,111,0.0,8,8.0,[145 236 207  67 253 233 207 127],0.0,91 EC CF 43 FD E9 CF 7F,0x06F,00000004
135.03859999999997,9.0,101,0.0,1,1.0,[0 0 0 0 0 0 0 0],0.0,00 00 00 00 00 00 00 00,0x065,00000004
135.22785,9.0,101,0.0,1,1.0,[0 0 0 0 0 0 0 0],0.0,00 00 00 00 00 00 00 00,0x065,00000002
135.22885,9.0,111,0.0,8,8.0,[  9 156 176 201   5   2 208 128],0.0,09 9C B0 C9 05 02 D0 80,0x06F,00000002
135.23559999999998,9.0,111,0.0,8,8.0,[141 236 175  67 250 233  79 127],0.0,8D EC AF 43 FA E9 4F 7F,0x06F,00000004
135.23674999999997,9.0,101,0.0,1,1.0,[0 0 0 0 0 0 0 0],0.0,00 00 00 00 00 00 00 00,0x065,00000004
135.4256,9.0,101,0.0,1,1.0,[0 0 0 0 0 0 0 0],0.0,00 00 00 00 00 00 00 00,0x065,00000002
135.42685,9.0,111,0.0,8,8.0,[  3  92 176  73 254   1  16 128],0.0,03 5C B0 49 FE 01 10 80,0x06F,00000002
135.43359999999998,9.0,111,0.0,8,8.0,[147 228 175 195 246 237  15 127],0.0,93 E4 AF C3 F6 ED 0F 7F,0x06F,00000004
135.4346,9.0,101,0.0,1,1.0,[0 0 0 0 0 0 0 0],0.0,00 00 00 00 00 00 00 00,0x065,00000004
135.62359999999998,9.0,101,0.0,1,1.0,[0 0 0 0 0 0 0 0],0.0,00 00 00 00 00 00 00 00,0x065,00000002
135.62484999999998,9.0,111,0.0,8,8.0,[  9 164 144 201   1  58  48 109],0.0,09 A4 90 C9 01 3A 30 6D,0x06F,00000002
135.6316,9.0,111,0.0,8,8.0,[143 228 207  67 247 245  15 127],0.0,8F E4 CF 43 F7 F5 0F 7F,0x06F,00000004
135.6326,9.0,101,0.0,1,1.0,[0 0 0 0 0 0 0 0],0.0,00 00 00 00 00 00 00 00,0x065,00000004
135.8216,9.0,101,0.0,1,1.0,[0 0 0 0 0 0 0 0],0.0,00 00 00 00 00 00 00 00,0x065,00000002
135.82285,9.0,111,0.0,8,8.0,[  5 172 176 201 246  25  80 124],0.0,05 AC B0 C9 F6 19 50 7C,0x06F,00000002
135.8296,9.0,111,0.0,8,8.0,[143 228 143  67 247   5  16 127],0.0,8F E4 8F 43 F7 05 10 7F,0x06F,00000004
135.83059999999998,9.0,101,0.0,1,1.0,[0 0 0 0 0 0 0 0],0.0,00 00 00 00 00 00 00 00,0x065,00000004
136.01985,9.0,101,0.0,1,1.0,[0 0 0 0 0 0 0 0],0.0,00 00 00 00 00 00 00 00,0x065,00000002
136.021,9.0,111,0.0,8,8.0,[  3 156 144 201   2 242 175 127],0.0,03 9C 90 C9 02 F2 AF 7F,0x06F,00000002
136.02759999999998,9.0,111,0.0,8,8.0,[145 228 175  67 248   9  16 127],0.0,91 E4 AF 43 F8 09 10 7F,0x06F,00000004
136.2176,9.0,101,0.0,1,1.0,[0 0 0 0 0 0 0 0],0.0,00 00 00 00 00 00 00 00,0x065,00000002
136.2189,9.0,111,0.0,8,8.0,[  7 164 176 202  15   2 208 128],0.0,07 A4 B0 CA 0F 02 D0 80,0x06F,00000002
136.22619999999998,9.0,101,0.0,1,1.0,[0 0 0 0 0 0 0 0],0.0,00 00 00 00 00 00 00 00,0x065,00000004
136.22779999999997,9.0,111,0.0,8,8.0,[143 236 207  67 249   5  48 127],0.0,8F EC CF 43 F9 05 30 7F,0x06F,00000004
136.41584999999998,9.0,101,0.0,1,1.0,[0 0 0 0 0 0 0 0],0.0,00 00 00 00 00 00 00 00,0x065,00000002
136.4169,9.0,111,0.0,8,8.0,[ 13 132 144  73 242 237 111 129],0.0,0D 84 90 49 F2 ED 6F 81,0x06F,00000002
136.42389999999997,9.0,101,0.0,1,1.0,[0 0 0 0 0 0 0 0],0.0,00 00 00 00 00 00 00 00,0x065,00000004
136.42544999999998,9.0,111,0.0,8,8.0,[143 228  15  68 249 249  79 127],0.0,8F E4 0F 44 F9 F9 4F 7F,0x06F,00000004
136.6136,9.0,101,0.0,1,1.0,[0 0 0 0 0 0 0 0],0.0,00 00 00 00 00 00 00 00,0x065,00000002
136.61489999999998,9.0,111,0.0,8,8.0,[  5 140 144 201   2 250 111 126],0.0,05 8C 90 C9 02 FA 6F 7E,0x06F,00000002
136.62189999999998,9.0,101,0.0,1,1.0,[0 0 0 0 0 0 0 0],0.0,00 00 00 00 00 00 00 00,0x065,00000004
136.62349999999998,9.0,111,0.0,8,8.0,[139 236  79 196 251 249 143 127],0.0,8B EC 4F C4 FB F9 8F 7F,0x06F,00000004
136.81165,9.0,101,0.0,1,1.0,[0 0 0 0 0 0 0 0],0.0,00 00 00 00 00 00 00 00,0x065,00000002
136.81289999999998,9.0,111,0.0,8,8.0,[  3 140 144  73 254 253  47 126],0.0,03 8C 90 49 FE FD 2F 7E,0x06F,00000002
136.8199,9.0,101,0.0,1,1.0,[0 0 0 0 0 0 0 0],0.0,00 00 00 00 00 00 00 00,0x065,00000004
136.8215,9.0,111,0.0,8,8.0,[139 228  15  68 253 253 239 127],0.0,8B E4 0F 44 FD FD EF 7F,0x06F,00000004
137.00965,9.0,101,0.0,1,1.0,[0 0 0 0 0 0 0 0],0.0,00 00 00 00 00 00 00 00,0x065,00000002
137.01104999999998,9.0,111,0.0,8,8.0,[  5 140 144 201   0 250 207 127],0.0,05 8C 90 C9 00 FA CF 7F,0x06F,00000002
137.0179,9.0,101,0.0,1,1.0,[0 0 0 0 0 0 0 0],0.0,00 00 00 00 00 00 00 00,0x065,00000004
137.0196,9.0,111,0.0,8,8.0,[139 228 239 196   0  10  48 128],0.0,8B E4 EF C4 00 0A 30 80,0x06F,00000004
137.20784999999998,9.0,101,0.0,1,1.0,[0 0 0 0 0 0 0 0],0.0,00 00 00 00 00 00 00 00,0x065,00000002
137.2089,9.0,111,0.0,8,8.0,[  5 140 144  73   4 246 175 127],0.0,05 8C 90 49 04 F6 AF 7F,0x06F,00000002
137.21609999999998,9.0,101,0.0,1,1.0,[0 0 0 0 0 0 0 0],0.0,00 00 00 00 00 00 00 00,0x065,00000004
137.21749999999997,9.0,111,0.0,8,8.0,[133 236  15  69   3   2  48 128],0.0,85 EC 0F 45 03 02 30 80,0x06F,00000004
137.40564999999998,9.0,101,0.0,1,1.0,[0 0 0 0 0 0 0 0],0.0,00 00 00 00 00 00 00 00,0x065,00000002
137.40689999999998,9.0,111,0.0,8,8.0,[ 11 140 144  73   9 254  79 128],0.0,0B 8C 90 49 09 FE 4F 80,0x06F,00000002
137.41389999999998,9.0,101,0.0,1,1.0,[0 0 0 0 0 0 0 0],0.0,00 00 00 00 00 00 00 00,0x065,00000004
137.41549999999998,9.0,111,0.0,8,8.0,[133 236  47  69   5 250 143 128],0.0,85 EC 2F 45 05 FA 8F 80,0x06F,00000004
137.60385,9.0,101,0.0,1,1.0,[0 0 0 0 0 0 0 0],0.0,00 00 00 00 00 00 00 00,0x065,00000002
137.6049,9.0,111,0.0,8,8.0,[  9 156 144  73   6 238 239 134],0.0,09 9C 90 49 06 EE EF 86,0x06F,00000002
137.6119,9.0,101,0.0,1,1.0,[0 0 0 0 0 0 0 0],0.0,00 00 00 00 00 00 00 00,0x065,00000004
137.6135,9.0,111,0.0,8,8.0,[133 228  79  69   7   2  16 129],0.0,85 E4 4F 45 07 02 10 81,0x06F,00000004
137.80185,9.0,101,0.0,1,1.0,[0 0 0 0 0 0 0 0],0.0,00 00 00 00 00 00 00 00,0x065,00000002
137.8029,9.0,111,0.0,8,8.0,[  9 148 144 201 252 249 239 127],0.0,09 94 90 C9 FC F9 EF 7F,0x06F,00000002
137.81009999999998,9.0,101,0.0,1,1.0,[0 0 0 0 0 0 0 0],0.0,00 00 00 00 00 00 00 00,0x065,00000004
137.8115,9.0,111,0.0,8,8.0,[133 236  79  69   9  18 208 128],0.0,85 EC 4F 45 09 12 D0 80,0x06F,00000004
137.99965,9.0,101,0.0,1,1.0,[0 0 0 0 0 0 0 0],0.0,00 00 00 00 00 00 00 00,0x065,00000002
138.00105,9.0,111,0.0,8,8.0,[  9 156 144 201 254 249 239 127],0.0,09 9C 90 C9 FE F9 EF 7F,0x06F,00000002
138.00789999999998,9.0,101,0.0,1,1.0,[0 0 0 0 0 0 0 0],0.0,00 00 00 00 00 00 00 00,0x065,00000004
138.00965,9.0,111,0.0,8,8.0,[135 252 207  68   8 254 207 128],0.0,87 FC CF 44 08 FE CF 80,0x06F,00000004
138.19785,9.0,101,0.0,1,1.0,[0 0 0 0 0 0 0 0],0.0,00 00 00 00 00 00 00 00,0x065,00000002
138.19889999999998,9.0,111,0.0,8,8.0,[  9 156 144  73 255 253 239 127],0.0,09 9C 90 49 FF FD EF 7F,0x06F,00000002
138.20589999999999,9.0,101,0.0,1,1.0,[0 0 0 0 0 0 0 0],0.0,00 00 00 00 00 00 00 00,0x065,00000004
138.20749999999998,9.0,111,0.0,8,8.0,[139 244 143 196   4 242 175 128],0.0,8B F4 8F C4 04 F2 AF 80,0x06F,00000004
138.39585,9.0,101,0.0,1,1.0,[0 0 0 0 0 0 0 0],0.0,00 00 00 00 00 00 00 00,0x065,00000002
138.3969,9.0,111,0.0,8,8.0,[  9 156 144 201 254 253 239 127],0.0,09 9C 90 C9 FE FD EF 7F,0x06F,00000002
138.40415,9.0,101,0.0,1,1.0,[0 0 0 0 0 0 0 0],0.0,00 00 00 00 00 00 00 00,0x065,00000004
138.4055,9.0,111,0.0,8,8.0,[139 244 111  68   1 254  47 128],0.0,8B F4 6F 44 01 FE 2F 80,0x06F,00000004
138.59385,9.0,101,0.0,1,1.0,[0 0 0 0 0 0 0 0],0.0,00 00 00 00 00 00 00 00,0x065,00000002
138.594,9.0,111,0.0,8,8.0,[  9 156 144  73 255 253 239 127],0.0,09 9C 90 49 FF FD EF 7F,0x06F,00000002
138.60215,9.0,101,0.0,1,1.0,[0 0 0 0 0 0 0 0],0.0,00 00 00 00 00 00 00 00,0x065,00000004
138.6035,9.0,111,0.0,8,8.0,[141 244  79 196 254 253 175 127],0.0,8D F4 4F C4 FE FD AF 7F,0x06F,00000004
138.79184999999998,9.0,101,0.0,1,1.0,[0 0 0 0 0 0 0 0],0.0,00 00 00 00 00 00 00 00,0x065,00000002
138.79295,9.0,111,0.0,8,8.0,[  9 156 144  73 255 253 239 127],0.0,09 9C 90 49 FF FD EF 7F,0x06F,00000002
138.79989999999998,9.0,101,0.0,1,1.0,[0 0 0 0 0 0 0 0],0.0,00 00 00 00 00 00 00 00,0x065,00000004
138.80149999999998,9.0,111,0.0,8,8.0,[139 236 239 195 252  13 112 127],0.0,8B EC EF C3 FC 0D 70 7F,0x06F,00000004
138.98989999999998,9.0,101,0.0,1,1.0,[0 0 0 0 0 0 0 0],0.0,00 00 00 00 00 00 00 00,0x065,00000002
138.99115,9.0,111,0.0,8,8.0,[  9 156 144  73 255 253 239 127],0.0,09 9C 90 49 FF FD EF 7F,0x06F,00000002
138.99814999999998,9.0,101,0.0,1,1.0,[0 0 0 0 0 0 0 0],0.0,00 00 00 00 00 00 00 00,0x065,00000004
138.99964999999997,9.0,111,0.0,8,8.0,[143   4  48  68 253  13 112 127],0.0,8F 04 30 44 FD 0D 70 7F,0x06F,00000004
139.18765,9.0,101,0.0,1,1.0,[0 0 0 0 0 0 0 0],0.0,00 00 00 00 00 00 00 00,0x065,00000002
139.18895,9.0,111,0.0,8,8.0,[  9 156 144  73 255 253 239 127],0.0,09 9C 90 49 FF FD EF 7F,0x06F,00000002
139.1959,9.0,101,0.0,1,1.0,[0 0 0 0 0 0 0 0],0.0,00 00 00 00 00 00 00 00,0x065,00000004
139.1975,9.0,111,0.0,8,8.0,[139  28 144 196 254 253  79 127],0.0,8B 1C 90 C4 FE FD 4F 7F,0x06F,00000004
139.3859,9.0,101,0.0,1,1.0,[0 0 0 0 0 0 0 0],0.0,00 00 00 00 00 00 00 00,0x065,00000002
139.38684999999998,9.0,111,0.0,8,8.0,[  7 156 144  73 255 253 239 127],0.0,07 9C 90 49 FF FD EF 7F,0x06F,00000002
139.39389999999997,9.0,101,0.0,1,1.0,[0 0 0 0 0 0 0 0],0.0,00 00 00 00 00 00 00 00,0x065,00000004
139.3955,9.0,111,0.0,8,8.0,[139  68  48  68 254 249 111 127],0.0,8B 44 30 44 FE F9 6F 7F,0x06F,00000004
139.5839,9.0,101,0.0,1,1.0,[0 0 0 0 0 0 0 0],0.0,00 00 00 00 00 00 00 00,0x065,00000002
139.58485,9.0,111,0.0,8,8.0,[  9 156 144  73 255 253 239 127],0.0,09 9C 90 49 FF FD EF 7F,0x06F,00000002
139.59214999999998,9.0,101,0.0,1,1.0,[0 0 0 0 0 0 0 0],0.0,00 00 00 00 00 00 00 00,0x065,00000004
139.59359999999998,9.0,111,0.0,8,8.0,[139  68  48 196 252 241 239 127],0.0,8B 44 30 C4 FC F1 EF 7F,0x06F,00000004
139.7814,9.0,111,0.0,8,8.0,[  9 156 144  73 255 253 239 127],0.0,09 9C 90 49 FF FD EF 7F,0x06F,00000002
139.78205,9.0,101,0.0,1,1.0,[0 0 0 0 0 0 0 0],0.0,00 00 00 00 00 00 00 00,0x065,00000002
139.79014999999998,9.0,101,0.0,1,1.0,[0 0 0 0 0 0 0 0],0.0,00 00 00 00 00 00 00 00,0x065,00000004
139.7916,9.0,111,0.0,8,8.0,[143  76  48 196 253   1 208 127],0.0,8F 4C 30 C4 FD 01 D0 7F,0x06F,00000004
139.9799,9.0,101,0.0,1,1.0,[0 0 0 0 0 0 0 0],0.0,00 00 00 00 00 00 00 00,0x065,00000002
139.98104999999998,9.0,111,0.0,8,8.0,[  9 156 144  73 255 253 239 127],0.0,09 9C 90 49 FF FD EF 7F,0x06F,00000002
139.98815,9.0,101,0.0,1,1.0,[0 0 0 0 0 0 0 0],0.0,00 00 00 00 00 00 00 00,0x065,00000004
139.98985,9.0,111,0.0,8,8.0,[139 100 112  68 254   5 144 127],0.0,8B 64 70 44 FE 05 90 7F,0x06F,00000004
140.1779,9.0,101,0.0,1,1.0,[0 0 0 0 0 0 0 0],0.0,00 00 00 00 00 00 00 00,0x065,00000002
140.17895,9.0,111,0.0,8,8.0,[  9 156 144  73 255 253 239 127],0.0,09 9C 90 49 FF FD EF 7F,0x06F,00000002
140.18619999999999,9.0,101,0.0,1,1.0,[0 0 0 0 0 0 0 0],0.0,00 00 00 00 00 00 00 00,0x065,00000004
140.18765,9.0,111,0.0,8,8.0,[137 124  80  68 254  13 144 127],0.0,89 7C 50 44 FE 0D 90 7F,0x06F,00000004
140.3759,9.0,101,0.0,1,1.0,[0 0 0 0 0 0 0 0],0.0,00 00 00 00 00 00 00 00,0x065,00000002
140.37695,9.0,111,0.0,8,8.0,[  9 156 144  73 255 253 239 127],0.0,09 9C 90 49 FF FD EF 7F,0x06F,00000002
140.38414999999998,9.0,101,0.0,1,1.0,[0 0 0 0 0 0 0 0],0.0,00 00 00 00 00 00 00 00,0x065,00000004
140.38559999999998,9.0,111,0.0,8,8.0,[141 140 112  68 254  17 144 127],0.0,8D 8C 70 44 FE 11 90 7F,0x06F,00000004
140.57389999999998,9.0,101,0.0,1,1.0,[0 0 0 0 0 0 0 0],0.0,00 00 00 00 00 00 00 00,0x065,00000002
140.57495,9.0,111,0.0,8,8.0,[  9 156 144  73 255 253 239 127],0.0,09 9C 90 49 FF FD EF 7F,0x06F,00000002
140.58194999999998,9.0,101,0.0,1,1.0,[0 0 0 0 0 0 0 0],0.0,00 00 00 00 00 00 00 00,0x065,00000004
140.5836,9.0,111,0.0,8,8.0,[143 148  80 196 254  13 176 127],0.0,8F 94 50 C4 FE 0D B0 7F,0x06F,00000004
140.7719,9.0,101,0.0,1,1.0,[0 0 0 0 0 0 0 0],0.0,00 00 00 00 00 00 00 00,0x065,00000002
140.77294999999998,9.0,111,0.0,8,8.0,[  9 156 144  73 255 253 239 127],0.0,09 9C 90 49 FF FD EF 7F,0x06F,00000002
140.78015,9.0,101,0.0,1,1.0,[0 0 0 0 0 0 0 0],0.0,00 00 00 00 00 00 00 00,0x065,00000004
140.7816,9.0,111,0.0,8,8.0,[143 164 112  68 255   9 144 127],0.0,8F A4 70 44 FF 09 90 7F,0x06F,00000004
140.96939999999998,9.0,111,0.0,8,8.0,[  9 156 144  73 255 253 239 127],0.0,09 9C 90 49 FF FD EF 7F,0x06F,00000002
140.97005,9.0,101,0.0,1,1.0,[0 0 0 0 0 0 0 0],0.0,00 00 00 00 00 00 00 00,0x065,00000002
140.97815,9.0,101,0.0,1,1.0,[0 0 0 0 0 0 0 0],0.0,00 00 00 00 00 00 00 00,0x065,00000004
140.97979999999998,9.0,111,0.0,8,8.0,[141 188  80 196 255  13 176 127],0.0,8D BC 50 C4 FF 0D B0 7F,0x06F,00000004
141.1674,9.0,111,0.0,8,8.0,[  9 156 144  73 255 253 239 127],0.0,09 9C 90 49 FF FD EF 7F,0x06F,00000002
141.16805,9.0,101,0.0,1,1.0,[0 0 0 0 0 0 0 0],0.0,00 00 00 00 00 00 00 00,0x065,00000002
141.17569999999998,9.0,111,0.0,8,8.0,[141 204 112 196 255   5 176 127],0.0,8D CC 70 C4 FF 05 B0 7F,0x06F,00000004
141.1763,9.0,101,0.0,1,1.0,[0 0 0 0 0 0 0 0],0.0,00 00 00 00 00 00 00 00,0x065,00000004
141.36589999999998,9.0,101,0.0,1,1.0,[0 0 0 0 0 0 0 0],0.0,00 00 00 00 00 00 00 00,0x065,00000002
141.36695,9.0,111,0.0,8,8.0,[  9 156 144  73 255 253 239 127],0.0,09 9C 90 49 FF FD EF 7F,0x06F,00000002
141.37415,9.0,101,0.0,1,1.0,[0 0 0 0 0 0 0 0],0.0,00 00 00 00 00 00 00 00,0x065,00000004
141.37564999999998,9.0,111,0.0,8,8.0,[141 204 144 196 255   1 208 127],0.0,8D CC 90 C4 FF 01 D0 7F,0x06F,00000004
141.5639,9.0,101,0.0,1,1.0,[0 0 0 0 0 0 0 0],0.0,00 00 00 00 00 00 00 00,0x065,00000002
141.56404999999998,9.0,111,0.0,8,8.0,[  9 156 144  73 255 253 239 127],0.0,09 9C 90 49 FF FD EF 7F,0x06F,00000002
141.57215,9.0,101,0.0,1,1.0,[0 0 0 0 0 0 0 0],0.0,00 00 00 00 00 00 00 00,0x065,00000004
141.57365,9.0,111,0.0,8,8.0,[139 196  80 196 255 241 207 127],0.0,8B C4 50 C4 FF F1 CF 7F,0x06F,00000004
141.7619,9.0,101,0.0,1,1.0,[0 0 0 0 0 0 0 0],0.0,00 00 00 00 00 00 00 00,0x065,00000002
141.76295,9.0,111,0.0,8,8.0,[  9 156 144  73 255 253 239 127],0.0,09 9C 90 49 FF FD EF 7F,0x06F,00000002
141.76995,9.0,101,0.0,1,1.0,[0 0 0 0 0 0 0 0],0.0,00 00 00 00 00 00 00 00,0x065,00000004
141.77165,9.0,111,0.0,8,8.0,[139 188  80  68 255 233  47 128],0.0,8B BC 50 44 FF E9 2F 80,0x06F,00000004
141.9599,9.0,101,0.0,1,1.0,[0 0 0 0 0 0 0 0],0.0,00 00 00 00 00 00 00 00,0x065,00000002
141.9611,9.0,111,0.0,8,8.0,[  9 156 144  73 255 253 239 127],0.0,09 9C 90 49 FF FD EF 7F,0x06F,00000002
141.96814999999998,9.0,101,0.0,1,1.0,[0 0 0 0 0 0 0 0],0.0,00 00 00 00 00 00 00 00,0x065,00000004
141.96984999999998,9.0,111,0.0,8,8.0,[147 180  48 196 255 237 207 127],0.0,93 B4 30 C4 FF ED CF 7F,0x06F,00000004
142.15744999999998,9.0,111,0.0,8,8.0,[  9 156 144  73 255 253 239 127],0.0,09 9C 90 49 FF FD EF 7F,0x06F,00000002
142.15805,9.0,101,0.0,1,1.0,[0 0 0 0 0 0 0 0],0.0,00 00 00 00 00 00 00 00,0x065,00000002
142.16615,9.0,101,0.0,1,1.0,[0 0 0 0 0 0 0 0],0.0,00 00 00 00 00 00 00 00,0x065,00000004
142.16699999999997,9.0,111,0.0,8,8.0,[147 172  80  68 255 253 239 127],0.0,93 AC 50 44 FF FD EF 7F,0x06F,00000004
142.35545,9.0,111,0.0,8,8.0,[  9 156 144  73 255 253 239 127],0.0,09 9C 90 49 FF FD EF 7F,0x06F,00000002
142.35604999999998,9.0,101,0.0,1,1.0,[0 0 0 0 0 0 0 0],0.0,00 00 00 00 00 00 00 00,0x065,00000002
142.3637,9.0,111,0.0,8,8.0,[139 164  48 196 254   9 208 127],0.0,8B A4 30 C4 FE 09 D0 7F,0x06F,00000004
142.36434999999997,9.0,101,0.0,1,1.0,[0 0 0 0 0 0 0 0],0.0,00 00 00 00 00 00 00 00,0x065,00000004
142.5539,9.0,101,0.0,1,1.0,[0 0 0 0 0 0 0 0],0.0,00 00 00 00 00 00 00 00,0x065,00000002
142.55495,9.0,111,0.0,8,8.0,[  9 156 144  73 255 253 239 127],0.0,09 9C 90 49 FF FD EF 7F,0x06F,00000002
142.5622,9.0,101,0.0,1,1.0,[0 0 0 0 0 0 0 0],0.0,00 00 00 00 00 00 00 00,0x065,00000004
142.56365,9.0,111,0.0,8,8.0,[139 156 112  68 254  13  48 128],0.0,8B 9C 70 44 FE 0D 30 80,0x06F,00000004
142.75144999999998,9.0,111,0.0,8,8.0,[  9 156 144  73 255 253 239 127],0.0,09 9C 90 49 FF FD EF 7F,0x06F,00000002
142.75205,9.0,101,0.0,1,1.0,[0 0 0 0 0 0 0 0],0.0,00 00 00 00 00 00 00 00,0x065,00000002
142.7602,9.0,101,0.0,1,1.0,[0 0 0 0 0 0 0 0],0.0,00 00 00 00 00 00 00 00,0x065,00000004
142.76164999999997,9.0,111,0.0,8,8.0,[137 164  80 196 254 253 175 127],0.0,89 A4 50 C4 FE FD AF 7F,0x06F,00000004
142.94944999999998,9.0,111,0.0,8,8.0,[  9 156 144  73 255 253 239 127],0.0,09 9C 90 49 FF FD EF 7F,0x06F,00000002
142.95005,9.0,101,0.0,1,1.0,[0 0 0 0 0 0 0 0],0.0,00 00 00 00 00 00 00 00,0x065,00000002
142.9577,9.0,111,0.0,8,8.0,[141 140 112  68 253 213 239 127],0.0,8D 8C 70 44 FD D5 EF 7F,0x06F,00000004
142.95835,9.0,101,0.0,1,1.0,[0 0 0 0 0 0 0 0],0.0,00 00 00 00 00 00 00 00,0x065,00000004
143.14745,9.0,111,0.0,8,8.0,[  9 156 144  73 255 253 239 127],0.0,09 9C 90 49 FF FD EF 7F,0x06F,00000002
143.1481,9.0,101,0.0,1,1.0,[0 0 0 0 0 0 0 0],0.0,00 00 00 00 00 00 00 00,0x065,00000002
143.15619999999998,9.0,101,0.0,1,1.0,[0 0 0 0 0 0 0 0],0.0,00 00 00 00 00 00 00 00,0x065,00000004
143.15765,9.0,111,0.0,8,8.0,[143 140  48  68 254   1 176 127],0.0,8F 8C 30 44 FE 01 B0 7F,0x06F,00000004
143.34545,9.0,111,0.0,8,8.0,[  9 156 144  73 255 253 239 127],0.0,09 9C 90 49 FF FD EF 7F,0x06F,00000002
143.34609999999998,9.0,101,0.0,1,1.0,[0 0 0 0 0 0 0 0],0.0,00 00 00 00 00 00 00 00,0x065,00000002
143.35369999999998,9.0,111,0.0,8,8.0,[141 132 112 196 253 225 175 127],0.0,8D 84 70 C4 FD E1 AF 7F,0x06F,00000004
143.35434999999998,9.0,101,0.0,1,1.0,[0 0 0 0 0 0 0 0],0.0,00 00 00 00 00 00 00 00,0x065,00000004
143.54344999999998,9.0,111,0.0,8,8.0,[  9 156 144  73 255 253 239 127],0.0,09 9C 90 49 FF FD EF 7F,0x06F,00000002
143.5441,9.0,101,0.0,1,1.0,[0 0 0 0 0 0 0 0],0.0,00 00 00 00 00 00 00 00,0x065,00000002
143.55169999999998,9.0,111,0.0,8,8.0,[145 132  16  68 253   1  48 128],0.0,91 84 10 44 FD 01 30 80,0x06F,00000004
143.55235,9.0,101,0.0,1,1.0,[0 0 0 0 0 0 0 0],0.0,00 00 00 00 00 00 00 00,0x065,00000004
143.74145,9.0,111,0.0,8,8.0,[  9 156 144  73 255 253 239 127],0.0,09 9C 90 49 FF FD EF 7F,0x06F,00000002
143.7421,9.0,101,0.0,1,1.0,[0 0 0 0 0 0 0 0],0.0,00 00 00 00 00 00 00 00,0x065,00000002
143.7497,9.0,111,0.0,8,8.0,[137 132 240 195 253  17 176 127],0.0,89 84 F0 C3 FD 11 B0 7F,0x06F,00000004
143.75035,9.0,101,0.0,1,1.0,[0 0 0 0 0 0 0 0],0.0,00 00 00 00 00 00 00 00,0x065,00000004
143.93945,9.0,111,0.0,8,8.0,[  9 156 144  73 255 253 239 127],0.0,09 9C 90 49 FF FD EF 7F,0x06F,00000002
143.9401,9.0,101,0.0,1,1.0,[0 0 0 0 0 0 0 0],0.0,00 00 00 00 00 00 00 00,0x065,00000002
143.94819999999999,9.0,101,0.0,1,1.0,[0 0 0 0 0 0 0 0],0.0,00 00 00 00 00 00 00 00,0x065,00000004
143.94985,9.0,111,0.0,8,8.0,[143 116  80  68 254  13 176 127],0.0,8F 74 50 44 FE 0D B0 7F,0x06F,00000004
144.13745,9.0,111,0.0,8,8.0,[  9 156 144  73 255 253 239 127],0.0,09 9C 90 49 FF FD EF 7F,0x06F,00000002
144.13809999999998,9.0,101,0.0,1,1.0,[0 0 0 0 0 0 0 0],0.0,00 00 00 00 00 00 00 00,0x065,00000002
144.14569999999998,9.0,111,0.0,8,8.0,[137  28  16  68 253 225  15 128],0.0,89 1C 10 44 FD E1 0F 80,0x06F,00000004
144.14634999999998,9.0,101,0.0,1,1.0,[0 0 0 0 0 0 0 0],0.0,00 00 00 00 00 00 00 00,0x065,00000004
144.33544999999998,9.0,111,0.0,8,8.0,[  9 156 144  73 255   1 240 127],0.0,09 9C 90 49 FF 01 F0 7F,0x06F,00000002
144.3361,9.0,101,0.0,1,1.0,[0 0 0 0 0 0 0 0],0.0,00 00 00 00 00 00 00 00,0x065,00000002
144.34419999999997,9.0,101,0.0,1,1.0,[0 0 0 0 0 0 0 0],0.0,00 00 00 00 00 00 00 00,0x065,00000004
144.34564999999998,9.0,111,0.0,8,8.0,[143 212  15 196 252 253 207 127],0.0,8F D4 0F C4 FC FD CF 7F,0x06F,00000004
144.53345,9.0,111,0.0,8,8.0,[  9 156 144  73 255 253 239 127],0.0,09 9C 90 49 FF FD EF 7F,0x06F,00000002
144.5341,9.0,101,0.0,1,1.0,[0 0 0 0 0 0 0 0],0.0,00 00 00 00 00 00 00 00,0x065,00000002
144.5417,9.0,111,0.0,8,8.0,[141 212 111  68 254  17 176 127],0.0,8D D4 6F 44 FE 11 B0 7F,0x06F,00000004
144.54235,9.0,101,0.0,1,1.0,[0 0 0 0 0 0 0 0],0.0,00 00 00 00 00 00 00 00,0x065,00000004
144.73145,9.0,111,0.0,8,8.0,[  9 156 144  73 255 253 239 127],0.0,09 9C 90 49 FF FD EF 7F,0x06F,00000002
144.7321,9.0,101,0.0,1,1.0,[0 0 0 0 0 0 0 0],0.0,00 00 00 00 00 00 00 00,0x065,00000002
144.7397,9.0,111,0.0,8,8.0,[139 212 111  68 254   9  16 128],0.0,8B D4 6F 44 FE 09 10 80,0x06F,00000004
144.74034999999998,9.0,101,0.0,1,1.0,[0 0 0 0 0 0 0 0],0.0,00 00 00 00 00 00 00 00,0x065,00000004
144.92945,9.0,111,0.0,8,8.0,[  9 156 144  73 255 253 239 127],0.0,09 9C 90 49 FF FD EF 7F,0x06F,00000002
144.93009999999998,9.0,101,0.0,1,1.0,[0 0 0 0 0 0 0 0],0.0,00 00 00 00 00 00 00 00,0x065,00000002
144.93775,9.0,111,0.0,8,8.0,[135 196  15 196 253   1 240 127],0.0,87 C4 0F C4 FD 01 F0 7F,0x06F,00000004
144.93839999999997,9.0,101,0.0,1,1.0,[0 0 0 0 0 0 0 0],0.0,00 00 00 00 00 00 00 00,0x065,00000004
145.12744999999998,9.0,111,0.0,8,8.0,[  9 156 144 201 254 253 239 127],0.0,09 9C 90 C9 FE FD EF 7F,0x06F,00000002
145.1281,9.0,101,0.0,1,1.0,[0 0 0 0 0 0 0 0],0.0,00 00 00 00 00 00 00 00,0x065,00000002
145.13574999999997,9.0,111,0.0,8,8.0,[141 116  47 196 252 245 207 127],0.0,8D 74 2F C4 FC F5 CF 7F,0x06F,00000004
145.13639999999998,9.0,101,0.0,1,1.0,[0 0 0 0 0 0 0 0],0.0,00 00 00 00 00 00 00 00,0x065,00000004
145.32545,9.0,111,0.0,8,8.0,[  9 156 144  73 255 253 239 127],0.0,09 9C 90 49 FF FD EF 7F,0x06F,00000002
145.3261,9.0,101,0.0,1,1.0,[0 0 0 0 0 0 0 0],0.0,00 00 00 00 00 00 00 00,0x065,00000002
145.33374999999998,9.0,111,0.0,8,8.0,[139  84 143  67 253 241 239 127],0.0,8B 54 8F 43 FD F1 EF 7F,0x06F,00000004
145.33434999999997,9.0,101,0.0,1,1.0,[0 0 0 0 0 0 0 0],0.0,00 00 00 00 00 00 00 00,0x065,00000004
145.52345,9.0,111,0.0,8,8.0,[  9 156 144  73 255 253 239 127],0.0,09 9C 90 49 FF FD EF 7F,0x06F,00000002
145.52445,9.0,101,0.0,1,1.0,[0 0 0 0 0 0 0 0],0.0,00 00 00 00 00 00 00 00,0x065,00000002
145.53175,9.0,111,0.0,8,8.0,[135  84 175  67 254   9 208 127],0.0,87 54 AF 43 FE 09 D0 7F,0x06F,00000004
145.53234999999998,9.0,101,0.0,1,1.0,[0 0 0 0 0 0 0 0],0.0,00 00 00 00 00 00 00 00,0x065,00000004
145.72145,9.0,111,0.0,8,8.0,[  9 156 144  73 255 253 239 127],0.0,09 9C 90 49 FF FD EF 7F,0x06F,00000002
145.72225,9.0,101,0.0,1,1.0,[0 0 0 0 0 0 0 0],0.0,00 00 00 00 00 00 00 00,0x065,00000002
145.72975,9.0,111,0.0,8,8.0,[137  52 143 195 254 169 207 127],0.0,89 34 8F C3 FE A9 CF 7F,0x06F,00000004
145.73035,9.0,101,0.0,1,1.0,[0 0 0 0 0 0 0 0],0.0,00 00 00 00 00 00 00 00,0x065,00000004
145.9195,9.0,111,0.0,8,8.0,[  9 156 144  73 255 253 239 127],0.0,09 9C 90 49 FF FD EF 7F,0x06F,00000002
145.92024999999998,9.0,101,0.0,1,1.0,[0 0 0 0 0 0 0 0],0.0,00 00 00 00 00 00 00 00,0x065,00000002
145.92774999999997,9.0,111,0.0,8,8.0,[133  68 175  67 250 229  79 129],0.0,85 44 AF 43 FA E5 4F 81,0x06F,00000004
145.92835,9.0,101,0.0,1,1.0,[0 0 0 0 0 0 0 0],0.0,00 00 00 00 00 00 00 00,0x065,00000004
146.11749999999998,9.0,111,0.0,8,8.0,[  9 156 144  73 255 253 239 127],0.0,09 9C 90 49 FF FD EF 7F,0x06F,00000002
146.11849999999998,9.0,101,0.0,1,1.0,[0 0 0 0 0 0 0 0],0.0,00 00 00 00 00 00 00 00,0x065,00000002
146.12574999999998,9.0,111,0.0,8,8.0,[143  44 239 196 255  93 240 126],0.0,8F 2C EF C4 FF 5D F0 7E,0x06F,00000004
146.12634999999997,9.0,101,0.0,1,1.0,[0 0 0 0 0 0 0 0],0.0,00 00 00 00 00 00 00 00,0x065,00000004
146.3155,9.0,111,0.0,8,8.0,[  9 156 144  73 255 253 239 127],0.0,09 9C 90 49 FF FD EF 7F,0x06F,00000002
146.3165,9.0,101,0.0,1,1.0,[0 0 0 0 0 0 0 0],0.0,00 00 00 00 00 00 00 00,0x065,00000002
146.32375,9.0,111,0.0,8,8.0,[133  44 239 195 252 197  47 128],0.0,85 2C EF C3 FC C5 2F 80,0x06F,00000004
146.32449999999997,9.0,101,0.0,1,1.0,[0 0 0 0 0 0 0 0],0.0,00 00 00 00 00 00 00 00,0x065,00000004
146.5135,9.0,111,0.0,8,8.0,[  9 156 144  73 255 253 239 127],0.0,09 9C 90 49 FF FD EF 7F,0x06F,00000002
146.51434999999998,9.0,101,0.0,1,1.0,[0 0 0 0 0 0 0 0],0.0,00 00 00 00 00 00 00 00,0x065,00000002
146.52175,9.0,111,0.0,8,8.0,[135  52 239  67 254 173 207 127],0.0,87 34 EF 43 FE AD CF 7F,0x06F,00000004
146.52239999999998,9.0,101,0.0,1,1.0,[0 0 0 0 0 0 0 0],0.0,00 00 00 00 00 00 00 00,0x065,00000004
146.7115,9.0,111,0.0,8,8.0,[  9 156 144  73 255 253 239 127],0.0,09 9C 90 49 FF FD EF 7F,0x06F,00000002
146.71249999999998,9.0,101,0.0,1,1.0,[0 0 0 0 0 0 0 0],0.0,00 00 00 00 00 00 00 00,0x065,00000002
146.71974999999998,9.0,111,0.0,8,8.0,[157  36 207 196 252 237  47 128],0.0,9D 24 CF C4 FC ED 2F 80,0x06F,00000004
146.72039999999998,9.0,101,0.0,1,1.0,[0 0 0 0 0 0 0 0],0.0,00 00 00 00 00 00 00 00,0x065,00000004
146.90949999999998,9.0,111,0.0,8,8.0,[  9 156 144 201 254 249 239 127],0.0,09 9C 90 C9 FE F9 EF 7F,0x06F,00000002
146.91049999999998,9.0,101,0.0,1,1.0,[0 0 0 0 0 0 0 0],0.0,00 00 00 00 00 00 00 00,0x065,00000002
146.91774999999998,9.0,111,0.0,8,8.0,[143  20 175  68 255 169  79 127],0.0,8F 14 AF 44 FF A9 4F 7F,0x06F,00000004
146.9186,9.0,101,0.0,1,1.0,[0 0 0 0 0 0 0 0],0.0,00 00 00 00 00 00 00 00,0x065,00000004
147.1075,9.0,111,0.0,8,8.0,[  9 156 144  73 255 253 239 127],0.0,09 9C 90 49 FF FD EF 7F,0x06F,00000002
147.1085,9.0,101,0.0,1,1.0,[0 0 0 0 0 0 0 0],0.0,00 00 00 00 00 00 00 00,0x065,00000002
147.11575,9.0,111,0.0,8,8.0,[141  28 143 196 254 113  80 127],0.0,8D 1C 8F C4 FE 71 50 7F,0x06F,00000004
147.1164,9.0,101,0.0,1,1.0,[0 0 0 0 0 0 0 0],0.0,00 00 00 00 00 00 00 00,0x065,00000004
147.3055,9.0,111,0.0,8,8.0,[  9 156 144  73 255 253 239 127],0.0,09 9C 90 49 FF FD EF 7F,0x06F,00000002
147.3065,9.0,101,0.0,1,1.0,[0 0 0 0 0 0 0 0],0.0,00 00 00 00 00 00 00 00,0x065,00000002
147.31375,9.0,111,0.0,8,8.0,[129  12  47  68 254  41 240 127],0.0,81 0C 2F 44 FE 29 F0 7F,0x06F,00000004
147.31439999999998,9.0,101,0.0,1,1.0,[0 0 0 0 0 0 0 0],0.0,00 00 00 00 00 00 00 00,0x065,00000004
147.5035,9.0,111,0.0,8,8.0,[  9 156 144  73 255 253 239 127],0.0,09 9C 90 49 FF FD EF 7F,0x06F,00000002
147.50449999999998,9.0,101,0.0,1,1.0,[0 0 0 0 0 0 0 0],0.0,00 00 00 00 00 00 00 00,0x065,00000002
147.51174999999998,9.0,111,0.0,8,8.0,[135  36 175  68 254   9 144 127],0.0,87 24 AF 44 FE 09 90 7F,0x06F,00000004
147.51254999999998,9.0,101,0.0,1,1.0,[0 0 0 0 0 0 0 0],0.0,00 00 00 00 00 00 00 00,0x065,00000004
147.70149999999998,9.0,111,0.0,8,8.0,[  9 156 144  73 255 253 239 127],0.0,09 9C 90 49 FF FD EF 7F,0x06F,00000002
147.7025,9.0,101,0.0,1,1.0,[0 0 0 0 0 0 0 0],0.0,00 00 00 00 00 00 00 00,0x065,00000002
147.70974999999999,9.0,111,0.0,8,8.0,[139  28  15 196 253   1  16 128],0.0,8B 1C 0F C4 FD 01 10 80,0x06F,00000004
147.7104,9.0,101,0.0,1,1.0,[0 0 0 0 0 0 0 0],0.0,00 00 00 00 00 00 00 00,0x065,00000004
147.8995,9.0,111,0.0,8,8.0,[  9 156 144  73 255 253 239 127],0.0,09 9C 90 49 FF FD EF 7F,0x06F,00000002
147.9005,9.0,101,0.0,1,1.0,[0 0 0 0 0 0 0 0],0.0,00 00 00 00 00 00 00 00,0x065,00000002
147.90775,9.0,111,0.0,8,8.0,[131  28  15 196 253 245 239 127],0.0,83 1C 0F C4 FD F5 EF 7F,0x06F,00000004
147.90859999999998,9.0,101,0.0,1,1.0,[0 0 0 0 0 0 0 0],0.0,00 00 00 00 00 00 00 00,0x065,00000004
148.0975,9.0,111,0.0,8,8.0,[  7 156 144  73 255 253 239 127],0.0,07 9C 90 49 FF FD EF 7F,0x06F,00000002
148.0985,9.0,101,0.0,1,1.0,[0 0 0 0 0 0 0 0],0.0,00 00 00 00 00 00 00 00,0x065,00000002
148.10574999999997,9.0,111,0.0,8,8.0,[139  28 143 196 253  17 240 127],0.0,8B 1C 8F C4 FD 11 F0 7F,0x06F,00000004
148.1066,9.0,101,0.0,1,1.0,[0 0 0 0 0 0 0 0],0.0,00 00 00 00 00 00 00 00,0x065,00000004
148.2955,9.0,111,0.0,8,8.0,[  9 156 144  73 255 253 239 127],0.0,09 9C 90 49 FF FD EF 7F,0x06F,00000002
148.29649999999998,9.0,101,0.0,1,1.0,[0 0 0 0 0 0 0 0],0.0,00 00 00 00 00 00 00 00,0x065,00000002
148.30374999999998,9.0,111,0.0,8,8.0,[133  36 175  68 254  17 240 127],0.0,85 24 AF 44 FE 11 F0 7F,0x06F,00000004
148.3044,9.0,101,0.0,1,1.0,[0 0 0 0 0 0 0 0],0.0,00 00 00 00 00 00 00 00,0x065,00000004
148.49349999999998,9.0,111,0.0,8,8.0,[  9 156 144  73 255 253 239 127],0.0,09 9C 90 49 FF FD EF 7F,0x06F,00000002
148.4945,9.0,101,0.0,1,1.0,[0 0 0 0 0 0 0 0],0.0,00 00 00 00 00 00 00 00,0x065,00000002
148.50175,9.0,111,0.0,8,8.0,[137  28 143 196 254 249 239 127],0.0,89 1C 8F C4 FE F9 EF 7F,0x06F,00000004
148.5024,9.0,101,0.0,1,1.0,[0 0 0 0 0 0 0 0],0.0,00 00 00 00 00 00 00 00,0x065,00000004
148.6915,9.0,111,0.0,8,8.0,[  9 156 144  73 255 253 239 127],0.0,09 9C 90 49 FF FD EF 7F,0x06F,00000002
148.69254999999998,9.0,101,0.0,1,1.0,[0 0 0 0 0 0 0 0],0.0,00 00 00 00 00 00 00 00,0x065,00000002
148.70049999999998,9.0,101,0.0,1,1.0,[0 0 0 0 0 0 0 0],0.0,00 00 00 00 00 00 00 00,0x065,00000004
148.702,9.0,111,0.0,8,8.0,[137  28 143  68 255   9 176 127],0.0,89 1C 8F 44 FF 09 B0 7F,0x06F,00000004
148.8895,9.0,111,0.0,8,8.0,[  9 156 144  73 255 253 239 127],0.0,09 9C 90 49 FF FD EF 7F,0x06F,00000002
148.89055,9.0,101,0.0,1,1.0,[0 0 0 0 0 0 0 0],0.0,00 00 00 00 00 00 00 00,0x065,00000002
148.89774999999997,9.0,111,0.0,8,8.0,[135  28 111  68 255 225 207 127],0.0,87 1C 6F 44 FF E1 CF 7F,0x06F,00000004
148.89854999999997,9.0,101,0.0,1,1.0,[0 0 0 0 0 0 0 0],0.0,00 00 00 00 00 00 00 00,0x065,00000004
149.08749999999998,9.0,111,0.0,8,8.0,[  9 156 144  73 255 253 239 127],0.0,09 9C 90 49 FF FD EF 7F,0x06F,00000002
149.08849999999998,9.0,101,0.0,1,1.0,[0 0 0 0 0 0 0 0],0.0,00 00 00 00 00 00 00 00,0x065,00000002
149.0958,9.0,111,0.0,8,8.0,[133  28 143  68 254 237 239 127],0.0,85 1C 8F 44 FE ED EF 7F,0x06F,00000004
149.09664999999998,9.0,101,0.0,1,1.0,[0 0 0 0 0 0 0 0],0.0,00 00 00 00 00 00 00 00,0x065,00000004
149.09665099999998,9.0,102,0.0,6,6.0,[ 1 24 39 48 84 45  0  0],0.0,01 18 27 30 54 2D 00 00,0x066,00000004
149.28549999999998,9.0,111,0.0,8,8.0,[  9 156 144  73 255 253 239 127],0.0,09 9C 90 49 FF FD EF 7F,0x06F,00000002
149.2865,9.0,101,0.0,1,1.0,[0 0 0 0 0 0 0 0],0.0,00 00 00 00 00 00 00 00,0x065,00000002
149.29379999999998,9.0,111,0.0,8,8.0,[137  20 111  68 254 245 239 127],0.0,89 14 6F 44 FE F5 EF 7F,0x06F,00000004
149.29465,9.0,101,0.0,1,1.0,[0 0 0 0 0 0 0 0],0.0,00 00 00 00 00 00 00 00,0x065,00000004
149.294651,9.0,102,0.0,6,6.0,[  1 223  39  48  84  45   0   0],0.0,01 DF 27 30 54 2D 00 00,0x066,00000004
149.4835,9.0,111,0.0,8,8.0,[  9 156 144  73 255 253 239 127],0.0,09 9C 90 49 FF FD EF 7F,0x06F,00000002
149.49179999999998,9.0,111,0.0,8,8.0,[131  20  79  68 255 245 143 127],0.0,83 14 4F 44 FF F5 8F 7F,0x06F,00000004
149.49265,9.0,101,0.0,1,1.0,[0 0 0 0 0 0 0 0],0.0,00 00 00 00 00 00 00 00,0x065,00000004
149.492651,9.0,102,0.0,6,6.0,[  1 168  40  48  84  45   0   0],0.0,01 A8 28 30 54 2D 00 00,0x066,00000004
149.68179999999998,9.0,101,0.0,1,1.0,[0 0 0 0 0 0 0 0],0.0,00 00 00 00 00 00 00 00,0x065,00000002
149.68314999999998,9.0,111,0.0,8,8.0,[  9 156 144  73 255 253 239 127],0.0,09 9C 90 49 FF FD EF 7F,0x06F,00000002
149.6898,9.0,111,0.0,8,8.0,[137  36  79 196 254   9 176 127],0.0,89 24 4F C4 FE 09 B0 7F,0x06F,00000004
149.6906,9.0,101,0.0,1,1.0,[0 0 0 0 0 0 0 0],0.0,00 00 00 00 00 00 00 00,0x065,00000004
149.690601,9.0,102,0.0,6,6.0,[  1 112  41  48  84  45   0   0],0.0,01 70 29 30 54 2D 00 00,0x066,00000004
149.8798,9.0,101,0.0,1,1.0,[0 0 0 0 0 0 0 0],0.0,00 00 00 00 00 00 00 00,0x065,00000002
149.88115,9.0,111,0.0,8,8.0,[  9 156 144  73 255 253 239 127],0.0,09 9C 90 49 FF FD EF 7F,0x06F,00000002
149.8878,9.0,111,0.0,8,8.0,[135  60 143 196 254   1  16 128],0.0,87 3C 8F C4 FE 01 10 80,0x06F,00000004
149.88854999999998,9.0,101,0.0,1,1.0,[0 0 0 0 0 0 0 0],0.0,00 00 00 00 00 00 00 00,0x065,00000004
149.88855099999998,9.0,102,0.0,6,6.0,[ 1 55 42 48 84 45  0  0],0.0,01 37 2A 30 54 2D 00 00,0x066,00000004
150.0778,9.0,101,0.0,1,1.0,[0 0 0 0 0 0 0 0],0.0,00 00 00 00 00 00 00 00,0x065,00000002
150.0793,9.0,111,0.0,8,8.0,[  9 156 144 201 254 253 239 127],0.0,09 9C 90 C9 FE FD EF 7F,0x06F,00000002
150.08579999999998,9.0,111,0.0,8,8.0,[139  84 111  68 255  13 112 127],0.0,8B 54 6F 44 FF 0D 70 7F,0x06F,00000004
150.08655,9.0,101,0.0,1,1.0,[0 0 0 0 0 0 0 0],0.0,00 00 00 00 00 00 00 00,0x065,00000004
150.086551,9.0,102,0.0,6,6.0,[ 1  0 43 48 84 45  0  0],0.0,01 00 2B 30 54 2D 00 00,0x066,00000004
150.27599999999998,9.0,101,0.0,1,1.0,[0 0 0 0 0 0 0 0],0.0,00 00 00 00 00 00 00 00,0x065,00000002
150.2771,9.0,111,0.0,8,8.0,[  9 156 144 201 254 253 239 127],0.0,09 9C 90 C9 FE FD EF 7F,0x06F,00000002
150.28379999999999,9.0,111,0.0,8,8.0,[139 204 111  68   1  10 208 126],0.0,8B CC 6F 44 01 0A D0 7E,0x06F,00000004
150.2848,9.0,101,0.0,1,1.0,[0 0 0 0 0 0 0 0],0.0,00 00 00 00 00 00 00 00,0x065,00000004
150.284801,9.0,102,0.0,6,6.0,[  1 199  43  48  84  45   0   0],0.0,01 C7 2B 30 54 2D 00 00,0x066,00000004
150.47379999999998,9.0,101,0.0,1,1.0,[0 0 0 0 0 0 0 0],0.0,00 00 00 00 00 00 00 00,0x065,00000002
150.47514999999999,9.0,111,0.0,8,8.0,[  9 156 144 201 254 253 239 127],0.0,09 9C 90 C9 FE FD EF 7F,0x06F,00000002
150.4818,9.0,111,0.0,8,8.0,[137 204 111 196 254  13 208 127],0.0,89 CC 6F C4 FE 0D D0 7F,0x06F,00000004
150.48334999999997,9.0,101,0.0,1,1.0,[0 0 0 0 0 0 0 0],0.0,00 00 00 00 00 00 00 00,0x065,00000004
150.483351,9.0,102,0.0,6,6.0,[  1 144  44  48  84  45   0   0],0.0,01 90 2C 30 54 2D 00 00,0x066,00000004
150.6718,9.0,101,0.0,1,1.0,[0 0 0 0 0 0 0 0],0.0,00 00 00 00 00 00 00 00,0x065,00000002
150.67315,9.0,111,0.0,8,8.0,[  9 156 144  73 255 253 239 127],0.0,09 9C 90 49 FF FD EF 7F,0x06F,00000002
150.67979999999997,9.0,111,0.0,8,8.0,[137 212  47 196 254   5  16 128],0.0,89 D4 2F C4 FE 05 10 80,0x06F,00000004
150.68064999999999,9.0,101,0.0,1,1.0,[0 0 0 0 0 0 0 0],0.0,00 00 00 00 00 00 00 00,0x065,00000004
150.68065099999998,9.0,102,0.0,6,6.0,[ 1 88 45 48 84 45  0  0],0.0,01 58 2D 30 54 2D 00 00,0x066,00000004
150.8698,9.0,101,0.0,1,1.0,[0 0 0 0 0 0 0 0],0.0,00 00 00 00 00 00 00 00,0x065,00000002
150.87115,9.0,111,0.0,8,8.0,[  9 156 144  73 255 253 239 127],0.0,09 9C 90 49 FF FD EF 7F,0x06F,00000002
150.87779999999998,9.0,111,0.0,8,8.0,[137 212 111 196 254 253 207 127],0.0,89 D4 6F C4 FE FD CF 7F,0x06F,00000004
150.87855,9.0,101,0.0,1,1.0,[0 0 0 0 0 0 0 0],0.0,00 00 00 00 00 00 00 00,0x065,00000004
150.878551,9.0,102,0.0,6,6.0,[ 1 31 46 48 84 45  0  0],0.0,01 1F 2E 30 54 2D 00 00,0x066,00000004
151.06779999999998,9.0,101,0.0,1,1.0,[0 0 0 0 0 0 0 0],0.0,00 00 00 00 00 00 00 00,0x065,00000002
151.06924999999998,9.0,111,0.0,8,8.0,[  9 156 144  73 255 253 239 127],0.0,09 9C 90 49 FF FD EF 7F,0x06F,00000002
151.0758,9.0,111,0.0,8,8.0,[137 204  47  68 255   1 208 127],0.0,89 CC 2F 44 FF 01 D0 7F,0x06F,00000004
151.07655,9.0,101,0.0,1,1.0,[0 0 0 0 0 0 0 0],0.0,00 00 00 00 00 00 00 00,0x065,00000004
151.076551,9.0,102,0.0,6,6.0,[  1 232  46  48  84  45   0   0],0.0,01 E8 2E 30 54 2D 00 00,0x066,00000004
151.26579999999998,9.0,101,0.0,1,1.0,[0 0 0 0 0 0 0 0],0.0,00 00 00 00 00 00 00 00,0x065,00000002
151.26715,9.0,111,0.0,8,8.0,[  9 156 144  73 255 253 239 127],0.0,09 9C 90 49 FF FD EF 7F,0x06F,00000002
151.2738,9.0,111,0.0,8,8.0,[141 204 175 196 254 245 239 127],0.0,8D CC AF C4 FE F5 EF 7F,0x06F,00000004
151.2746,9.0,101,0.0,1,1.0,[0 0 0 0 0 0 0 0],0.0,00 00 00 00 00 00 00 00,0x065,00000004
151.274601,9.0,102,0.0,6,6.0,[  1 175  47  48  84  45   0   0],0.0,01 AF 2F 30 54 2D 00 00,0x066,00000004
151.464,9.0,101,0.0,1,1.0,[0 0 0 0 0 0 0 0],0.0,00 00 00 00 00 00 00 00,0x065,00000002
151.46515,9.0,111,0.0,8,8.0,[  9 156 144  73 255 253 239 127],0.0,09 9C 90 49 FF FD EF 7F,0x06F,00000002
151.47179999999997,9.0,111,0.0,8,8.0,[137 212 175 196 254   9  16 128],0.0,89 D4 AF C4 FE 09 10 80,0x06F,00000004
151.47279999999998,9.0,101,0.0,1,1.0,[0 0 0 0 0 0 0 0],0.0,00 00 00 00 00 00 00 00,0x065,00000004
151.47280099999998,9.0,102,0.0,6,6.0,[  1 120  48  48  84  45   0   0],0.0,01 78 30 30 54 2D 00 00,0x066,00000004
151.6618,9.0,101,0.0,1,1.0,[0 0 0 0 0 0 0 0],0.0,00 00 00 00 00 00 00 00,0x065,00000002
151.66315,9.0,111,0.0,8,8.0,[  9 156 144  73 255 253 239 127],0.0,09 9C 90 49 FF FD EF 7F,0x06F,00000002
151.66979999999998,9.0,111,0.0,8,8.0,[135 228 111  68 255   5 144 127],0.0,87 E4 6F 44 FF 05 90 7F,0x06F,00000004
151.67069999999998,9.0,101,0.0,1,1.0,[0 0 0 0 0 0 0 0],0.0,00 00 00 00 00 00 00 00,0x065,00000004
151.67070099999998,9.0,102,0.0,6,6.0,[ 1 64 49 48 84 45  0  0],0.0,01 40 31 30 54 2D 00 00,0x066,00000004
151.86005,9.0,101,0.0,1,1.0,[0 0 0 0 0 0 0 0],0.0,00 00 00 00 00 00 00 00,0x065,00000002
151.86114999999998,9.0,111,0.0,8,8.0,[  9 156 144  73 255 253 239 127],0.0,09 9C 90 49 FF FD EF 7F,0x06F,00000002
151.8678,9.0,111,0.0,8,8.0,[141 228 111 196 254 249 239 127],0.0,8D E4 6F C4 FE F9 EF 7F,0x06F,00000004
151.8687,9.0,101,0.0,1,1.0,[0 0 0 0 0 0 0 0],0.0,00 00 00 00 00 00 00 00,0x065,00000004
151.868701,9.0,102,0.0,6,6.0,[ 1  7 50 48 84 45  0  0],0.0,01 07 32 30 54 2D 00 00,0x066,00000004
152.05804999999998,9.0,101,0.0,1,1.0,[0 0 0 0 0 0 0 0],0.0,00 00 00 00 00 00 00 00,0x065,00000002
152.05929999999998,9.0,111,0.0,8,8.0,[  9 156 144 201 254 253 239 127],0.0,09 9C 90 C9 FE FD EF 7F,0x06F,00000002
152.0658,9.0,111,0.0,8,8.0,[139 236 143 196 254   9 208 127],0.0,8B EC 8F C4 FE 09 D0 7F,0x06F,00000004
152.06685,9.0,101,0.0,1,1.0,[0 0 0 0 0 0 0 0],0.0,00 00 00 00 00 00 00 00,0x065,00000004
152.06685099999999,9.0,102,0.0,6,6.0,[  1 208  50  48  84  45   0   0],0.0,01 D0 32 30 54 2D 00 00,0x066,00000004
152.2558,9.0,101,0.0,1,1.0,[0 0 0 0 0 0 0 0],0.0,00 00 00 00 00 00 00 00,0x065,00000002
152.25715,9.0,111,0.0,8,8.0,[  9 156 144  73 255 253 239 127],0.0,09 9C 90 49 FF FD EF 7F,0x06F,00000002
152.26379999999997,9.0,111,0.0,8,8.0,[137   4 208  68 255   1 112 127],0.0,89 04 D0 44 FF 01 70 7F,0x06F,00000004
152.26459999999997,9.0,101,0.0,1,1.0,[0 0 0 0 0 0 0 0],0.0,00 00 00 00 00 00 00 00,0x065,00000004
152.264601,9.0,102,0.0,6,6.0,[  1 151  51  48  84  45   0   0],0.0,01 97 33 30 54 2D 00 00,0x066,00000004
152.4538,9.0,101,0.0,1,1.0,[0 0 0 0 0 0 0 0],0.0,00 00 00 00 00 00 00 00,0x065,00000002
152.45515,9.0,111,0.0,8,8.0,[  9 156 144  73 255 253 239 127],0.0,09 9C 90 49 FF FD EF 7F,0x06F,00000002
152.46179999999998,9.0,111,0.0,8,8.0,[139  12 176 196 255 241 111 127],0.0,8B 0C B0 C4 FF F1 6F 7F,0x06F,00000004
152.4628,9.0,101,0.0,1,1.0,[0 0 0 0 0 0 0 0],0.0,00 00 00 00 00 00 00 00,0x065,00000004
152.46280099999998,9.0,102,0.0,6,6.0,[ 1 96 52 48 84 45  0  0],0.0,01 60 34 30 54 2D 00 00,0x066,00000004
152.65205,9.0,101,0.0,1,1.0,[0 0 0 0 0 0 0 0],0.0,00 00 00 00 00 00 00 00,0x065,00000002
152.65314999999998,9.0,111,0.0,8,8.0,[  9 156 144  73 255 253 239 127],0.0,09 9C 90 49 FF FD EF 7F,0x06F,00000002
152.6598,9.0,111,0.0,8,8.0,[137  28  80  68 254 245 207 127],0.0,89 1C 50 44 FE F5 CF 7F,0x06F,00000004
152.6615,9.0,101,0.0,1,1.0,[0 0 0 0 0 0 0 0],0.0,00 00 00 00 00 00 00 00,0x065,00000004
152.661501,9.0,102,0.0,6,6.0,[ 1 40 53 48 84 45  0  0],0.0,01 28 35 30 54 2D 00 00,0x066,00000004
152.85004999999998,9.0,101,0.0,1,1.0,[0 0 0 0 0 0 0 0],0.0,00 00 00 00 00 00 00 00,0x065,00000002
152.85115,9.0,111,0.0,8,8.0,[  9 156 144 201 254 253 239 127],0.0,09 9C 90 C9 FE FD EF 7F,0x06F,00000002
152.8578,9.0,111,0.0,8,8.0,[135  20 112 196 253 233  47 128],0.0,87 14 70 C4 FD E9 2F 80,0x06F,00000004
152.85879999999997,9.0,101,0.0,1,1.0,[0 0 0 0 0 0 0 0],0.0,00 00 00 00 00 00 00 00,0x065,00000004
152.858801,9.0,102,0.0,6,6.0,[  1 239  53  48  84  45   0   0],0.0,01 EF 35 30 54 2D 00 00,0x066,00000004
153.04805,9.0,101,0.0,1,1.0,[0 0 0 0 0 0 0 0],0.0,00 00 00 00 00 00 00 00,0x065,00000002
153.0493,9.0,111,0.0,8,8.0,[  9 156 144 201 254 253 239 127],0.0,09 9C 90 C9 FE FD EF 7F,0x06F,00000002
153.05579999999998,9.0,111,0.0,8,8.0,[139  60 112 196 254   1 208 127],0.0,8B 3C 70 C4 FE 01 D0 7F,0x06F,00000004
153.05669999999998,9.0,101,0.0,1,1.0,[0 0 0 0 0 0 0 0],0.0,00 00 00 00 00 00 00 00,0x065,00000004
153.05670099999998,9.0,102,0.0,6,6.0,[  1 184  54  48  84  45   0   0],0.0,01 B8 36 30 54 2D 00 00,0x066,00000004
153.24605,9.0,101,0.0,1,1.0,[0 0 0 0 0 0 0 0],0.0,00 00 00 00 00 00 00 00,0x065,00000002
153.2472,9.0,111,0.0,8,8.0,[  9 156 144  73 255 253 239 127],0.0,09 9C 90 49 FF FD EF 7F,0x06F,00000002
153.25379999999998,9.0,111,0.0,8,8.0,[141  76  80 196 253  21 208 127],0.0,8D 4C 50 C4 FD 15 D0 7F,0x06F,00000004
153.2548,9.0,101,0.0,1,1.0,[0 0 0 0 0 0 0 0],0.0,00 00 00 00 00 00 00 00,0x065,00000004
153.254801,9.0,102,0.0,6,6.0,[  1 127  55  48  84  45   0   0],0.0,01 7F 37 30 54 2D 00 00,0x066,00000004
153.44385,9.0,101,0.0,1,1.0,[0 0 0 0 0 0 0 0],0.0,00 00 00 00 00 00 00 00,0x065,00000002
153.4452,9.0,111,0.0,8,8.0,[  9 156 144  73 255 253 239 127],0.0,09 9C 90 49 FF FD EF 7F,0x06F,00000002
153.45184999999998,9.0,111,0.0,8,8.0,[141  92  80 196 254   1 112 127],0.0,8D 5C 50 C4 FE 01 70 7F,0x06F,00000004
153.4526,9.0,101,0.0,1,1.0,[0 0 0 0 0 0 0 0],0.0,00 00 00 00 00 00 00 00,0x065,00000004
153.452601,9.0,102,0.0,6,6.0,[ 1 72 56 48 84 45  0  0],0.0,01 48 38 30 54 2D 00 00,0x066,00000004
153.64204999999998,9.0,101,0.0,1,1.0,[0 0 0 0 0 0 0 0],0.0,00 00 00 00 00 00 00 00,0x065,00000002
153.64319999999998,9.0,111,0.0,8,8.0,[  9 156 144  73 255 253 239 127],0.0,09 9C 90 49 FF FD EF 7F,0x06F,00000002
153.64985,9.0,111,0.0,8,8.0,[141  92 176 196 254 237 143 127],0.0,8D 5C B0 C4 FE ED 8F 7F,0x06F,00000004
153.65085,9.0,101,0.0,1,1.0,[0 0 0 0 0 0 0 0],0.0,00 00 00 00 00 00 00 00,0x065,00000004
153.650851,9.0,102,0.0,6,6.0,[ 1 16 57 48 84 45  0  0],0.0,01 10 39 30 54 2D 00 00,0x066,00000004
153.84005,9.0,101,0.0,1,1.0,[0 0 0 0 0 0 0 0],0.0,00 00 00 00 00 00 00 00,0x065,00000002
153.8412,9.0,111,0.0,8,8.0,[  9 156 144  73 255 253 239 127],0.0,09 9C 90 49 FF FD EF 7F,0x06F,00000002
153.84785,9.0,111,0.0,8,8.0,[139 116  80  68 255 233  79 127],0.0,8B 74 50 44 FF E9 4F 7F,0x06F,00000004
153.84885,9.0,101,0.0,1,1.0,[0 0 0 0 0 0 0 0],0.0,00 00 00 00 00 00 00 00,0x065,00000004
153.848851,9.0,102,0.0,6,6.0,[  1 215  57  48  84  45   0   0],0.0,01 D7 39 30 54 2D 00 00,0x066,00000004
154.03805,9.0,101,0.0,1,1.0,[0 0 0 0 0 0 0 0],0.0,00 00 00 00 00 00 00 00,0x065,00000002
154.03934999999998,9.0,111,0.0,8,8.0,[  9 156 144  73 255 253 239 127],0.0,09 9C 90 49 FF FD EF 7F,0x06F,00000002
154.04584999999997,9.0,111,0.0,8,8.0,[139 132  48  68 254 237 207 127],0.0,8B 84 30 44 FE ED CF 7F,0x06F,00000004
154.04684999999998,9.0,101,0.0,1,1.0,[0 0 0 0 0 0 0 0],0.0,00 00 00 00 00 00 00 00,0x065,00000004
154.04685099999998,9.0,102,0.0,6,6.0,[  1 160  58  48  84  45   0   0],0.0,01 A0 3A 30 54 2D 00 00,0x066,00000004
154.23604999999998,9.0,101,0.0,1,1.0,[0 0 0 0 0 0 0 0],0.0,00 00 00 00 00 00 00 00,0x065,00000002
154.2372,9.0,111,0.0,8,8.0,[  9 156 144  73 255 253 239 127],0.0,09 9C 90 49 FF FD EF 7F,0x06F,00000002
154.24384999999998,9.0,111,0.0,8,8.0,[137 132  80  68 254  13  48 128],0.0,89 84 50 44 FE 0D 30 80,0x06F,00000004
154.2447,9.0,101,0.0,1,1.0,[0 0 0 0 0 0 0 0],0.0,00 00 00 00 00 00 00 00,0x065,00000004
154.244701,9.0,102,0.0,6,6.0,[  1 103  59  48  84  45   0   0],0.0,01 67 3B 30 54 2D 00 00,0x066,00000004
154.43404999999998,9.0,101,0.0,1,1.0,[0 0 0 0 0 0 0 0],0.0,00 00 00 00 00 00 00 00,0x065,00000002
154.43519999999998,9.0,111,0.0,8,8.0,[  9 156 144  73 255 253 239 127],0.0,09 9C 90 49 FF FD EF 7F,0x06F,00000002
154.44185,9.0,111,0.0,8,8.0,[141 156  80 196   0  14  48 127],0.0,8D 9C 50 C4 00 0E 30 7F,0x06F,00000004
154.44285,9.0,101,0.0,1,1.0,[0 0 0 0 0 0 0 0],0.0,00 00 00 00 00 00 00 00,0x065,00000004
154.442851,9.0,102,0.0,6,6.0,[ 1 48 60 48 84 45  0  0],0.0,01 30 3C 30 54 2D 00 00,0x066,00000004
154.63205,9.0,101,0.0,1,1.0,[0 0 0 0 0 0 0 0],0.0,00 00 00 00 00 00 00 00,0x065,00000002
154.6332,9.0,111,0.0,8,8.0,[  9 156 144  73 255 253 239 127],0.0,09 9C 90 49 FF FD EF 7F,0x06F,00000002
154.63979999999998,9.0,111,0.0,8,8.0,[141 172 240 196 255  25  48 127],0.0,8D AC F0 C4 FF 19 30 7F,0x06F,00000004
154.64084999999997,9.0,101,0.0,1,1.0,[0 0 0 0 0 0 0 0],0.0,00 00 00 00 00 00 00 00,0x065,00000004
154.640851,9.0,102,0.0,6,6.0,[  1 248  60  48  84  45   0   0],0.0,01 F8 3C 30 54 2D 00 00,0x066,00000004
154.83005,9.0,101,0.0,1,1.0,[0 0 0 0 0 0 0 0],0.0,00 00 00 00 00 00 00 00,0x065,00000002
154.8312,9.0,111,0.0,8,8.0,[  9 156 144  73 255 253 239 127],0.0,09 9C 90 49 FF FD EF 7F,0x06F,00000002
154.83784999999997,9.0,111,0.0,8,8.0,[139 196 112 196 254   5  16 128],0.0,8B C4 70 C4 FE 05 10 80,0x06F,00000004
154.8395,9.0,101,0.0,1,1.0,[0 0 0 0 0 0 0 0],0.0,00 00 00 00 00 00 00 00,0x065,00000004
154.83950099999998,9.0,102,0.0,6,6.0,[  1 191  61  48  84  45   0   0],0.0,01 BF 3D 30 54 2D 00 00,0x066,00000004
155.02804999999998,9.0,101,0.0,1,1.0,[0 0 0 0 0 0 0 0],0.0,00 00 00 00 00 00 00 00,0x065,00000002
155.03,9.0,111,0.0,8,8.0,[  9 156 144  73 255 253 239 127],0.0,09 9C 90 49 FF FD EF 7F,0x06F,00000002
155.03584999999998,9.0,111,0.0,8,8.0,[141 212  48 196 255   1 208 127],0.0,8D D4 30 C4 FF 01 D0 7F,0x06F,00000004
155.03685,9.0,101,0.0,1,1.0,[0 0 0 0 0 0 0 0],0.0,00 00 00 00 00 00 00 00,0x065,00000004
155.03685099999998,9.0,102,0.0,6,6.0,[  1 136  62  48  84  45   0   0],0.0,01 88 3E 30 54 2D 00 00,0x066,00000004
155.2256,9.0,111,0.0,8,8.0,[  9 156 144  73 255 253 239 127],0.0,09 9C 90 49 FF FD EF 7F,0x06F,00000002
155.22619999999998,9.0,101,0.0,1,1.0,[0 0 0 0 0 0 0 0],0.0,00 00 00 00 00 00 00 00,0x065,00000002
155.23385,9.0,111,0.0,8,8.0,[139 212 144  68 255 237 239 127],0.0,8B D4 90 44 FF ED EF 7F,0x06F,00000004
155.23485,9.0,101,0.0,1,1.0,[0 0 0 0 0 0 0 0],0.0,00 00 00 00 00 00 00 00,0x065,00000004
155.234851,9.0,102,0.0,6,6.0,[ 1 79 63 48 84 45  0  0],0.0,01 4F 3F 30 54 2D 00 00,0x066,00000004
155.4236,9.0,111,0.0,8,8.0,[  9 156 144 201 254 253 239 127],0.0,09 9C 90 C9 FE FD EF 7F,0x06F,00000002
155.42419999999998,9.0,101,0.0,1,1.0,[0 0 0 0 0 0 0 0],0.0,00 00 00 00 00 00 00 00,0x065,00000002
155.43185,9.0,111,0.0,8,8.0,[139 204 144  68 255 249 207 127],0.0,8B CC 90 44 FF F9 CF 7F,0x06F,00000004
155.433,9.0,101,0.0,1,1.0,[0 0 0 0 0 0 0 0],0.0,00 00 00 00 00 00 00 00,0x065,00000004
155.433001,9.0,102,0.0,6,6.0,[ 1 24 64 48 84 45  0  0],0.0,01 18 40 30 54 2D 00 00,0x066,00000004
155.62205,9.0,101,0.0,1,1.0,[0 0 0 0 0 0 0 0],0.0,00 00 00 00 00 00 00 00,0x065,00000002
155.6232,9.0,111,0.0,8,8.0,[  7 156 144  73 255 253 239 127],0.0,07 9C 90 49 FF FD EF 7F,0x06F,00000002
155.62984999999998,9.0,111,0.0,8,8.0,[141 196 176  68 255 201 239 127],0.0,8D C4 B0 44 FF C9 EF 7F,0x06F,00000004
155.8201,9.0,101,0.0,1,1.0,[0 0 0 0 0 0 0 0],0.0,00 00 00 00 00 00 00 00,0x065,00000002
155.8212,9.0,111,0.0,8,8.0,[  9 156 144  73 255 253 239 127],0.0,09 9C 90 49 FF FD EF 7F,0x06F,00000002
155.82809999999998,9.0,101,0.0,1,1.0,[0 0 0 0 0 0 0 0],0.0,00 00 00 00 00 00 00 00,0x065,00000004
155.82810099999998,9.0,102,0.0,6,6.0,[  1 224  64  48  84  45   0   0],0.0,01 E0 40 30 54 2D 00 00,0x066,00000004
155.82975,9.0,111,0.0,8,8.0,[143 188 144  68 254   5 112 128],0.0,8F BC 90 44 FE 05 70 80,0x06F,00000004
156.01805,9.0,101,0.0,1,1.0,[0 0 0 0 0 0 0 0],0.0,00 00 00 00 00 00 00 00,0x065,00000002
156.01935,9.0,111,0.0,8,8.0,[  9 156 144  73 255 253 239 127],0.0,09 9C 90 49 FF FD EF 7F,0x06F,00000002
156.02609999999999,9.0,101,0.0,1,1.0,[0 0 0 0 0 0 0 0],0.0,00 00 00 00 00 00 00 00,0x065,00000004
156.02610099999998,9.0,102,0.0,6,6.0,[  1 167  65  48  84  45   0   0],0.0,01 A7 41 30 54 2D 00 00,0x066,00000004
156.028,9.0,111,0.0,8,8.0,[139 172 208 196 255   9  48 127],0.0,8B AC D0 C4 FF 09 30 7F,0x06F,00000004
156.21609999999998,9.0,101,0.0,1,1.0,[0 0 0 0 0 0 0 0],0.0,00 00 00 00 00 00 00 00,0x065,00000002
156.2172,9.0,111,0.0,8,8.0,[  9 156 144  73 255 253 239 127],0.0,09 9C 90 49 FF FD EF 7F,0x06F,00000002
156.2241,9.0,101,0.0,1,1.0,[0 0 0 0 0 0 0 0],0.0,00 00 00 00 00 00 00 00,0x065,00000004
156.224101,9.0,102,0.0,6,6.0,[  1 112  66  48  84  45   0   0],0.0,01 70 42 30 54 2D 00 00,0x066,00000004
156.22574999999998,9.0,111,0.0,8,8.0,[131 172  48 196 251 249  79 129],0.0,83 AC 30 C4 FB F9 4F 81,0x06F,00000004
156.4136,9.0,111,0.0,8,8.0,[  9 156 144  73 255 253 239 127],0.0,09 9C 90 49 FF FD EF 7F,0x06F,00000002
156.41424999999998,9.0,101,0.0,1,1.0,[0 0 0 0 0 0 0 0],0.0,00 00 00 00 00 00 00 00,0x065,00000002
156.42209999999997,9.0,101,0.0,1,1.0,[0 0 0 0 0 0 0 0],0.0,00 00 00 00 00 00 00 00,0x065,00000004
156.422101,9.0,102,0.0,6,6.0,[ 1 55 67 48 84 45  0  0],0.0,01 37 43 30 54 2D 00 00,0x066,00000004
156.4246,9.0,111,0.0,8,8.0,[145 156 208  68   0   2 176 126],0.0,91 9C D0 44 00 02 B0 7E,0x06F,00000004
156.61159999999998,9.0,111,0.0,8,8.0,[  9 156 144  73 255 253 239 127],0.0,09 9C 90 49 FF FD EF 7F,0x06F,00000002
156.61225,9.0,101,0.0,1,1.0,[0 0 0 0 0 0 0 0],0.0,00 00 00 00 00 00 00 00,0x065,00000002
156.62009999999998,9.0,101,0.0,1,1.0,[0 0 0 0 0 0 0 0],0.0,00 00 00 00 00 00 00 00,0x065,00000004
156.62010099999998,9.0,102,0.0,6,6.0,[ 1  0 68 48 84 45  0  0],0.0,01 00 44 30 54 2D 00 00,0x066,00000004
156.62195,9.0,111,0.0,8,8.0,[155 148  48  69   1  42 240 126],0.0,9B 94 30 45 01 2A F0 7E,0x06F,00000004
156.81009999999998,9.0,101,0.0,1,1.0,[0 0 0 0 0 0 0 0],0.0,00 00 00 00 00 00 00 00,0x065,00000002
156.81119999999999,9.0,111,0.0,8,8.0,[  9 156 144  73 255 253 239 127],0.0,09 9C 90 49 FF FD EF 7F,0x06F,00000002
156.81814999999997,9.0,101,0.0,1,1.0,[0 0 0 0 0 0 0 0],0.0,00 00 00 00 00 00 00 00,0x065,00000004
156.81815099999997,9.0,102,0.0,6,6.0,[  1 200  68  48  84  45   0   0],0.0,01 C8 44 30 54 2D 00 00,0x066,00000004
156.81994999999998,9.0,111,0.0,8,8.0,[133 156 176  68 251 217 207 128],0.0,85 9C B0 44 FB D9 CF 80,0x06F,00000004
157.00809999999998,9.0,101,0.0,1,1.0,[0 0 0 0 0 0 0 0],0.0,00 00 00 00 00 00 00 00,0x065,00000002
157.00934999999998,9.0,111,0.0,8,8.0,[  9 156 144  73 255 253 239 127],0.0,09 9C 90 49 FF FD EF 7F,0x06F,00000002
157.01614999999998,9.0,101,0.0,1,1.0,[0 0 0 0 0 0 0 0],0.0,00 00 00 00 00 00 00 00,0x065,00000004
157.01615099999998,9.0,102,0.0,6,6.0,[  1 143  69  48  84  45   0   0],0.0,01 8F 45 30 54 2D 00 00,0x066,00000004
157.01805,9.0,111,0.0,8,8.0,[139 132  80 196 253 237 239 127],0.0,8B 84 50 C4 FD ED EF 7F,0x06F,00000004
157.2056,9.0,111,0.0,8,8.0,[  9 156 144 201 254 253 239 127],0.0,09 9C 90 C9 FE FD EF 7F,0x06F,00000002
157.20624999999998,9.0,101,0.0,1,1.0,[0 0 0 0 0 0 0 0],0.0,00 00 00 00 00 00 00 00,0x065,00000002
157.21435,9.0,101,0.0,1,1.0,[0 0 0 0 0 0 0 0],0.0,00 00 00 00 00 00 00 00,0x065,00000004
157.214351,9.0,102,0.0,6,6.0,[ 1 88 70 48 84 45  0  0],0.0,01 58 46 30 54 2D 00 00,0x066,00000004
157.21595,9.0,111,0.0,8,8.0,[137   4  16 196 252  57 208 128],0.0,89 04 10 C4 FC 39 D0 80,0x06F,00000004
157.4041,9.0,101,0.0,1,1.0,[0 0 0 0 0 0 0 0],0.0,00 00 00 00 00 00 00 00,0x065,00000002
157.40525,9.0,111,0.0,8,8.0,[  9 156 144  73 255 253 239 127],0.0,09 9C 90 49 FF FD EF 7F,0x06F,00000002
157.41215,9.0,101,0.0,1,1.0,[0 0 0 0 0 0 0 0],0.0,00 00 00 00 00 00 00 00,0x065,00000004
157.412151,9.0,102,0.0,6,6.0,[ 1 31 71 48 84 45  0  0],0.0,01 1F 47 30 54 2D 00 00,0x066,00000004
157.41394999999997,9.0,111,0.0,8,8.0,[151 212 143 196 251 217  47 128],0.0,97 D4 8F C4 FB D9 2F 80,0x06F,00000004
157.6016,9.0,111,0.0,8,8.0,[  9 156 144  73 255 253 239 127],0.0,09 9C 90 49 FF FD EF 7F,0x06F,00000002
157.60225,9.0,101,0.0,1,1.0,[0 0 0 0 0 0 0 0],0.0,00 00 00 00 00 00 00 00,0x065,00000002
157.61014999999998,9.0,101,0.0,1,1.0,[0 0 0 0 0 0 0 0],0.0,00 00 00 00 00 00 00 00,0x065,00000004
157.61015099999997,9.0,102,0.0,6,6.0,[  1 232  71  48  84  45   0   0],0.0,01 E8 47 30 54 2D 00 00,0x066,00000004
157.61194999999998,9.0,111,0.0,8,8.0,[133 204 239 195 252 237  47 128],0.0,85 CC EF C3 FC ED 2F 80,0x06F,00000004
157.7996,9.0,111,0.0,8,8.0,[  9 156 144  73 255 253 239 127],0.0,09 9C 90 49 FF FD EF 7F,0x06F,00000002
157.80024999999998,9.0,101,0.0,1,1.0,[0 0 0 0 0 0 0 0],0.0,00 00 00 00 00 00 00 00,0x065,00000002
157.80835,9.0,101,0.0,1,1.0,[0 0 0 0 0 0 0 0],0.0,00 00 00 00 00 00 00 00,0x065,00000004
157.808351,9.0,102,0.0,6,6.0,[  1 176  72  48  84  45   0   0],0.0,01 B0 48 30 54 2D 00 00,0x066,00000004
157.8106,9.0,111,0.0,8,8.0,[141 188 207 195 253 249  47 128],0.0,8D BC CF C3 FD F9 2F 80,0x06F,00000004
157.99759999999998,9.0,111,0.0,8,8.0,[  9 156 144  73 255 253 239 127],0.0,09 9C 90 49 FF FD EF 7F,0x06F,00000002
157.99824999999998,9.0,101,0.0,1,1.0,[0 0 0 0 0 0 0 0],0.0,00 00 00 00 00 00 00 00,0x065,00000002
158.00635,9.0,101,0.0,1,1.0,[0 0 0 0 0 0 0 0],0.0,00 00 00 00 00 00 00 00,0x065,00000004
158.006351,9.0,102,0.0,6,6.0,[  1 119  73  48  84  45   0   0],0.0,01 77 49 30 54 2D 00 00,0x066,00000004
158.00809999999998,9.0,111,0.0,8,8.0,[133 172 175 195 252 197  15 128],0.0,85 AC AF C3 FC C5 0F 80,0x06F,00000004
158.19559999999998,9.0,111,0.0,8,8.0,[  9 156 144  73 255 253 239 127],0.0,09 9C 90 49 FF FD EF 7F,0x06F,00000002
158.19625,9.0,101,0.0,1,1.0,[0 0 0 0 0 0 0 0],0.0,00 00 00 00 00 00 00 00,0x065,00000002
158.20415,9.0,101,0.0,1,1.0,[0 0 0 0 0 0 0 0],0.0,00 00 00 00 00 00 00 00,0x065,00000004
158.204151,9.0,102,0.0,6,6.0,[ 1 64 74 48 84 45  0  0],0.0,01 40 4A 30 54 2D 00 00,0x066,00000004
158.20594999999997,9.0,111,0.0,8,8.0,[139 108  47  68 253 249  15 128],0.0,8B 6C 2F 44 FD F9 0F 80,0x06F,00000004
158.39425,9.0,101,0.0,1,1.0,[0 0 0 0 0 0 0 0],0.0,00 00 00 00 00 00 00 00,0x065,00000002
158.3954,9.0,111,0.0,8,8.0,[  9 156 144  73 255 253 239 127],0.0,09 9C 90 49 FF FD EF 7F,0x06F,00000002
158.40234999999998,9.0,101,0.0,1,1.0,[0 0 0 0 0 0 0 0],0.0,00 00 00 00 00 00 00 00,0x065,00000004
158.40235099999998,9.0,102,0.0,6,6.0,[ 1  7 75 48 84 45  0  0],0.0,01 07 4B 30 54 2D 00 00,0x066,00000004
158.40394999999998,9.0,111,0.0,8,8.0,[135  60  47  68 253 237  15 128],0.0,87 3C 2F 44 FD ED 0F 80,0x06F,00000004
158.59165,9.0,111,0.0,8,8.0,[  9 156 144  73 255 253 239 127],0.0,09 9C 90 49 FF FD EF 7F,0x06F,00000002
158.5923,9.0,101,0.0,1,1.0,[0 0 0 0 0 0 0 0],0.0,00 00 00 00 00 00 00 00,0x065,00000002
158.60014999999999,9.0,101,0.0,1,1.0,[0 0 0 0 0 0 0 0],0.0,00 00 00 00 00 00 00 00,0x065,00000004
158.60015099999998,9.0,102,0.0,6,6.0,[  1 208  75  48  84  45   0   0],0.0,01 D0 4B 30 54 2D 00 00,0x066,00000004
158.60279999999997,9.0,111,0.0,8,8.0,[133  28  47 196 252   1  48 128],0.0,85 1C 2F C4 FC 01 30 80,0x06F,00000004
158.78965,9.0,111,0.0,8,8.0,[  9 156 144  73 255 253 239 127],0.0,09 9C 90 49 FF FD EF 7F,0x06F,00000002
158.7903,9.0,101,0.0,1,1.0,[0 0 0 0 0 0 0 0],0.0,00 00 00 00 00 00 00 00,0x065,00000002
158.79815,9.0,101,0.0,1,1.0,[0 0 0 0 0 0 0 0],0.0,00 00 00 00 00 00 00 00,0x065,00000004
158.798151,9.0,102,0.0,6,6.0,[  1 152  76  48  84  45   0   0],0.0,01 98 4C 30 54 2D 00 00,0x066,00000004
158.79995,9.0,111,0.0,8,8.0,[137  36  15  68 254 249 111 127],0.0,89 24 0F 44 FE F9 6F 7F,0x06F,00000004
158.98765,9.0,111,0.0,8,8.0,[ 19 132 144 201 253 221  79 127],0.0,13 84 90 C9 FD DD 4F 7F,0x06F,00000002
158.98825,9.0,101,0.0,1,1.0,[0 0 0 0 0 0 0 0],0.0,00 00 00 00 00 00 00 00,0x065,00000002
158.99634999999998,9.0,101,0.0,1,1.0,[0 0 0 0 0 0 0 0],0.0,00 00 00 00 00 00 00 00,0x065,00000004
158.99635099999998,9.0,102,0.0,6,6.0,[ 1 95 77 48 84 45  0  0],0.0,01 5F 4D 30 54 2D 00 00,0x066,00000004
158.9981,9.0,111,0.0,8,8.0,[131  36 143 196 251  57  48 128],0.0,83 24 8F C4 FB 39 30 80,0x06F,00000004
159.18564999999998,9.0,111,0.0,8,8.0,[  3 164 144  73 254 225 111 128],0.0,03 A4 90 49 FE E1 6F 80,0x06F,00000002
159.18625,9.0,101,0.0,1,1.0,[0 0 0 0 0 0 0 0],0.0,00 00 00 00 00 00 00 00,0x065,00000002
159.19435,9.0,101,0.0,1,1.0,[0 0 0 0 0 0 0 0],0.0,00 00 00 00 00 00 00 00,0x065,00000004
159.19435099999998,9.0,102,0.0,6,6.0,[ 1 40 78 48 84 45  0  0],0.0,01 28 4E 30 54 2D 00 00,0x066,00000004
159.196,9.0,111,0.0,8,8.0,[137  20 239  67 254 245 239 127],0.0,89 14 EF 43 FE F5 EF 7F,0x06F,00000004
159.38365,9.0,111,0.0,8,8.0,[  9 156 144  73 255 249 207 127],0.0,09 9C 90 49 FF F9 CF 7F,0x06F,00000002
159.3844,9.0,101,0.0,1,1.0,[0 0 0 0 0 0 0 0],0.0,00 00 00 00 00 00 00 00,0x065,00000002
159.39239999999998,9.0,101,0.0,1,1.0,[0 0 0 0 0 0 0 0],0.0,00 00 00 00 00 00 00 00,0x065,00000004
159.39240099999998,9.0,102,0.0,6,6.0,[  1 239  78  48  84  45   0   0],0.0,01 EF 4E 30 54 2D 00 00,0x066,00000004
159.39399999999998,9.0,111,0.0,8,8.0,[139  28  15  68 253 209  15 128],0.0,8B 1C 0F 44 FD D1 0F 80,0x06F,00000004
159.58165,9.0,111,0.0,8,8.0,[  9 156 144  73 255 253 239 127],0.0,09 9C 90 49 FF FD EF 7F,0x06F,00000002
159.58225,9.0,101,0.0,1,1.0,[0 0 0 0 0 0 0 0],0.0,00 00 00 00 00 00 00 00,0x065,00000002
159.5904,9.0,101,0.0,1,1.0,[0 0 0 0 0 0 0 0],0.0,00 00 00 00 00 00 00 00,0x065,00000004
159.59040099999999,9.0,102,0.0,6,6.0,[  1 184  79  48  84  45   0   0],0.0,01 B8 4F 30 54 2D 00 00,0x066,00000004
159.59195,9.0,111,0.0,8,8.0,[139  36 239  67 253 225  47 128],0.0,8B 24 EF 43 FD E1 2F 80,0x06F,00000004
159.77965,9.0,111,0.0,8,8.0,[  7 156 144 201 254 253 239 127],0.0,07 9C 90 C9 FE FD EF 7F,0x06F,00000002
159.78029999999998,9.0,101,0.0,1,1.0,[0 0 0 0 0 0 0 0],0.0,00 00 00 00 00 00 00 00,0x065,00000002
159.7884,9.0,101,0.0,1,1.0,[0 0 0 0 0 0 0 0],0.0,00 00 00 00 00 00 00 00,0x065,00000004
159.788401,9.0,102,0.0,6,6.0,[  1 128  80  48  84  45   0   0],0.0,01 80 50 30 54 2D 00 00,0x066,00000004
159.78994999999998,9.0,111,0.0,8,8.0,[135  36 111 196 254 233 111 127],0.0,87 24 6F C4 FE E9 6F 7F,0x06F,00000004
159.97764999999998,9.0,111,0.0,8,8.0,[  9 156 144 201 254 253 239 127],0.0,09 9C 90 C9 FE FD EF 7F,0x06F,00000002
159.9783,9.0,101,0.0,1,1.0,[0 0 0 0 0 0 0 0],0.0,00 00 00 00 00 00 00 00,0x065,00000002
159.98614999999998,9.0,101,0.0,1,1.0,[0 0 0 0 0 0 0 0],0.0,00 00 00 00 00 00 00 00,0x065,00000004
159.98615099999998,9.0,102,0.0,6,6.0,[ 1 71 81 48 84 45  0  0],0.0,01 47 51 30 54 2D 00 00,0x066,00000004
159.98874999999998,9.0,111,0.0,8,8.0,[139  20 207 196 254  29 144 127],0.0,8B 14 CF C4 FE 1D 90 7F,0x06F,00000004
160.17565,9.0,111,0.0,8,8.0,[  7 156 144  73 255 253 239 127],0.0,07 9C 90 49 FF FD EF 7F,0x06F,00000002
160.1763,9.0,101,0.0,1,1.0,[0 0 0 0 0 0 0 0],0.0,00 00 00 00 00 00 00 00,0x065,00000002
160.18439999999998,9.0,101,0.0,1,1.0,[0 0 0 0 0 0 0 0],0.0,00 00 00 00 00 00 00 00,0x065,00000004
160.18440099999998,9.0,102,0.0,6,6.0,[ 1 16 82 48 84 45  0  0],0.0,01 10 52 30 54 2D 00 00,0x066,00000004
160.18595,9.0,111,0.0,8,8.0,[137  28 207 195 253 229 143 128],0.0,89 1C CF C3 FD E5 8F 80,0x06F,00000004
160.37365,9.0,111,0.0,8,8.0,[  7 148 144  73 255 253 239 127],0.0,07 94 90 49 FF FD EF 7F,0x06F,00000002
160.37429999999998,9.0,101,0.0,1,1.0,[0 0 0 0 0 0 0 0],0.0,00 00 00 00 00 00 00 00,0x065,00000002
160.3824,9.0,101,0.0,1,1.0,[0 0 0 0 0 0 0 0],0.0,00 00 00 00 00 00 00 00,0x065,00000004
160.382401,9.0,102,0.0,6,6.0,[  1 215  82  48  84  45   0   0],0.0,01 D7 52 30 54 2D 00 00,0x066,00000004
160.38395,9.0,111,0.0,8,8.0,[135  28 143 196 254   9  16 128],0.0,87 1C 8F C4 FE 09 10 80,0x06F,00000004
160.57164999999998,9.0,111,0.0,8,8.0,[  7 156 144  73 255 253 239 127],0.0,07 9C 90 49 FF FD EF 7F,0x06F,00000002
160.57245,9.0,101,0.0,1,1.0,[0 0 0 0 0 0 0 0],0.0,00 00 00 00 00 00 00 00,0x065,00000002
160.57989999999998,9.0,111,0.0,8,8.0,[133  36 143  68 254 229 207 127],0.0,85 24 8F 44 FE E5 CF 7F,0x06F,00000004
160.58055,9.0,101,0.0,1,1.0,[0 0 0 0 0 0 0 0],0.0,00 00 00 00 00 00 00 00,0x065,00000004
160.58055099999999,9.0,102,0.0,6,6.0,[  1 160  83  48  84  45   0   0],0.0,01 A0 53 30 54 2D 00 00,0x066,00000004
160.76964999999998,9.0,111,0.0,8,8.0,[  7 156 144  73 255 253 239 127],0.0,07 9C 90 49 FF FD EF 7F,0x06F,00000002
160.7703,9.0,101,0.0,1,1.0,[0 0 0 0 0 0 0 0],0.0,00 00 00 00 00 00 00 00,0x065,00000002
160.77839999999998,9.0,101,0.0,1,1.0,[0 0 0 0 0 0 0 0],0.0,00 00 00 00 00 00 00 00,0x065,00000004
160.77840099999997,9.0,102,0.0,6,6.0,[  1 104  84  48  84  45   0   0],0.0,01 68 54 30 54 2D 00 00,0x066,00000004
160.78064999999998,9.0,111,0.0,8,8.0,[115  28 239 195 254 241 207 127],0.0,73 1C EF C3 FE F1 CF 7F,0x06F,00000004
160.96765,9.0,111,0.0,8,8.0,[  7 156 144  73 255 253 239 127],0.0,07 9C 90 49 FF FD EF 7F,0x06F,00000002
160.96855,9.0,101,0.0,1,1.0,[0 0 0 0 0 0 0 0],0.0,00 00 00 00 00 00 00 00,0x065,00000002
160.97639999999998,9.0,101,0.0,1,1.0,[0 0 0 0 0 0 0 0],0.0,00 00 00 00 00 00 00 00,0x065,00000004
160.97640099999998,9.0,102,0.0,6,6.0,[ 1 47 85 48 84 45  0  0],0.0,01 2F 55 30 54 2D 00 00,0x066,00000004
160.97809999999998,9.0,111,0.0,8,8.0,[133  44 111  68 255  17 240 127],0.0,85 2C 6F 44 FF 11 F0 7F,0x06F,00000004
161.16565,9.0,111,0.0,8,8.0,[  7 156 144  73 255 253 239 127],0.0,07 9C 90 49 FF FD EF 7F,0x06F,00000002
161.16655,9.0,101,0.0,1,1.0,[0 0 0 0 0 0 0 0],0.0,00 00 00 00 00 00 00 00,0x065,00000002
161.1744,9.0,101,0.0,1,1.0,[0 0 0 0 0 0 0 0],0.0,00 00 00 00 00 00 00 00,0x065,00000004
161.174401,9.0,102,0.0,6,6.0,[  1 248  85  48  84  45   0   0],0.0,01 F8 55 30 54 2D 00 00,0x066,00000004
161.176,9.0,111,0.0,8,8.0,[143  28 111  68   0 194  79 127],0.0,8F 1C 6F 44 00 C2 4F 7F,0x06F,00000004
161.36364999999998,9.0,111,0.0,8,8.0,[  9 156 144  73 255 253 239 127],0.0,09 9C 90 49 FF FD EF 7F,0x06F,00000002
161.3643,9.0,101,0.0,1,1.0,[0 0 0 0 0 0 0 0],0.0,00 00 00 00 00 00 00 00,0x065,00000002
161.3724,9.0,101,0.0,1,1.0,[0 0 0 0 0 0 0 0],0.0,00 00 00 00 00 00 00 00,0x065,00000004
161.372401,9.0,102,0.0,6,6.0,[  1 191  86  48  84  45   0   0],0.0,01 BF 56 30 54 2D 00 00,0x066,00000004
161.374,9.0,111,0.0,8,8.0,[135  44  47 196 254 237  47 128],0.0,87 2C 2F C4 FE ED 2F 80,0x06F,00000004
161.56165,9.0,111,0.0,8,8.0,[  7 156 144  73 255 253 239 127],0.0,07 9C 90 49 FF FD EF 7F,0x06F,00000002
161.5623,9.0,101,0.0,1,1.0,[0 0 0 0 0 0 0 0],0.0,00 00 00 00 00 00 00 00,0x065,00000002
161.57039999999998,9.0,101,0.0,1,1.0,[0 0 0 0 0 0 0 0],0.0,00 00 00 00 00 00 00 00,0x065,00000004
161.57040099999998,9.0,102,0.0,6,6.0,[  1 136  87  48  84  45   0   0],0.0,01 88 57 30 54 2D 00 00,0x066,00000004
161.57199999999997,9.0,111,0.0,8,8.0,[133  44 143  68 253 241 143 128],0.0,85 2C 8F 44 FD F1 8F 80,0x06F,00000004
161.75965,9.0,111,0.0,8,8.0,[  7 156 144  73 255 253 239 127],0.0,07 9C 90 49 FF FD EF 7F,0x06F,00000002
161.76045,9.0,101,0.0,1,1.0,[0 0 0 0 0 0 0 0],0.0,00 00 00 00 00 00 00 00,0x065,00000002
161.76794999999998,9.0,111,0.0,8,8.0,[133  52 143 196 254  33 240 127],0.0,85 34 8F C4 FE 21 F0 7F,0x06F,00000004
161.7686,9.0,101,0.0,1,1.0,[0 0 0 0 0 0 0 0],0.0,00 00 00 00 00 00 00 00,0x065,00000004
161.768601,9.0,102,0.0,6,6.0,[ 1 80 88 48 84 45  0  0],0.0,01 50 58 30 54 2D 00 00,0x066,00000004
161.95765,9.0,111,0.0,8,8.0,[  7 156 144  73 255 253 239 127],0.0,07 9C 90 49 FF FD EF 7F,0x06F,00000002
161.95845,9.0,101,0.0,1,1.0,[0 0 0 0 0 0 0 0],0.0,00 00 00 00 00 00 00 00,0x065,00000002
161.96595,9.0,111,0.0,8,8.0,[141  28 239 196   0 234 111 127],0.0,8D 1C EF C4 00 EA 6F 7F,0x06F,00000004
161.96659999999997,9.0,101,0.0,1,1.0,[0 0 0 0 0 0 0 0],0.0,00 00 00 00 00 00 00 00,0x065,00000004
161.966601,9.0,102,0.0,6,6.0,[ 1 23 89 48 84 45  0  0],0.0,01 17 59 30 54 2D 00 00,0x066,00000004
162.15564999999998,9.0,111,0.0,8,8.0,[  9 156 144  73 255 253 239 127],0.0,09 9C 90 49 FF FD EF 7F,0x06F,00000002
162.15654999999998,9.0,101,0.0,1,1.0,[0 0 0 0 0 0 0 0],0.0,00 00 00 00 00 00 00 00,0x065,00000002
162.16439999999997,9.0,101,0.0,1,1.0,[0 0 0 0 0 0 0 0],0.0,00 00 00 00 00 00 00 00,0x065,00000004
162.164401,9.0,102,0.0,6,6.0,[  1 224  89  48  84  45   0   0],0.0,01 E0 59 30 54 2D 00 00,0x066,00000004
162.16664999999998,9.0,111,0.0,8,8.0,[133  52 207  68 255  13 240 127],0.0,85 34 CF 44 FF 0D F0 7F,0x06F,00000004
162.35365,9.0,111,0.0,8,8.0,[  7 156 144  73 255 253 239 127],0.0,07 9C 90 49 FF FD EF 7F,0x06F,00000002
162.35455,9.0,101,0.0,1,1.0,[0 0 0 0 0 0 0 0],0.0,00 00 00 00 00 00 00 00,0x065,00000002
162.36239999999998,9.0,101,0.0,1,1.0,[0 0 0 0 0 0 0 0],0.0,00 00 00 00 00 00 00 00,0x065,00000004
162.36240099999998,9.0,102,0.0,6,6.0,[  1 167  90  48  84  45   0   0],0.0,01 A7 5A 30 54 2D 00 00,0x066,00000004
162.3626,9.0,111,0.0,8,8.0,[133  44 239  68 255  21 208 127],0.0,85 2C EF 44 FF 15 D0 7F,0x06F,00000004
162.55165,9.0,111,0.0,8,8.0,[  7 156 144  73 255 253 239 127],0.0,07 9C 90 49 FF FD EF 7F,0x06F,00000002
162.5523,9.0,101,0.0,1,1.0,[0 0 0 0 0 0 0 0],0.0,00 00 00 00 00 00 00 00,0x065,00000002
162.5604,9.0,101,0.0,1,1.0,[0 0 0 0 0 0 0 0],0.0,00 00 00 00 00 00 00 00,0x065,00000004
162.56040099999998,9.0,102,0.0,6,6.0,[  1 112  91  48  84  45   0   0],0.0,01 70 5B 30 54 2D 00 00,0x066,00000004
162.56199999999998,9.0,111,0.0,8,8.0,[137  44 175 196 255   1 144 127],0.0,89 2C AF C4 FF 01 90 7F,0x06F,00000004
162.7497,9.0,111,0.0,8,8.0,[  9 156 144  73   1 250  15 128],0.0,09 9C 90 49 01 FA 0F 80,0x06F,00000002
162.75035,9.0,101,0.0,1,1.0,[0 0 0 0 0 0 0 0],0.0,00 00 00 00 00 00 00 00,0x065,00000002
162.7584,9.0,101,0.0,1,1.0,[0 0 0 0 0 0 0 0],0.0,00 00 00 00 00 00 00 00,0x065,00000004
162.758401,9.0,102,0.0,6,6.0,[ 1 56 92 48 84 45  0  0],0.0,01 38 5C 30 54 2D 00 00,0x066,00000004
162.76,9.0,111,0.0,8,8.0,[133  44 207 196 254 237 207 127],0.0,85 2C CF C4 FE ED CF 7F,0x06F,00000004
162.9477,9.0,111,0.0,8,8.0,[  9 156 144 201 254 249 239 127],0.0,09 9C 90 C9 FE F9 EF 7F,0x06F,00000002
162.94844999999998,9.0,101,0.0,1,1.0,[0 0 0 0 0 0 0 0],0.0,00 00 00 00 00 00 00 00,0x065,00000002
162.95594999999997,9.0,111,0.0,8,8.0,[139  52 175 196 255 245 175 127],0.0,8B 34 AF C4 FF F5 AF 7F,0x06F,00000004
162.95725,9.0,101,0.0,1,1.0,[0 0 0 0 0 0 0 0],0.0,00 00 00 00 00 00 00 00,0x065,00000004
162.95725099999999,9.0,102,0.0,6,6.0,[  1 255  92  48  84  45   0   0],0.0,01 FF 5C 30 54 2D 00 00,0x066,00000004
163.14569999999998,9.0,111,0.0,8,8.0,[  9 156 144  73 255 253 239 127],0.0,09 9C 90 49 FF FD EF 7F,0x06F,00000002
163.14645,9.0,101,0.0,1,1.0,[0 0 0 0 0 0 0 0],0.0,00 00 00 00 00 00 00 00,0x065,00000002
163.15394999999998,9.0,111,0.0,8,8.0,[133  52 143 196 254 253 239 127],0.0,85 34 8F C4 FE FD EF 7F,0x06F,00000004
163.1546,9.0,101,0.0,1,1.0,[0 0 0 0 0 0 0 0],0.0,00 00 00 00 00 00 00 00,0x065,00000004
163.15460099999999,9.0,102,0.0,6,6.0,[  1 200  93  48  84  45   0   0],0.0,01 C8 5D 30 54 2D 00 00,0x066,00000004
163.34369999999998,9.0,111,0.0,8,8.0,[  9 156 144  73 255 253 239 127],0.0,09 9C 90 49 FF FD EF 7F,0x06F,00000002
163.34455,9.0,101,0.0,1,1.0,[0 0 0 0 0 0 0 0],0.0,00 00 00 00 00 00 00 00,0x065,00000002
163.35244999999998,9.0,101,0.0,1,1.0,[0 0 0 0 0 0 0 0],0.0,00 00 00 00 00 00 00 00,0x065,00000004
163.35245099999997,9.0,102,0.0,6,6.0,[  1 143  94  48  84  45   0   0],0.0,01 8F 5E 30 54 2D 00 00,0x066,00000004
163.35404999999997,9.0,111,0.0,8,8.0,[137  92 175  68 254 249 239 127],0.0,89 5C AF 44 FE F9 EF 7F,0x06F,00000004
163.5417,9.0,111,0.0,8,8.0,[  9 156 144  73 255 253 239 127],0.0,09 9C 90 49 FF FD EF 7F,0x06F,00000002
163.54254999999998,9.0,101,0.0,1,1.0,[0 0 0 0 0 0 0 0],0.0,00 00 00 00 00 00 00 00,0x065,00000002
163.54995,9.0,111,0.0,8,8.0,[135 140 143  68 255 245 111 127],0.0,87 8C 8F 44 FF F5 6F 7F,0x06F,00000004
163.55059999999997,9.0,101,0.0,1,1.0,[0 0 0 0 0 0 0 0],0.0,00 00 00 00 00 00 00 00,0x065,00000004
163.55060099999997,9.0,102,0.0,6,6.0,[ 1 83 95 48 84 45  0  0],0.0,01 53 5F 30 54 2D 00 00,0x066,00000004
163.7397,9.0,111,0.0,8,8.0,[  9 156 144  73 255 253 239 127],0.0,09 9C 90 49 FF FD EF 7F,0x06F,00000002
163.74054999999998,9.0,101,0.0,1,1.0,[0 0 0 0 0 0 0 0],0.0,00 00 00 00 00 00 00 00,0x065,00000002
163.74794999999997,9.0,111,0.0,8,8.0,[137 204 111 196 255 249 143 127],0.0,89 CC 6F C4 FF F9 8F 7F,0x06F,00000004
163.74859999999998,9.0,101,0.0,1,1.0,[0 0 0 0 0 0 0 0],0.0,00 00 00 00 00 00 00 00,0x065,00000004
163.74860099999998,9.0,102,0.0,6,6.0,[ 1 31 96 48 84 45  0  0],0.0,01 1F 60 30 54 2D 00 00,0x066,00000004
163.93769999999998,9.0,111,0.0,8,8.0,[  9 156 144  73 255 253 239 127],0.0,09 9C 90 49 FF FD EF 7F,0x06F,00000002
163.93845,9.0,101,0.0,1,1.0,[0 0 0 0 0 0 0 0],0.0,00 00 00 00 00 00 00 00,0x065,00000002
163.94645,9.0,101,0.0,1,1.0,[0 0 0 0 0 0 0 0],0.0,00 00 00 00 00 00 00 00,0x065,00000004
163.946451,9.0,102,0.0,6,6.0,[  1 231  96  48  84  45   0   0],0.0,01 E7 60 30 54 2D 00 00,0x066,00000004
163.94664999999998,9.0,111,0.0,8,8.0,[139 204 175 196 255 237 143 127],0.0,8B CC AF C4 FF ED 8F 7F,0x06F,00000004
164.13569999999999,9.0,111,0.0,8,8.0,[  9 156 144  73 255 253 239 127],0.0,09 9C 90 49 FF FD EF 7F,0x06F,00000002
164.13645,9.0,101,0.0,1,1.0,[0 0 0 0 0 0 0 0],0.0,00 00 00 00 00 00 00 00,0x065,00000002
164.14395,9.0,111,0.0,8,8.0,[137 212  79  68 255 253 239 127],0.0,89 D4 4F 44 FF FD EF 7F,0x06F,00000004
164.1446,9.0,101,0.0,1,1.0,[0 0 0 0 0 0 0 0],0.0,00 00 00 00 00 00 00 00,0x065,00000004
164.144601,9.0,102,0.0,6,6.0,[  1 175  97  48  84  45   0   0],0.0,01 AF 61 30 54 2D 00 00,0x066,00000004
164.3337,9.0,111,0.0,8,8.0,[  9 156 144 201 254 253 239 127],0.0,09 9C 90 C9 FE FD EF 7F,0x06F,00000002
164.3347,9.0,101,0.0,1,1.0,[0 0 0 0 0 0 0 0],0.0,00 00 00 00 00 00 00 00,0x065,00000002
164.34195,9.0,111,0.0,8,8.0,[137 204 175  68 255 237 207 127],0.0,89 CC AF 44 FF ED CF 7F,0x06F,00000004
164.34259999999998,9.0,101,0.0,1,1.0,[0 0 0 0 0 0 0 0],0.0,00 00 00 00 00 00 00 00,0x065,00000004
164.34260099999997,9.0,102,0.0,6,6.0,[  1 119  98  48  84  45   0   0],0.0,01 77 62 30 54 2D 00 00,0x066,00000004
164.5317,9.0,111,0.0,8,8.0,[  9 156 144  73 255 253 239 127],0.0,09 9C 90 49 FF FD EF 7F,0x06F,00000002
164.53269999999998,9.0,101,0.0,1,1.0,[0 0 0 0 0 0 0 0],0.0,00 00 00 00 00 00 00 00,0x065,00000002
164.53994999999998,9.0,111,0.0,8,8.0,[137 212  79 196   0   2 208 127],0.0,89 D4 4F C4 00 02 D0 7F,0x06F,00000004
164.54059999999998,9.0,101,0.0,1,1.0,[0 0 0 0 0 0 0 0],0.0,00 00 00 00 00 00 00 00,0x065,00000004
164.54060099999998,9.0,102,0.0,6,6.0,[ 1 63 99 48 84 45  0  0],0.0,01 3F 63 30 54 2D 00 00,0x066,00000004
164.72969999999998,9.0,111,0.0,8,8.0,[  9 156 144 201 254 253 239 127],0.0,09 9C 90 C9 FE FD EF 7F,0x06F,00000002
164.73055,9.0,101,0.0,1,1.0,[0 0 0 0 0 0 0 0],0.0,00 00 00 00 00 00 00 00,0x065,00000002
164.73794999999998,9.0,111,0.0,8,8.0,[137 212 175  68 255 253 239 127],0.0,89 D4 AF 44 FF FD EF 7F,0x06F,00000004
164.7386,9.0,101,0.0,1,1.0,[0 0 0 0 0 0 0 0],0.0,00 00 00 00 00 00 00 00,0x065,00000004
164.738601,9.0,102,0.0,6,6.0,[  1   7 100  48  84  45   0   0],0.0,01 07 64 30 54 2D 00 00,0x066,00000004
164.9277,9.0,111,0.0,8,8.0,[  9 156 144  73 255 253 239 127],0.0,09 9C 90 49 FF FD EF 7F,0x06F,00000002
164.9286,9.0,101,0.0,1,1.0,[0 0 0 0 0 0 0 0],0.0,00 00 00 00 00 00 00 00,0x065,00000002
164.93595,9.0,111,0.0,8,8.0,[137 228  79 196 255 245 239 127],0.0,89 E4 4F C4 FF F5 EF 7F,0x06F,00000004
164.9366,9.0,101,0.0,1,1.0,[0 0 0 0 0 0 0 0],0.0,00 00 00 00 00 00 00 00,0x065,00000004
164.936601,9.0,102,0.0,6,6.0,[  1 207 100  48  84  45   0   0],0.0,01 CF 64 30 54 2D 00 00,0x066,00000004
165.1257,9.0,111,0.0,8,8.0,[  9 156 144 201 254 253 239 127],0.0,09 9C 90 C9 FE FD EF 7F,0x06F,00000002
165.1265,9.0,101,0.0,1,1.0,[0 0 0 0 0 0 0 0],0.0,00 00 00 00 00 00 00 00,0x065,00000002
165.13395,9.0,111,0.0,8,8.0,[137 228 143 196 254   1  16 128],0.0,89 E4 8F C4 FE 01 10 80,0x06F,00000004
165.13529999999997,9.0,101,0.0,1,1.0,[0 0 0 0 0 0 0 0],0.0,00 00 00 00 00 00 00 00,0x065,00000004
165.135301,9.0,102,0.0,6,6.0,[  1 151 101  48  84  45   0   0],0.0,01 97 65 30 54 2D 00 00,0x066,00000004
165.3237,9.0,111,0.0,8,8.0,[  9 156 144  73 255 253 239 127],0.0,09 9C 90 49 FF FD EF 7F,0x06F,00000002
165.3245,9.0,101,0.0,1,1.0,[0 0 0 0 0 0 0 0],0.0,00 00 00 00 00 00 00 00,0x065,00000002
165.33194999999998,9.0,111,0.0,8,8.0,[135 236 111  68 255 245 207 127],0.0,87 EC 6F 44 FF F5 CF 7F,0x06F,00000004
165.33259999999999,9.0,101,0.0,1,1.0,[0 0 0 0 0 0 0 0],0.0,00 00 00 00 00 00 00 00,0x065,00000004
165.33260099999998,9.0,102,0.0,6,6.0,[  1  95 102  48  84  45   0   0],0.0,01 5F 66 30 54 2D 00 00,0x066,00000004
165.52169999999998,9.0,111,0.0,8,8.0,[  9 156 144 201 255 249 239 127],0.0,09 9C 90 C9 FF F9 EF 7F,0x06F,00000002
165.52275,9.0,101,0.0,1,1.0,[0 0 0 0 0 0 0 0],0.0,00 00 00 00 00 00 00 00,0x065,00000002
165.52994999999999,9.0,111,0.0,8,8.0,[137 244  79 196 255 249 207 127],0.0,89 F4 4F C4 FF F9 CF 7F,0x06F,00000004
165.5306,9.0,101,0.0,1,1.0,[0 0 0 0 0 0 0 0],0.0,00 00 00 00 00 00 00 00,0x065,00000004
165.530601,9.0,102,0.0,6,6.0,[  1  39 103  48  84  45   0   0],0.0,01 27 67 30 54 2D 00 00,0x066,00000004
165.7197,9.0,111,0.0,8,8.0,[  9 156 144 201 254 253  15 128],0.0,09 9C 90 C9 FE FD 0F 80,0x06F,00000002
165.72074999999998,9.0,101,0.0,1,1.0,[0 0 0 0 0 0 0 0],0.0,00 00 00 00 00 00 00 00,0x065,00000002
165.72795,9.0,111,0.0,8,8.0,[139 252 111  68 255   5 208 127],0.0,8B FC 6F 44 FF 05 D0 7F,0x06F,00000004
165.72859999999997,9.0,101,0.0,1,1.0,[0 0 0 0 0 0 0 0],0.0,00 00 00 00 00 00 00 00,0x065,00000004
165.728601,9.0,102,0.0,6,6.0,[  1 239 103  48  84  45   0   0],0.0,01 EF 67 30 54 2D 00 00,0x066,00000004
165.9177,9.0,111,0.0,8,8.0,[  9 156 144  73 254   1 208 127],0.0,09 9C 90 49 FE 01 D0 7F,0x06F,00000002
165.91854999999998,9.0,101,0.0,1,1.0,[0 0 0 0 0 0 0 0],0.0,00 00 00 00 00 00 00 00,0x065,00000002
165.926,9.0,111,0.0,8,8.0,[137   4  80 196 255   1 208 127],0.0,89 04 50 C4 FF 01 D0 7F,0x06F,00000004
165.92665,9.0,101,0.0,1,1.0,[0 0 0 0 0 0 0 0],0.0,00 00 00 00 00 00 00 00,0x065,00000004
165.926651,9.0,102,0.0,6,6.0,[  1 183 104  48  84  45   0   0],0.0,01 B7 68 30 54 2D 00 00,0x066,00000004
166.1157,9.0,111,0.0,8,8.0,[  7 156 144  73 255 253 239 127],0.0,07 9C 90 49 FF FD EF 7F,0x06F,00000002
166.11669999999998,9.0,101,0.0,1,1.0,[0 0 0 0 0 0 0 0],0.0,00 00 00 00 00 00 00 00,0x065,00000002
166.124,9.0,111,0.0,8,8.0,[137   4 112  68 255   5  48 128],0.0,89 04 70 44 FF 05 30 80,0x06F,00000004
166.12464999999997,9.0,101,0.0,1,1.0,[0 0 0 0 0 0 0 0],0.0,00 00 00 00 00 00 00 00,0x065,00000004
166.12465099999997,9.0,102,0.0,6,6.0,[  1 127 105  48  84  45   0   0],0.0,01 7F 69 30 54 2D 00 00,0x066,00000004
166.31369999999998,9.0,111,0.0,8,8.0,[ 65 132 240  73 221   9 144 125],0.0,41 84 F0 49 DD 09 90 7D,0x06F,00000002
166.3147,9.0,101,0.0,1,1.0,[0 0 0 0 0 0 0 0],0.0,00 00 00 00 00 00 00 00,0x065,00000002
166.32199999999997,9.0,111,0.0,8,8.0,[137 252 111  68 255 253 239 127],0.0,89 FC 6F 44 FF FD EF 7F,0x06F,00000004
166.32285,9.0,101,0.0,1,1.0,[0 0 0 0 0 0 0 0],0.0,00 00 00 00 00 00 00 00,0x065,00000004
166.32285099999999,9.0,102,0.0,6,6.0,[  1  71 106  48  84  45   0   0],0.0,01 47 6A 30 54 2D 00 00,0x066,00000004
166.5117,9.0,111,0.0,8,8.0,[  3 180 144 201  17 254 175 126],0.0,03 B4 90 C9 11 FE AF 7E,0x06F,00000002
166.5125,9.0,101,0.0,1,1.0,[0 0 0 0 0 0 0 0],0.0,00 00 00 00 00 00 00 00,0x065,00000002
166.51999999999998,9.0,111,0.0,8,8.0,[141 252  79  68 255 253 207 127],0.0,8D FC 4F 44 FF FD CF 7F,0x06F,00000004
166.52059999999997,9.0,101,0.0,1,1.0,[0 0 0 0 0 0 0 0],0.0,00 00 00 00 00 00 00 00,0x065,00000004
166.52060099999997,9.0,102,0.0,6,6.0,[  1  15 107  48  84  45   0   0],0.0,01 0F 6B 30 54 2D 00 00,0x066,00000004
166.7097,9.0,111,0.0,8,8.0,[  7 172 144 201 255 253 111 126],0.0,07 AC 90 C9 FF FD 6F 7E,0x06F,00000002
166.7107,9.0,101,0.0,1,1.0,[0 0 0 0 0 0 0 0],0.0,00 00 00 00 00 00 00 00,0x065,00000002
166.718,9.0,111,0.0,8,8.0,[137   4  80  68 255   5  48 128],0.0,89 04 50 44 FF 05 30 80,0x06F,00000004
166.71859999999998,9.0,101,0.0,1,1.0,[0 0 0 0 0 0 0 0],0.0,00 00 00 00 00 00 00 00,0x065,00000004
166.71860099999998,9.0,102,0.0,6,6.0,[  1 215 107  48  84  45   0   0],0.0,01 D7 6B 30 54 2D 00 00,0x066,00000004
166.90775,9.0,111,0.0,8,8.0,[  7 164 144 201   4 238 143 128],0.0,07 A4 90 C9 04 EE 8F 80,0x06F,00000002
166.90875,9.0,101,0.0,1,1.0,[0 0 0 0 0 0 0 0],0.0,00 00 00 00 00 00 00 00,0x065,00000002
166.916,9.0,111,0.0,8,8.0,[139  12 144  68 255   1 208 127],0.0,8B 0C 90 44 FF 01 D0 7F,0x06F,00000004
166.91674999999998,9.0,101,0.0,1,1.0,[0 0 0 0 0 0 0 0],0.0,00 00 00 00 00 00 00 00,0x065,00000004
166.91675099999998,9.0,102,0.0,6,6.0,[  1 159 108  48  84  45   0   0],0.0,01 9F 6C 30 54 2D 00 00,0x066,00000004
167.10575,9.0,111,0.0,8,8.0,[  7 156 144 201 255 253 239 127],0.0,07 9C 90 C9 FF FD EF 7F,0x06F,00000002
167.10674999999998,9.0,101,0.0,1,1.0,[0 0 0 0 0 0 0 0],0.0,00 00 00 00 00 00 00 00,0x065,00000002
167.11399999999998,9.0,111,0.0,8,8.0,[139   4 144  68 255 249  47 128],0.0,8B 04 90 44 FF F9 2F 80,0x06F,00000004
167.11475,9.0,101,0.0,1,1.0,[0 0 0 0 0 0 0 0],0.0,00 00 00 00 00 00 00 00,0x065,00000004
167.11475099999998,9.0,102,0.0,6,6.0,[  1 103 109  48  84  45   0   0],0.0,01 67 6D 30 54 2D 00 00,0x066,00000004
167.30374999999998,9.0,111,0.0,8,8.0,[ 27 116 240 201 255  25 208 127],0.0,1B 74 F0 C9 FF 19 D0 7F,0x06F,00000002
167.30474999999998,9.0,101,0.0,1,1.0,[0 0 0 0 0 0 0 0],0.0,00 00 00 00 00 00 00 00,0x065,00000002
167.31199999999998,9.0,111,0.0,8,8.0,[141  12 176  68 255   9  16 128],0.0,8D 0C B0 44 FF 09 10 80,0x06F,00000004
167.3133,9.0,101,0.0,1,1.0,[0 0 0 0 0 0 0 0],0.0,00 00 00 00 00 00 00 00,0x065,00000004
167.313301,9.0,102,0.0,6,6.0,[  1  47 110  48  84  45   0   0],0.0,01 2F 6E 30 54 2D 00 00,0x066,00000004
167.50175,9.0,111,0.0,8,8.0,[  5 156 144  73 255 249  15 128],0.0,05 9C 90 49 FF F9 0F 80,0x06F,00000002
167.50275,9.0,101,0.0,1,1.0,[0 0 0 0 0 0 0 0],0.0,00 00 00 00 00 00 00 00,0x065,00000002
167.51,9.0,111,0.0,8,8.0,[141   4 176  68   0 250 175 127],0.0,8D 04 B0 44 00 FA AF 7F,0x06F,00000004
167.51084999999998,9.0,101,0.0,1,1.0,[0 0 0 0 0 0 0 0],0.0,00 00 00 00 00 00 00 00,0x065,00000004
167.51085099999997,9.0,102,0.0,6,6.0,[  1 247 110  48  84  45   0   0],0.0,01 F7 6E 30 54 2D 00 00,0x066,00000004
167.69975,9.0,111,0.0,8,8.0,[  7 156 144 201 254 253 207 127],0.0,07 9C 90 C9 FE FD CF 7F,0x06F,00000002
167.70075,9.0,101,0.0,1,1.0,[0 0 0 0 0 0 0 0],0.0,00 00 00 00 00 00 00 00,0x065,00000002
167.708,9.0,111,0.0,8,8.0,[141  12 176 196 255 249 239 127],0.0,8D 0C B0 C4 FF F9 EF 7F,0x06F,00000004
167.70864999999998,9.0,101,0.0,1,1.0,[0 0 0 0 0 0 0 0],0.0,00 00 00 00 00 00 00 00,0x065,00000004
167.70865099999997,9.0,102,0.0,6,6.0,[  1 191 111  48  84  45   0   0],0.0,01 BF 6F 30 54 2D 00 00,0x066,00000004
167.89775,9.0,111,0.0,8,8.0,[  7 156 144  73 255 253 207 127],0.0,07 9C 90 49 FF FD CF 7F,0x06F,00000002
167.89874999999998,9.0,101,0.0,1,1.0,[0 0 0 0 0 0 0 0],0.0,00 00 00 00 00 00 00 00,0x065,00000002
167.90599999999998,9.0,111,0.0,8,8.0,[139  12 112 196 255   5 208 127],0.0,8B 0C 70 C4 FF 05 D0 7F,0x06F,00000004
167.90664999999998,9.0,101,0.0,1,1.0,[0 0 0 0 0 0 0 0],0.0,00 00 00 00 00 00 00 00,0x065,00000004
167.90665099999998,9.0,102,0.0,6,6.0,[  1 135 112  48  84  45   0   0],0.0,01 87 70 30 54 2D 00 00,0x066,00000004
168.09574999999998,9.0,111,0.0,8,8.0,[  7 156 144 201 255 245  15 128],0.0,07 9C 90 C9 FF F5 0F 80,0x06F,00000002
168.09675,9.0,101,0.0,1,1.0,[0 0 0 0 0 0 0 0],0.0,00 00 00 00 00 00 00 00,0x065,00000002
168.10399999999998,9.0,111,0.0,8,8.0,[135   4 208 196 255  13  80 128],0.0,87 04 D0 C4 FF 0D 50 80,0x06F,00000004
168.10479999999998,9.0,101,0.0,1,1.0,[0 0 0 0 0 0 0 0],0.0,00 00 00 00 00 00 00 00,0x065,00000004
168.10480099999998,9.0,102,0.0,6,6.0,[  1  79 113  48  84  45   0   0],0.0,01 4F 71 30 54 2D 00 00,0x066,00000004
168.29375,9.0,111,0.0,8,8.0,[  7 156 144  73 255   1 240 127],0.0,07 9C 90 49 FF 01 F0 7F,0x06F,00000002
168.29475,9.0,101,0.0,1,1.0,[0 0 0 0 0 0 0 0],0.0,00 00 00 00 00 00 00 00,0x065,00000002
168.302,9.0,111,0.0,8,8.0,[133 252 175  68   1 250 111 128],0.0,85 FC AF 44 01 FA 6F 80,0x06F,00000004
168.3028,9.0,101,0.0,1,1.0,[0 0 0 0 0 0 0 0],0.0,00 00 00 00 00 00 00 00,0x065,00000004
168.302801,9.0,102,0.0,6,6.0,[  1  23 114  48  84  45   0   0],0.0,01 17 72 30 54 2D 00 00,0x066,00000004
168.4921,9.0,111,0.0,8,8.0,[  7 156 144  73 255   1 208 127],0.0,07 9C 90 49 FF 01 D0 7F,0x06F,00000002
168.49275,9.0,101,0.0,1,1.0,[0 0 0 0 0 0 0 0],0.0,00 00 00 00 00 00 00 00,0x065,00000002
168.49999999999997,9.0,111,0.0,8,8.0,[143 228  79  68   0 254 175 128],0.0,8F E4 4F 44 00 FE AF 80,0x06F,00000004
168.50089999999997,9.0,101,0.0,1,1.0,[0 0 0 0 0 0 0 0],0.0,00 00 00 00 00 00 00 00,0x065,00000004
168.500901,9.0,102,0.0,6,6.0,[  1 223 114  48  84  45   0   0],0.0,01 DF 72 30 54 2D 00 00,0x066,00000004
168.68975,9.0,111,0.0,8,8.0,[  7 156 144 201 254 249  47 128],0.0,07 9C 90 C9 FE F9 2F 80,0x06F,00000002
168.69074999999998,9.0,101,0.0,1,1.0,[0 0 0 0 0 0 0 0],0.0,00 00 00 00 00 00 00 00,0x065,00000002
168.69799999999998,9.0,111,0.0,8,8.0,[137 228 111 196 255  13 208 127],0.0,89 E4 6F C4 FF 0D D0 7F,0x06F,00000004
168.69889999999998,9.0,101,0.0,1,1.0,[0 0 0 0 0 0 0 0],0.0,00 00 00 00 00 00 00 00,0x065,00000004
168.69890099999998,9.0,102,0.0,6,6.0,[  1 167 115  48  84  45   0   0],0.0,01 A7 73 30 54 2D 00 00,0x066,00000004
168.88774999999998,9.0,111,0.0,8,8.0,[  7 156 144  73 255 253 239 127],0.0,07 9C 90 49 FF FD EF 7F,0x06F,00000002
168.88889999999998,9.0,101,0.0,1,1.0,[0 0 0 0 0 0 0 0],0.0,00 00 00 00 00 00 00 00,0x065,00000002
168.896,9.0,111,0.0,8,8.0,[139 212  79 196 253 229 207 127],0.0,8B D4 4F C4 FD E5 CF 7F,0x06F,00000004
168.89684999999997,9.0,101,0.0,1,1.0,[0 0 0 0 0 0 0 0],0.0,00 00 00 00 00 00 00 00,0x065,00000004
168.896851,9.0,102,0.0,6,6.0,[  1 111 116  48  84  45   0   0],0.0,01 6F 74 30 54 2D 00 00,0x066,00000004
169.08575,9.0,111,0.0,8,8.0,[  7 156 144  73 255 253 239 127],0.0,07 9C 90 49 FF FD EF 7F,0x06F,00000002
169.094,9.0,111,0.0,8,8.0,[137 220  47 196 252   1 176 127],0.0,89 DC 2F C4 FC 01 B0 7F,0x06F,00000004
169.09464999999997,9.0,101,0.0,1,1.0,[0 0 0 0 0 0 0 0],0.0,00 00 00 00 00 00 00 00,0x065,00000004
169.094651,9.0,102,0.0,6,6.0,[  1  55 117  48  84  45   0   0],0.0,01 37 75 30 54 2D 00 00,0x066,00000004
169.284,9.0,101,0.0,1,1.0,[0 0 0 0 0 0 0 0],0.0,00 00 00 00 00 00 00 00,0x065,00000002
169.28535,9.0,111,0.0,8,8.0,[  7 156 144  73 255 253 239 127],0.0,07 9C 90 49 FF FD EF 7F,0x06F,00000002
169.29199999999997,9.0,111,0.0,8,8.0,[137 212 143  68 252 253 175 127],0.0,89 D4 8F 44 FC FD AF 7F,0x06F,00000004
169.29279999999997,9.0,101,0.0,1,1.0,[0 0 0 0 0 0 0 0],0.0,00 00 00 00 00 00 00 00,0x065,00000004
169.292801,9.0,102,0.0,6,6.0,[  1 255 117  48  84  45   0   0],0.0,01 FF 75 30 54 2D 00 00,0x066,00000004
169.482,9.0,101,0.0,1,1.0,[0 0 0 0 0 0 0 0],0.0,00 00 00 00 00 00 00 00,0x065,00000002
169.48335,9.0,111,0.0,8,8.0,[  7 156 144  73 255 253 239 127],0.0,07 9C 90 49 FF FD EF 7F,0x06F,00000002
169.48999999999998,9.0,111,0.0,8,8.0,[135 204 143  68 253 241 239 127],0.0,87 CC 8F 44 FD F1 EF 7F,0x06F,00000004
169.49145,9.0,101,0.0,1,1.0,[0 0 0 0 0 0 0 0],0.0,00 00 00 00 00 00 00 00,0x065,00000004
169.49145099999998,9.0,102,0.0,6,6.0,[  1 199 118  48  84  45   0   0],0.0,01 C7 76 30 54 2D 00 00,0x066,00000004
169.67999999999998,9.0,101,0.0,1,1.0,[0 0 0 0 0 0 0 0],0.0,00 00 00 00 00 00 00 00,0x065,00000002
169.68134999999998,9.0,111,0.0,8,8.0,[  7 156 144 201 254 253 239 127],0.0,07 9C 90 C9 FE FD EF 7F,0x06F,00000002
169.688,9.0,111,0.0,8,8.0,[137 196 111 196 253   1 208 127],0.0,89 C4 6F C4 FD 01 D0 7F,0x06F,00000004
169.689,9.0,101,0.0,1,1.0,[0 0 0 0 0 0 0 0],0.0,00 00 00 00 00 00 00 00,0x065,00000004
169.689001,9.0,102,0.0,6,6.0,[  1 143 119  48  84  45   0   0],0.0,01 8F 77 30 54 2D 00 00,0x066,00000004
169.878,9.0,101,0.0,1,1.0,[0 0 0 0 0 0 0 0],0.0,00 00 00 00 00 00 00 00,0x065,00000002
169.8794,9.0,111,0.0,8,8.0,[  7 156 144  73 255 253 239 127],0.0,07 9C 90 49 FF FD EF 7F,0x06F,00000002
169.886,9.0,111,0.0,8,8.0,[137 196 143  68 254 249 239 127],0.0,89 C4 8F 44 FE F9 EF 7F,0x06F,00000004
169.8869,9.0,101,0.0,1,1.0,[0 0 0 0 0 0 0 0],0.0,00 00 00 00 00 00 00 00,0x065,00000004
169.886901,9.0,102,0.0,6,6.0,[  1  87 120  48  84  45   0   0],0.0,01 57 78 30 54 2D 00 00,0x066,00000004
170.076,9.0,101,0.0,1,1.0,[0 0 0 0 0 0 0 0],0.0,00 00 00 00 00 00 00 00,0x065,00000002
170.0776,9.0,111,0.0,8,8.0,[  7 156 144  73 255 253 239 127],0.0,07 9C 90 49 FF FD EF 7F,0x06F,00000002
170.08399999999997,9.0,111,0.0,8,8.0,[139 188  79 196 253 241  15 128],0.0,8B BC 4F C4 FD F1 0F 80,0x06F,00000004
170.08489999999998,9.0,101,0.0,1,1.0,[0 0 0 0 0 0 0 0],0.0,00 00 00 00 00 00 00 00,0x065,00000004
170.08490099999997,9.0,102,0.0,6,6.0,[  1  31 121  48  84  45   0   0],0.0,01 1F 79 30 54 2D 00 00,0x066,00000004
170.27425,9.0,101,0.0,1,1.0,[0 0 0 0 0 0 0 0],0.0,00 00 00 00 00 00 00 00,0x065,00000002
170.2754,9.0,111,0.0,8,8.0,[  7 156 144 201 254 253 239 127],0.0,07 9C 90 C9 FE FD EF 7F,0x06F,00000002
170.28205,9.0,111,0.0,8,8.0,[139 180  79  68 254 245 239 127],0.0,8B B4 4F 44 FE F5 EF 7F,0x06F,00000004
170.28269999999998,9.0,101,0.0,1,1.0,[0 0 0 0 0 0 0 0],0.0,00 00 00 00 00 00 00 00,0x065,00000004
170.28270099999997,9.0,102,0.0,6,6.0,[  1 231 121  48  84  45   0   0],0.0,01 E7 79 30 54 2D 00 00,0x066,00000004
170.47205,9.0,101,0.0,1,1.0,[0 0 0 0 0 0 0 0],0.0,00 00 00 00 00 00 00 00,0x065,00000002
170.4734,9.0,111,0.0,8,8.0,[  7 156 144  73 255 249  15 128],0.0,07 9C 90 49 FF F9 0F 80,0x06F,00000002
170.48004999999998,9.0,111,0.0,8,8.0,[137 164  79  68 254 237 207 127],0.0,89 A4 4F 44 FE ED CF 7F,0x06F,00000004
170.4808,9.0,101,0.0,1,1.0,[0 0 0 0 0 0 0 0],0.0,00 00 00 00 00 00 00 00,0x065,00000004
170.48080099999999,9.0,102,0.0,6,6.0,[  1 175 122  48  84  45   0   0],0.0,01 AF 7A 30 54 2D 00 00,0x066,00000004
170.67005,9.0,101,0.0,1,1.0,[0 0 0 0 0 0 0 0],0.0,00 00 00 00 00 00 00 00,0x065,00000002
170.67139999999998,9.0,111,0.0,8,8.0,[  7 156 144  73 255 249 239 127],0.0,07 9C 90 49 FF F9 EF 7F,0x06F,00000002
170.67804999999998,9.0,111,0.0,8,8.0,[135 148  47  68 254   1 112 128],0.0,87 94 2F 44 FE 01 70 80,0x06F,00000004
170.6788,9.0,101,0.0,1,1.0,[0 0 0 0 0 0 0 0],0.0,00 00 00 00 00 00 00 00,0x065,00000004
170.678801,9.0,102,0.0,6,6.0,[  1 119 123  48  84  45   0   0],0.0,01 77 7B 30 54 2D 00 00,0x066,00000004
170.86825,9.0,101,0.0,1,1.0,[0 0 0 0 0 0 0 0],0.0,00 00 00 00 00 00 00 00,0x065,00000002
170.86939999999998,9.0,111,0.0,8,8.0,[  7 156 144 201 254 253 207 127],0.0,07 9C 90 C9 FE FD CF 7F,0x06F,00000002
170.87605,9.0,111,0.0,8,8.0,[137 124 143 196 254 249 239 127],0.0,89 7C 8F C4 FE F9 EF 7F,0x06F,00000004
170.87705,9.0,101,0.0,1,1.0,[0 0 0 0 0 0 0 0],0.0,00 00 00 00 00 00 00 00,0x065,00000004
170.877051,9.0,102,0.0,6,6.0,[  1  63 124  48  84  45   0   0],0.0,01 3F 7C 30 54 2D 00 00,0x066,00000004
171.06605,9.0,101,0.0,1,1.0,[0 0 0 0 0 0 0 0],0.0,00 00 00 00 00 00 00 00,0x065,00000002
171.0676,9.0,111,0.0,8,8.0,[  7 156 144  73 255 249  15 128],0.0,07 9C 90 49 FF F9 0F 80,0x06F,00000002
171.07404999999997,9.0,111,0.0,8,8.0,[135 124  79 196 254 225 207 127],0.0,87 7C 4F C4 FE E1 CF 7F,0x06F,00000004
171.07489999999999,9.0,101,0.0,1,1.0,[0 0 0 0 0 0 0 0],0.0,00 00 00 00 00 00 00 00,0x065,00000004
171.07490099999998,9.0,102,0.0,6,6.0,[  1   7 125  48  84  45   0   0],0.0,01 07 7D 30 54 2D 00 00,0x066,00000004
171.26405,9.0,101,0.0,1,1.0,[0 0 0 0 0 0 0 0],0.0,00 00 00 00 00 00 00 00,0x065,00000002
171.2654,9.0,111,0.0,8,8.0,[  7 156 144  73 255 253 239 127],0.0,07 9C 90 49 FF FD EF 7F,0x06F,00000002
171.27204999999998,9.0,111,0.0,8,8.0,[141 116 111 196 254 249 239 127],0.0,8D 74 6F C4 FE F9 EF 7F,0x06F,00000004
171.2729,9.0,101,0.0,1,1.0,[0 0 0 0 0 0 0 0],0.0,00 00 00 00 00 00 00 00,0x065,00000004
171.272901,9.0,102,0.0,6,6.0,[  1 207 125  48  84  45   0   0],0.0,01 CF 7D 30 54 2D 00 00,0x066,00000004
171.46224999999998,9.0,101,0.0,1,1.0,[0 0 0 0 0 0 0 0],0.0,00 00 00 00 00 00 00 00,0x065,00000002
171.46339999999998,9.0,111,0.0,8,8.0,[  7 156 144  73 255 253 239 127],0.0,07 9C 90 49 FF FD EF 7F,0x06F,00000002
171.47005,9.0,111,0.0,8,8.0,[135 132  79 196 255   5 176 127],0.0,87 84 4F C4 FF 05 B0 7F,0x06F,00000004
171.47105,9.0,101,0.0,1,1.0,[0 0 0 0 0 0 0 0],0.0,00 00 00 00 00 00 00 00,0x065,00000004
171.471051,9.0,102,0.0,6,6.0,[  1 151 126  48  84  45   0   0],0.0,01 97 7E 30 54 2D 00 00,0x066,00000004
171.66004999999998,9.0,101,0.0,1,1.0,[0 0 0 0 0 0 0 0],0.0,00 00 00 00 00 00 00 00,0x065,00000002
171.6614,9.0,111,0.0,8,8.0,[  7 156 144 201 254 253 207 127],0.0,07 9C 90 C9 FE FD CF 7F,0x06F,00000002
171.66805,9.0,111,0.0,8,8.0,[135 140  79 196 255   1 176 127],0.0,87 8C 4F C4 FF 01 B0 7F,0x06F,00000004
171.66949999999997,9.0,101,0.0,1,1.0,[0 0 0 0 0 0 0 0],0.0,00 00 00 00 00 00 00 00,0x065,00000004
171.669501,9.0,102,0.0,6,6.0,[  1  95 127  48  84  45   0   0],0.0,01 5F 7F 30 54 2D 00 00,0x066,00000004
171.85805,9.0,101,0.0,1,1.0,[0 0 0 0 0 0 0 0],0.0,00 00 00 00 00 00 00 00,0x065,00000002
171.8594,9.0,111,0.0,8,8.0,[  5 156 144 201 254 249  47 128],0.0,05 9C 90 C9 FE F9 2F 80,0x06F,00000002
171.86604999999997,9.0,111,0.0,8,8.0,[139 156 111  68 255 249 239 127],0.0,8B 9C 6F 44 FF F9 EF 7F,0x06F,00000004
171.86704999999998,9.0,101,0.0,1,1.0,[0 0 0 0 0 0 0 0],0.0,00 00 00 00 00 00 00 00,0x065,00000004
171.86705099999998,9.0,102,0.0,6,6.0,[  1  39 128  48  84  45   0   0],0.0,01 27 80 30 54 2D 00 00,0x066,00000004
172.05624999999998,9.0,101,0.0,1,1.0,[0 0 0 0 0 0 0 0],0.0,00 00 00 00 00 00 00 00,0x065,00000002
172.05759999999998,9.0,111,0.0,8,8.0,[  7 156 144  73 255 253 207 127],0.0,07 9C 90 49 FF FD CF 7F,0x06F,00000002
172.06404999999998,9.0,111,0.0,8,8.0,[137 156 111  68 255 245 239 127],0.0,89 9C 6F 44 FF F5 EF 7F,0x06F,00000004
172.06504999999999,9.0,101,0.0,1,1.0,[0 0 0 0 0 0 0 0],0.0,00 00 00 00 00 00 00 00,0x065,00000004
172.06505099999998,9.0,102,0.0,6,6.0,[  1 239 128  48  84  45   0   0],0.0,01 EF 80 30 54 2D 00 00,0x066,00000004
172.25424999999998,9.0,101,0.0,1,1.0,[0 0 0 0 0 0 0 0],0.0,00 00 00 00 00 00 00 00,0x065,00000002
172.25549999999998,9.0,111,0.0,8,8.0,[  5 156 144  73 255 249 239 127],0.0,05 9C 90 49 FF F9 EF 7F,0x06F,00000002
172.26205,9.0,111,0.0,8,8.0,[139 156  79  68 255 245 175 127],0.0,8B 9C 4F 44 FF F5 AF 7F,0x06F,00000004
172.26305,9.0,101,0.0,1,1.0,[0 0 0 0 0 0 0 0],0.0,00 00 00 00 00 00 00 00,0x065,00000004
172.263051,9.0,102,0.0,6,6.0,[  1 183 129  48  84  45   0   0],0.0,01 B7 81 30 54 2D 00 00,0x066,00000004
172.45204999999999,9.0,101,0.0,1,1.0,[0 0 0 0 0 0 0 0],0.0,00 00 00 00 00 00 00 00,0x065,00000002
172.4535,9.0,111,0.0,8,8.0,[  7 156 144 201 255 249  47 128],0.0,07 9C 90 C9 FF F9 2F 80,0x06F,00000002
172.46005,9.0,111,0.0,8,8.0,[141 156 111 196 255 249 207 127],0.0,8D 9C 6F C4 FF F9 CF 7F,0x06F,00000004
172.46095,9.0,101,0.0,1,1.0,[0 0 0 0 0 0 0 0],0.0,00 00 00 00 00 00 00 00,0x065,00000004
172.460951,9.0,102,0.0,6,6.0,[  1 127 130  48  84  45   0   0],0.0,01 7F 82 30 54 2D 00 00,0x066,00000004
172.6503,9.0,101,0.0,1,1.0,[0 0 0 0 0 0 0 0],0.0,00 00 00 00 00 00 00 00,0x065,00000002
172.6515,9.0,111,0.0,8,8.0,[  7 156 144 201 255   1 176 127],0.0,07 9C 90 C9 FF 01 B0 7F,0x06F,00000002
172.65804999999997,9.0,111,0.0,8,8.0,[137 156 111  68 255 253 239 127],0.0,89 9C 6F 44 FF FD EF 7F,0x06F,00000004
172.65904999999998,9.0,101,0.0,1,1.0,[0 0 0 0 0 0 0 0],0.0,00 00 00 00 00 00 00 00,0x065,00000004
172.65905099999998,9.0,102,0.0,6,6.0,[  1  71 131  48  84  45   0   0],0.0,01 47 83 30 54 2D 00 00,0x066,00000004
172.8483,9.0,101,0.0,1,1.0,[0 0 0 0 0 0 0 0],0.0,00 00 00 00 00 00 00 00,0x065,00000002
172.84949999999998,9.0,111,0.0,8,8.0,[  7 156 144 201 254 245  79 128],0.0,07 9C 90 C9 FE F5 4F 80,0x06F,00000002
172.85604999999998,9.0,111,0.0,8,8.0,[139 164  79 196 255 245 239 127],0.0,8B A4 4F C4 FF F5 EF 7F,0x06F,00000004
172.85705,9.0,101,0.0,1,1.0,[0 0 0 0 0 0 0 0],0.0,00 00 00 00 00 00 00 00,0x065,00000004
172.85705099999998,9.0,102,0.0,6,6.0,[  1  15 132  48  84  45   0   0],0.0,01 0F 84 30 54 2D 00 00,0x066,00000004
173.04604999999998,9.0,101,0.0,1,1.0,[0 0 0 0 0 0 0 0],0.0,00 00 00 00 00 00 00 00,0x065,00000002
173.04764999999998,9.0,111,0.0,8,8.0,[  7 156 144 201 254   1 176 127],0.0,07 9C 90 C9 FE 01 B0 7F,0x06F,00000002
173.05405,9.0,111,0.0,8,8.0,[139 164  79  68 255   5  16 128],0.0,8B A4 4F 44 FF 05 10 80,0x06F,00000004
173.05509999999998,9.0,101,0.0,1,1.0,[0 0 0 0 0 0 0 0],0.0,00 00 00 00 00 00 00 00,0x065,00000004
173.05510099999998,9.0,102,0.0,6,6.0,[  1 215 132  48  84  45   0   0],0.0,01 D7 84 30 54 2D 00 00,0x066,00000004
173.24429999999998,9.0,101,0.0,1,1.0,[0 0 0 0 0 0 0 0],0.0,00 00 00 00 00 00 00 00,0x065,00000002
173.2455,9.0,111,0.0,8,8.0,[  7 156 144  73 255 249  47 128],0.0,07 9C 90 49 FF F9 2F 80,0x06F,00000002
173.25205,9.0,111,0.0,8,8.0,[139 180 111 196 255 253 207 127],0.0,8B B4 6F C4 FF FD CF 7F,0x06F,00000004
173.2531,9.0,101,0.0,1,1.0,[0 0 0 0 0 0 0 0],0.0,00 00 00 00 00 00 00 00,0x065,00000004
173.253101,9.0,102,0.0,6,6.0,[  1 159 133  48  84  45   0   0],0.0,01 9F 85 30 54 2D 00 00,0x066,00000004
173.4423,9.0,101,0.0,1,1.0,[0 0 0 0 0 0 0 0],0.0,00 00 00 00 00 00 00 00,0x065,00000002
173.4435,9.0,111,0.0,8,8.0,[  7 156 144 201 254   1 176 127],0.0,07 9C 90 C9 FE 01 B0 7F,0x06F,00000002
173.45004999999998,9.0,111,0.0,8,8.0,[139 196  79  68 255 245 207 127],0.0,8B C4 4F 44 FF F5 CF 7F,0x06F,00000004
173.45104999999998,9.0,101,0.0,1,1.0,[0 0 0 0 0 0 0 0],0.0,00 00 00 00 00 00 00 00,0x065,00000004
173.45105099999998,9.0,102,0.0,6,6.0,[  1 103 134  48  84  45   0   0],0.0,01 67 86 30 54 2D 00 00,0x066,00000004
173.6403,9.0,101,0.0,1,1.0,[0 0 0 0 0 0 0 0],0.0,00 00 00 00 00 00 00 00,0x065,00000002
173.64045,9.0,111,0.0,8,8.0,[  5 164 144 201 255 217 143 128],0.0,05 A4 90 C9 FF D9 8F 80,0x06F,00000002
173.64804999999998,9.0,111,0.0,8,8.0,[139 196  47  68 255   1 208 127],0.0,8B C4 2F 44 FF 01 D0 7F,0x06F,00000004
173.64905,9.0,101,0.0,1,1.0,[0 0 0 0 0 0 0 0],0.0,00 00 00 00 00 00 00 00,0x065,00000004
173.649051,9.0,102,0.0,6,6.0,[  1  47 135  48  84  45   0   0],0.0,01 2F 87 30 54 2D 00 00,0x066,00000004
173.8383,9.0,101,0.0,1,1.0,[0 0 0 0 0 0 0 0],0.0,00 00 00 00 00 00 00 00,0x065,00000002
173.8395,9.0,111,0.0,8,8.0,[  7 156 144  73 255 253 207 127],0.0,07 9C 90 49 FF FD CF 7F,0x06F,00000002
173.84605,9.0,111,0.0,8,8.0,[139 196  79  68 255 249 239 127],0.0,8B C4 4F 44 FF F9 EF 7F,0x06F,00000004
173.84775,9.0,101,0.0,1,1.0,[0 0 0 0 0 0 0 0],0.0,00 00 00 00 00 00 00 00,0x065,00000004
173.847751,9.0,102,0.0,6,6.0,[  1 247 135  48  84  45   0   0],0.0,01 F7 87 30 54 2D 00 00,0x066,00000004
174.03629999999998,9.0,101,0.0,1,1.0,[0 0 0 0 0 0 0 0],0.0,00 00 00 00 00 00 00 00,0x065,00000002
174.03764999999999,9.0,111,0.0,8,8.0,[  7 156 144  73 255 249  47 128],0.0,07 9C 90 49 FF F9 2F 80,0x06F,00000002
174.04405,9.0,111,0.0,8,8.0,[139 196  79  68 255 253 239 127],0.0,8B C4 4F 44 FF FD EF 7F,0x06F,00000004
174.04504999999997,9.0,101,0.0,1,1.0,[0 0 0 0 0 0 0 0],0.0,00 00 00 00 00 00 00 00,0x065,00000004
174.04505099999997,9.0,102,0.0,6,6.0,[  1 191 136  48  84  45   0   0],0.0,01 BF 88 30 54 2D 00 00,0x066,00000004
174.23405,9.0,101,0.0,1,1.0,[0 0 0 0 0 0 0 0],0.0,00 00 00 00 00 00 00 00,0x065,00000002
174.2355,9.0,111,0.0,8,8.0,[  7 156 144 201 254 253 239 127],0.0,07 9C 90 C9 FE FD EF 7F,0x06F,00000002
174.24204999999998,9.0,111,0.0,8,8.0,[139 196  79  68 255 253 239 127],0.0,8B C4 4F 44 FF FD EF 7F,0x06F,00000004
174.24304999999998,9.0,101,0.0,1,1.0,[0 0 0 0 0 0 0 0],0.0,00 00 00 00 00 00 00 00,0x065,00000004
174.24305099999998,9.0,102,0.0,6,6.0,[  1 135 137  48  84  45   0   0],0.0,01 87 89 30 54 2D 00 00,0x066,00000004
174.4323,9.0,101,0.0,1,1.0,[0 0 0 0 0 0 0 0],0.0,00 00 00 00 00 00 00 00,0x065,00000002
174.43349999999998,9.0,111,0.0,8,8.0,[  7 156 144 201 254 253 207 127],0.0,07 9C 90 C9 FE FD CF 7F,0x06F,00000002
174.44009999999997,9.0,111,0.0,8,8.0,[139 196  79  68 255 253 239 127],0.0,8B C4 4F 44 FF FD EF 7F,0x06F,00000004
174.44109999999998,9.0,101,0.0,1,1.0,[0 0 0 0 0 0 0 0],0.0,00 00 00 00 00 00 00 00,0x065,00000004
174.44110099999997,9.0,102,0.0,6,6.0,[  1  79 138  48  84  45   0   0],0.0,01 4F 8A 30 54 2D 00 00,0x066,00000004
174.63029999999998,9.0,101,0.0,1,1.0,[0 0 0 0 0 0 0 0],0.0,00 00 00 00 00 00 00 00,0x065,00000002
174.6315,9.0,111,0.0,8,8.0,[  7 156 144  73 255 253 239 127],0.0,07 9C 90 49 FF FD EF 7F,0x06F,00000002
174.63809999999998,9.0,111,0.0,8,8.0,[139 196 111  68 255 249 239 127],0.0,8B C4 6F 44 FF F9 EF 7F,0x06F,00000004
174.63909999999998,9.0,101,0.0,1,1.0,[0 0 0 0 0 0 0 0],0.0,00 00 00 00 00 00 00 00,0x065,00000004
174.63910099999998,9.0,102,0.0,6,6.0,[  1  23 139  48  84  45   0   0],0.0,01 17 8B 30 54 2D 00 00,0x066,00000004
174.8278,9.0,111,0.0,8,8.0,[  7 156 144  73 255 253 239 127],0.0,07 9C 90 49 FF FD EF 7F,0x06F,00000002
174.82845,9.0,101,0.0,1,1.0,[0 0 0 0 0 0 0 0],0.0,00 00 00 00 00 00 00 00,0x065,00000002
174.8361,9.0,111,0.0,8,8.0,[139 196  79  68 255 253 239 127],0.0,8B C4 4F 44 FF FD EF 7F,0x06F,00000004
174.8372,9.0,101,0.0,1,1.0,[0 0 0 0 0 0 0 0],0.0,00 00 00 00 00 00 00 00,0x065,00000004
174.837201,9.0,102,0.0,6,6.0,[  1 223 139  48  84  45   0   0],0.0,01 DF 8B 30 54 2D 00 00,0x066,00000004
175.0341,9.0,111,0.0,8,8.0,[139 188  79  68 255 253 239 127],0.0,8B BC 4F 44 FF FD EF 7F,0x06F,00000004
175.03509999999997,9.0,101,0.0,1,1.0,[0 0 0 0 0 0 0 0],0.0,00 00 00 00 00 00 00 00,0x065,00000004
175.035101,9.0,102,0.0,6,6.0,[  1 167 140  48  84  45   0   0],0.0,01 A7 8C 30 54 2D 00 00,0x066,00000004
175.23209999999997,9.0,111,0.0,8,8.0,[139 188  79  68 255 253 239 127],0.0,8B BC 4F 44 FF FD EF 7F,0x06F,00000004
175.43034999999998,9.0,101,0.0,1,1.0,[0 0 0 0 0 0 0 0],0.0,00 00 00 00 00 00 00 00,0x065,00000004
175.43035099999997,9.0,102,0.0,6,6.0,[  1 111 141  48  84  45   0   0],0.0,01 6F 8D 30 54 2D 00 00,0x066,00000004
175.43275,9.0,111,0.0,8,8.0,[139 188  79  68 255 253 239 127],0.0,8B BC 4F 44 FF FD EF 7F,0x06F,00000004
175.62834999999998,9.0,101,0.0,1,1.0,[0 0 0 0 0 0 0 0],0.0,00 00 00 00 00 00 00 00,0x065,00000004
175.62835099999998,9.0,102,0.0,6,6.0,[  1  55 142  48  84  45   0   0],0.0,01 37 8E 30 54 2D 00 00,0x066,00000004
175.63009999999997,9.0,111,0.0,8,8.0,[139 196  79  68 255 253 239 127],0.0,8B C4 4F 44 FF FD EF 7F,0x06F,00000004
175.82635,9.0,101,0.0,1,1.0,[0 0 0 0 0 0 0 0],0.0,00 00 00 00 00 00 00 00,0x065,00000004
175.826351,9.0,102,0.0,6,6.0,[  1 255 142  48  84  45   0   0],0.0,01 FF 8E 30 54 2D 00 00,0x066,00000004
175.82809999999998,9.0,111,0.0,8,8.0,[139 196  79  68 255 249 239 127],0.0,8B C4 4F 44 FF F9 EF 7F,0x06F,00000004
176.02435,9.0,101,0.0,1,1.0,[0 0 0 0 0 0 0 0],0.0,00 00 00 00 00 00 00 00,0x065,00000004
176.024351,9.0,102,0.0,6,6.0,[  1 199 143  48  84  45   0   0],0.0,01 C7 8F 30 54 2D 00 00,0x066,00000004
176.0262,9.0,111,0.0,8,8.0,[141 212  79  68 255 249 207 127],0.0,8D D4 4F 44 FF F9 CF 7F,0x06F,00000004
176.22259999999997,9.0,101,0.0,1,1.0,[0 0 0 0 0 0 0 0],0.0,00 00 00 00 00 00 00 00,0x065,00000004
176.222601,9.0,102,0.0,6,6.0,[  1 143 144  48  84  45   0   0],0.0,01 8F 90 30 54 2D 00 00,0x066,00000004
176.2241,9.0,111,0.0,8,8.0,[139 236  79  68 255 249 207 127],0.0,8B EC 4F 44 FF F9 CF 7F,0x06F,00000004
176.42034999999998,9.0,101,0.0,1,1.0,[0 0 0 0 0 0 0 0],0.0,00 00 00 00 00 00 00 00,0x065,00000004
176.42035099999998,9.0,102,0.0,6,6.0,[  1  87 145  48  84  45   0   0],0.0,01 57 91 30 54 2D 00 00,0x066,00000004
176.42209999999997,9.0,111,0.0,8,8.0,[141 220  79 196 254 253 239 127],0.0,8D DC 4F C4 FE FD EF 7F,0x06F,00000004
176.61835,9.0,101,0.0,1,1.0,[0 0 0 0 0 0 0 0],0.0,00 00 00 00 00 00 00 00,0x065,00000004
176.618351,9.0,102,0.0,6,6.0,[  1  31 146  48  84  45   0   0],0.0,01 1F 92 30 54 2D 00 00,0x066,00000004
176.62009999999998,9.0,111,0.0,8,8.0,[139 228  79  68 255 253 239 127],0.0,8B E4 4F 44 FF FD EF 7F,0x06F,00000004
176.8166,9.0,101,0.0,1,1.0,[0 0 0 0 0 0 0 0],0.0,00 00 00 00 00 00 00 00,0x065,00000004
176.816601,9.0,102,0.0,6,6.0,[  1 231 146  48  84  45   0   0],0.0,01 E7 92 30 54 2D 00 00,0x066,00000004
176.81904999999998,9.0,111,0.0,8,8.0,[139 228  79  68 255 253 239 127],0.0,8B E4 4F 44 FF FD EF 7F,0x06F,00000004
177.01434999999998,9.0,101,0.0,1,1.0,[0 0 0 0 0 0 0 0],0.0,00 00 00 00 00 00 00 00,0x065,00000004
177.01435099999998,9.0,102,0.0,6,6.0,[  1 175 147  48  84  45   0   0],0.0,01 AF 93 30 54 2D 00 00,0x066,00000004
177.01624999999999,9.0,111,0.0,8,8.0,[139 228  79  68 255 253 239 127],0.0,8B E4 4F 44 FF FD EF 7F,0x06F,00000004
177.21259999999998,9.0,101,0.0,1,1.0,[48  0  0  0  0  0  0  0],0.0,30 00 00 00 00 00 00 00,0x065,00000004
177.21260099999998,9.0,102,0.0,6,6.0,[  1 119 148  48  84  45   0   0],0.0,01 77 94 30 54 2D 00 00,0x066,00000004
177.21419999999998,9.0,111,0.0,8,8.0,[139 228  79  68 255 253 239 127],0.0,8B E4 4F 44 FF FD EF 7F,0x06F,00000004
177.4106,9.0,101,0.0,1,1.0,[51  0  0  0  0  0  0  0],0.0,33 00 00 00 00 00 00 00,0x065,00000004
177.41060099999999,9.0,102,0.0,6,6.0,[  1  63 149  48  84  45   0   0],0.0,01 3F 95 30 54 2D 00 00,0x066,00000004
177.41060199999998,9.0,103,0.0,8,8.0,[ 87  27 138  80  52  53 109 253],0.0,57 1B 8A 50 34 35 6D FD,0x067,00000004
177.41060299999998,9.0,104,0.0,4,4.0,[211 245 161   1   0   0   0   0],0.0,D3 F5 A1 01 00 00 00 00,0x068,00000004
177.41060399999998,9.0,107,0.0,5,5.0,[171   3  32 102   0   0   0   0],0.0,AB 03 20 66 00 00 00 00,0x06B,00000004
177.41314999999997,9.0,111,0.0,8,8.0,[139 228  79  68 255 253 239 127],0.0,8B E4 4F 44 FF FD EF 7F,0x06F,00000004
177.60834999999997,9.0,101,0.0,1,1.0,[51  0  0  0  0  0  0  0],0.0,33 00 00 00 00 00 00 00,0x065,00000004
177.60835099999997,9.0,102,0.0,6,6.0,[  1   7 150  48  84  45   0   0],0.0,01 07 96 30 54 2D 00 00,0x066,00000004
177.608352,9.0,103,0.0,8,8.0,[ 85  27 138 208  53  53 109 253],0.0,55 1B 8A D0 35 35 6D FD,0x067,00000004
177.608353,9.0,104,0.0,4,4.0,[221 245 193   1   0   0   0   0],0.0,DD F5 C1 01 00 00 00 00,0x068,00000004
177.608354,9.0,107,0.0,5,5.0,[149   2 192  89   0   0   0   0],0.0,95 02 C0 59 00 00 00 00,0x06B,00000004
177.61055,9.0,111,0.0,8,8.0,[139 220  79  68 255 249 239 127],0.0,8B DC 4F 44 FF F9 EF 7F,0x06F,00000004
177.80659999999997,9.0,101,0.0,1,1.0,[51  0  0  0  0  0  0  0],0.0,33 00 00 00 00 00 00 00,0x065,00000004
177.80660099999997,9.0,102,0.0,6,6.0,[  1 207 150  48  84  45   0   0],0.0,01 CF 96 30 54 2D 00 00,0x066,00000004
177.806602,9.0,103,0.0,8,8.0,[ 85  27 138  48  54  53 109 217],0.0,55 1B 8A 30 36 35 6D D9,0x067,00000004
177.806603,9.0,104,0.0,4,4.0,[217 245 153   1   0   0   0   0],0.0,D9 F5 99 01 00 00 00 00,0x068,00000004
177.806604,9.0,107,0.0,5,5.0,[187   0   0  96   0   0   0   0],0.0,BB 00 00 60 00 00 00 00,0x06B,00000004
177.80919999999998,9.0,111,0.0,8,8.0,[139 228  79  68 255 253 239 127],0.0,8B E4 4F 44 FF FD EF 7F,0x06F,00000004
178.00459999999998,9.0,101,0.0,1,1.0,[51  0  0  0  0  0  0  0],0.0,33 00 00 00 00 00 00 00,0x065,00000004
178.00460099999998,9.0,102,0.0,6,6.0,[  1 151 151  48  84  45   0   0],0.0,01 97 97 30 54 2D 00 00,0x066,00000004
178.00460199999998,9.0,103,0.0,8,8.0,[ 85  27 138  80  54  53 109 193],0.0,55 1B 8A 50 36 35 6D C1,0x067,00000004
178.00460299999997,9.0,104,0.0,4,4.0,[223 245 121   1   0   0   0   0],0.0,DF F5 79 01 00 00 00 00,0x068,00000004
178.00460399999997,9.0,107,0.0,5,5.0,[73  0 32 65  0  0  0  0],0.0,49 00 20 41 00 00 00 00,0x06B,00000004
178.00664999999998,9.0,111,0.0,8,8.0,[139 228 111  68 255 253 239 127],0.0,8B E4 6F 44 FF FD EF 7F,0x06F,00000004
178.20239999999998,9.0,101,0.0,1,1.0,[51  0  0  0  0  0  0  0],0.0,33 00 00 00 00 00 00 00,0x065,00000004
178.20240099999998,9.0,102,0.0,6,6.0,[  1  95 152  48  84  45   0   0],0.0,01 5F 98 30 54 2D 00 00,0x066,00000004
178.20240199999998,9.0,103,0.0,8,8.0,[ 85  27 138 176  54  53 109 177],0.0,55 1B 8A B0 36 35 6D B1,0x067,00000004
178.20240299999998,9.0,104,0.0,4,4.0,[213 245  89   1   0   0   0   0],0.0,D5 F5 59 01 00 00 00 00,0x068,00000004
178.20240399999997,9.0,107,0.0,5,5.0,[105   1 224  89   0   0   0   0],0.0,69 01 E0 59 00 00 00 00,0x06B,00000004
178.2052,9.0,111,0.0,8,8.0,[139 228  15  68 255   5 240 127],0.0,8B E4 0F 44 FF 05 F0 7F,0x06F,00000004
178.4004,9.0,101,0.0,1,1.0,[51  0  0  0  0  0  0  0],0.0,33 00 00 00 00 00 00 00,0x065,00000004
178.400401,9.0,102,0.0,6,6.0,[  1  39 153  48  84  45   0   0],0.0,01 27 99 30 54 2D 00 00,0x066,00000004
178.40040199999999,9.0,103,0.0,8,8.0,[ 87  27 138  80  54  53 109 165],0.0,57 1B 8A 50 36 35 6D A5,0x067,00000004
178.40040299999998,9.0,104,0.0,4,4.0,[213 245  73   1   0   0   0   0],0.0,D5 F5 49 01 00 00 00 00,0x068,00000004
178.40040399999998,9.0,107,0.0,5,5.0,[191   0  96  86   0   0   0   0],0.0,BF 00 60 56 00 00 00 00,0x06B,00000004
178.40249999999997,9.0,111,0.0,8,8.0,[139 220 143  68 255 237 239 127],0.0,8B DC 8F 44 FF ED EF 7F,0x06F,00000004
178.59859999999998,9.0,101,0.0,1,1.0,[51  0  0  0  0  0  0  0],0.0,33 00 00 00 00 00 00 00,0x065,00000004
178.59860099999997,9.0,102,0.0,6,6.0,[  1 239 153  48  84  45   0   0],0.0,01 EF 99 30 54 2D 00 00,0x066,00000004
178.59860199999997,9.0,103,0.0,8,8.0,[ 87  27 138 144  54  53 109 153],0.0,57 1B 8A 90 36 35 6D 99,0x067,00000004
178.598603,9.0,104,0.0,4,4.0,[211 245  57   1   0   0   0   0],0.0,D3 F5 39 01 00 00 00 00,0x068,00000004
178.598604,9.0,107,0.0,5,5.0,[ 17   1 224  73   0   0   0   0],0.0,11 01 E0 49 00 00 00 00,0x06B,00000004
178.60119999999998,9.0,111,0.0,8,8.0,[141 228  15  68 255   9 240 127],0.0,8D E4 0F 44 FF 09 F0 7F,0x06F,00000004
178.79659999999998,9.0,101,0.0,1,1.0,[51  0  0  0  0  0  0  0],0.0,33 00 00 00 00 00 00 00,0x065,00000004
178.79660099999998,9.0,102,0.0,6,6.0,[  1 183 154  48  84  45   0   0],0.0,01 B7 9A 30 54 2D 00 00,0x066,00000004
178.79660199999998,9.0,103,0.0,8,8.0,[ 87  27 138 112  54  53 109 145],0.0,57 1B 8A 70 36 35 6D 91,0x067,00000004
178.79660299999998,9.0,104,0.0,4,4.0,[213 245  41   1   0   0   0   0],0.0,D5 F5 29 01 00 00 00 00,0x068,00000004
178.79660399999997,9.0,107,0.0,5,5.0,[165   1 192  69   0   0   0   0],0.0,A5 01 C0 45 00 00 00 00,0x06B,00000004
178.7985,9.0,111,0.0,8,8.0,[139 228 111  68 255 237 239 127],0.0,8B E4 6F 44 FF ED EF 7F,0x06F,00000004
178.9946,9.0,101,0.0,1,1.0,[51  0  0  0  0  0  0  0],0.0,33 00 00 00 00 00 00 00,0x065,00000004
178.994601,9.0,102,0.0,6,6.0,[  1 127 155  48  84  45   0   0],0.0,01 7F 9B 30 54 2D 00 00,0x066,00000004
178.994602,9.0,103,0.0,8,8.0,[ 87  27 138 208  54  53 109 137],0.0,57 1B 8A D0 36 35 6D 89,0x067,00000004
178.99460299999998,9.0,104,0.0,4,4.0,[219 245  25   1   0   0   0   0],0.0,DB F5 19 01 00 00 00 00,0x068,00000004
178.99460399999998,9.0,107,0.0,5,5.0,[ 39   1 128  68   0   0   0   0],0.0,27 01 80 44 00 00 00 00,0x06B,00000004
178.99665,9.0,111,0.0,8,8.0,[139 228 111  68 255   1 240 127],0.0,8B E4 6F 44 FF 01 F0 7F,0x06F,00000004
179.19259999999997,9.0,101,0.0,1,1.0,[51  0  0  0  0  0  0  0],0.0,33 00 00 00 00 00 00 00,0x065,00000004
179.192601,9.0,102,0.0,6,6.0,[  3  71 156  48  84  45   0   0],0.0,03 47 9C 30 54 2D 00 00,0x066,00000004
179.192602,9.0,103,0.0,8,8.0,[155  27 138  16  56  53 109 109],0.0,9B 1B 8A 10 38 35 6D 6D,0x067,00000004
179.192603,9.0,104,0.0,4,4.0,[117 245 233   0   0   0   0   0],0.0,75 F5 E9 00 00 00 00 00,0x068,00000004
179.192604,9.0,107,0.0,5,5.0,[51  2 96 61  0  0  0  0],0.0,33 02 60 3D 00 00 00 00,0x06B,00000004
179.19519999999997,9.0,111,0.0,8,8.0,[139 228  79  68 255 253 239 127],0.0,8B E4 4F 44 FF FD EF 7F,0x06F,00000004
179.39039999999997,9.0,101,0.0,1,1.0,[51  0  0  0  0  0  0  0],0.0,33 00 00 00 00 00 00 00,0x065,00000004
179.390401,9.0,102,0.0,6,6.0,[  3  15 157  48  84  45   0   0],0.0,03 0F 9D 30 54 2D 00 00,0x066,00000004
179.390402,9.0,103,0.0,8,8.0,[181  27 138 144  56  53 109  93],0.0,B5 1B 8A 90 38 35 6D 5D,0x067,00000004
179.390403,9.0,104,0.0,4,4.0,[ 95 245 209   0   0   0   0   0],0.0,5F F5 D1 00 00 00 00 00,0x068,00000004
179.390404,9.0,107,0.0,5,5.0,[ 13   2 128  69   0   0   0   0],0.0,0D 02 80 45 00 00 00 00,0x06B,00000004
179.39254999999997,9.0,111,0.0,8,8.0,[139 220  79 196 254   1 240 127],0.0,8B DC 4F C4 FE 01 F0 7F,0x06F,00000004
179.58839999999998,9.0,101,0.0,1,1.0,[59  0  0  0  0  0  0  0],0.0,3B 00 00 00 00 00 00 00,0x065,00000004
179.58840099999998,9.0,102,0.0,6,6.0,[  3 215 157  48  84  45   0   0],0.0,03 D7 9D 30 54 2D 00 00,0x066,00000004
179.58840199999997,9.0,103,0.0,8,8.0,[191  27 138 176  56  53 109  81],0.0,BF 1B 8A B0 38 35 6D 51,0x067,00000004
179.58840299999997,9.0,104,0.0,4,4.0,[ 97 245 193   0   0   0   0   0],0.0,61 F5 C1 00 00 00 00 00,0x068,00000004
179.588404,9.0,107,0.0,5,5.0,[79  0 96 41  0  0  0  0],0.0,4F 00 60 29 00 00 00 00,0x06B,00000004
179.5912,9.0,111,0.0,8,8.0,[139 228  79  68 255 253 239 127],0.0,8B E4 4F 44 FF FD EF 7F,0x06F,00000004
179.7866,9.0,101,0.0,1,1.0,[59  0  0  0  0  0  0  0],0.0,3B 00 00 00 00 00 00 00,0x065,00000004
179.786601,9.0,102,0.0,6,6.0,[  3 159 158  48  84  45   0   0],0.0,03 9F 9E 30 54 2D 00 00,0x066,00000004
179.786602,9.0,103,0.0,8,8.0,[195  27 138 240  56  53 109  73],0.0,C3 1B 8A F0 38 35 6D 49,0x067,00000004
179.78660299999999,9.0,104,0.0,4,4.0,[105 245 177   0   0   0   0   0],0.0,69 F5 B1 00 00 00 00 00,0x068,00000004
179.78660399999998,9.0,107,0.0,5,5.0,[211   0 224  40   0   0   0   0],0.0,D3 00 E0 28 00 00 00 00,0x06B,00000004
179.78865,9.0,111,0.0,8,8.0,[139 228  79  68 255 253 239 127],0.0,8B E4 4F 44 FF FD EF 7F,0x06F,00000004
179.98414999999997,9.0,111,0.0,8,8.0,[139 228  79  68 255 253 239 127],0.0,8B E4 4F 44 FF FD EF 7F,0x06F,00000004
179.98479999999998,9.0,101,0.0,1,1.0,[59  0  0  0  0  0  0  0],0.0,3B 00 00 00 00 00 00 00,0x065,00000004
179.98480099999998,9.0,102,0.0,6,6.0,[  3 103 159  48  84  45   0   0],0.0,03 67 9F 30 54 2D 00 00,0x066,00000004
179.98480199999997,9.0,103,0.0,8,8.0,[199  27 138  16  57  53 109  65],0.0,C7 1B 8A 10 39 35 6D 41,0x067,00000004
179.98480299999997,9.0,104,0.0,4,4.0,[115 245 161   0   0   0   0   0],0.0,73 F5 A1 00 00 00 00 00,0x068,00000004
179.984804,9.0,107,0.0,5,5.0,[179   0  96  48   0   0   0   0],0.0,B3 00 60 30 00 00 00 00,0x06B,00000004
180.18265,9.0,101,0.0,1,1.0,[59  0  0  0  0  0  0  0],0.0,3B 00 00 00 00 00 00 00,0x065,00000004
180.182651,9.0,102,0.0,6,6.0,[  3  47 160  48  84  45   0   0],0.0,03 2F A0 30 54 2D 00 00,0x066,00000004
180.182652,9.0,103,0.0,8,8.0,[199  27 138 112  57  53 109  61],0.0,C7 1B 8A 70 39 35 6D 3D,0x067,00000004
180.182653,9.0,104,0.0,4,4.0,[127 245 153   0   0   0   0   0],0.0,7F F5 99 00 00 00 00 00,0x068,00000004
180.18265399999999,9.0,107,0.0,5,5.0,[ 63   1 160  45   0   0   0   0],0.0,3F 01 A0 2D 00 00 00 00,0x06B,00000004
180.1846,9.0,111,0.0,8,8.0,[139 220  79  68 255 253 239 127],0.0,8B DC 4F 44 FF FD EF 7F,0x06F,00000004
180.38064999999997,9.0,101,0.0,1,1.0,[59  0  0  0  0  0  0  0],0.0,3B 00 00 00 00 00 00 00,0x065,00000004
180.38065099999997,9.0,102,0.0,6,6.0,[  3 247 160  48  84  45   0   0],0.0,03 F7 A0 30 54 2D 00 00,0x066,00000004
180.380652,9.0,103,0.0,8,8.0,[197  27 138 176  57  53 109  57],0.0,C5 1B 8A B0 39 35 6D 39,0x067,00000004
180.380653,9.0,104,0.0,4,4.0,[139 245 145   0   0   0   0   0],0.0,8B F5 91 00 00 00 00 00,0x068,00000004
180.380654,9.0,107,0.0,5,5.0,[159   0  32  45   0   0   0   0],0.0,9F 00 20 2D 00 00 00 00,0x06B,00000004
180.3833,9.0,111,0.0,8,8.0,[139 228  79  68 255 253 239 127],0.0,8B E4 4F 44 FF FD EF 7F,0x06F,00000004
180.57864999999998,9.0,101,0.0,1,1.0,[59  0  0  0  0  0  0  0],0.0,3B 00 00 00 00 00 00 00,0x065,00000004
180.57865099999998,9.0,102,0.0,6,6.0,[  3 191 161  48  84  45   0   0],0.0,03 BF A1 30 54 2D 00 00,0x066,00000004
180.57865199999998,9.0,103,0.0,8,8.0,[197  27 138 240  57  53 109  53],0.0,C5 1B 8A F0 39 35 6D 35,0x067,00000004
180.57865299999997,9.0,104,0.0,4,4.0,[155 245 137   0   0   0   0   0],0.0,9B F5 89 00 00 00 00 00,0x068,00000004
180.57865399999997,9.0,107,0.0,5,5.0,[ 61   0 128  42   0   0   0   0],0.0,3D 00 80 2A 00 00 00 00,0x06B,00000004
180.58065,9.0,111,0.0,8,8.0,[139 228  79  68 255 253 239 127],0.0,8B E4 4F 44 FF FD EF 7F,0x06F,00000004
180.77665,9.0,101,0.0,1,1.0,[59  0  0  0  0  0  0  0],0.0,3B 00 00 00 00 00 00 00,0x065,00000004
180.776651,9.0,102,0.0,6,6.0,[  3 135 162  48  84  45   0   0],0.0,03 87 A2 30 54 2D 00 00,0x066,00000004
180.77665199999998,9.0,103,0.0,8,8.0,[197  27 138  48  58  53 109  49],0.0,C5 1B 8A 30 3A 35 6D 31,0x067,00000004
180.77665299999998,9.0,104,0.0,4,4.0,[169 245 137   0   0   0   0   0],0.0,A9 F5 89 00 00 00 00 00,0x068,00000004
180.77665399999998,9.0,107,0.0,5,5.0,[65  0  0 42  0  0  0  0],0.0,41 00 00 2A 00 00 00 00,0x06B,00000004
180.77929999999998,9.0,111,0.0,8,8.0,[139 228  79  68 255 253 239 127],0.0,8B E4 4F 44 FF FD EF 7F,0x06F,00000004
180.97465,9.0,101,0.0,1,1.0,[59  0  0  0  0  0  0  0],0.0,3B 00 00 00 00 00 00 00,0x065,00000004
180.974651,9.0,102,0.0,6,6.0,[  3  79 163  48  84  45   0   0],0.0,03 4F A3 30 54 2D 00 00,0x066,00000004
180.974652,9.0,103,0.0,8,8.0,[195  27 138 176  58  53 109  49],0.0,C3 1B 8A B0 3A 35 6D 31,0x067,00000004
180.974653,9.0,104,0.0,4,4.0,[181 245 129   0   0   0   0   0],0.0,B5 F5 81 00 00 00 00 00,0x068,00000004
180.974654,9.0,107,0.0,5,5.0,[167   0 160  46   0   0   0   0],0.0,A7 00 A0 2E 00 00 00 00,0x06B,00000004
180.97684999999998,9.0,111,0.0,8,8.0,[139 228  79  68 255 253 239 127],0.0,8B E4 4F 44 FF FD EF 7F,0x06F,00000004
181.17215,9.0,111,0.0,8,8.0,[139 220  79  68 255 249 239 127],0.0,8B DC 4F 44 FF F9 EF 7F,0x06F,00000004
181.1728,9.0,101,0.0,1,1.0,[59  0  0  0  0  0  0  0],0.0,3B 00 00 00 00 00 00 00,0x065,00000004
181.172801,9.0,102,0.0,6,6.0,[  3  23 164  48  84  45   0   0],0.0,03 17 A4 30 54 2D 00 00,0x066,00000004
181.172802,9.0,103,0.0,8,8.0,[195  27 138 240  58  53 109  45],0.0,C3 1B 8A F0 3A 35 6D 2D,0x067,00000004
181.172803,9.0,104,0.0,4,4.0,[193 245 121   0   0   0   0   0],0.0,C1 F5 79 00 00 00 00 00,0x068,00000004
181.17280399999999,9.0,107,0.0,5,5.0,[249   0 224  45   0   0   0   0],0.0,F9 00 E0 2D 00 00 00 00,0x06B,00000004
181.37015,9.0,111,0.0,8,8.0,[139 228  79  68 255 253 239 127],0.0,8B E4 4F 44 FF FD EF 7F,0x06F,00000004
181.37079999999997,9.0,101,0.0,1,1.0,[59  0  0  0  0  0  0  0],0.0,3B 00 00 00 00 00 00 00,0x065,00000004
181.37080099999997,9.0,102,0.0,6,6.0,[  3 223 164  48  84  45   0   0],0.0,03 DF A4 30 54 2D 00 00,0x066,00000004
181.370802,9.0,103,0.0,8,8.0,[195  27 138  16  59  53 109  45],0.0,C3 1B 8A 10 3B 35 6D 2D,0x067,00000004
181.370803,9.0,104,0.0,4,4.0,[203 245 121   0   0   0   0   0],0.0,CB F5 79 00 00 00 00 00,0x068,00000004
181.370804,9.0,107,0.0,5,5.0,[ 21   2 160  47   0   0   0   0],0.0,15 02 A0 2F 00 00 00 00,0x06B,00000004
181.56865,9.0,101,0.0,1,1.0,[59  0  0  0  0  0  0  0],0.0,3B 00 00 00 00 00 00 00,0x065,00000004
181.568651,9.0,102,0.0,6,6.0,[  3 167 165  48  84  45   0   0],0.0,03 A7 A5 30 54 2D 00 00,0x066,00000004
181.568652,9.0,103,0.0,8,8.0,[193  27 138  48  59  53 109  41],0.0,C1 1B 8A 30 3B 35 6D 29,0x067,00000004
181.56865299999998,9.0,104,0.0,4,4.0,[213 245 113   0   0   0   0   0],0.0,D5 F5 71 00 00 00 00 00,0x068,00000004
181.56865399999998,9.0,107,0.0,5,5.0,[221   0  96  55   0   0   0   0],0.0,DD 00 60 37 00 00 00 00,0x06B,00000004
181.57064999999997,9.0,111,0.0,8,8.0,[139 228  79  68 255 249 239 127],0.0,8B E4 4F 44 FF F9 EF 7F,0x06F,00000004
181.76664999999997,9.0,101,0.0,1,1.0,[59  0  0  0  0  0  0  0],0.0,3B 00 00 00 00 00 00 00,0x065,00000004
181.766651,9.0,102,0.0,6,6.0,[  3 111 166  48  84  45   0   0],0.0,03 6F A6 30 54 2D 00 00,0x066,00000004
181.766652,9.0,103,0.0,8,8.0,[197  27 138 112  59  53 109  41],0.0,C5 1B 8A 70 3B 35 6D 29,0x067,00000004
181.766653,9.0,104,0.0,4,4.0,[225 245 113   0   0   0   0   0],0.0,E1 F5 71 00 00 00 00 00,0x068,00000004
181.766654,9.0,107,0.0,5,5.0,[157   2 224  54   0   0   0   0],0.0,9D 02 E0 36 00 00 00 00,0x06B,00000004
181.7693,9.0,111,0.0,8,8.0,[139 228  79 196 254 253 239 127],0.0,8B E4 4F C4 FE FD EF 7F,0x06F,00000004
181.96464999999998,9.0,101,0.0,1,1.0,[59  0  0  0  0  0  0  0],0.0,3B 00 00 00 00 00 00 00,0x065,00000004
181.96465099999998,9.0,102,0.0,6,6.0,[  3  55 167  48  84  45   0   0],0.0,03 37 A7 30 54 2D 00 00,0x066,00000004
181.96465199999997,9.0,103,0.0,8,8.0,[197  27 138 176  59  53 109  41],0.0,C5 1B 8A B0 3B 35 6D 29,0x067,00000004
181.964653,9.0,104,0.0,4,4.0,[237 245 113   0   0   0   0   0],0.0,ED F5 71 00 00 00 00 00,0x068,00000004
181.964654,9.0,107,0.0,5,5.0,[41  3 32 55  0  0  0  0],0.0,29 03 20 37 00 00 00 00,0x06B,00000004
181.96685,9.0,111,0.0,8,8.0,[139 228  79 196 254 253 239 127],0.0,8B E4 4F C4 FE FD EF 7F,0x06F,00000004
182.16264999999999,9.0,101,0.0,1,1.0,[59  0  0  0  0  0  0  0],0.0,3B 00 00 00 00 00 00 00,0x065,00000004
182.16265099999998,9.0,102,0.0,6,6.0,[  3 255 167  48  84  45   0   0],0.0,03 FF A7 30 54 2D 00 00,0x066,00000004
182.16265199999998,9.0,103,0.0,8,8.0,[197  27 138 208  59  53 109  41],0.0,C5 1B 8A D0 3B 35 6D 29,0x067,00000004
182.16265299999998,9.0,104,0.0,4,4.0,[245 245 105   0   0   0   0   0],0.0,F5 F5 69 00 00 00 00 00,0x068,00000004
182.16265399999997,9.0,107,0.0,5,5.0,[231   1   0  55   0   0   0   0],0.0,E7 01 00 37 00 00 00 00,0x06B,00000004
182.16539999999998,9.0,111,0.0,8,8.0,[139 220  79  68 255 253 239 127],0.0,8B DC 4F 44 FF FD EF 7F,0x06F,00000004
182.36014999999998,9.0,111,0.0,8,8.0,[139 228  79  68 255 253 239 127],0.0,8B E4 4F 44 FF FD EF 7F,0x06F,00000004
182.36079999999998,9.0,101,0.0,1,1.0,[59  0  0  0  0  0  0  0],0.0,3B 00 00 00 00 00 00 00,0x065,00000004
182.36080099999998,9.0,102,0.0,6,6.0,[  3 199 168  48  84  45   0   0],0.0,03 C7 A8 30 54 2D 00 00,0x066,00000004
182.36080199999998,9.0,103,0.0,8,8.0,[199  27 138 240  59  53 109  37],0.0,C7 1B 8A F0 3B 35 6D 25,0x067,00000004
182.36080299999998,9.0,104,0.0,4,4.0,[253 245 105   0   0   0   0   0],0.0,FD F5 69 00 00 00 00 00,0x068,00000004
182.36080399999997,9.0,107,0.0,5,5.0,[249   2  96  55   0   0   0   0],0.0,F9 02 60 37 00 00 00 00,0x06B,00000004
182.55814999999998,9.0,111,0.0,8,8.0,[139 228  79 196 254 253 239 127],0.0,8B E4 4F C4 FE FD EF 7F,0x06F,00000004
182.5588,9.0,101,0.0,1,1.0,[59  0  0  0  0  0  0  0],0.0,3B 00 00 00 00 00 00 00,0x065,00000004
182.558801,9.0,102,0.0,6,6.0,[  3 143 169  48  84  45   0   0],0.0,03 8F A9 30 54 2D 00 00,0x066,00000004
182.558802,9.0,103,0.0,8,8.0,[199  27 138  16  60  53 109  37],0.0,C7 1B 8A 10 3C 35 6D 25,0x067,00000004
182.55880299999998,9.0,104,0.0,4,4.0,[  3 246 105   0   0   0   0   0],0.0,03 F6 69 00 00 00 00 00,0x068,00000004
182.55880399999998,9.0,107,0.0,5,5.0,[ 45   2 224  54   0   0   0   0],0.0,2D 02 E0 36 00 00 00 00,0x06B,00000004
182.75664999999998,9.0,101,0.0,1,1.0,[59  0  0  0  0  0  0  0],0.0,3B 00 00 00 00 00 00 00,0x065,00000004
182.75665099999998,9.0,102,0.0,6,6.0,[  3  87 170  48  84  45   0   0],0.0,03 57 AA 30 54 2D 00 00,0x066,00000004
182.75665199999997,9.0,103,0.0,8,8.0,[197  27 138  80  60  53 109  37],0.0,C5 1B 8A 50 3C 35 6D 25,0x067,00000004
182.75665299999997,9.0,104,0.0,4,4.0,[  9 246  97   0   0   0   0   0],0.0,09 F6 61 00 00 00 00 00,0x068,00000004
182.756654,9.0,107,0.0,5,5.0,[165   1 160  52   0   0   0   0],0.0,A5 01 A0 34 00 00 00 00,0x06B,00000004
182.75875,9.0,111,0.0,8,8.0,[139 228  79  68 255 253 239 127],0.0,8B E4 4F 44 FF FD EF 7F,0x06F,00000004
182.9542,9.0,111,0.0,8,8.0,[139 228  79  68 255 253 239 127],0.0,8B E4 4F 44 FF FD EF 7F,0x06F,00000004
182.95544999999998,9.0,101,0.0,1,1.0,[59  0  0  0  0  0  0  0],0.0,3B 00 00 00 00 00 00 00,0x065,00000004
182.95545099999998,9.0,102,0.0,6,6.0,[  3  31 171  48  84  45   0   0],0.0,03 1F AB 30 54 2D 00 00,0x066,00000004
182.95545199999998,9.0,103,0.0,8,8.0,[197  27 138 112  60  53 109  37],0.0,C5 1B 8A 70 3C 35 6D 25,0x067,00000004
182.95545299999998,9.0,104,0.0,4,4.0,[ 13 246  97   0   0   0   0   0],0.0,0D F6 61 00 00 00 00 00,0x068,00000004
182.95545399999997,9.0,107,0.0,5,5.0,[79  1 32 50  0  0  0  0],0.0,4F 01 20 32 00 00 00 00,0x06B,00000004
183.1522,9.0,111,0.0,8,8.0,[139 228  79  68 255 253 239 127],0.0,8B E4 4F 44 FF FD EF 7F,0x06F,00000004
183.15284999999997,9.0,101,0.0,1,1.0,[59  0  0  0  0  0  0  0],0.0,3B 00 00 00 00 00 00 00,0x065,00000004
183.152851,9.0,102,0.0,6,6.0,[  3 231 171  48  84  45   0   0],0.0,03 E7 AB 30 54 2D 00 00,0x066,00000004
183.152852,9.0,103,0.0,8,8.0,[195  27 138 144  60  53 109  33],0.0,C3 1B 8A 90 3C 35 6D 21,0x067,00000004
183.152853,9.0,104,0.0,4,4.0,[ 17 246  97   0   0   0   0   0],0.0,11 F6 61 00 00 00 00 00,0x068,00000004
183.152854,9.0,107,0.0,5,5.0,[ 69   1 160  47   0   0   0   0],0.0,45 01 A0 2F 00 00 00 00,0x06B,00000004
183.35064999999997,9.0,101,0.0,1,1.0,[59  0  0  0  0  0  0  0],0.0,3B 00 00 00 00 00 00 00,0x065,00000004
183.35065099999997,9.0,102,0.0,6,6.0,[  3 175 172  48  84  45   0   0],0.0,03 AF AC 30 54 2D 00 00,0x066,00000004
183.350652,9.0,103,0.0,8,8.0,[195  27 138 176  60  53 109  33],0.0,C3 1B 8A B0 3C 35 6D 21,0x067,00000004
183.350653,9.0,104,0.0,4,4.0,[ 19 246  97   0   0   0   0   0],0.0,13 F6 61 00 00 00 00 00,0x068,00000004
183.350654,9.0,107,0.0,5,5.0,[ 25   1 192  50   0   0   0   0],0.0,19 01 C0 32 00 00 00 00,0x06B,00000004
183.35275,9.0,111,0.0,8,8.0,[139 220  79  68 255 253 239 127],0.0,8B DC 4F 44 FF FD EF 7F,0x06F,00000004
183.54819999999998,9.0,111,0.0,8,8.0,[139 228  79 196 254 253 239 127],0.0,8B E4 4F C4 FE FD EF 7F,0x06F,00000004
183.54879999999997,9.0,101,0.0,1,1.0,[59  0  0  0  0  0  0  0],0.0,3B 00 00 00 00 00 00 00,0x065,00000004
183.548801,9.0,102,0.0,6,6.0,[  3 119 173  48  84  45   0   0],0.0,03 77 AD 30 54 2D 00 00,0x066,00000004
183.548802,9.0,103,0.0,8,8.0,[193  27 138 208  60  53 109  33],0.0,C1 1B 8A D0 3C 35 6D 21,0x067,00000004
183.548803,9.0,104,0.0,4,4.0,[ 23 246  89   0   0   0   0   0],0.0,17 F6 59 00 00 00 00 00,0x068,00000004
183.548804,9.0,107,0.0,5,5.0,[231   0  32  46   0   0   0   0],0.0,E7 00 20 2E 00 00 00 00,0x06B,00000004
183.7462,9.0,111,0.0,8,8.0,[139 220  79  68 255 253 239 127],0.0,8B DC 4F 44 FF FD EF 7F,0x06F,00000004
183.74679999999998,9.0,101,0.0,1,1.0,[59  0  0  0  0  0  0  0],0.0,3B 00 00 00 00 00 00 00,0x065,00000004
183.74680099999998,9.0,102,0.0,6,6.0,[  3  63 174  48  84  45   0   0],0.0,03 3F AE 30 54 2D 00 00,0x066,00000004
183.74680199999997,9.0,103,0.0,8,8.0,[193  27 138 240  60  53 109  33],0.0,C1 1B 8A F0 3C 35 6D 21,0x067,00000004
183.74680299999997,9.0,104,0.0,4,4.0,[ 25 246  89   0   0   0   0   0],0.0,19 F6 59 00 00 00 00 00,0x068,00000004
183.746804,9.0,107,0.0,5,5.0,[153   0 128  46   0   0   0   0],0.0,99 00 80 2E 00 00 00 00,0x06B,00000004
183.9442,9.0,111,0.0,8,8.0,[139 228  79  68 255 253 239 127],0.0,8B E4 4F 44 FF FD EF 7F,0x06F,00000004
183.9448,9.0,101,0.0,1,1.0,[59  0  0  0  0  0  0  0],0.0,3B 00 00 00 00 00 00 00,0x065,00000004
183.94480099999998,9.0,102,0.0,6,6.0,[  3   7 175  48  84  45   0   0],0.0,03 07 AF 30 54 2D 00 00,0x066,00000004
183.94480199999998,9.0,103,0.0,8,8.0,[193  27 138 240  60  53 109  33],0.0,C1 1B 8A F0 3C 35 6D 21,0x067,00000004
183.94480299999998,9.0,104,0.0,4,4.0,[ 27 246  89   0   0   0   0   0],0.0,1B F6 59 00 00 00 00 00,0x068,00000004
183.94480399999998,9.0,107,0.0,5,5.0,[ 7  1 64 50  0  0  0  0],0.0,07 01 40 32 00 00 00 00,0x06B,00000004
184.14215,9.0,111,0.0,8,8.0,[139 228  79  68 255 253 239 127],0.0,8B E4 4F 44 FF FD EF 7F,0x06F,00000004
184.14284999999998,9.0,101,0.0,1,1.0,[59  0  0  0  0  0  0  0],0.0,3B 00 00 00 00 00 00 00,0x065,00000004
184.14285099999998,9.0,102,0.0,6,6.0,[  3 207 175  48  84  45   0   0],0.0,03 CF AF 30 54 2D 00 00,0x066,00000004
184.14285199999998,9.0,103,0.0,8,8.0,[193  27 138 208  60  53 109  33],0.0,C1 1B 8A D0 3C 35 6D 21,0x067,00000004
184.14285299999997,9.0,104,0.0,4,4.0,[ 27 246  89   0   0   0   0   0],0.0,1B F6 59 00 00 00 00 00,0x068,00000004
184.14285399999997,9.0,107,0.0,5,5.0,[  7   1 224  44   0   0   0   0],0.0,07 01 E0 2C 00 00 00 00,0x06B,00000004
184.34019999999998,9.0,111,0.0,8,8.0,[139 228  79  68 255 253 239 127],0.0,8B E4 4F 44 FF FD EF 7F,0x06F,00000004
184.34085,9.0,101,0.0,1,1.0,[59  0  0  0  0  0  0  0],0.0,3B 00 00 00 00 00 00 00,0x065,00000004
184.340851,9.0,102,0.0,6,6.0,[  3 151 176  48  84  45   0   0],0.0,03 97 B0 30 54 2D 00 00,0x066,00000004
184.34085199999998,9.0,103,0.0,8,8.0,[193  27 138 240  60  53 109  33],0.0,C1 1B 8A F0 3C 35 6D 21,0x067,00000004
184.34085299999998,9.0,104,0.0,4,4.0,[ 31 246  89   0   0   0   0   0],0.0,1F F6 59 00 00 00 00 00,0x068,00000004
184.34085399999998,9.0,107,0.0,5,5.0,[189   0 224  46   0   0   0   0],0.0,BD 00 E0 2E 00 00 00 00,0x06B,00000004
184.5382,9.0,111,0.0,8,8.0,[139 228  79  68 255 253 239 127],0.0,8B E4 4F 44 FF FD EF 7F,0x06F,00000004
184.53885,9.0,101,0.0,1,1.0,[59  0  0  0  0  0  0  0],0.0,3B 00 00 00 00 00 00 00,0x065,00000004
184.538851,9.0,102,0.0,6,6.0,[  3  95 177  48  84  45   0   0],0.0,03 5F B1 30 54 2D 00 00,0x066,00000004
184.538852,9.0,103,0.0,8,8.0,[193  27 138 240  60  53 109  29],0.0,C1 1B 8A F0 3C 35 6D 1D,0x067,00000004
184.538853,9.0,104,0.0,4,4.0,[ 35 246  89   0   0   0   0   0],0.0,23 F6 59 00 00 00 00 00,0x068,00000004
184.538854,9.0,107,0.0,5,5.0,[215   0 160  51   0   0   0   0],0.0,D7 00 A0 33 00 00 00 00,0x06B,00000004
184.7362,9.0,111,0.0,8,8.0,[139 228  79  68 255 253 239 127],0.0,8B E4 4F 44 FF FD EF 7F,0x06F,00000004
184.73684999999998,9.0,101,0.0,1,1.0,[59  0  0  0  0  0  0  0],0.0,3B 00 00 00 00 00 00 00,0x065,00000004
184.73685099999997,9.0,102,0.0,6,6.0,[  3  39 178  48  84  45   0   0],0.0,03 27 B2 30 54 2D 00 00,0x066,00000004
184.73685199999997,9.0,103,0.0,8,8.0,[193  27 138  16  61  53 109  29],0.0,C1 1B 8A 10 3D 35 6D 1D,0x067,00000004
184.736853,9.0,104,0.0,4,4.0,[ 35 246  81   0   0   0   0   0],0.0,23 F6 51 00 00 00 00 00,0x068,00000004
184.736854,9.0,107,0.0,5,5.0,[103   0 128  43   0   0   0   0],0.0,67 00 80 2B 00 00 00 00,0x06B,00000004
184.93419999999998,9.0,111,0.0,8,8.0,[139 228  79  68 255 253 239 127],0.0,8B E4 4F 44 FF FD EF 7F,0x06F,00000004
184.93484999999998,9.0,101,0.0,1,1.0,[59  0  0  0  0  0  0  0],0.0,3B 00 00 00 00 00 00 00,0x065,00000004
184.93485099999998,9.0,102,0.0,6,6.0,[  3 239 178  48  84  45   0   0],0.0,03 EF B2 30 54 2D 00 00,0x066,00000004
184.93485199999998,9.0,103,0.0,8,8.0,[191  27 138  16  61  53 109  29],0.0,BF 1B 8A 10 3D 35 6D 1D,0x067,00000004
184.93485299999998,9.0,104,0.0,4,4.0,[ 37 246  81   0   0   0   0   0],0.0,25 F6 51 00 00 00 00 00,0x068,00000004
184.93485399999997,9.0,107,0.0,5,5.0,[133   0 192  44   0   0   0   0],0.0,85 00 C0 2C 00 00 00 00,0x06B,00000004
185.13219999999998,9.0,111,0.0,8,8.0,[139 220  79  68 255 253 239 127],0.0,8B DC 4F 44 FF FD EF 7F,0x06F,00000004
185.1335,9.0,101,0.0,1,1.0,[59  0  0  0  0  0  0  0],0.0,3B 00 00 00 00 00 00 00,0x065,00000004
185.133501,9.0,102,0.0,6,6.0,[  3 183 179  48  84  45   0   0],0.0,03 B7 B3 30 54 2D 00 00,0x066,00000004
185.133502,9.0,103,0.0,8,8.0,[193  27 138  48  61  53 109  29],0.0,C1 1B 8A 30 3D 35 6D 1D,0x067,00000004
185.133503,9.0,104,0.0,4,4.0,[ 39 246  81   0   0   0   0   0],0.0,27 F6 51 00 00 00 00 00,0x068,00000004
185.133504,9.0,107,0.0,5,5.0,[251   0  96  55   0   0   0   0],0.0,FB 00 60 37 00 00 00 00,0x06B,00000004
185.3302,9.0,111,0.0,8,8.0,[139 228  79  68 255 253 239 127],0.0,8B E4 4F 44 FF FD EF 7F,0x06F,00000004
185.33085,9.0,101,0.0,1,1.0,[59  0  0  0  0  0  0  0],0.0,3B 00 00 00 00 00 00 00,0x065,00000004
185.330851,9.0,102,0.0,6,6.0,[  3 127 180  48  84  45   0   0],0.0,03 7F B4 30 54 2D 00 00,0x066,00000004
185.330852,9.0,103,0.0,8,8.0,[193  27 138  48  61  53 109  29],0.0,C1 1B 8A 30 3D 35 6D 1D,0x067,00000004
185.330853,9.0,104,0.0,4,4.0,[ 43 246  81   0   0   0   0   0],0.0,2B F6 51 00 00 00 00 00,0x068,00000004
185.330854,9.0,107,0.0,5,5.0,[241   1  96  59   0   0   0   0],0.0,F1 01 60 3B 00 00 00 00,0x06B,00000004
185.5282,9.0,111,0.0,8,8.0,[139 228  79 196 254 253 239 127],0.0,8B E4 4F C4 FE FD EF 7F,0x06F,00000004
185.52884999999998,9.0,101,0.0,1,1.0,[59  0  0  0  0  0  0  0],0.0,3B 00 00 00 00 00 00 00,0x065,00000004
185.52885099999997,9.0,102,0.0,6,6.0,[  3  71 181  48  84  45   0   0],0.0,03 47 B5 30 54 2D 00 00,0x066,00000004
185.52885199999997,9.0,103,0.0,8,8.0,[193  27 138  48  61  53 109  29],0.0,C1 1B 8A 30 3D 35 6D 1D,0x067,00000004
185.528853,9.0,104,0.0,4,4.0,[ 45 246  81   0   0   0   0   0],0.0,2D F6 51 00 00 00 00 00,0x068,00000004
185.528854,9.0,107,0.0,5,5.0,[141   1 128  56   0   0   0   0],0.0,8D 01 80 38 00 00 00 00,0x06B,00000004
185.72619999999998,9.0,111,0.0,8,8.0,[139 228  79  68 255 253 239 127],0.0,8B E4 4F 44 FF FD EF 7F,0x06F,00000004
185.72705,9.0,101,0.0,1,1.0,[59  0  0  0  0  0  0  0],0.0,3B 00 00 00 00 00 00 00,0x065,00000004
185.727051,9.0,102,0.0,6,6.0,[  3  15 182  48  84  45   0   0],0.0,03 0F B6 30 54 2D 00 00,0x066,00000004
185.727052,9.0,103,0.0,8,8.0,[193  27 138  80  61  53 109  29],0.0,C1 1B 8A 50 3D 35 6D 1D,0x067,00000004
185.72705299999998,9.0,104,0.0,4,4.0,[ 45 246  81   0   0   0   0   0],0.0,2D F6 51 00 00 00 00 00,0x068,00000004
185.72705399999998,9.0,107,0.0,5,5.0,[123   1  96  57   0   0   0   0],0.0,7B 01 60 39 00 00 00 00,0x06B,00000004
185.92419999999998,9.0,111,0.0,8,8.0,[139 228  79  68 255 253 239 127],0.0,8B E4 4F 44 FF FD EF 7F,0x06F,00000004
185.92485,9.0,101,0.0,1,1.0,[59  0  0  0  0  0  0  0],0.0,3B 00 00 00 00 00 00 00,0x065,00000004
185.924851,9.0,102,0.0,6,6.0,[  3 215 182  48  84  45   0   0],0.0,03 D7 B6 30 54 2D 00 00,0x066,00000004
185.924852,9.0,103,0.0,8,8.0,[193  27 138  80  61  53 109  29],0.0,C1 1B 8A 50 3D 35 6D 1D,0x067,00000004
185.92485299999998,9.0,104,0.0,4,4.0,[ 47 246  81   0   0   0   0   0],0.0,2F F6 51 00 00 00 00 00,0x068,00000004
185.92485399999998,9.0,107,0.0,5,5.0,[139   1   0  57   0   0   0   0],0.0,8B 01 00 39 00 00 00 00,0x06B,00000004
186.1222,9.0,111,0.0,8,8.0,[139 228  79  68 255 253 239 127],0.0,8B E4 4F 44 FF FD EF 7F,0x06F,00000004
186.12284999999997,9.0,101,0.0,1,1.0,[59  0  0  0  0  0  0  0],0.0,3B 00 00 00 00 00 00 00,0x065,00000004
186.122851,9.0,102,0.0,6,6.0,[  3 159 183  48  84  45   0   0],0.0,03 9F B7 30 54 2D 00 00,0x066,00000004
186.122852,9.0,103,0.0,8,8.0,[193  27 138  80  61  53 109  29],0.0,C1 1B 8A 50 3D 35 6D 1D,0x067,00000004
186.122853,9.0,104,0.0,4,4.0,[ 47 246  81   0   0   0   0   0],0.0,2F F6 51 00 00 00 00 00,0x068,00000004
186.122854,9.0,107,0.0,5,5.0,[  7   1 192  55   0   0   0   0],0.0,07 01 C0 37 00 00 00 00,0x06B,00000004
186.32019999999997,9.0,111,0.0,8,8.0,[139 228  79  68 255 253 239 127],0.0,8B E4 4F 44 FF FD EF 7F,0x06F,00000004
186.32084999999998,9.0,101,0.0,1,1.0,[59  0  0  0  0  0  0  0],0.0,3B 00 00 00 00 00 00 00,0x065,00000004
186.32085099999998,9.0,102,0.0,6,6.0,[  3 103 184  48  84  45   0   0],0.0,03 67 B8 30 54 2D 00 00,0x066,00000004
186.32085199999997,9.0,103,0.0,8,8.0,[193  27 138 112  61  53 109  29],0.0,C1 1B 8A 70 3D 35 6D 1D,0x067,00000004
186.32085299999997,9.0,104,0.0,4,4.0,[ 49 246  73   0   0   0   0   0],0.0,31 F6 49 00 00 00 00 00,0x068,00000004
186.320854,9.0,107,0.0,5,5.0,[179   0  32  51   0   0   0   0],0.0,B3 00 20 33 00 00 00 00,0x06B,00000004
186.51819999999998,9.0,111,0.0,8,8.0,[139 220  79 196 254 253 239 127],0.0,8B DC 4F C4 FE FD EF 7F,0x06F,00000004
186.51899999999998,9.0,101,0.0,1,1.0,[59  0  0  0  0  0  0  0],0.0,3B 00 00 00 00 00 00 00,0x065,00000004
186.51900099999997,9.0,102,0.0,6,6.0,[  3  47 185  48  84  45   0   0],0.0,03 2F B9 30 54 2D 00 00,0x066,00000004
186.51900199999997,9.0,103,0.0,8,8.0,[193  27 138 112  61  53 109  29],0.0,C1 1B 8A 70 3D 35 6D 1D,0x067,00000004
186.519003,9.0,104,0.0,4,4.0,[ 49 246  73   0   0   0   0   0],0.0,31 F6 49 00 00 00 00 00,0x068,00000004
186.519004,9.0,107,0.0,5,5.0,[191   1  96  57   0   0   0   0],0.0,BF 01 60 39 00 00 00 00,0x06B,00000004
186.7162,9.0,111,0.0,8,8.0,[139 228  79 196 254 253 239 127],0.0,8B E4 4F C4 FE FD EF 7F,0x06F,00000004
186.71685,9.0,101,0.0,1,1.0,[59  0  0  0  0  0  0  0],0.0,3B 00 00 00 00 00 00 00,0x065,00000004
186.716851,9.0,102,0.0,6,6.0,[  3 247 185  48  84  45   0   0],0.0,03 F7 B9 30 54 2D 00 00,0x066,00000004
186.716852,9.0,103,0.0,8,8.0,[191  27 138 112  61  53 109  25],0.0,BF 1B 8A 70 3D 35 6D 19,0x067,00000004
186.716853,9.0,104,0.0,4,4.0,[ 49 246  73   0   0   0   0   0],0.0,31 F6 49 00 00 00 00 00,0x068,00000004
186.71685399999998,9.0,107,0.0,5,5.0,[ 89   1 224  55   0   0   0   0],0.0,59 01 E0 37 00 00 00 00,0x06B,00000004
186.9142,9.0,111,0.0,8,8.0,[139 228  79 196 254 253 239 127],0.0,8B E4 4F C4 FE FD EF 7F,0x06F,00000004
186.9151,9.0,101,0.0,1,1.0,[59  0  0  0  0  0  0  0],0.0,3B 00 00 00 00 00 00 00,0x065,00000004
186.915101,9.0,102,0.0,6,6.0,[  3 191 186  48  84  45   0   0],0.0,03 BF BA 30 54 2D 00 00,0x066,00000004
186.915102,9.0,103,0.0,8,8.0,[191  27 138 112  61  53 109  25],0.0,BF 1B 8A 70 3D 35 6D 19,0x067,00000004
186.915103,9.0,104,0.0,4,4.0,[ 51 246  73   0   0   0   0   0],0.0,33 F6 49 00 00 00 00 00,0x068,00000004
186.91510399999999,9.0,107,0.0,5,5.0,[205   1  32  58   0   0   0   0],0.0,CD 01 20 3A 00 00 00 00,0x06B,00000004
187.11225,9.0,111,0.0,8,8.0,[139 228  79  68 255 253 239 127],0.0,8B E4 4F 44 FF FD EF 7F,0x06F,00000004
187.11309999999997,9.0,101,0.0,1,1.0,[59  0  0  0  0  0  0  0],0.0,3B 00 00 00 00 00 00 00,0x065,00000004
187.11310099999997,9.0,102,0.0,6,6.0,[  3 135 187  48  84  45   0   0],0.0,03 87 BB 30 54 2D 00 00,0x066,00000004
187.113102,9.0,103,0.0,8,8.0,[191  27 138 144  61  53 109  25],0.0,BF 1B 8A 90 3D 35 6D 19,0x067,00000004
187.113103,9.0,104,0.0,4,4.0,[ 51 246  73   0   0   0   0   0],0.0,33 F6 49 00 00 00 00 00,0x068,00000004
187.113104,9.0,107,0.0,5,5.0,[243   1   0  56   0   0   0   0],0.0,F3 01 00 38 00 00 00 00,0x06B,00000004
187.31025,9.0,111,0.0,8,8.0,[139 220  79  68 255 253 239 127],0.0,8B DC 4F 44 FF FD EF 7F,0x06F,00000004
187.3115,9.0,101,0.0,1,1.0,[59  0  0  0  0  0  0  0],0.0,3B 00 00 00 00 00 00 00,0x065,00000004
187.311501,9.0,102,0.0,6,6.0,[  3  79 188  48  84  45   0   0],0.0,03 4F BC 30 54 2D 00 00,0x066,00000004
187.311502,9.0,103,0.0,8,8.0,[191  27 138 176  61  53 109  25],0.0,BF 1B 8A B0 3D 35 6D 19,0x067,00000004
187.311503,9.0,104,0.0,4,4.0,[ 49 246  73   0   0   0   0   0],0.0,31 F6 49 00 00 00 00 00,0x068,00000004
187.31150399999999,9.0,107,0.0,5,5.0,[247   1 160  53   0   0   0   0],0.0,F7 01 A0 35 00 00 00 00,0x06B,00000004
187.50824999999998,9.0,111,0.0,8,8.0,[139 228  79  68 255 253 239 127],0.0,8B E4 4F 44 FF FD EF 7F,0x06F,00000004
187.509,9.0,101,0.0,1,1.0,[59  0  0  0  0  0  0  0],0.0,3B 00 00 00 00 00 00 00,0x065,00000004
187.50900099999998,9.0,102,0.0,6,6.0,[  3  23 189  48  84  45   0   0],0.0,03 17 BD 30 54 2D 00 00,0x066,00000004
187.50900199999998,9.0,103,0.0,8,8.0,[191  27 138 208  61  53 109  25],0.0,BF 1B 8A D0 3D 35 6D 19,0x067,00000004
187.50900299999998,9.0,104,0.0,4,4.0,[ 51 246  73   0   0   0   0   0],0.0,33 F6 49 00 00 00 00 00,0x068,00000004
187.50900399999998,9.0,107,0.0,5,5.0,[25  1 64 50  0  0  0  0],0.0,19 01 40 32 00 00 00 00,0x06B,00000004
187.70624999999998,9.0,111,0.0,8,8.0,[139 228  79  68 255 253 239 127],0.0,8B E4 4F 44 FF FD EF 7F,0x06F,00000004
187.707,9.0,101,0.0,1,1.0,[59  0  0  0  0  0  0  0],0.0,3B 00 00 00 00 00 00 00,0x065,00000004
187.707001,9.0,102,0.0,6,6.0,[  3 223 189  48  84  45   0   0],0.0,03 DF BD 30 54 2D 00 00,0x066,00000004
187.707002,9.0,103,0.0,8,8.0,[191  27 138 208  61  53 109  25],0.0,BF 1B 8A D0 3D 35 6D 19,0x067,00000004
187.707003,9.0,104,0.0,4,4.0,[ 53 246  73   0   0   0   0   0],0.0,35 F6 49 00 00 00 00 00,0x068,00000004
187.70700399999998,9.0,107,0.0,5,5.0,[ 63   1 224  57   0   0   0   0],0.0,3F 01 E0 39 00 00 00 00,0x06B,00000004
187.90425,9.0,111,0.0,8,8.0,[139 228  79  68 255 253 239 127],0.0,8B E4 4F 44 FF FD EF 7F,0x06F,00000004
187.90509999999998,9.0,101,0.0,1,1.0,[59  0  0  0  0  0  0  0],0.0,3B 00 00 00 00 00 00 00,0x065,00000004
187.90510099999997,9.0,102,0.0,6,6.0,[  3 167 190  48  84  45   0   0],0.0,03 A7 BE 30 54 2D 00 00,0x066,00000004
187.90510199999997,9.0,103,0.0,8,8.0,[191  27 138 208  61  53 109  25],0.0,BF 1B 8A D0 3D 35 6D 19,0x067,00000004
187.905103,9.0,104,0.0,4,4.0,[ 53 246  73   0   0   0   0   0],0.0,35 F6 49 00 00 00 00 00,0x068,00000004
187.905104,9.0,107,0.0,5,5.0,[215   1  64  60   0   0   0   0],0.0,D7 01 40 3C 00 00 00 00,0x06B,00000004
188.10225,9.0,111,0.0,8,8.0,[139 220  79  68 255 253 239 127],0.0,8B DC 4F 44 FF FD EF 7F,0x06F,00000004
188.10309999999998,9.0,101,0.0,1,1.0,[59  0  0  0  0  0  0  0],0.0,3B 00 00 00 00 00 00 00,0x065,00000004
188.10310099999998,9.0,102,0.0,6,6.0,[  3 111 191  48  84  45   0   0],0.0,03 6F BF 30 54 2D 00 00,0x066,00000004
188.10310199999998,9.0,103,0.0,8,8.0,[191  27 138 240  61  53 109  25],0.0,BF 1B 8A F0 3D 35 6D 19,0x067,00000004
188.10310299999998,9.0,104,0.0,4,4.0,[ 53 246  73   0   0   0   0   0],0.0,35 F6 49 00 00 00 00 00,0x068,00000004
188.10310399999997,9.0,107,0.0,5,5.0,[95  1 64 60  0  0  0  0],0.0,5F 01 40 3C 00 00 00 00,0x06B,00000004
188.30024999999998,9.0,111,0.0,8,8.0,[139 228  79  68 255 253 239 127],0.0,8B E4 4F 44 FF FD EF 7F,0x06F,00000004
188.3011,9.0,101,0.0,1,1.0,[59  0  0  0  0  0  0  0],0.0,3B 00 00 00 00 00 00 00,0x065,00000004
188.301101,9.0,102,0.0,6,6.0,[  3  55 192  48  84  45   0   0],0.0,03 37 C0 30 54 2D 00 00,0x066,00000004
188.301102,9.0,103,0.0,8,8.0,[191  27 138 240  61  53 109  25],0.0,BF 1B 8A F0 3D 35 6D 19,0x067,00000004
188.30110299999998,9.0,104,0.0,4,4.0,[ 53 246  73   0   0   0   0   0],0.0,35 F6 49 00 00 00 00 00,0x068,00000004
188.30110399999998,9.0,107,0.0,5,5.0,[189   0  32  56   0   0   0   0],0.0,BD 00 20 38 00 00 00 00,0x06B,00000004
188.49824999999998,9.0,111,0.0,8,8.0,[139 220  79  68 255 253 239 127],0.0,8B DC 4F 44 FF FD EF 7F,0x06F,00000004
188.4989,9.0,101,0.0,1,1.0,[59  0  0  0  0  0  0  0],0.0,3B 00 00 00 00 00 00 00,0x065,00000004
188.498901,9.0,102,0.0,6,6.0,[  3 255 192  48  84  45   0   0],0.0,03 FF C0 30 54 2D 00 00,0x066,00000004
188.498902,9.0,103,0.0,8,8.0,[191  27 138  16  62  53 109  25],0.0,BF 1B 8A 10 3E 35 6D 19,0x067,00000004
188.49890299999998,9.0,104,0.0,4,4.0,[ 53 246  73   0   0   0   0   0],0.0,35 F6 49 00 00 00 00 00,0x068,00000004
188.49890399999998,9.0,107,0.0,5,5.0,[ 15   1 192  55   0   0   0   0],0.0,0F 01 C0 37 00 00 00 00,0x06B,00000004
188.69625,9.0,111,0.0,8,8.0,[139 228  79  68 255 253 239 127],0.0,8B E4 4F 44 FF FD EF 7F,0x06F,00000004
188.69699999999997,9.0,101,0.0,1,1.0,[59  0  0  0  0  0  0  0],0.0,3B 00 00 00 00 00 00 00,0x065,00000004
188.69700099999997,9.0,102,0.0,6,6.0,[  3 199 193  48  84  45   0   0],0.0,03 C7 C1 30 54 2D 00 00,0x066,00000004
188.697002,9.0,103,0.0,8,8.0,[189  27 138  48  62  53 109  25],0.0,BD 1B 8A 30 3E 35 6D 19,0x067,00000004
188.697003,9.0,104,0.0,4,4.0,[ 53 246  65   0   0   0   0   0],0.0,35 F6 41 00 00 00 00 00,0x068,00000004
188.697004,9.0,107,0.0,5,5.0,[ 27   1 224  53   0   0   0   0],0.0,1B 01 E0 35 00 00 00 00,0x06B,00000004
188.89424999999997,9.0,111,0.0,8,8.0,[139 220  79  68 255 253 239 127],0.0,8B DC 4F 44 FF FD EF 7F,0x06F,00000004
188.89499999999998,9.0,101,0.0,1,1.0,[59  0  0  0  0  0  0  0],0.0,3B 00 00 00 00 00 00 00,0x065,00000004
188.89500099999998,9.0,102,0.0,6,6.0,[  3 143 194  48  84  45   0   0],0.0,03 8F C2 30 54 2D 00 00,0x066,00000004
188.89500199999998,9.0,103,0.0,8,8.0,[189  27 138  80  62  53 109  25],0.0,BD 1B 8A 50 3E 35 6D 19,0x067,00000004
188.89500299999997,9.0,104,0.0,4,4.0,[ 55 246  65   0   0   0   0   0],0.0,37 F6 41 00 00 00 00 00,0x068,00000004
188.89500399999997,9.0,107,0.0,5,5.0,[27  1 96 57  0  0  0  0],0.0,1B 01 60 39 00 00 00 00,0x06B,00000004
189.09224999999998,9.0,111,0.0,8,8.0,[139 228  79  68 255 253 239 127],0.0,8B E4 4F 44 FF FD EF 7F,0x06F,00000004
189.09324999999998,9.0,101,0.0,1,1.0,[59  0  0  0  0  0  0  0],0.0,3B 00 00 00 00 00 00 00,0x065,00000004
189.09325099999998,9.0,102,0.0,6,6.0,[  3  87 195  48  84  45   0   0],0.0,03 57 C3 30 54 2D 00 00,0x066,00000004
189.09325199999998,9.0,103,0.0,8,8.0,[189  27 138  80  62  53 109  25],0.0,BD 1B 8A 50 3E 35 6D 19,0x067,00000004
189.09325299999998,9.0,104,0.0,4,4.0,[ 55 246  65   0   0   0   0   0],0.0,37 F6 41 00 00 00 00 00,0x068,00000004
189.09325399999997,9.0,107,0.0,5,5.0,[137   0  96  55   0   0   0   0],0.0,89 00 60 37 00 00 00 00,0x06B,00000004
189.29025,9.0,111,0.0,8,8.0,[139 228  79  68 255 253 239 127],0.0,8B E4 4F 44 FF FD EF 7F,0x06F,00000004
189.29115,9.0,101,0.0,1,1.0,[59  0  0  0  0  0  0  0],0.0,3B 00 00 00 00 00 00 00,0x065,00000004
189.29115099999999,9.0,102,0.0,6,6.0,[  3  31 196  48  84  45   0   0],0.0,03 1F C4 30 54 2D 00 00,0x066,00000004
189.29115199999998,9.0,103,0.0,8,8.0,[189  27 138 112  62  53 109  25],0.0,BD 1B 8A 70 3E 35 6D 19,0x067,00000004
189.29115299999998,9.0,104,0.0,4,4.0,[ 53 246  65   0   0   0   0   0],0.0,35 F6 41 00 00 00 00 00,0x068,00000004
189.29115399999998,9.0,107,0.0,5,5.0,[25  1  0 61  0  0  0  0],0.0,19 01 00 3D 00 00 00 00,0x06B,00000004
189.48825,9.0,111,0.0,8,8.0,[139 228  79  68 255 253 239 127],0.0,8B E4 4F 44 FF FD EF 7F,0x06F,00000004
189.48975,9.0,101,0.0,1,1.0,[59  0  0  0  0  0  0  0],0.0,3B 00 00 00 00 00 00 00,0x065,00000004
189.48975099999998,9.0,102,0.0,6,6.0,[  3 231 196  48  84  45   0   0],0.0,03 E7 C4 30 54 2D 00 00,0x066,00000004
189.48975199999998,9.0,103,0.0,8,8.0,[187  27 138 112  62  53 109  25],0.0,BB 1B 8A 70 3E 35 6D 19,0x067,00000004
189.48975299999998,9.0,104,0.0,4,4.0,[ 53 246  65   0   0   0   0   0],0.0,35 F6 41 00 00 00 00 00,0x068,00000004
189.48975399999998,9.0,107,0.0,5,5.0,[25  1  0 61  0  0  0  0],0.0,19 01 00 3D 00 00 00 00,0x06B,00000004
189.68624999999997,9.0,111,0.0,8,8.0,[139 228  79  68 255 253 239 127],0.0,8B E4 4F 44 FF FD EF 7F,0x06F,00000004
189.68714999999997,9.0,101,0.0,1,1.0,[59  0  0  0  0  0  0  0],0.0,3B 00 00 00 00 00 00 00,0x065,00000004
189.68715099999997,9.0,102,0.0,6,6.0,[  3 175 197  48  84  45   0   0],0.0,03 AF C5 30 54 2D 00 00,0x066,00000004
189.687152,9.0,103,0.0,8,8.0,[187  27 138 144  62  53 109  25],0.0,BB 1B 8A 90 3E 35 6D 19,0x067,00000004
189.687153,9.0,104,0.0,4,4.0,[ 53 246  65   0   0   0   0   0],0.0,35 F6 41 00 00 00 00 00,0x068,00000004
189.687154,9.0,107,0.0,5,5.0,[211   0 224  58   0   0   0   0],0.0,D3 00 E0 3A 00 00 00 00,0x06B,00000004
189.88424999999998,9.0,111,0.0,8,8.0,[139 228  79  68 255 253 239 127],0.0,8B E4 4F 44 FF FD EF 7F,0x06F,00000004
189.88504999999998,9.0,101,0.0,1,1.0,[59  0  0  0  0  0  0  0],0.0,3B 00 00 00 00 00 00 00,0x065,00000004
189.88505099999998,9.0,102,0.0,6,6.0,[  3 119 198  48  84  45   0   0],0.0,03 77 C6 30 54 2D 00 00,0x066,00000004
189.88505199999997,9.0,103,0.0,8,8.0,[187  27 138 144  62  53 109  25],0.0,BB 1B 8A 90 3E 35 6D 19,0x067,00000004
189.88505299999997,9.0,104,0.0,4,4.0,[ 53 246  65   0   0   0   0   0],0.0,35 F6 41 00 00 00 00 00,0x068,00000004
189.885054,9.0,107,0.0,5,5.0,[29  1 32 60  0  0  0  0],0.0,1D 01 20 3C 00 00 00 00,0x06B,00000004
190.08225,9.0,111,0.0,8,8.0,[139 228  79  68 255 253 239 127],0.0,8B E4 4F 44 FF FD EF 7F,0x06F,00000004
190.08305,9.0,101,0.0,1,1.0,[59  0  0  0  0  0  0  0],0.0,3B 00 00 00 00 00 00 00,0x065,00000004
190.08305099999998,9.0,102,0.0,6,6.0,[  3  63 199  48  84  45   0   0],0.0,03 3F C7 30 54 2D 00 00,0x066,00000004
190.08305199999998,9.0,103,0.0,8,8.0,[187  27 138 176  62  53 109  25],0.0,BB 1B 8A B0 3E 35 6D 19,0x067,00000004
190.08305299999998,9.0,104,0.0,4,4.0,[ 53 246  65   0   0   0   0   0],0.0,35 F6 41 00 00 00 00 00,0x068,00000004
190.08305399999998,9.0,107,0.0,5,5.0,[19  1 64 57  0  0  0  0],0.0,13 01 40 39 00 00 00 00,0x06B,00000004
190.28025,9.0,111,0.0,8,8.0,[139 228  79  68 255 249 239 127],0.0,8B E4 4F 44 FF F9 EF 7F,0x06F,00000004
190.28124999999997,9.0,101,0.0,1,1.0,[59  0  0  0  0  0  0  0],0.0,3B 00 00 00 00 00 00 00,0x065,00000004
190.281251,9.0,102,0.0,6,6.0,[  3   7 200  48  84  45   0   0],0.0,03 07 C8 30 54 2D 00 00,0x066,00000004
190.281252,9.0,103,0.0,8,8.0,[187  27 138 176  62  53 109  25],0.0,BB 1B 8A B0 3E 35 6D 19,0x067,00000004
190.281253,9.0,104,0.0,4,4.0,[ 53 246  65   0   0   0   0   0],0.0,35 F6 41 00 00 00 00 00,0x068,00000004
190.281254,9.0,107,0.0,5,5.0,[61  1 96 60  0  0  0  0],0.0,3D 01 60 3C 00 00 00 00,0x06B,00000004
190.47824999999997,9.0,111,0.0,8,8.0,[139 228  79  68 255 253 239 127],0.0,8B E4 4F 44 FF FD EF 7F,0x06F,00000004
190.47924999999998,9.0,101,0.0,1,1.0,[59  0  0  0  0  0  0  0],0.0,3B 00 00 00 00 00 00 00,0x065,00000004
190.47925099999998,9.0,102,0.0,6,6.0,[  3 207 200  48  84  45   0   0],0.0,03 CF C8 30 54 2D 00 00,0x066,00000004
190.47925199999997,9.0,103,0.0,8,8.0,[187  27 138 208  62  53 109  25],0.0,BB 1B 8A D0 3E 35 6D 19,0x067,00000004
190.47925299999997,9.0,104,0.0,4,4.0,[ 53 246  65   0   0   0   0   0],0.0,35 F6 41 00 00 00 00 00,0x068,00000004
190.479254,9.0,107,0.0,5,5.0,[33  1 32 59  0  0  0  0],0.0,21 01 20 3B 00 00 00 00,0x06B,00000004
190.67624999999998,9.0,111,0.0,8,8.0,[139 228  79  68 255 253 239 127],0.0,8B E4 4F 44 FF FD EF 7F,0x06F,00000004
190.67714999999998,9.0,101,0.0,1,1.0,[59  0  0  0  0  0  0  0],0.0,3B 00 00 00 00 00 00 00,0x065,00000004
190.67715099999998,9.0,102,0.0,6,6.0,[  3 151 201  48  84  45   0   0],0.0,03 97 C9 30 54 2D 00 00,0x066,00000004
190.67715199999998,9.0,103,0.0,8,8.0,[187  27 138 208  62  53 109  25],0.0,BB 1B 8A D0 3E 35 6D 19,0x067,00000004
190.67715299999998,9.0,104,0.0,4,4.0,[ 53 246  65   0   0   0   0   0],0.0,35 F6 41 00 00 00 00 00,0x068,00000004
190.67715399999997,9.0,107,0.0,5,5.0,[127   0   0  54   0   0   0   0],0.0,7F 00 00 36 00 00 00 00,0x06B,00000004
190.87425,9.0,111,0.0,8,8.0,[139 220  79  68 255 253 239 127],0.0,8B DC 4F 44 FF FD EF 7F,0x06F,00000004
190.87515,9.0,101,0.0,1,1.0,[59  0  0  0  0  0  0  0],0.0,3B 00 00 00 00 00 00 00,0x065,00000004
190.875151,9.0,102,0.0,6,6.0,[  3  95 202  48  84  45   0   0],0.0,03 5F CA 30 54 2D 00 00,0x066,00000004
190.87515199999999,9.0,103,0.0,8,8.0,[187  27 138 240  62  53 109  21],0.0,BB 1B 8A F0 3E 35 6D 15,0x067,00000004
190.87515299999998,9.0,104,0.0,4,4.0,[ 53 246  65   0   0   0   0   0],0.0,35 F6 41 00 00 00 00 00,0x068,00000004
190.87515399999998,9.0,107,0.0,5,5.0,[235   0 128  57   0   0   0   0],0.0,EB 00 80 39 00 00 00 00,0x06B,00000004
191.07225,9.0,111,0.0,8,8.0,[139 228  79 196 254 253 239 127],0.0,8B E4 4F C4 FE FD EF 7F,0x06F,00000004
191.07305,9.0,101,0.0,1,1.0,[59  0  0  0  0  0  0  0],0.0,3B 00 00 00 00 00 00 00,0x065,00000004
191.073051,9.0,102,0.0,6,6.0,[  3  39 203  48  84  45   0   0],0.0,03 27 CB 30 54 2D 00 00,0x066,00000004
191.073052,9.0,103,0.0,8,8.0,[187  27 138  16  63  53 109  21],0.0,BB 1B 8A 10 3F 35 6D 15,0x067,00000004
191.073053,9.0,104,0.0,4,4.0,[ 53 246  65   0   0   0   0   0],0.0,35 F6 41 00 00 00 00 00,0x068,00000004
191.07305399999998,9.0,107,0.0,5,5.0,[231   0 192  56   0   0   0   0],0.0,E7 00 C0 38 00 00 00 00,0x06B,00000004
191.2703,9.0,111,0.0,8,8.0,[139 228  79  68 255 253 239 127],0.0,8B E4 4F 44 FF FD EF 7F,0x06F,00000004
191.27104999999997,9.0,101,0.0,1,1.0,[59  0  0  0  0  0  0  0],0.0,3B 00 00 00 00 00 00 00,0x065,00000004
191.27105099999997,9.0,102,0.0,6,6.0,[  3 239 203  48  84  45   0   0],0.0,03 EF CB 30 54 2D 00 00,0x066,00000004
191.271052,9.0,103,0.0,8,8.0,[187  27 138  48  63  53 109  21],0.0,BB 1B 8A 30 3F 35 6D 15,0x067,00000004
191.271053,9.0,104,0.0,4,4.0,[ 53 246  65   0   0   0   0   0],0.0,35 F6 41 00 00 00 00 00,0x068,00000004
191.271054,9.0,107,0.0,5,5.0,[223   0 224  51   0   0   0   0],0.0,DF 00 E0 33 00 00 00 00,0x06B,00000004
191.46829999999997,9.0,111,0.0,8,8.0,[139 228  79  68 255 253 239 127],0.0,8B E4 4F 44 FF FD EF 7F,0x06F,00000004
191.46925,9.0,101,0.0,1,1.0,[59  0  0  0  0  0  0  0],0.0,3B 00 00 00 00 00 00 00,0x065,00000004
191.46925099999999,9.0,102,0.0,6,6.0,[  3 183 204  48  84  45   0   0],0.0,03 B7 CC 30 54 2D 00 00,0x066,00000004
191.46925199999998,9.0,103,0.0,8,8.0,[187  27 138  48  63  53 109  21],0.0,BB 1B 8A 30 3F 35 6D 15,0x067,00000004
191.46925299999998,9.0,104,0.0,4,4.0,[ 53 246  65   0   0   0   0   0],0.0,35 F6 41 00 00 00 00 00,0x068,00000004
191.46925399999998,9.0,107,0.0,5,5.0,[101   0 160  50   0   0   0   0],0.0,65 00 A0 32 00 00 00 00,0x06B,00000004
191.66629999999998,9.0,111,0.0,8,8.0,[139 228  79  68 255 253 239 127],0.0,8B E4 4F 44 FF FD EF 7F,0x06F,00000004
191.66795,9.0,101,0.0,1,1.0,[59  0  0  0  0  0  0  0],0.0,3B 00 00 00 00 00 00 00,0x065,00000004
191.667951,9.0,102,0.0,6,6.0,[  3 127 205  48  84  45   0   0],0.0,03 7F CD 30 54 2D 00 00,0x066,00000004
191.66795199999999,9.0,103,0.0,8,8.0,[187  27 138  80  63  53 109  21],0.0,BB 1B 8A 50 3F 35 6D 15,0x067,00000004
191.66795299999998,9.0,104,0.0,4,4.0,[ 53 246  65   0   0   0   0   0],0.0,35 F6 41 00 00 00 00 00,0x068,00000004
191.66795399999998,9.0,107,0.0,5,5.0,[ 29   0 224  44   0   0   0   0],0.0,1D 00 E0 2C 00 00 00 00,0x06B,00000004
191.8643,9.0,111,0.0,8,8.0,[139 228  79  68 255 253 239 127],0.0,8B E4 4F 44 FF FD EF 7F,0x06F,00000004
191.86514999999997,9.0,101,0.0,1,1.0,[59  0  0  0  0  0  0  0],0.0,3B 00 00 00 00 00 00 00,0x065,00000004
191.865151,9.0,102,0.0,6,6.0,[  3  71 206  48  84  45   0   0],0.0,03 47 CE 30 54 2D 00 00,0x066,00000004
191.865152,9.0,103,0.0,8,8.0,[187  27 138  80  63  53 109  21],0.0,BB 1B 8A 50 3F 35 6D 15,0x067,00000004
191.865153,9.0,104,0.0,4,4.0,[ 53 246  65   0   0   0   0   0],0.0,35 F6 41 00 00 00 00 00,0x068,00000004
191.865154,9.0,107,0.0,5,5.0,[151   0 192  44   0   0   0   0],0.0,97 00 C0 2C 00 00 00 00,0x06B,00000004
192.0623,9.0,111,0.0,8,8.0,[139 228  79  68 255 253 239 127],0.0,8B E4 4F 44 FF FD EF 7F,0x06F,00000004
192.06314999999998,9.0,101,0.0,1,1.0,[59  0  0  0  0  0  0  0],0.0,3B 00 00 00 00 00 00 00,0x065,00000004
192.06315099999998,9.0,102,0.0,6,6.0,[  3  15 207  48  84  45   0   0],0.0,03 0F CF 30 54 2D 00 00,0x066,00000004
192.06315199999997,9.0,103,0.0,8,8.0,[187  27 138 112  63  53 109  21],0.0,BB 1B 8A 70 3F 35 6D 15,0x067,00000004
192.06315299999997,9.0,104,0.0,4,4.0,[ 53 246  57   0   0   0   0   0],0.0,35 F6 39 00 00 00 00 00,0x068,00000004
192.063154,9.0,107,0.0,5,5.0,[69  0 96 43  0  0  0  0],0.0,45 00 60 2B 00 00 00 00,0x06B,00000004
192.26029999999997,9.0,111,0.0,8,8.0,[139 228  79  68 255 253 239 127],0.0,8B E4 4F 44 FF FD EF 7F,0x06F,00000004
192.26129999999998,9.0,101,0.0,1,1.0,[59  0  0  0  0  0  0  0],0.0,3B 00 00 00 00 00 00 00,0x065,00000004
192.26130099999997,9.0,102,0.0,6,6.0,[  3 215 207  48  84  45   0   0],0.0,03 D7 CF 30 54 2D 00 00,0x066,00000004
192.26130199999997,9.0,103,0.0,8,8.0,[187  27 138 112  63  53 109  21],0.0,BB 1B 8A 70 3F 35 6D 15,0x067,00000004
192.26130299999997,9.0,104,0.0,4,4.0,[ 53 246  57   0   0   0   0   0],0.0,35 F6 39 00 00 00 00 00,0x068,00000004
192.261304,9.0,107,0.0,5,5.0,[253   0  64  49   0   0   0   0],0.0,FD 00 40 31 00 00 00 00,0x06B,00000004
192.45829999999998,9.0,111,0.0,8,8.0,[139 228  79  68 255 253 239 127],0.0,8B E4 4F 44 FF FD EF 7F,0x06F,00000004
192.45905,9.0,101,0.0,1,1.0,[59  0  0  0  0  0  0  0],0.0,3B 00 00 00 00 00 00 00,0x065,00000004
192.459051,9.0,102,0.0,6,6.0,[  3 159 208  48  84  45   0   0],0.0,03 9F D0 30 54 2D 00 00,0x066,00000004
192.45905199999999,9.0,103,0.0,8,8.0,[187  27 138 144  63  53 109  21],0.0,BB 1B 8A 90 3F 35 6D 15,0x067,00000004
192.45905299999998,9.0,104,0.0,4,4.0,[ 53 246  57   0   0   0   0   0],0.0,35 F6 39 00 00 00 00 00,0x068,00000004
192.45905399999998,9.0,107,0.0,5,5.0,[  3   1 192  49   0   0   0   0],0.0,03 01 C0 31 00 00 00 00,0x06B,00000004
192.6563,9.0,111,0.0,8,8.0,[139 228  79  68 255 253 239 127],0.0,8B E4 4F 44 FF FD EF 7F,0x06F,00000004
192.6573,9.0,101,0.0,1,1.0,[59  0  0  0  0  0  0  0],0.0,3B 00 00 00 00 00 00 00,0x065,00000004
192.657301,9.0,102,0.0,6,6.0,[  3 103 209  48  84  45   0   0],0.0,03 67 D1 30 54 2D 00 00,0x066,00000004
192.657302,9.0,103,0.0,8,8.0,[187  27 138 144  63  53 109  21],0.0,BB 1B 8A 90 3F 35 6D 15,0x067,00000004
192.65730299999998,9.0,104,0.0,4,4.0,[ 53 246  57   0   0   0   0   0],0.0,35 F6 39 00 00 00 00 00,0x068,00000004
192.65730399999998,9.0,107,0.0,5,5.0,[117   0  64  41   0   0   0   0],0.0,75 00 40 29 00 00 00 00,0x06B,00000004
192.8543,9.0,111,0.0,8,8.0,[139 228  79  68 255 253 239 127],0.0,8B E4 4F 44 FF FD EF 7F,0x06F,00000004
192.85529999999997,9.0,101,0.0,1,1.0,[59  0  0  0  0  0  0  0],0.0,3B 00 00 00 00 00 00 00,0x065,00000004
192.855301,9.0,102,0.0,6,6.0,[  3  47 210  48  84  45   0   0],0.0,03 2F D2 30 54 2D 00 00,0x066,00000004
192.855302,9.0,103,0.0,8,8.0,[187  27 138 144  63  53 109  21],0.0,BB 1B 8A 90 3F 35 6D 15,0x067,00000004
192.855303,9.0,104,0.0,4,4.0,[ 53 246  57   0   0   0   0   0],0.0,35 F6 39 00 00 00 00 00,0x068,00000004
192.855304,9.0,107,0.0,5,5.0,[143   0  32  47   0   0   0   0],0.0,8F 00 20 2F 00 00 00 00,0x06B,00000004
193.05229999999997,9.0,111,0.0,8,8.0,[139 228  79  68 255 253 239 127],0.0,8B E4 4F 44 FF FD EF 7F,0x06F,00000004
193.05329999999998,9.0,101,0.0,1,1.0,[59  0  0  0  0  0  0  0],0.0,3B 00 00 00 00 00 00 00,0x065,00000004
193.05330099999998,9.0,102,0.0,6,6.0,[  3 247 210  48  84  45   0   0],0.0,03 F7 D2 30 54 2D 00 00,0x066,00000004
193.05330199999997,9.0,103,0.0,8,8.0,[189  27 138 176  63  53 109  21],0.0,BD 1B 8A B0 3F 35 6D 15,0x067,00000004
193.05330299999997,9.0,104,0.0,4,4.0,[ 55 246  57   0   0   0   0   0],0.0,37 F6 39 00 00 00 00 00,0x068,00000004
193.053304,9.0,107,0.0,5,5.0,[161   0 128  42   0   0   0   0],0.0,A1 00 80 2A 00 00 00 00,0x06B,00000004
193.25029999999998,9.0,111,0.0,8,8.0,[139 228  79  68 255 253 239 127],0.0,8B E4 4F 44 FF FD EF 7F,0x06F,00000004
193.2513,9.0,101,0.0,1,1.0,[59  0  0  0  0  0  0  0],0.0,3B 00 00 00 00 00 00 00,0x065,00000004
193.25130099999998,9.0,102,0.0,6,6.0,[  3 191 211  48  84  45   0   0],0.0,03 BF D3 30 54 2D 00 00,0x066,00000004
193.25130199999998,9.0,103,0.0,8,8.0,[189  27 138 176  63  53 109  21],0.0,BD 1B 8A B0 3F 35 6D 15,0x067,00000004
193.25130299999998,9.0,104,0.0,4,4.0,[ 55 246  57   0   0   0   0   0],0.0,37 F6 39 00 00 00 00 00,0x068,00000004
193.25130399999998,9.0,107,0.0,5,5.0,[ 55   0 128  40   0   0   0   0],0.0,37 00 80 28 00 00 00 00,0x06B,00000004
193.4483,9.0,111,0.0,8,8.0,[139 228  79  68 255 253 239 127],0.0,8B E4 4F 44 FF FD EF 7F,0x06F,00000004
193.4493,9.0,101,0.0,1,1.0,[59  0  0  0  0  0  0  0],0.0,3B 00 00 00 00 00 00 00,0x065,00000004
193.449301,9.0,102,0.0,6,6.0,[  3 135 212  48  84  45   0   0],0.0,03 87 D4 30 54 2D 00 00,0x066,00000004
193.449302,9.0,103,0.0,8,8.0,[189  27 138 176  63  53 109  21],0.0,BD 1B 8A B0 3F 35 6D 15,0x067,00000004
193.449303,9.0,104,0.0,4,4.0,[ 55 246  57   0   0   0   0   0],0.0,37 F6 39 00 00 00 00 00,0x068,00000004
193.44930399999998,9.0,107,0.0,5,5.0,[155   0  64  54   0   0   0   0],0.0,9B 00 40 36 00 00 00 00,0x06B,00000004
193.6463,9.0,111,0.0,8,8.0,[139 228  79  68 255 253 239 127],0.0,8B E4 4F 44 FF FD EF 7F,0x06F,00000004
193.64729999999997,9.0,101,0.0,1,1.0,[59  0  0  0  0  0  0  0],0.0,3B 00 00 00 00 00 00 00,0x065,00000004
193.64730099999997,9.0,102,0.0,6,6.0,[  3  79 213  48  84  45   0   0],0.0,03 4F D5 30 54 2D 00 00,0x066,00000004
193.647302,9.0,103,0.0,8,8.0,[189  27 138 176  63  53 109  21],0.0,BD 1B 8A B0 3F 35 6D 15,0x067,00000004
193.647303,9.0,104,0.0,4,4.0,[ 55 246  57   0   0   0   0   0],0.0,37 F6 39 00 00 00 00 00,0x068,00000004
193.647304,9.0,107,0.0,5,5.0,[  5   1 160  51   0   0   0   0],0.0,05 01 A0 33 00 00 00 00,0x06B,00000004
193.84429999999998,9.0,111,0.0,8,8.0,[139 228  79  68 255 253 239 127],0.0,8B E4 4F 44 FF FD EF 7F,0x06F,00000004
193.84595,9.0,101,0.0,1,1.0,[59  0  0  0  0  0  0  0],0.0,3B 00 00 00 00 00 00 00,0x065,00000004
193.84595099999999,9.0,102,0.0,6,6.0,[  3  23 214  48  84  45   0   0],0.0,03 17 D6 30 54 2D 00 00,0x066,00000004
193.84595199999998,9.0,103,0.0,8,8.0,[189  27 138 208  63  53 109  21],0.0,BD 1B 8A D0 3F 35 6D 15,0x067,00000004
193.84595299999998,9.0,104,0.0,4,4.0,[ 57 246  57   0   0   0   0   0],0.0,39 F6 39 00 00 00 00 00,0x068,00000004
193.84595399999998,9.0,107,0.0,5,5.0,[ 61   0 128  45   0   0   0   0],0.0,3D 00 80 2D 00 00 00 00,0x06B,00000004
194.04229999999998,9.0,111,0.0,8,8.0,[139 228  79  68 255 253 239 127],0.0,8B E4 4F 44 FF FD EF 7F,0x06F,00000004
194.04334999999998,9.0,101,0.0,1,1.0,[59  0  0  0  0  0  0  0],0.0,3B 00 00 00 00 00 00 00,0x065,00000004
194.04335099999997,9.0,102,0.0,6,6.0,[  3 223 214  48  84  45   0   0],0.0,03 DF D6 30 54 2D 00 00,0x066,00000004
194.04335199999997,9.0,103,0.0,8,8.0,[191  27 138 208  63  53 109  21],0.0,BF 1B 8A D0 3F 35 6D 15,0x067,00000004
194.043353,9.0,104,0.0,4,4.0,[ 57 246  57   0   0   0   0   0],0.0,39 F6 39 00 00 00 00 00,0x068,00000004
194.043354,9.0,107,0.0,5,5.0,[187   0  96  50   0   0   0   0],0.0,BB 00 60 32 00 00 00 00,0x06B,00000004
194.2403,9.0,111,0.0,8,8.0,[139 228  79  68 255 253 239 127],0.0,8B E4 4F 44 FF FD EF 7F,0x06F,00000004
194.24134999999998,9.0,101,0.0,1,1.0,[59  0  0  0  0  0  0  0],0.0,3B 00 00 00 00 00 00 00,0x065,00000004
194.24135099999998,9.0,102,0.0,6,6.0,[  3 167 215  48  84  45   0   0],0.0,03 A7 D7 30 54 2D 00 00,0x066,00000004
194.24135199999998,9.0,103,0.0,8,8.0,[191  27 138 208  63  53 109  21],0.0,BF 1B 8A D0 3F 35 6D 15,0x067,00000004
194.24135299999998,9.0,104,0.0,4,4.0,[ 59 246  57   0   0   0   0   0],0.0,3B F6 39 00 00 00 00 00,0x068,00000004
194.24135399999997,9.0,107,0.0,5,5.0,[ 25   1 160  49   0   0   0   0],0.0,19 01 A0 31 00 00 00 00,0x06B,00000004
194.43829999999997,9.0,111,0.0,8,8.0,[139 220  79  68 255 253 239 127],0.0,8B DC 4F 44 FF FD EF 7F,0x06F,00000004
194.43929999999997,9.0,101,0.0,1,1.0,[59  0  0  0  0  0  0  0],0.0,3B 00 00 00 00 00 00 00,0x065,00000004
194.43930099999997,9.0,102,0.0,6,6.0,[  3 111 216  48  84  45   0   0],0.0,03 6F D8 30 54 2D 00 00,0x066,00000004
194.439302,9.0,103,0.0,8,8.0,[193  27 138 208  63  53 109  21],0.0,C1 1B 8A D0 3F 35 6D 15,0x067,00000004
194.439303,9.0,104,0.0,4,4.0,[ 59 246  57   0   0   0   0   0],0.0,3B F6 39 00 00 00 00 00,0x068,00000004
194.439304,9.0,107,0.0,5,5.0,[ 3  1  0 55  0  0  0  0],0.0,03 01 00 37 00 00 00 00,0x06B,00000004
194.63629999999998,9.0,111,0.0,8,8.0,[139 228  79  68 255 253 239 127],0.0,8B E4 4F 44 FF FD EF 7F,0x06F,00000004
194.63729999999998,9.0,101,0.0,1,1.0,[59  0  0  0  0  0  0  0],0.0,3B 00 00 00 00 00 00 00,0x065,00000004
194.63730099999998,9.0,102,0.0,6,6.0,[  3  55 217  48  84  45   0   0],0.0,03 37 D9 30 54 2D 00 00,0x066,00000004
194.63730199999998,9.0,103,0.0,8,8.0,[193  27 138 208  63  53 109  21],0.0,C1 1B 8A D0 3F 35 6D 15,0x067,00000004
194.63730299999997,9.0,104,0.0,4,4.0,[ 59 246  57   0   0   0   0   0],0.0,3B F6 39 00 00 00 00 00,0x068,00000004
194.63730399999997,9.0,107,0.0,5,5.0,[249   0  96  55   0   0   0   0],0.0,F9 00 60 37 00 00 00 00,0x06B,00000004
194.83429999999998,9.0,111,0.0,8,8.0,[139 228  79  68 255 253 239 127],0.0,8B E4 4F 44 FF FD EF 7F,0x06F,00000004
195.03259999999997,9.0,101,0.0,1,1.0,[59  0  0  0  0  0  0  0],0.0,3B 00 00 00 00 00 00 00,0x065,00000004
195.03260099999997,9.0,102,0.0,6,6.0,[  3 255 217  48  84  45   0   0],0.0,03 FF D9 30 54 2D 00 00,0x066,00000004
195.032602,9.0,103,0.0,8,8.0,[193  27 138 240  63  53 109  21],0.0,C1 1B 8A F0 3F 35 6D 15,0x067,00000004
195.032603,9.0,104,0.0,4,4.0,[ 57 246  57   0   0   0   0   0],0.0,39 F6 39 00 00 00 00 00,0x068,00000004
195.032604,9.0,107,0.0,5,5.0,[113   0 160  52   0   0   0   0],0.0,71 00 A0 34 00 00 00 00,0x06B,00000004
195.0357,9.0,111,0.0,8,8.0,[139 228  79  68 255 253 239 127],0.0,8B E4 4F 44 FF FD EF 7F,0x06F,00000004
195.23059999999998,9.0,101,0.0,1,1.0,[59  0  0  0  0  0  0  0],0.0,3B 00 00 00 00 00 00 00,0x065,00000004
195.23060099999998,9.0,102,0.0,6,6.0,[  3 199 218  48  84  45   0   0],0.0,03 C7 DA 30 54 2D 00 00,0x066,00000004
195.23060199999998,9.0,103,0.0,8,8.0,[195  27 138 240  63  53 109  21],0.0,C3 1B 8A F0 3F 35 6D 15,0x067,00000004
195.23060299999997,9.0,104,0.0,4,4.0,[ 59 246  57   0   0   0   0   0],0.0,3B F6 39 00 00 00 00 00,0x068,00000004
195.23060399999997,9.0,107,0.0,5,5.0,[ 71   1 160  49   0   0   0   0],0.0,47 01 A0 31 00 00 00 00,0x06B,00000004
195.23289999999997,9.0,111,0.0,8,8.0,[139 228  79  68 255 253 239 127],0.0,8B E4 4F 44 FF FD EF 7F,0x06F,00000004
195.4286,9.0,101,0.0,1,1.0,[59  0  0  0  0  0  0  0],0.0,3B 00 00 00 00 00 00 00,0x065,00000004
195.428601,9.0,102,0.0,6,6.0,[  3 143 219  48  84  45   0   0],0.0,03 8F DB 30 54 2D 00 00,0x066,00000004
195.42860199999998,9.0,103,0.0,8,8.0,[195  27 138 240  63  53 109  21],0.0,C3 1B 8A F0 3F 35 6D 15,0x067,00000004
195.42860299999998,9.0,104,0.0,4,4.0,[ 59 246  57   0   0   0   0   0],0.0,3B F6 39 00 00 00 00 00,0x068,00000004
195.42860399999998,9.0,107,0.0,5,5.0,[ 27   0 160  40   0   0   0   0],0.0,1B 00 A0 28 00 00 00 00,0x06B,00000004
195.43155,9.0,111,0.0,8,8.0,[139 220  79  68 255 253 239 127],0.0,8B DC 4F 44 FF FD EF 7F,0x06F,00000004
195.62679999999997,9.0,101,0.0,1,1.0,[59  0  0  0  0  0  0  0],0.0,3B 00 00 00 00 00 00 00,0x065,00000004
195.62680099999997,9.0,102,0.0,6,6.0,[  3  87 220  48  84  45   0   0],0.0,03 57 DC 30 54 2D 00 00,0x066,00000004
195.62680199999997,9.0,103,0.0,8,8.0,[195  27 138  16  64  53 109  21],0.0,C3 1B 8A 10 40 35 6D 15,0x067,00000004
195.626803,9.0,104,0.0,4,4.0,[ 61 246  57   0   0   0   0   0],0.0,3D F6 39 00 00 00 00 00,0x068,00000004
195.626804,9.0,107,0.0,5,5.0,[111   0  96  45   0   0   0   0],0.0,6F 00 60 2D 00 00 00 00,0x06B,00000004
195.6289,9.0,111,0.0,8,8.0,[139 228  79 196 254 253 239 127],0.0,8B E4 4F C4 FE FD EF 7F,0x06F,00000004
195.82459999999998,9.0,101,0.0,1,1.0,[59  0  0  0  0  0  0  0],0.0,3B 00 00 00 00 00 00 00,0x065,00000004
195.82460099999997,9.0,102,0.0,6,6.0,[  3  31 221  48  84  45   0   0],0.0,03 1F DD 30 54 2D 00 00,0x066,00000004
195.82460199999997,9.0,103,0.0,8,8.0,[195  27 138  16  64  53 109  21],0.0,C3 1B 8A 10 40 35 6D 15,0x067,00000004
195.824603,9.0,104,0.0,4,4.0,[ 61 246  57   0   0   0   0   0],0.0,3D F6 39 00 00 00 00 00,0x068,00000004
195.824604,9.0,107,0.0,5,5.0,[245   0  32  51   0   0   0   0],0.0,F5 00 20 33 00 00 00 00,0x06B,00000004
195.82754999999997,9.0,111,0.0,8,8.0,[139 228  79  68 255 253 239 127],0.0,8B E4 4F 44 FF FD EF 7F,0x06F,00000004
196.02259999999998,9.0,101,0.0,1,1.0,[59  0  0  0  0  0  0  0],0.0,3B 00 00 00 00 00 00 00,0x065,00000004
196.02260099999998,9.0,102,0.0,6,6.0,[  3 231 221  48  84  45   0   0],0.0,03 E7 DD 30 54 2D 00 00,0x066,00000004
196.02260199999998,9.0,103,0.0,8,8.0,[195  27 138  48  64  53 109  21],0.0,C3 1B 8A 30 40 35 6D 15,0x067,00000004
196.02260299999998,9.0,104,0.0,4,4.0,[ 63 246  57   0   0   0   0   0],0.0,3F F6 39 00 00 00 00 00,0x068,00000004
196.02260399999997,9.0,107,0.0,5,5.0,[61  1 64 50  0  0  0  0],0.0,3D 01 40 32 00 00 00 00,0x06B,00000004
196.02505,9.0,111,0.0,8,8.0,[139 228  79  68 255 253 239 127],0.0,8B E4 4F 44 FF FD EF 7F,0x06F,00000004
196.2206,9.0,101,0.0,1,1.0,[59  0  0  0  0  0  0  0],0.0,3B 00 00 00 00 00 00 00,0x065,00000004
196.220601,9.0,102,0.0,6,6.0,[  3 175 222  48  84  45   0   0],0.0,03 AF DE 30 54 2D 00 00,0x066,00000004
196.22060199999999,9.0,103,0.0,8,8.0,[197  27 138  48  64  53 109  21],0.0,C5 1B 8A 30 40 35 6D 15,0x067,00000004
196.22060299999998,9.0,104,0.0,4,4.0,[ 63 246  57   0   0   0   0   0],0.0,3F F6 39 00 00 00 00 00,0x068,00000004
196.22060399999998,9.0,107,0.0,5,5.0,[211   0  64  45   0   0   0   0],0.0,D3 00 40 2D 00 00 00 00,0x06B,00000004
196.22299999999998,9.0,111,0.0,8,8.0,[139 228  79  68 255 253 239 127],0.0,8B E4 4F 44 FF FD EF 7F,0x06F,00000004
196.41859999999997,9.0,101,0.0,1,1.0,[59  0  0  0  0  0  0  0],0.0,3B 00 00 00 00 00 00 00,0x065,00000004
196.418601,9.0,102,0.0,6,6.0,[  3 119 223  48  84  45   0   0],0.0,03 77 DF 30 54 2D 00 00,0x066,00000004
196.418602,9.0,103,0.0,8,8.0,[197  27 138  48  64  53 109  21],0.0,C5 1B 8A 30 40 35 6D 15,0x067,00000004
196.418603,9.0,104,0.0,4,4.0,[ 63 246  57   0   0   0   0   0],0.0,3F F6 39 00 00 00 00 00,0x068,00000004
196.418604,9.0,107,0.0,5,5.0,[151   0 128  39   0   0   0   0],0.0,97 00 80 27 00 00 00 00,0x06B,00000004
196.42164999999997,9.0,111,0.0,8,8.0,[139 228  79  68 255 253 207 127],0.0,8B E4 4F 44 FF FD CF 7F,0x06F,00000004
196.61659999999998,9.0,101,0.0,1,1.0,[59  0  0  0  0  0  0  0],0.0,3B 00 00 00 00 00 00 00,0x065,00000004
196.61660099999997,9.0,102,0.0,6,6.0,[  3  63 224  48  84  45   0   0],0.0,03 3F E0 30 54 2D 00 00,0x066,00000004
196.61660199999997,9.0,103,0.0,8,8.0,[197  27 138  48  64  53 109  21],0.0,C5 1B 8A 30 40 35 6D 15,0x067,00000004
196.61660299999997,9.0,104,0.0,4,4.0,[ 63 246  57   0   0   0   0   0],0.0,3F F6 39 00 00 00 00 00,0x068,00000004
196.616604,9.0,107,0.0,5,5.0,[171   0 160  46   0   0   0   0],0.0,AB 00 A0 2E 00 00 00 00,0x06B,00000004
196.61899999999997,9.0,111,0.0,8,8.0,[139 220  79  68 255 253 239 127],0.0,8B DC 4F 44 FF FD EF 7F,0x06F,00000004
196.8148,9.0,101,0.0,1,1.0,[59  0  0  0  0  0  0  0],0.0,3B 00 00 00 00 00 00 00,0x065,00000004
196.814801,9.0,102,0.0,6,6.0,[  3   7 225  48  84  45   0   0],0.0,03 07 E1 30 54 2D 00 00,0x066,00000004
196.814802,9.0,103,0.0,8,8.0,[199  27 138  16  64  53 109  21],0.0,C7 1B 8A 10 40 35 6D 15,0x067,00000004
196.81480299999998,9.0,104,0.0,4,4.0,[ 63 246  49   0   0   0   0   0],0.0,3F F6 31 00 00 00 00 00,0x068,00000004
196.81480399999998,9.0,107,0.0,5,5.0,[213   0 160  44   0   0   0   0],0.0,D5 00 A0 2C 00 00 00 00,0x06B,00000004
196.81765,9.0,111,0.0,8,8.0,[139 228  79  68 255 253 239 127],0.0,8B E4 4F 44 FF FD EF 7F,0x06F,00000004
197.0126,9.0,101,0.0,1,1.0,[59  0  0  0  0  0  0  0],0.0,3B 00 00 00 00 00 00 00,0x065,00000004
197.012601,9.0,102,0.0,6,6.0,[  3 207 225  48  84  45   0   0],0.0,03 CF E1 30 54 2D 00 00,0x066,00000004
197.012602,9.0,103,0.0,8,8.0,[201  27 138  16  64  53 109  17],0.0,C9 1B 8A 10 40 35 6D 11,0x067,00000004
197.01260299999998,9.0,104,0.0,4,4.0,[ 67 246  49   0   0   0   0   0],0.0,43 F6 31 00 00 00 00 00,0x068,00000004
197.01260399999998,9.0,107,0.0,5,5.0,[249   1  32  50   0   0   0   0],0.0,F9 01 20 32 00 00 00 00,0x06B,00000004
197.01514999999998,9.0,111,0.0,8,8.0,[139 228  79  68 255 253 239 127],0.0,8B E4 4F 44 FF FD EF 7F,0x06F,00000004
197.21085,9.0,101,0.0,1,1.0,[59  0  0  0  0  0  0  0],0.0,3B 00 00 00 00 00 00 00,0x065,00000004
197.210851,9.0,102,0.0,6,6.0,[  3 151 226  48  84  45   0   0],0.0,03 97 E2 30 54 2D 00 00,0x066,00000004
197.210852,9.0,103,0.0,8,8.0,[201  27 138  16  64  53 109  17],0.0,C9 1B 8A 10 40 35 6D 11,0x067,00000004
197.210853,9.0,104,0.0,4,4.0,[ 65 246  49   0   0   0   0   0],0.0,41 F6 31 00 00 00 00 00,0x068,00000004
197.21085399999998,9.0,107,0.0,5,5.0,[101   0 128  36   0   0   0   0],0.0,65 00 80 24 00 00 00 00,0x06B,00000004
197.2137,9.0,111,0.0,8,8.0,[139 220  79  68 255 253 239 127],0.0,8B DC 4F 44 FF FD EF 7F,0x06F,00000004
197.40884999999997,9.0,101,0.0,1,1.0,[59  0  0  0  0  0  0  0],0.0,3B 00 00 00 00 00 00 00,0x065,00000004
197.40885099999997,9.0,102,0.0,6,6.0,[  3  95 227  48  84  45   0   0],0.0,03 5F E3 30 54 2D 00 00,0x066,00000004
197.408852,9.0,103,0.0,8,8.0,[201  27 138  16  64  53 109  17],0.0,C9 1B 8A 10 40 35 6D 11,0x067,00000004
197.408853,9.0,104,0.0,4,4.0,[ 65 246  49   0   0   0   0   0],0.0,41 F6 31 00 00 00 00 00,0x068,00000004
197.408854,9.0,107,0.0,5,5.0,[85  0 96 37  0  0  0  0],0.0,55 00 60 25 00 00 00 00,0x06B,00000004
197.41099999999997,9.0,111,0.0,8,8.0,[139 228  79  68 255 253 239 127],0.0,8B E4 4F 44 FF FD EF 7F,0x06F,00000004
197.6066,9.0,101,0.0,1,1.0,[59  0  0  0  0  0  0  0],0.0,3B 00 00 00 00 00 00 00,0x065,00000004
197.60660099999998,9.0,102,0.0,6,6.0,[  3  39 228  48  84  45   0   0],0.0,03 27 E4 30 54 2D 00 00,0x066,00000004
197.60660199999998,9.0,103,0.0,8,8.0,[201  27 138 240  63  53 109  17],0.0,C9 1B 8A F0 3F 35 6D 11,0x067,00000004
197.60660299999998,9.0,104,0.0,4,4.0,[ 63 246  49   0   0   0   0   0],0.0,3F F6 31 00 00 00 00 00,0x068,00000004
197.60660399999998,9.0,107,0.0,5,5.0,[141   0 224  41   0   0   0   0],0.0,8D 00 E0 29 00 00 00 00,0x06B,00000004
197.60965,9.0,111,0.0,8,8.0,[139 220  79  68 255 253 239 127],0.0,8B DC 4F 44 FF FD EF 7F,0x06F,00000004
197.8046,9.0,101,0.0,1,1.0,[59  0  0  0  0  0  0  0],0.0,3B 00 00 00 00 00 00 00,0x065,00000004
197.804601,9.0,102,0.0,6,6.0,[  3 239 228  48  84  45   0   0],0.0,03 EF E4 30 54 2D 00 00,0x066,00000004
197.804602,9.0,103,0.0,8,8.0,[201  27 138 240  63  53 109  17],0.0,C9 1B 8A F0 3F 35 6D 11,0x067,00000004
197.804603,9.0,104,0.0,4,4.0,[ 63 246  49   0   0   0   0   0],0.0,3F F6 31 00 00 00 00 00,0x068,00000004
197.80460399999998,9.0,107,0.0,5,5.0,[149   0  96  39   0   0   0   0],0.0,95 00 60 27 00 00 00 00,0x06B,00000004
197.807,9.0,111,0.0,8,8.0,[139 228  79  68 255 253 239 127],0.0,8B E4 4F 44 FF FD EF 7F,0x06F,00000004
198.00285,9.0,101,0.0,1,1.0,[59  0  0  0  0  0  0  0],0.0,3B 00 00 00 00 00 00 00,0x065,00000004
198.002851,9.0,102,0.0,6,6.0,[  3 183 229  48  84  45   0   0],0.0,03 B7 E5 30 54 2D 00 00,0x066,00000004
198.002852,9.0,103,0.0,8,8.0,[201  27 138 240  63  53 109  17],0.0,C9 1B 8A F0 3F 35 6D 11,0x067,00000004
198.002853,9.0,104,0.0,4,4.0,[ 63 246  49   0   0   0   0   0],0.0,3F F6 31 00 00 00 00 00,0x068,00000004
198.00285399999999,9.0,107,0.0,5,5.0,[111   0  32  35   0   0   0   0],0.0,6F 00 20 23 00 00 00 00,0x06B,00000004
198.0058,9.0,111,0.0,8,8.0,[139 228  79  68 255 253 239 127],0.0,8B E4 4F 44 FF FD EF 7F,0x06F,00000004
198.20084999999997,9.0,101,0.0,1,1.0,[59  0  0  0  0  0  0  0],0.0,3B 00 00 00 00 00 00 00,0x065,00000004
198.20085099999997,9.0,102,0.0,6,6.0,[  3 127 230  48  84  45   0   0],0.0,03 7F E6 30 54 2D 00 00,0x066,00000004
198.200852,9.0,103,0.0,8,8.0,[201  27 138 208  63  53 109  17],0.0,C9 1B 8A D0 3F 35 6D 11,0x067,00000004
198.200853,9.0,104,0.0,4,4.0,[ 61 246  49   0   0   0   0   0],0.0,3D F6 31 00 00 00 00 00,0x068,00000004
198.200854,9.0,107,0.0,5,5.0,[239   0   0  51   0   0   0   0],0.0,EF 00 00 33 00 00 00 00,0x06B,00000004
198.20299999999997,9.0,111,0.0,8,8.0,[139 228  79 196 254 253 239 127],0.0,8B E4 4F C4 FE FD EF 7F,0x06F,00000004
198.39884999999998,9.0,101,0.0,1,1.0,[59  0  0  0  0  0  0  0],0.0,3B 00 00 00 00 00 00 00,0x065,00000004
198.39885099999998,9.0,102,0.0,6,6.0,[  3  71 231  48  84  45   0   0],0.0,03 47 E7 30 54 2D 00 00,0x066,00000004
198.39885199999998,9.0,103,0.0,8,8.0,[201  27 138 208  63  53 109  17],0.0,C9 1B 8A D0 3F 35 6D 11,0x067,00000004
198.39885299999997,9.0,104,0.0,4,4.0,[ 59 246  49   0   0   0   0   0],0.0,3B F6 31 00 00 00 00 00,0x068,00000004
198.39885399999997,9.0,107,0.0,5,5.0,[187   0 128  49   0   0   0   0],0.0,BB 00 80 31 00 00 00 00,0x06B,00000004
198.40099999999998,9.0,111,0.0,8,8.0,[139 228  79  68 255 253 239 127],0.0,8B E4 4F 44 FF FD EF 7F,0x06F,00000004
198.59685,9.0,101,0.0,1,1.0,[59  0  0  0  0  0  0  0],0.0,3B 00 00 00 00 00 00 00,0x065,00000004
198.596851,9.0,102,0.0,6,6.0,[  3  15 232  48  84  45   0   0],0.0,03 0F E8 30 54 2D 00 00,0x066,00000004
198.59685199999998,9.0,103,0.0,8,8.0,[201  27 138 208  63  53 109  17],0.0,C9 1B 8A D0 3F 35 6D 11,0x067,00000004
198.59685299999998,9.0,104,0.0,4,4.0,[ 57 246  49   0   0   0   0   0],0.0,39 F6 31 00 00 00 00 00,0x068,00000004
198.59685399999998,9.0,107,0.0,5,5.0,[97  0 96 39  0  0  0  0],0.0,61 00 60 27 00 00 00 00,0x06B,00000004
198.59965,9.0,111,0.0,8,8.0,[139 228  79  68 255 253 239 127],0.0,8B E4 4F 44 FF FD EF 7F,0x06F,00000004
198.79459999999997,9.0,101,0.0,1,1.0,[59  0  0  0  0  0  0  0],0.0,3B 00 00 00 00 00 00 00,0x065,00000004
198.79460099999997,9.0,102,0.0,6,6.0,[  3 215 232  48  84  45   0   0],0.0,03 D7 E8 30 54 2D 00 00,0x066,00000004
198.794602,9.0,103,0.0,8,8.0,[201  27 138 176  63  53 109  17],0.0,C9 1B 8A B0 3F 35 6D 11,0x067,00000004
198.794603,9.0,104,0.0,4,4.0,[ 55 246  49   0   0   0   0   0],0.0,37 F6 31 00 00 00 00 00,0x068,00000004
198.794604,9.0,107,0.0,5,5.0,[95  0  0 47  0  0  0  0],0.0,5F 00 00 2F 00 00 00 00,0x06B,00000004
198.797,9.0,111,0.0,8,8.0,[139 228  79  68 255 253 239 127],0.0,8B E4 4F 44 FF FD EF 7F,0x06F,00000004
198.99265,9.0,101,0.0,1,1.0,[59  0  0  0  0  0  0  0],0.0,3B 00 00 00 00 00 00 00,0x065,00000004
198.992651,9.0,102,0.0,6,6.0,[  3 159 233  48  84  45   0   0],0.0,03 9F E9 30 54 2D 00 00,0x066,00000004
198.992652,9.0,103,0.0,8,8.0,[201  27 138 176  63  53 109  17],0.0,C9 1B 8A B0 3F 35 6D 11,0x067,00000004
198.992653,9.0,104,0.0,4,4.0,[ 55 246  49   0   0   0   0   0],0.0,37 F6 31 00 00 00 00 00,0x068,00000004
198.992654,9.0,107,0.0,5,5.0,[245   0  96  44   0   0   0   0],0.0,F5 00 60 2C 00 00 00 00,0x06B,00000004
198.99579999999997,9.0,111,0.0,8,8.0,[139 228  79  68 255 253 239 127],0.0,8B E4 4F 44 FF FD EF 7F,0x06F,00000004
199.19084999999998,9.0,101,0.0,1,1.0,[83  0  0  0  0  0  0  0],0.0,53 00 00 00 00 00 00 00,0x065,00000004
199.19085099999998,9.0,102,0.0,6,6.0,[  3 103 234  48  84  45   0   0],0.0,03 67 EA 30 54 2D 00 00,0x066,00000004
199.19085199999998,9.0,103,0.0,8,8.0,[201  27 138  80  63  53 109  17],0.0,C9 1B 8A 50 3F 35 6D 11,0x067,00000004
199.19085299999998,9.0,104,0.0,4,4.0,[ 49 246  49   0   0   0   0   0],0.0,31 F6 31 00 00 00 00 00,0x068,00000004
199.19085399999997,9.0,107,0.0,5,5.0,[167   0 224  38   0   0   0   0],0.0,A7 00 E0 26 00 00 00 00,0x06B,00000004
199.19299999999998,9.0,111,0.0,8,8.0,[139 228  79  68 255 253 239 127],0.0,8B E4 4F 44 FF FD EF 7F,0x06F,00000004
199.38885,9.0,101,0.0,1,1.0,[83  0  0  0  0  0  0  0],0.0,53 00 00 00 00 00 00 00,0x065,00000004
199.388851,9.0,102,0.0,6,6.0,[  3  47 235  48  84  45   0   0],0.0,03 2F EB 30 54 2D 00 00,0x066,00000004
199.38885199999999,9.0,103,0.0,8,8.0,[203  27 138 240  62  53 109  17],0.0,CB 1B 8A F0 3E 35 6D 11,0x067,00000004
199.38885299999998,9.0,104,0.0,4,4.0,[ 45 246  49   0   0   0   0   0],0.0,2D F6 31 00 00 00 00 00,0x068,00000004
199.38885399999998,9.0,107,0.0,5,5.0,[101   0 192  32   0   0   0   0],0.0,65 00 C0 20 00 00 00 00,0x06B,00000004
199.3917,9.0,111,0.0,8,8.0,[139 228  79  68 255 253 239 127],0.0,8B E4 4F 44 FF FD EF 7F,0x06F,00000004
199.58684999999997,9.0,101,0.0,1,1.0,[83  0  0  0  0  0  0  0],0.0,53 00 00 00 00 00 00 00,0x065,00000004
199.586851,9.0,102,0.0,6,6.0,[  3 247 235  48  84  45   0   0],0.0,03 F7 EB 30 54 2D 00 00,0x066,00000004
199.586852,9.0,103,0.0,8,8.0,[203  27 138 176  62  53 109  17],0.0,CB 1B 8A B0 3E 35 6D 11,0x067,00000004
199.586853,9.0,104,0.0,4,4.0,[ 43 246  49   0   0   0   0   0],0.0,2B F6 31 00 00 00 00 00,0x068,00000004
199.586854,9.0,107,0.0,5,5.0,[ 69   0 160  30   0   0   0   0],0.0,45 00 A0 1E 00 00 00 00,0x06B,00000004
199.58905,9.0,111,0.0,8,8.0,[139 228  79 196 254 253 239 127],0.0,8B E4 4F C4 FE FD EF 7F,0x06F,00000004
199.78484999999998,9.0,101,0.0,1,1.0,[83  0  0  0  0  0  0  0],0.0,53 00 00 00 00 00 00 00,0x065,00000004
199.78485099999997,9.0,102,0.0,6,6.0,[  3 191 236  48  84  45   0   0],0.0,03 BF EC 30 54 2D 00 00,0x066,00000004
199.78485199999997,9.0,103,0.0,8,8.0,[205  27 138  80  62  53 109  17],0.0,CD 1B 8A 50 3E 35 6D 11,0x067,00000004
199.78485299999997,9.0,104,0.0,4,4.0,[ 39 246  49   0   0   0   0   0],0.0,27 F6 31 00 00 00 00 00,0x068,00000004
199.784854,9.0,107,0.0,5,5.0,[ 97   0 224  35   0   0   0   0],0.0,61 00 E0 23 00 00 00 00,0x06B,00000004
199.78769999999997,9.0,111,0.0,8,8.0,[139 228  79  68 255 253 239 127],0.0,8B E4 4F 44 FF FD EF 7F,0x06F,00000004
199.98284999999998,9.0,101,0.0,1,1.0,[83  0  0  0  0  0  0  0],0.0,53 00 00 00 00 00 00 00,0x065,00000004
199.98285099999998,9.0,102,0.0,6,6.0,[  3 135 237  48  84  45   0   0],0.0,03 87 ED 30 54 2D 00 00,0x066,00000004
199.98285199999998,9.0,103,0.0,8,8.0,[205  27 138  16  62  53 109  17],0.0,CD 1B 8A 10 3E 35 6D 11,0x067,00000004
199.98285299999998,9.0,104,0.0,4,4.0,[ 37 246  49   0   0   0   0   0],0.0,25 F6 31 00 00 00 00 00,0x068,00000004
199.98285399999997,9.0,107,0.0,5,5.0,[79  0 96 33  0  0  0  0],0.0,4F 00 60 21 00 00 00 00,0x06B,00000004
199.98514999999998,9.0,111,0.0,8,8.0,[139 228  79  68 255 253 239 127],0.0,8B E4 4F 44 FF FD EF 7F,0x06F,00000004
200.18085,9.0,101,0.0,1,1.0,[83  0  0  0  0  0  0  0],0.0,53 00 00 00 00 00 00 00,0x065,00000004
200.180851,9.0,102,0.0,6,6.0,[  3  79 238  48  84  45   0   0],0.0,03 4F EE 30 54 2D 00 00,0x066,00000004
200.180852,9.0,103,0.0,8,8.0,[205  27 138 208  61  53 109  17],0.0,CD 1B 8A D0 3D 35 6D 11,0x067,00000004
200.18085299999998,9.0,104,0.0,4,4.0,[ 35 246  49   0   0   0   0   0],0.0,23 F6 31 00 00 00 00 00,0x068,00000004
200.18085399999998,9.0,107,0.0,5,5.0,[125   0  32  37   0   0   0   0],0.0,7D 00 20 25 00 00 00 00,0x06B,00000004
200.1837,9.0,111,0.0,8,8.0,[139 228  79  68 255 253 239 127],0.0,8B E4 4F 44 FF FD EF 7F,0x06F,00000004
200.37884999999997,9.0,101,0.0,1,1.0,[83  0  0  0  0  0  0  0],0.0,53 00 00 00 00 00 00 00,0x065,00000004
200.378851,9.0,102,0.0,6,6.0,[  3  23 239  48  84  45   0   0],0.0,03 17 EF 30 54 2D 00 00,0x066,00000004
200.378852,9.0,103,0.0,8,8.0,[207  27 138 144  61  53 109  17],0.0,CF 1B 8A 90 3D 35 6D 11,0x067,00000004
200.378853,9.0,104,0.0,4,4.0,[ 31 246  49   0   0   0   0   0],0.0,1F F6 31 00 00 00 00 00,0x068,00000004
200.378854,9.0,107,0.0,5,5.0,[235   0  32  38   0   0   0   0],0.0,EB 00 20 26 00 00 00 00,0x06B,00000004
200.38105,9.0,111,0.0,8,8.0,[139 228  79  68 255 253 239 127],0.0,8B E4 4F 44 FF FD EF 7F,0x06F,00000004
200.57684999999998,9.0,101,0.0,1,1.0,[83  0  0  0  0  0  0  0],0.0,53 00 00 00 00 00 00 00,0x065,00000004
200.57685099999998,9.0,102,0.0,6,6.0,[  3 223 239  48  84  45   0   0],0.0,03 DF EF 30 54 2D 00 00,0x066,00000004
200.57685199999997,9.0,103,0.0,8,8.0,[207  27 138 112  61  53 109  17],0.0,CF 1B 8A 70 3D 35 6D 11,0x067,00000004
200.57685299999997,9.0,104,0.0,4,4.0,[ 29 246  49   0   0   0   0   0],0.0,1D F6 31 00 00 00 00 00,0x068,00000004
200.576854,9.0,107,0.0,5,5.0,[87  0  0 37  0  0  0  0],0.0,57 00 00 25 00 00 00 00,0x06B,00000004
200.57869999999997,9.0,111,0.0,8,8.0,[139 228  79  68 255 253 239 127],0.0,8B E4 4F 44 FF FD EF 7F,0x06F,00000004
200.77439999999999,9.0,111,0.0,8,8.0,[139 220  79  68 255 253 239 127],0.0,8B DC 4F 44 FF FD EF 7F,0x06F,00000004
200.77499999999998,9.0,101,0.0,1,1.0,[83  0  0  0  0  0  0  0],0.0,53 00 00 00 00 00 00 00,0x065,00000004
200.77500099999997,9.0,102,0.0,6,6.0,[  3 167 240  48  84  45   0   0],0.0,03 A7 F0 30 54 2D 00 00,0x066,00000004
200.77500199999997,9.0,103,0.0,8,8.0,[209  27 138  48  61  53 109  17],0.0,D1 1B 8A 30 3D 35 6D 11,0x067,00000004
200.77500299999997,9.0,104,0.0,4,4.0,[ 27 246  49   0   0   0   0   0],0.0,1B F6 31 00 00 00 00 00,0x068,00000004
200.775004,9.0,107,0.0,5,5.0,[51  0 96 38  0  0  0  0],0.0,33 00 60 26 00 00 00 00,0x06B,00000004
200.97285,9.0,101,0.0,1,1.0,[83  0  0  0  0  0  0  0],0.0,53 00 00 00 00 00 00 00,0x065,00000004
200.972851,9.0,102,0.0,6,6.0,[  3 111 241  48  84  45   0   0],0.0,03 6F F1 30 54 2D 00 00,0x066,00000004
200.972852,9.0,103,0.0,8,8.0,[209  27 138  16  61  53 109  17],0.0,D1 1B 8A 10 3D 35 6D 11,0x067,00000004
200.972853,9.0,104,0.0,4,4.0,[ 27 246  49   0   0   0   0   0],0.0,1B F6 31 00 00 00 00 00,0x068,00000004
200.97285399999998,9.0,107,0.0,5,5.0,[139   0  32  31   0   0   0   0],0.0,8B 00 20 1F 00 00 00 00,0x06B,00000004
200.97525,9.0,111,0.0,8,8.0,[139 220  79 196 254 253 239 127],0.0,8B DC 4F C4 FE FD EF 7F,0x06F,00000004
201.1709,9.0,101,0.0,1,1.0,[83  0  0  0  0  0  0  0],0.0,53 00 00 00 00 00 00 00,0x065,00000004
201.170901,9.0,102,0.0,6,6.0,[  3  55 242  48  84  45   0   0],0.0,03 37 F2 30 54 2D 00 00,0x066,00000004
201.17090199999998,9.0,103,0.0,8,8.0,[209  27 138 240  60  53 109  17],0.0,D1 1B 8A F0 3C 35 6D 11,0x067,00000004
201.17090299999998,9.0,104,0.0,4,4.0,[ 25 246  49   0   0   0   0   0],0.0,19 F6 31 00 00 00 00 00,0x068,00000004
201.17090399999998,9.0,107,0.0,5,5.0,[81  0 32 36  0  0  0  0],0.0,51 00 20 24 00 00 00 00,0x06B,00000004
201.1737,9.0,111,0.0,8,8.0,[139 228  79  68 255 253 239 127],0.0,8B E4 4F 44 FF FD EF 7F,0x06F,00000004
201.36839999999998,9.0,111,0.0,8,8.0,[139 228  79  68 255 253 239 127],0.0,8B E4 4F 44 FF FD EF 7F,0x06F,00000004
201.36905,9.0,101,0.0,1,1.0,[83  0  0  0  0  0  0  0],0.0,53 00 00 00 00 00 00 00,0x065,00000004
201.36905099999998,9.0,102,0.0,6,6.0,[  3 255 242  48  84  45   0   0],0.0,03 FF F2 30 54 2D 00 00,0x066,00000004
201.36905199999998,9.0,103,0.0,8,8.0,[211  27 138 176  60  53 109  17],0.0,D3 1B 8A B0 3C 35 6D 11,0x067,00000004
201.36905299999998,9.0,104,0.0,4,4.0,[ 21 246  49   0   0   0   0   0],0.0,15 F6 31 00 00 00 00 00,0x068,00000004
201.36905399999998,9.0,107,0.0,5,5.0,[159   0  64  41   0   0   0   0],0.0,9F 00 40 29 00 00 00 00,0x06B,00000004
201.56689999999998,9.0,101,0.0,1,1.0,[83  0  0  0  0  0  0  0],0.0,53 00 00 00 00 00 00 00,0x065,00000004
201.56690099999997,9.0,102,0.0,6,6.0,[  3 199 243  48  84  45   0   0],0.0,03 C7 F3 30 54 2D 00 00,0x066,00000004
201.56690199999997,9.0,103,0.0,8,8.0,[211  27 138 144  60  53 109  17],0.0,D3 1B 8A 90 3C 35 6D 11,0x067,00000004
201.566903,9.0,104,0.0,4,4.0,[ 19 246  49   0   0   0   0   0],0.0,13 F6 31 00 00 00 00 00,0x068,00000004
201.566904,9.0,107,0.0,5,5.0,[251   0 192  32   0   0   0   0],0.0,FB 00 C0 20 00 00 00 00,0x06B,00000004
201.56974999999997,9.0,111,0.0,8,8.0,[139 220  79 196 254 253 239 127],0.0,8B DC 4F C4 FE FD EF 7F,0x06F,00000004
201.76489999999998,9.0,101,0.0,1,1.0,[83  0  0  0  0  0  0  0],0.0,53 00 00 00 00 00 00 00,0x065,00000004
201.76490099999998,9.0,102,0.0,6,6.0,[  3 143 244  48  84  45   0   0],0.0,03 8F F4 30 54 2D 00 00,0x066,00000004
201.76490199999998,9.0,103,0.0,8,8.0,[211  27 138  80  60  53 109  17],0.0,D3 1B 8A 50 3C 35 6D 11,0x067,00000004
201.76490299999998,9.0,104,0.0,4,4.0,[ 15 246  49   0   0   0   0   0],0.0,0F F6 31 00 00 00 00 00,0x068,00000004
201.76490399999997,9.0,107,0.0,5,5.0,[143   0 192  38   0   0   0   0],0.0,8F 00 C0 26 00 00 00 00,0x06B,00000004
201.7651,9.0,111,0.0,8,8.0,[139 236  79  68 255 253 207 127],0.0,8B EC 4F 44 FF FD CF 7F,0x06F,00000004
201.96239999999997,9.0,111,0.0,8,8.0,[139 236  79 196 254 253 239 127],0.0,8B EC 4F C4 FE FD EF 7F,0x06F,00000004
201.96304999999998,9.0,101,0.0,1,1.0,[83  0  0  0  0  0  0  0],0.0,53 00 00 00 00 00 00 00,0x065,00000004
201.96305099999998,9.0,102,0.0,6,6.0,[  3  87 245  48  84  45   0   0],0.0,03 57 F5 30 54 2D 00 00,0x066,00000004
201.96305199999998,9.0,103,0.0,8,8.0,[211  27 138  48  60  53 109  17],0.0,D3 1B 8A 30 3C 35 6D 11,0x067,00000004
201.96305299999997,9.0,104,0.0,4,4.0,[ 13 246  41   0   0   0   0   0],0.0,0D F6 29 00 00 00 00 00,0x068,00000004
201.96305399999997,9.0,107,0.0,5,5.0,[167   0  96  40   0   0   0   0],0.0,A7 00 60 28 00 00 00 00,0x06B,00000004
202.16039999999998,9.0,111,0.0,8,8.0,[139 252  79  68 255 253 207 127],0.0,8B FC 4F 44 FF FD CF 7F,0x06F,00000004
202.16105,9.0,101,0.0,1,1.0,[83  0  0  0  0  0  0  0],0.0,53 00 00 00 00 00 00 00,0x065,00000004
202.161051,9.0,102,0.0,6,6.0,[  3  31 246  48  84  45   0   0],0.0,03 1F F6 30 54 2D 00 00,0x066,00000004
202.16105199999998,9.0,103,0.0,8,8.0,[213  27 138  16  60  53 109  17],0.0,D5 1B 8A 10 3C 35 6D 11,0x067,00000004
202.16105299999998,9.0,104,0.0,4,4.0,[ 13 246  41   0   0   0   0   0],0.0,0D F6 29 00 00 00 00 00,0x068,00000004
202.16105399999998,9.0,107,0.0,5,5.0,[121   0 160  37   0   0   0   0],0.0,79 00 A0 25 00 00 00 00,0x06B,00000004
202.35889999999998,9.0,101,0.0,1,1.0,[83  0  0  0  0  0  0  0],0.0,53 00 00 00 00 00 00 00,0x065,00000004
202.35890099999997,9.0,102,0.0,6,6.0,[  3 231 246  48  84  45   0   0],0.0,03 E7 F6 30 54 2D 00 00,0x066,00000004
202.35890199999997,9.0,103,0.0,8,8.0,[213  27 138 208  59  53 109  17],0.0,D5 1B 8A D0 3B 35 6D 11,0x067,00000004
202.35890299999997,9.0,104,0.0,4,4.0,[  9 246  41   0   0   0   0   0],0.0,09 F6 29 00 00 00 00 00,0x068,00000004
202.358904,9.0,107,0.0,5,5.0,[101   1 160  33   0   0   0   0],0.0,65 01 A0 21 00 00 00 00,0x06B,00000004
202.36169999999998,9.0,111,0.0,8,8.0,[139  12  80  68 255 253 207 127],0.0,8B 0C 50 44 FF FD CF 7F,0x06F,00000004
202.5564,9.0,111,0.0,8,8.0,[141  36  80 196 255 253 175 127],0.0,8D 24 50 C4 FF FD AF 7F,0x06F,00000004
202.55704999999998,9.0,101,0.0,1,1.0,[83  0  0  0  0  0  0  0],0.0,53 00 00 00 00 00 00 00,0x065,00000004
202.55705099999997,9.0,102,0.0,6,6.0,[  3 175 247  48  84  45   0   0],0.0,03 AF F7 30 54 2D 00 00,0x066,00000004
202.55705199999997,9.0,103,0.0,8,8.0,[213  27 138 144  59  53 109  13],0.0,D5 1B 8A 90 3B 35 6D 0D,0x067,00000004
202.557053,9.0,104,0.0,4,4.0,[  5 246  41   0   0   0   0   0],0.0,05 F6 29 00 00 00 00 00,0x068,00000004
202.557054,9.0,107,0.0,5,5.0,[115   2 192  37   0   0   0   0],0.0,73 02 C0 25 00 00 00 00,0x06B,00000004
202.7549,9.0,101,0.0,1,1.0,[83  0  0  0  0  0  0  0],0.0,53 00 00 00 00 00 00 00,0x065,00000004
202.754901,9.0,102,0.0,6,6.0,[  3 119 248  48  84  45   0   0],0.0,03 77 F8 30 54 2D 00 00,0x066,00000004
202.754902,9.0,103,0.0,8,8.0,[215  27 138  80  59  53 109  13],0.0,D7 1B 8A 50 3B 35 6D 0D,0x067,00000004
202.75490299999998,9.0,104,0.0,4,4.0,[  1 246  41   0   0   0   0   0],0.0,01 F6 29 00 00 00 00 00,0x068,00000004
202.75490399999998,9.0,107,0.0,5,5.0,[55  4 96 35  0  0  0  0],0.0,37 04 60 23 00 00 00 00,0x06B,00000004
202.75715,9.0,111,0.0,8,8.0,[139  52  80 196 255 253 175 127],0.0,8B 34 50 C4 FF FD AF 7F,0x06F,00000004
202.95239999999998,9.0,111,0.0,8,8.0,[139  68  80 196 255 249 207 127],0.0,8B 44 50 C4 FF F9 CF 7F,0x06F,00000004
202.95305,9.0,101,0.0,1,1.0,[83  0  0  0  0  0  0  0],0.0,53 00 00 00 00 00 00 00,0x065,00000004
202.953051,9.0,102,0.0,6,6.0,[  3  63 249  48  84  45   0   0],0.0,03 3F F9 30 54 2D 00 00,0x066,00000004
202.95305199999999,9.0,103,0.0,8,8.0,[217  27 138  80  59  53 109  13],0.0,D9 1B 8A 50 3B 35 6D 0D,0x067,00000004
202.95305299999998,9.0,104,0.0,4,4.0,[253 245  41   0   0   0   0   0],0.0,FD F5 29 00 00 00 00 00,0x068,00000004
202.95305399999998,9.0,107,0.0,5,5.0,[123   4 128  36   0   0   0   0],0.0,7B 04 80 24 00 00 00 00,0x06B,00000004
203.1504,9.0,111,0.0,8,8.0,[139  76  80 196 255 253 207 127],0.0,8B 4C 50 C4 FF FD CF 7F,0x06F,00000004
203.15104999999997,9.0,101,0.0,1,1.0,[83  0  0  0  0  0  0  0],0.0,53 00 00 00 00 00 00 00,0x065,00000004
203.151051,9.0,102,0.0,6,6.0,[  3   7 250  48  84  45   0   0],0.0,03 07 FA 30 54 2D 00 00,0x066,00000004
203.151052,9.0,103,0.0,8,8.0,[219  27 138 112  59  53 109  13],0.0,DB 1B 8A 70 3B 35 6D 0D,0x067,00000004
203.151053,9.0,104,0.0,4,4.0,[249 245  41   0   0   0   0   0],0.0,F9 F5 29 00 00 00 00 00,0x068,00000004
203.151054,9.0,107,0.0,5,5.0,[127   6  32  38   0   0   0   0],0.0,7F 06 20 26 00 00 00 00,0x06B,00000004
203.34839999999997,9.0,111,0.0,8,8.0,[141  76  48  68   0   6 240 127],0.0,8D 4C 30 44 00 06 F0 7F,0x06F,00000004
203.34904999999998,9.0,101,0.0,1,1.0,[83  0  0  0  0  0  0  0],0.0,53 00 00 00 00 00 00 00,0x065,00000004
203.34905099999997,9.0,102,0.0,6,6.0,[  3 207 250  48  84  45   0   0],0.0,03 CF FA 30 54 2D 00 00,0x066,00000004
203.34905199999997,9.0,103,0.0,8,8.0,[223  27 138 112  59  53 109  13],0.0,DF 1B 8A 70 3B 35 6D 0D,0x067,00000004
203.34905299999997,9.0,104,0.0,4,4.0,[245 245  41   0   0   0   0   0],0.0,F5 F5 29 00 00 00 00 00,0x068,00000004
203.349054,9.0,107,0.0,5,5.0,[203   8 224  41   0   0   0   0],0.0,CB 08 E0 29 00 00 00 00,0x06B,00000004
203.5469,9.0,101,0.0,1,1.0,[83  0  0  0  0  0  0  0],0.0,53 00 00 00 00 00 00 00,0x065,00000004
203.546901,9.0,102,0.0,6,6.0,[  3 151 251  48  84  45   0   0],0.0,03 97 FB 30 54 2D 00 00,0x066,00000004
203.546902,9.0,103,0.0,8,8.0,[227  27 138 144  59  53 109  13],0.0,E3 1B 8A 90 3B 35 6D 0D,0x067,00000004
203.546903,9.0,104,0.0,4,4.0,[243 245  41   0   0   0   0   0],0.0,F3 F5 29 00 00 00 00 00,0x068,00000004
203.54690399999998,9.0,107,0.0,5,5.0,[63 11 32 43  0  0  0  0],0.0,3F 0B 20 2B 00 00 00 00,0x06B,00000004
203.54709999999997,9.0,111,0.0,8,8.0,[141  84  80 196   0 254 239 127],0.0,8D 54 50 C4 00 FE EF 7F,0x06F,00000004
203.74439999999998,9.0,111,0.0,8,8.0,[139  68 112 196 255   5  16 128],0.0,8B 44 70 C4 FF 05 10 80,0x06F,00000004
203.74505,9.0,101,0.0,1,1.0,[83  0  0  0  0  0  0  0],0.0,53 00 00 00 00 00 00 00,0x065,00000004
203.745051,9.0,102,0.0,6,6.0,[  3  95 252  48  84  45   0   0],0.0,03 5F FC 30 54 2D 00 00,0x066,00000004
203.745052,9.0,103,0.0,8,8.0,[233  27 138 176  59  53 109  13],0.0,E9 1B 8A B0 3B 35 6D 0D,0x067,00000004
203.74505299999998,9.0,104,0.0,4,4.0,[239 245  41   0   0   0   0   0],0.0,EF F5 29 00 00 00 00 00,0x068,00000004
203.74505399999998,9.0,107,0.0,5,5.0,[85 13 32 44  0  0  0  0],0.0,55 0D 20 2C 00 00 00 00,0x06B,00000004
203.94244999999998,9.0,111,0.0,8,8.0,[137  76 112 196   0   2  16 128],0.0,89 4C 70 C4 00 02 10 80,0x06F,00000004
203.9431,9.0,101,0.0,1,1.0,[83  0  0  0  0  0  0  0],0.0,53 00 00 00 00 00 00 00,0x065,00000004
203.94310099999998,9.0,102,0.0,6,6.0,[  3  39 253  48  84  45   0   0],0.0,03 27 FD 30 54 2D 00 00,0x066,00000004
203.94310199999998,9.0,103,0.0,8,8.0,[241  27 138 208  59  53 109  13],0.0,F1 1B 8A D0 3B 35 6D 0D,0x067,00000004
203.94310299999998,9.0,104,0.0,4,4.0,[235 245  41   0   0   0   0   0],0.0,EB F5 29 00 00 00 00 00,0x068,00000004
203.94310399999998,9.0,107,0.0,5,5.0,[195  15  96  45   0   0   0   0],0.0,C3 0F 60 2D 00 00 00 00,0x06B,00000004
204.14045,9.0,111,0.0,8,8.0,[143  68 144  68   1 242 239 127],0.0,8F 44 90 44 01 F2 EF 7F,0x06F,00000004
204.1411,9.0,101,0.0,1,1.0,[83  0  0  0  0  0  0  0],0.0,53 00 00 00 00 00 00 00,0x065,00000004
204.141101,9.0,102,0.0,6,6.0,[  3 239 253  48  84  45   0   0],0.0,03 EF FD 30 54 2D 00 00,0x066,00000004
204.141102,9.0,103,0.0,8,8.0,[247  27 138  16  60  53 109  13],0.0,F7 1B 8A 10 3C 35 6D 0D,0x067,00000004
204.141103,9.0,104,0.0,4,4.0,[231 245  41   0   0   0   0   0],0.0,E7 F5 29 00 00 00 00 00,0x068,00000004
204.14110399999998,9.0,107,0.0,5,5.0,[143  18  32  47   0   0   0   0],0.0,8F 12 20 2F 00 00 00 00,0x06B,00000004
204.33845,9.0,111,0.0,8,8.0,[139  76  48 196   0  10  80 128],0.0,8B 4C 30 C4 00 0A 50 80,0x06F,00000004
204.33905,9.0,101,0.0,1,1.0,[83  0  0  0  0  0  0  0],0.0,53 00 00 00 00 00 00 00,0x065,00000004
204.33905099999998,9.0,102,0.0,6,6.0,[  3 183 254  48  84  45   0   0],0.0,03 B7 FE 30 54 2D 00 00,0x066,00000004
204.33905199999998,9.0,103,0.0,8,8.0,[  1  28 138  80  60  53 109  13],0.0,01 1C 8A 50 3C 35 6D 0D,0x067,00000004
204.33905299999998,9.0,104,0.0,4,4.0,[227 245  41   0   0   0   0   0],0.0,E3 F5 29 00 00 00 00 00,0x068,00000004
204.33905399999998,9.0,107,0.0,5,5.0,[185  20  64  48   0   0   0   0],0.0,B9 14 40 30 00 00 00 00,0x06B,00000004
204.53644999999997,9.0,111,0.0,8,8.0,[139  68 144  68   0  10  80 128],0.0,8B 44 90 44 00 0A 50 80,0x06F,00000004
204.53775,9.0,101,0.0,1,1.0,[83  0  0  0  0  0  0  0],0.0,53 00 00 00 00 00 00 00,0x065,00000004
204.537751,9.0,102,0.0,6,6.0,[  3 127 255  48  84  45   0   0],0.0,03 7F FF 30 54 2D 00 00,0x066,00000004
204.53775199999998,9.0,103,0.0,8,8.0,[ 11  28 138 144  60  53 109  13],0.0,0B 1C 8A 90 3C 35 6D 0D,0x067,00000004
204.53775299999998,9.0,104,0.0,4,4.0,[225 245  41   0   0   0   0   0],0.0,E1 F5 29 00 00 00 00 00,0x068,00000004
204.53775399999998,9.0,107,0.0,5,5.0,[111  23  64  47   0   0   0   0],0.0,6F 17 40 2F 00 00 00 00,0x06B,00000004
204.73444999999998,9.0,111,0.0,8,8.0,[135  68  80 196 255 245 239 128],0.0,87 44 50 C4 FF F5 EF 80,0x06F,00000004
204.73504999999997,9.0,101,0.0,1,1.0,[83  0  0  0  0  0  0  0],0.0,53 00 00 00 00 00 00 00,0x065,00000004
204.73505099999997,9.0,102,0.0,6,6.0,[ 3 71  0 49 84 45  0  0],0.0,03 47 00 31 54 2D 00 00,0x066,00000004
204.735052,9.0,103,0.0,8,8.0,[ 23  28 138 240  60  53 109  13],0.0,17 1C 8A F0 3C 35 6D 0D,0x067,00000004
204.735053,9.0,104,0.0,4,4.0,[221 245  41   0   0   0   0   0],0.0,DD F5 29 00 00 00 00 00,0x068,00000004
204.735054,9.0,107,0.0,5,5.0,[131  25  96  44   0   0   0   0],0.0,83 19 60 2C 00 00 00 00,0x06B,00000004
204.93245,9.0,111,0.0,8,8.0,[139  68  48 196   1  10 240 127],0.0,8B 44 30 C4 01 0A F0 7F,0x06F,00000004
204.93304999999998,9.0,101,0.0,1,1.0,[83  0  0  0  0  0  0  0],0.0,53 00 00 00 00 00 00 00,0x065,00000004
204.93305099999998,9.0,102,0.0,6,6.0,[ 3 15  1 49 84 45  0  0],0.0,03 0F 01 31 54 2D 00 00,0x066,00000004
204.93305199999998,9.0,103,0.0,8,8.0,[ 33  28 138 112  61  53 109  13],0.0,21 1C 8A 70 3D 35 6D 0D,0x067,00000004
204.93305299999997,9.0,104,0.0,4,4.0,[215 245  41   0   0   0   0   0],0.0,D7 F5 29 00 00 00 00 00,0x068,00000004
204.93305399999997,9.0,107,0.0,5,5.0,[111  28 128  44   0   0   0   0],0.0,6F 1C 80 2C 00 00 00 00,0x06B,00000004
205.13045,9.0,111,0.0,8,8.0,[137  60 112  68   1  14  16 128],0.0,89 3C 70 44 01 0E 10 80,0x06F,00000004
205.13129999999998,9.0,101,0.0,1,1.0,[83  0  0  0  0  0  0  0],0.0,53 00 00 00 00 00 00 00,0x065,00000004
205.13130099999998,9.0,102,0.0,6,6.0,[  3 215   1  49  84  45   0   0],0.0,03 D7 01 31 54 2D 00 00,0x066,00000004
205.13130199999998,9.0,103,0.0,8,8.0,[ 47  28 138 208  61  53 109  13],0.0,2F 1C 8A D0 3D 35 6D 0D,0x067,00000004
205.13130299999997,9.0,104,0.0,4,4.0,[213 245  41   0   0   0   0   0],0.0,D5 F5 29 00 00 00 00 00,0x068,00000004
205.13130399999997,9.0,107,0.0,5,5.0,[ 49  30 128  44   0   0   0   0],0.0,31 1E 80 2C 00 00 00 00,0x06B,00000004
205.32844999999998,9.0,111,0.0,8,8.0,[139  44 176  68   2 246 175 127],0.0,8B 2C B0 44 02 F6 AF 7F,0x06F,00000004
205.32909999999998,9.0,101,0.0,1,1.0,[83  0  0  0  0  0  0  0],0.0,53 00 00 00 00 00 00 00,0x065,00000004
205.32910099999998,9.0,102,0.0,6,6.0,[  3 159   2  49  84  45   0   0],0.0,03 9F 02 31 54 2D 00 00,0x066,00000004
205.32910199999998,9.0,103,0.0,8,8.0,[ 59  28 138  80  62  53 109  13],0.0,3B 1C 8A 50 3E 35 6D 0D,0x067,00000004
205.32910299999998,9.0,104,0.0,4,4.0,[209 245  41   0   0   0   0   0],0.0,D1 F5 29 00 00 00 00 00,0x068,00000004
205.32910399999997,9.0,107,0.0,5,5.0,[201  32 192  42   0   0   0   0],0.0,C9 20 C0 2A 00 00 00 00,0x06B,00000004
205.52644999999998,9.0,111,0.0,8,8.0,[143 244 175  68   0 246 207 128],0.0,8F F4 AF 44 00 F6 CF 80,0x06F,00000004
205.5271,9.0,101,0.0,1,1.0,[83  0  0  0  0  0  0  0],0.0,53 00 00 00 00 00 00 00,0x065,00000004
205.527101,9.0,102,0.0,6,6.0,[  3 103   3  49  84  45   0   0],0.0,03 67 03 31 54 2D 00 00,0x066,00000004
205.52710199999999,9.0,103,0.0,8,8.0,[ 73  28 138 176  62  53 109  13],0.0,49 1C 8A B0 3E 35 6D 0D,0x067,00000004
205.52710299999998,9.0,104,0.0,4,4.0,[207 245  41   0   0   0   0   0],0.0,CF F5 29 00 00 00 00 00,0x068,00000004
205.52710399999998,9.0,107,0.0,5,5.0,[ 21  34 160  40   0   0   0   0],0.0,15 22 A0 28 00 00 00 00,0x06B,00000004
205.72445,9.0,111,0.0,8,8.0,[137 220 207 196   1 250 143 128],0.0,89 DC CF C4 01 FA 8F 80,0x06F,00000004
205.72509999999997,9.0,101,0.0,1,1.0,[83  0  0  0  0  0  0  0],0.0,53 00 00 00 00 00 00 00,0x065,00000004
205.725101,9.0,102,0.0,6,6.0,[ 3 47  4 49 84 45  0  0],0.0,03 2F 04 31 54 2D 00 00,0x066,00000004
205.725102,9.0,103,0.0,8,8.0,[ 87  28 138  16  63  53 109  13],0.0,57 1C 8A 10 3F 35 6D 0D,0x067,00000004
205.725103,9.0,104,0.0,4,4.0,[201 245  41   0   0   0   0   0],0.0,C9 F5 29 00 00 00 00 00,0x068,00000004
205.725104,9.0,107,0.0,5,5.0,[151  34 128  38   0   0   0   0],0.0,97 22 80 26 00 00 00 00,0x06B,00000004
205.92244999999997,9.0,111,0.0,8,8.0,[135 212 207  68   4 230  47 128],0.0,87 D4 CF 44 04 E6 2F 80,0x06F,00000004
205.92325,9.0,101,0.0,1,1.0,[83  0  0  0  0  0  0  0],0.0,53 00 00 00 00 00 00 00,0x065,00000004
205.923251,9.0,102,0.0,6,6.0,[  3 247   4  49  84  45   0   0],0.0,03 F7 04 31 54 2D 00 00,0x066,00000004
205.923252,9.0,103,0.0,8,8.0,[101  28 138 112  63  53 109  13],0.0,65 1C 8A 70 3F 35 6D 0D,0x067,00000004
205.923253,9.0,104,0.0,4,4.0,[199 245  41   0   0   0   0   0],0.0,C7 F5 29 00 00 00 00 00,0x068,00000004
205.923254,9.0,107,0.0,5,5.0,[25 35 96 37  0  0  0  0],0.0,19 23 60 25 00 00 00 00,0x06B,00000004
206.12044999999998,9.0,111,0.0,8,8.0,[137 220  15 197   5 238 111 128],0.0,89 DC 0F C5 05 EE 6F 80,0x06F,00000004
206.12109999999998,9.0,101,0.0,1,1.0,[75  0  0  0  0  0  0  0],0.0,4B 00 00 00 00 00 00 00,0x065,00000004
206.12110099999998,9.0,102,0.0,6,6.0,[  3 191   5  49  84  45   0   0],0.0,03 BF 05 31 54 2D 00 00,0x066,00000004
206.12110199999998,9.0,103,0.0,8,8.0,[115  28 138 208  63  53 109  13],0.0,73 1C 8A D0 3F 35 6D 0D,0x067,00000004
206.12110299999998,9.0,104,0.0,4,4.0,[195 245  41   0   0   0   0   0],0.0,C3 F5 29 00 00 00 00 00,0x068,00000004
206.12110399999997,9.0,107,0.0,5,5.0,[237  33 224  35   0   0   0   0],0.0,ED 21 E0 23 00 00 00 00,0x06B,00000004
206.31844999999998,9.0,111,0.0,8,8.0,[131 252  15 197   8 246  79 128],0.0,83 FC 0F C5 08 F6 4F 80,0x06F,00000004
206.31935,9.0,101,0.0,1,1.0,[75  0  0  0  0  0  0  0],0.0,4B 00 00 00 00 00 00 00,0x065,00000004
206.31935099999998,9.0,102,0.0,6,6.0,[  3 135   6  49  84  45   0   0],0.0,03 87 06 31 54 2D 00 00,0x066,00000004
206.31935199999998,9.0,103,0.0,8,8.0,[129  28 138 208  63  53 109  13],0.0,81 1C 8A D0 3F 35 6D 0D,0x067,00000004
206.31935299999998,9.0,104,0.0,4,4.0,[187 245  41   0   0   0   0   0],0.0,BB F5 29 00 00 00 00 00,0x068,00000004
206.31935399999998,9.0,107,0.0,5,5.0,[193  33  32  35   0   0   0   0],0.0,C1 21 20 23 00 00 00 00,0x06B,00000004
206.51645,9.0,111,0.0,8,8.0,[139  20 240  68   9 234  15 129],0.0,8B 14 F0 44 09 EA 0F 81,0x06F,00000004
206.51735,9.0,101,0.0,1,1.0,[75  0  0  0  0  0  0  0],0.0,4B 00 00 00 00 00 00 00,0x065,00000004
206.517351,9.0,102,0.0,6,6.0,[ 3 79  7 49 84 45  0  0],0.0,03 4F 07 31 54 2D 00 00,0x066,00000004
206.517352,9.0,103,0.0,8,8.0,[145  28 138 240  63  53 109  13],0.0,91 1C 8A F0 3F 35 6D 0D,0x067,00000004
206.51735299999999,9.0,104,0.0,4,4.0,[183 245  41   0   0   0   0   0],0.0,B7 F5 29 00 00 00 00 00,0x068,00000004
206.51735399999998,9.0,107,0.0,5,5.0,[ 3 35  0 35  0  0  0  0],0.0,03 23 00 23 00 00 00 00,0x06B,00000004
206.71444999999997,9.0,111,0.0,8,8.0,[135  20  16  69  11 246  15 130],0.0,87 14 10 45 0B F6 0F 82,0x06F,00000004
206.71574999999999,9.0,101,0.0,1,1.0,[75  0  0  0  0  0  0  0],0.0,4B 00 00 00 00 00 00 00,0x065,00000004
206.71575099999998,9.0,102,0.0,6,6.0,[ 3 23  8 49 84 45  0  0],0.0,03 17 08 31 54 2D 00 00,0x066,00000004
206.71575199999998,9.0,103,0.0,8,8.0,[159  28 138  16  64  53 109  13],0.0,9F 1C 8A 10 40 35 6D 0D,0x067,00000004
206.71575299999998,9.0,104,0.0,4,4.0,[179 245  41   0   0   0   0   0],0.0,B3 F5 29 00 00 00 00 00,0x068,00000004
206.71575399999998,9.0,107,0.0,5,5.0,[149  36 192  36   0   0   0   0],0.0,95 24 C0 24 00 00 00 00,0x06B,00000004
206.91244999999998,9.0,111,0.0,8,8.0,[137  20 176  69  13 230  79 130],0.0,89 14 B0 45 0D E6 4F 82,0x06F,00000004
206.9131,9.0,101,0.0,1,1.0,[75  0  0  0  0  0  0  0],0.0,4B 00 00 00 00 00 00 00,0x065,00000004
206.91310099999998,9.0,102,0.0,6,6.0,[  3 223   8  49  84  45   0   0],0.0,03 DF 08 31 54 2D 00 00,0x066,00000004
206.91310199999998,9.0,103,0.0,8,8.0,[177  28 138  48  64  53 109  13],0.0,B1 1C 8A 30 40 35 6D 0D,0x067,00000004
206.91310299999998,9.0,104,0.0,4,4.0,[177 245  41   0   0   0   0   0],0.0,B1 F5 29 00 00 00 00 00,0x068,00000004
206.91310399999998,9.0,107,0.0,5,5.0,[161  37   0  39   0   0   0   0],0.0,A1 25 00 27 00 00 00 00,0x06B,00000004
207.11045,9.0,111,0.0,8,8.0,[129  20  48  69  17   2 240 129],0.0,81 14 30 45 11 02 F0 81,0x06F,00000004
207.11124999999998,9.0,101,0.0,1,1.0,[83  0  0  0  0  0  0  0],0.0,53 00 00 00 00 00 00 00,0x065,00000004
207.11125099999998,9.0,102,0.0,6,6.0,[  3 167   9  49  84  45   0   0],0.0,03 A7 09 31 54 2D 00 00,0x066,00000004
207.11125199999998,9.0,103,0.0,8,8.0,[193  28 138 144  64  53 109  13],0.0,C1 1C 8A 90 40 35 6D 0D,0x067,00000004
207.11125299999998,9.0,104,0.0,4,4.0,[175 245  41   0   0   0   0   0],0.0,AF F5 29 00 00 00 00 00,0x068,00000004
207.11125399999997,9.0,107,0.0,5,5.0,[27 39 96 38  0  0  0  0],0.0,1B 27 60 26 00 00 00 00,0x06B,00000004
207.30845,9.0,111,0.0,8,8.0,[123  20 176 197  19 214  79 130],0.0,7B 14 B0 C5 13 D6 4F 82,0x06F,00000004
207.30925,9.0,101,0.0,1,1.0,[75  0  0  0  0  0  0  0],0.0,4B 00 00 00 00 00 00 00,0x065,00000004
207.309251,9.0,102,0.0,6,6.0,[  3 111  10  49  84  45   0   0],0.0,03 6F 0A 31 54 2D 00 00,0x066,00000004
207.309252,9.0,103,0.0,8,8.0,[209  28 138 208  64  53 109  13],0.0,D1 1C 8A D0 40 35 6D 0D,0x067,00000004
207.30925299999998,9.0,104,0.0,4,4.0,[171 245  41   0   0   0   0   0],0.0,AB F5 29 00 00 00 00 00,0x068,00000004
207.30925399999998,9.0,107,0.0,5,5.0,[183  37  96  47   0   0   0   0],0.0,B7 25 60 2F 00 00 00 00,0x06B,00000004
207.50644999999997,9.0,111,0.0,8,8.0,[137  20 176 197  24 218  47 130],0.0,89 14 B0 C5 18 DA 2F 82,0x06F,00000004
207.50734999999997,9.0,101,0.0,1,1.0,[75  0  0  0  0  0  0  0],0.0,4B 00 00 00 00 00 00 00,0x065,00000004
207.50735099999997,9.0,102,0.0,6,6.0,[ 3 55 11 49 84 45  0  0],0.0,03 37 0B 31 54 2D 00 00,0x066,00000004
207.50735199999997,9.0,103,0.0,8,8.0,[227  28 138 240  64  53 109  13],0.0,E3 1C 8A F0 40 35 6D 0D,0x067,00000004
207.507353,9.0,104,0.0,4,4.0,[171 245  41   0   0   0   0   0],0.0,AB F5 29 00 00 00 00 00,0x068,00000004
207.507354,9.0,107,0.0,5,5.0,[109  40   0  50   0   0   0   0],0.0,6D 28 00 32 00 00 00 00,0x06B,00000004
207.70444999999998,9.0,111,0.0,8,8.0,[131  12 112 198  24  18 112 131],0.0,83 0C 70 C6 18 12 70 83,0x06F,00000004
207.70534999999998,9.0,101,0.0,1,1.0,[75  0  0  0  0  0  0  0],0.0,4B 00 00 00 00 00 00 00,0x065,00000004
207.70535099999998,9.0,102,0.0,6,6.0,[  3 255  11  49  84  45   0   0],0.0,03 FF 0B 31 54 2D 00 00,0x066,00000004
207.70535199999998,9.0,103,0.0,8,8.0,[245  28 138 208  64  53 109  13],0.0,F5 1C 8A D0 40 35 6D 0D,0x067,00000004
207.70535299999997,9.0,104,0.0,4,4.0,[167 245  41   0   0   0   0   0],0.0,A7 F5 29 00 00 00 00 00,0x068,00000004
207.70535399999997,9.0,107,0.0,5,5.0,[65 42  0 51  0  0  0  0],0.0,41 2A 00 33 00 00 00 00,0x06B,00000004
207.9031,9.0,101,0.0,1,1.0,[75  0  0  0  0  0  0  0],0.0,4B 00 00 00 00 00 00 00,0x065,00000004
207.903101,9.0,102,0.0,6,6.0,[  3 199  12  49  84  45   0   0],0.0,03 C7 0C 31 54 2D 00 00,0x066,00000004
207.903102,9.0,103,0.0,8,8.0,[  9  29 138 208  64  53 109  13],0.0,09 1D 8A D0 40 35 6D 0D,0x067,00000004
207.903103,9.0,104,0.0,4,4.0,[163 245  41   0   0   0   0   0],0.0,A3 F5 29 00 00 00 00 00,0x068,00000004
207.90310399999998,9.0,107,0.0,5,5.0,[71 44 64 62  0  0  0  0],0.0,47 2C 40 3E 00 00 00 00,0x06B,00000004
207.90534999999997,9.0,106,0.0,3,3.0,[41  0  0  0  0  0  0  0],0.0,29 00 00 00 00 00 00 00,0x06A,00000004
207.9057,9.0,111,0.0,8,8.0,[127 236 207  69  27 250 143 131],0.0,7F EC CF 45 1B FA 8F 83,0x06F,00000004
208.10049999999998,9.0,111,0.0,8,8.0,[135 228 111  69  28 218  47 131],0.0,87 E4 6F 45 1C DA 2F 83,0x06F,00000004
208.10115,9.0,101,0.0,1,1.0,[75  0  0  0  0  0  0  0],0.0,4B 00 00 00 00 00 00 00,0x065,00000004
208.101151,9.0,102,0.0,6,6.0,[  3 143  13  49  84  45   0   0],0.0,03 8F 0D 31 54 2D 00 00,0x066,00000004
208.10115199999998,9.0,103,0.0,8,8.0,[ 29  29 138 176  64  53 109  13],0.0,1D 1D 8A B0 40 35 6D 0D,0x067,00000004
208.10115299999998,9.0,104,0.0,4,4.0,[159 245  41   0   0   0   0   0],0.0,9F F5 29 00 00 00 00 00,0x068,00000004
208.10115399999998,9.0,107,0.0,5,5.0,[189  44 224  71   0   0   0   0],0.0,BD 2C E0 47 00 00 00 00,0x06B,00000004
208.2985,9.0,111,0.0,8,8.0,[129 204 143 197  26 242 239 131],0.0,81 CC 8F C5 1A F2 EF 83,0x06F,00000004
208.29924999999997,9.0,101,0.0,1,1.0,[75  0  0  0  0  0  0  0],0.0,4B 00 00 00 00 00 00 00,0x065,00000004
208.29925099999997,9.0,102,0.0,6,6.0,[ 3 87 14 49 84 45  0  0],0.0,03 57 0E 31 54 2D 00 00,0x066,00000004
208.299252,9.0,103,0.0,8,8.0,[ 49  29 138 112  64  53 109  13],0.0,31 1D 8A 70 40 35 6D 0D,0x067,00000004
208.299253,9.0,104,0.0,4,4.0,[155 245  41   0   0   0   0   0],0.0,9B F5 29 00 00 00 00 00,0x068,00000004
208.299254,9.0,107,0.0,5,5.0,[ 21  43 160  73   0   0   0   0],0.0,15 2B A0 49 00 00 00 00,0x06B,00000004
208.49649999999997,9.0,111,0.0,8,8.0,[127 204 207  69  29 254  15 132],0.0,7F CC CF 45 1D FE 0F 84,0x06F,00000004
208.498,9.0,101,0.0,1,1.0,[75  0  0  0  0  0  0  0],0.0,4B 00 00 00 00 00 00 00,0x065,00000004
208.498001,9.0,102,0.0,6,6.0,[ 3 31 15 49 84 45  0  0],0.0,03 1F 0F 31 54 2D 00 00,0x066,00000004
208.49800199999999,9.0,103,0.0,8,8.0,[ 67  29 138 240  63  53 109  13],0.0,43 1D 8A F0 3F 35 6D 0D,0x067,00000004
208.49800299999998,9.0,104,0.0,4,4.0,[153 245  41   0   0   0   0   0],0.0,99 F5 29 00 00 00 00 00,0x068,00000004
208.49800399999998,9.0,107,0.0,5,5.0,[ 41  43 192  76   0   0   0   0],0.0,29 2B C0 4C 00 00 00 00,0x06B,00000004
208.69449999999998,9.0,111,0.0,8,8.0,[123 220 207  69  31  34 112 131],0.0,7B DC CF 45 1F 22 70 83,0x06F,00000004
208.69535,9.0,101,0.0,1,1.0,[75  0  0  0  0  0  0  0],0.0,4B 00 00 00 00 00 00 00,0x065,00000004
208.695351,9.0,102,0.0,6,6.0,[  3 231  15  49  84  45   0   0],0.0,03 E7 0F 31 54 2D 00 00,0x066,00000004
208.69535199999999,9.0,103,0.0,8,8.0,[ 85  29 138 112  63  53 109  13],0.0,55 1D 8A 70 3F 35 6D 0D,0x067,00000004
208.69535299999998,9.0,104,0.0,4,4.0,[151 245  41   0   0   0   0   0],0.0,97 F5 29 00 00 00 00 00,0x068,00000004
208.69535399999998,9.0,107,0.0,5,5.0,[233  42 128  72   0   0   0   0],0.0,E9 2A 80 48 00 00 00 00,0x06B,00000004
208.89264999999997,9.0,111,0.0,8,8.0,[117 244  15 198  33 234  15 131],0.0,75 F4 0F C6 21 EA 0F 83,0x06F,00000004
208.89325,9.0,101,0.0,1,1.0,[75  0  0  0  0  0  0  0],0.0,4B 00 00 00 00 00 00 00,0x065,00000004
208.893251,9.0,102,0.0,6,6.0,[  3 175  16  49  84  45   0   0],0.0,03 AF 10 31 54 2D 00 00,0x066,00000004
208.893252,9.0,103,0.0,8,8.0,[103  29 138 176  62  53 109  13],0.0,67 1D 8A B0 3E 35 6D 0D,0x067,00000004
208.893253,9.0,104,0.0,4,4.0,[153 245  41   0   0   0   0   0],0.0,99 F5 29 00 00 00 00 00,0x068,00000004
208.89325399999998,9.0,107,0.0,5,5.0,[125  43 224  48   0   0   0   0],0.0,7D 2B E0 30 00 00 00 00,0x06B,00000004
208.89559999999997,9.0,106,0.0,3,3.0,[53  0  0  0  0  0  0  0],0.0,35 00 00 00 00 00 00 00,0x06A,00000004
209.0905,9.0,111,0.0,8,8.0,[151   4 208  70  36 230  47 131],0.0,97 04 D0 46 24 E6 2F 83,0x06F,00000004
209.09134999999998,9.0,101,0.0,1,1.0,[75  0  0  0  0  0  0  0],0.0,4B 00 00 00 00 00 00 00,0x065,00000004
209.09135099999997,9.0,102,0.0,6,6.0,[  3 119  17  49  84  45   0   0],0.0,03 77 11 31 54 2D 00 00,0x066,00000004
209.09135199999997,9.0,103,0.0,8,8.0,[119  29 138 240  61  53 109  13],0.0,77 1D 8A F0 3D 35 6D 0D,0x067,00000004
209.09135299999997,9.0,104,0.0,4,4.0,[151 245  41   0   0   0   0   0],0.0,97 F5 29 00 00 00 00 00,0x068,00000004
209.091354,9.0,107,0.0,5,5.0,[57 43 64 45  0  0  0  0],0.0,39 2B 40 2D 00 00 00 00,0x06B,00000004
209.28849999999997,9.0,111,0.0,8,8.0,[125  28  80 198  33  18 176 132],0.0,7D 1C 50 C6 21 12 B0 84,0x06F,00000004
209.28924999999998,9.0,101,0.0,1,1.0,[75  0  0  0  0  0  0  0],0.0,4B 00 00 00 00 00 00 00,0x065,00000004
209.28925099999998,9.0,102,0.0,6,6.0,[ 3 63 18 49 84 45  0  0],0.0,03 3F 12 31 54 2D 00 00,0x066,00000004
209.28925199999998,9.0,103,0.0,8,8.0,[135  29 138  16  61  53 109  13],0.0,87 1D 8A 10 3D 35 6D 0D,0x067,00000004
209.28925299999997,9.0,104,0.0,4,4.0,[153 245  33   0   0   0   0   0],0.0,99 F5 21 00 00 00 00 00,0x068,00000004
209.28925399999997,9.0,107,0.0,5,5.0,[163  43  96  51   0   0   0   0],0.0,A3 2B 60 33 00 00 00 00,0x06B,00000004
209.48649999999998,9.0,111,0.0,8,8.0,[123  20  48 198  35 242 239 132],0.0,7B 14 30 C6 23 F2 EF 84,0x06F,00000004
209.48725,9.0,101,0.0,1,1.0,[75  0  0  0  0  0  0  0],0.0,4B 00 00 00 00 00 00 00,0x065,00000004
209.487251,9.0,102,0.0,6,6.0,[ 3  7 19 49 84 45  0  0],0.0,03 07 13 31 54 2D 00 00,0x066,00000004
209.48725199999998,9.0,103,0.0,8,8.0,[155  29 138 240  59  53 109  13],0.0,9B 1D 8A F0 3B 35 6D 0D,0x067,00000004
209.48725299999998,9.0,104,0.0,4,4.0,[155 245  33   0   0   0   0   0],0.0,9B F5 21 00 00 00 00 00,0x068,00000004
209.48725399999998,9.0,107,0.0,5,5.0,[ 77  48 128  48   0   0   0   0],0.0,4D 30 80 30 00 00 00 00,0x06B,00000004
209.68449999999999,9.0,111,0.0,8,8.0,[125  20 112  70  36 246 111 132],0.0,7D 14 70 46 24 F6 6F 84,0x06F,00000004
209.6855,9.0,101,0.0,1,1.0,[75  0  0  0  0  0  0  0],0.0,4B 00 00 00 00 00 00 00,0x065,00000004
209.685501,9.0,102,0.0,6,6.0,[  3 207  19  49  84  45   0   0],0.0,03 CF 13 31 54 2D 00 00,0x066,00000004
209.68550199999999,9.0,103,0.0,8,8.0,[173  29 138 208  58  53 109  13],0.0,AD 1D 8A D0 3A 35 6D 0D,0x067,00000004
209.68550299999998,9.0,104,0.0,4,4.0,[151 245  33   0   0   0   0   0],0.0,97 F5 21 00 00 00 00 00,0x068,00000004
209.68550399999998,9.0,107,0.0,5,5.0,[169  45  32  50   0   0   0   0],0.0,A9 2D 20 32 00 00 00 00,0x06B,00000004
209.8825,9.0,111,0.0,8,8.0,[131  36  48  70  35  34 112 132],0.0,83 24 30 46 23 22 70 84,0x06F,00000004
209.88349999999997,9.0,101,0.0,1,1.0,[75  0  0  0  0  0  0  0],0.0,4B 00 00 00 00 00 00 00,0x065,00000004
209.883501,9.0,102,0.0,6,6.0,[  3 151  20  49  84  45   0   0],0.0,03 97 14 31 54 2D 00 00,0x066,00000004
209.883502,9.0,103,0.0,8,8.0,[191  29 138 176  57  53 109  13],0.0,BF 1D 8A B0 39 35 6D 0D,0x067,00000004
209.883503,9.0,104,0.0,4,4.0,[153 245  33   0   0   0   0   0],0.0,99 F5 21 00 00 00 00 00,0x068,00000004
209.883504,9.0,107,0.0,5,5.0,[19 47 64 56  0  0  0  0],0.0,13 2F 40 38 00 00 00 00,0x06B,00000004
209.88639999999998,9.0,106,0.0,3,3.0,[65  0  0  0  0  0  0  0],0.0,41 00 00 00 00 00 00 00,0x06A,00000004
210.08049999999997,9.0,111,0.0,8,8.0,[117  20 112 198  34  58 176 132],0.0,75 14 70 C6 22 3A B0 84,0x06F,00000004
210.08135,9.0,101,0.0,1,1.0,[75  0  0  0  0  0  0  0],0.0,4B 00 00 00 00 00 00 00,0x065,00000004
210.08135099999998,9.0,102,0.0,6,6.0,[ 3 95 21 49 84 45  0  0],0.0,03 5F 15 31 54 2D 00 00,0x066,00000004
210.08135199999998,9.0,103,0.0,8,8.0,[207  29 138  16  56  53 109  13],0.0,CF 1D 8A 10 38 35 6D 0D,0x067,00000004
210.08135299999998,9.0,104,0.0,4,4.0,[149 245  33   0   0   0   0   0],0.0,95 F5 21 00 00 00 00 00,0x068,00000004
210.08135399999998,9.0,107,0.0,5,5.0,[ 99  48 128  45   0   0   0   0],0.0,63 30 80 2D 00 00 00 00,0x06B,00000004
210.27849999999998,9.0,111,0.0,8,8.0,[127  20  48 198  33 242  15 133],0.0,7F 14 30 C6 21 F2 0F 85,0x06F,00000004
210.27939999999998,9.0,101,0.0,1,1.0,[75  0  0  0  0  0  0  0],0.0,4B 00 00 00 00 00 00 00,0x065,00000004
210.27940099999998,9.0,102,0.0,6,6.0,[ 3 39 22 49 84 45  0  0],0.0,03 27 16 31 54 2D 00 00,0x066,00000004
210.27940199999998,9.0,103,0.0,8,8.0,[223  29 138 112  54  53 109  13],0.0,DF 1D 8A 70 36 35 6D 0D,0x067,00000004
210.27940299999997,9.0,104,0.0,4,4.0,[149 245  33   0   0   0   0   0],0.0,95 F5 21 00 00 00 00 00,0x068,00000004
210.27940399999997,9.0,107,0.0,5,5.0,[203  50  32  50   0   0   0   0],0.0,CB 32 20 32 00 00 00 00,0x06B,00000004
210.4765,9.0,111,0.0,8,8.0,[115  36 208 197  33  42 240 131],0.0,73 24 D0 C5 21 2A F0 83,0x06F,00000004
210.47729999999999,9.0,101,0.0,1,1.0,[75  0  0  0  0  0  0  0],0.0,4B 00 00 00 00 00 00 00,0x065,00000004
210.47730099999998,9.0,102,0.0,6,6.0,[  3 239  22  49  84  45   0   0],0.0,03 EF 16 31 54 2D 00 00,0x066,00000004
210.47730199999998,9.0,103,0.0,8,8.0,[237  29 138 144  52  53 109  13],0.0,ED 1D 8A 90 34 35 6D 0D,0x067,00000004
210.47730299999998,9.0,104,0.0,4,4.0,[151 245  33   0   0   0   0   0],0.0,97 F5 21 00 00 00 00 00,0x068,00000004
210.47730399999998,9.0,107,0.0,5,5.0,[187  51 160  58   0   0   0   0],0.0,BB 33 A0 3A 00 00 00 00,0x06B,00000004
210.6745,9.0,111,0.0,8,8.0,[119  36  48  70  30 230 111 132],0.0,77 24 30 46 1E E6 6F 84,0x06F,00000004
210.6753,9.0,101,0.0,1,1.0,[83  0  0  0  0  0  0  0],0.0,53 00 00 00 00 00 00 00,0x065,00000004
210.675301,9.0,102,0.0,6,6.0,[  3 183  23  49  84  45   0   0],0.0,03 B7 17 31 54 2D 00 00,0x066,00000004
210.675302,9.0,103,0.0,8,8.0,[251  29 138 208  50  53 109  13],0.0,FB 1D 8A D0 32 35 6D 0D,0x067,00000004
210.67530299999999,9.0,104,0.0,4,4.0,[153 245  33   0   0   0   0   0],0.0,99 F5 21 00 00 00 00 00,0x068,00000004
210.67530399999998,9.0,107,0.0,5,5.0,[195  52  96  60   0   0   0   0],0.0,C3 34 60 3C 00 00 00 00,0x06B,00000004
210.87249999999997,9.0,111,0.0,8,8.0,[127  36 112  70  28  38  48 131],0.0,7F 24 70 46 1C 26 30 83,0x06F,00000004
210.87349999999998,9.0,101,0.0,1,1.0,[83  0  0  0  0  0  0  0],0.0,53 00 00 00 00 00 00 00,0x065,00000004
210.87350099999998,9.0,102,0.0,6,6.0,[  3 127  24  49  84  45   0   0],0.0,03 7F 18 31 54 2D 00 00,0x066,00000004
210.87350199999997,9.0,103,0.0,8,8.0,[  9  30 138 208  48  53 109  13],0.0,09 1E 8A D0 30 35 6D 0D,0x067,00000004
210.87350299999997,9.0,104,0.0,4,4.0,[155 245  33   0   0   0   0   0],0.0,9B F5 21 00 00 00 00 00,0x068,00000004
210.873504,9.0,107,0.0,5,5.0,[193  55  64  53   0   0   0   0],0.0,C1 37 40 35 00 00 00 00,0x06B,00000004
210.8763,9.0,106,0.0,3,3.0,[77  0  0  0  0  0  0  0],0.0,4D 00 00 00 00 00 00 00,0x06A,00000004
211.07049999999998,9.0,111,0.0,8,8.0,[125  44  48  70  24  22 208 130],0.0,7D 2C 30 46 18 16 D0 82,0x06F,00000004
211.07154999999997,9.0,101,0.0,1,1.0,[83  0  0  0  0  0  0  0],0.0,53 00 00 00 00 00 00 00,0x065,00000004
211.07155099999997,9.0,102,0.0,6,6.0,[ 3 71 25 49 84 45  0  0],0.0,03 47 19 31 54 2D 00 00,0x066,00000004
211.071552,9.0,103,0.0,8,8.0,[ 23  30 138 176  46  53 109  13],0.0,17 1E 8A B0 2E 35 6D 0D,0x067,00000004
211.071553,9.0,104,0.0,4,4.0,[157 245  33   0   0   0   0   0],0.0,9D F5 21 00 00 00 00 00,0x068,00000004
211.071554,9.0,107,0.0,5,5.0,[129  56 160  57   0   0   0   0],0.0,81 38 A0 39 00 00 00 00,0x06B,00000004
211.2685,9.0,111,0.0,8,8.0,[129  52 112 197  19 198  15 131],0.0,81 34 70 C5 13 C6 0F 83,0x06F,00000004
211.26934999999997,9.0,101,0.0,1,1.0,[83  0  0  0  0  0  0  0],0.0,53 00 00 00 00 00 00 00,0x065,00000004
211.26935099999997,9.0,102,0.0,6,6.0,[ 3 15 26 49 84 45  0  0],0.0,03 0F 1A 31 54 2D 00 00,0x066,00000004
211.26935199999997,9.0,103,0.0,8,8.0,[ 35  30 138 112  44  53 109  13],0.0,23 1E 8A 70 2C 35 6D 0D,0x067,00000004
211.269353,9.0,104,0.0,4,4.0,[157 245  33   0   0   0   0   0],0.0,9D F5 21 00 00 00 00 00,0x068,00000004
211.269354,9.0,107,0.0,5,5.0,[65 58 64 48  0  0  0  0],0.0,41 3A 40 30 00 00 00 00,0x06B,00000004
211.4665,9.0,111,0.0,8,8.0,[133  52 240 196  14 226 143 130],0.0,85 34 F0 C4 0E E2 8F 82,0x06F,00000004
211.46734999999998,9.0,101,0.0,1,1.0,[83  0  0  0  0  0  0  0],0.0,53 00 00 00 00 00 00 00,0x065,00000004
211.46735099999998,9.0,102,0.0,6,6.0,[  3 215  26  49  84  45   0   0],0.0,03 D7 1A 31 54 2D 00 00,0x066,00000004
211.46735199999998,9.0,103,0.0,8,8.0,[ 49  30 138  16  42  53 109  13],0.0,31 1E 8A 10 2A 35 6D 0D,0x067,00000004
211.46735299999997,9.0,104,0.0,4,4.0,[155 245  33   0   0   0   0   0],0.0,9B F5 21 00 00 00 00 00,0x068,00000004
211.46735399999997,9.0,107,0.0,5,5.0,[225  60 128  43   0   0   0   0],0.0,E1 3C 80 2B 00 00 00 00,0x06B,00000004
211.66449999999998,9.0,111,0.0,8,8.0,[135  52 240 196   9 226 111 129],0.0,87 34 F0 C4 09 E2 6F 81,0x06F,00000004
211.66619999999998,9.0,101,0.0,1,1.0,[83  0  0  0  0  0  0  0],0.0,53 00 00 00 00 00 00 00,0x065,00000004
211.66620099999997,9.0,102,0.0,6,6.0,[  3 159  27  49  84  45   0   0],0.0,03 9F 1B 31 54 2D 00 00,0x066,00000004
211.66620199999997,9.0,103,0.0,8,8.0,[ 63  30 138 112  39  53 109  13],0.0,3F 1E 8A 70 27 35 6D 0D,0x067,00000004
211.666203,9.0,104,0.0,4,4.0,[155 245  33   0   0   0   0   0],0.0,9B F5 21 00 00 00 00 00,0x068,00000004
211.666204,9.0,107,0.0,5,5.0,[ 83  64 160  41   0   0   0   0],0.0,53 40 A0 29 00 00 00 00,0x06B,00000004
211.86249999999998,9.0,111,0.0,8,8.0,[133  60 240 195   1 242 175 128],0.0,85 3C F0 C3 01 F2 AF 80,0x06F,00000004
211.86329999999998,9.0,101,0.0,1,1.0,[83  0  0  0  0  0  0  0],0.0,53 00 00 00 00 00 00 00,0x065,00000004
211.86330099999998,9.0,102,0.0,6,6.0,[  3 103  28  49  84  45   0   0],0.0,03 67 1C 31 54 2D 00 00,0x066,00000004
211.86330199999998,9.0,103,0.0,8,8.0,[ 77  30 138 240  36  53 109  13],0.0,4D 1E 8A F0 24 35 6D 0D,0x067,00000004
211.86330299999997,9.0,104,0.0,4,4.0,[155 245  33   0   0   0   0   0],0.0,9B F5 21 00 00 00 00 00,0x068,00000004
211.86330399999997,9.0,107,0.0,5,5.0,[57 66 64 34  0  0  0  0],0.0,39 42 40 22 00 00 00 00,0x06B,00000004
211.8662,9.0,106,0.0,3,3.0,[93  0  0  0  0  0  0  0],0.0,5D 00 00 00 00 00 00 00,0x06A,00000004
212.0605,9.0,111,0.0,8,8.0,[147  36 112 196 255 241 207 127],0.0,93 24 70 C4 FF F1 CF 7F,0x06F,00000004
212.0615,9.0,101,0.0,1,1.0,[83  0  0  0  0  0  0  0],0.0,53 00 00 00 00 00 00 00,0x065,00000004
212.061501,9.0,102,0.0,6,6.0,[ 3 47 29 49 84 45  0  0],0.0,03 2F 1D 31 54 2D 00 00,0x066,00000004
212.061502,9.0,103,0.0,8,8.0,[ 89  30 138  80  34  53 109  13],0.0,59 1E 8A 50 22 35 6D 0D,0x067,00000004
212.061503,9.0,104,0.0,4,4.0,[157 245  33   0   0   0   0   0],0.0,9D F5 21 00 00 00 00 00,0x068,00000004
212.06150399999999,9.0,107,0.0,5,5.0,[55 67 64 33  0  0  0  0],0.0,37 43 40 21 00 00 00 00,0x06B,00000004
212.25854999999999,9.0,111,0.0,8,8.0,[137  36 112 196 253 225 143 127],0.0,89 24 70 C4 FD E1 8F 7F,0x06F,00000004
212.25949999999997,9.0,101,0.0,1,1.0,[83  0  0  0  0  0  0  0],0.0,53 00 00 00 00 00 00 00,0x065,00000004
212.25950099999997,9.0,102,0.0,6,6.0,[  3 247  29  49  84  45   0   0],0.0,03 F7 1D 31 54 2D 00 00,0x066,00000004
212.25950199999997,9.0,103,0.0,8,8.0,[101  30 138 176  31  53 109  13],0.0,65 1E 8A B0 1F 35 6D 0D,0x067,00000004
212.259503,9.0,104,0.0,4,4.0,[157 245  33   0   0   0   0   0],0.0,9D F5 21 00 00 00 00 00,0x068,00000004
212.259504,9.0,107,0.0,5,5.0,[ 9 69 32 40  0  0  0  0],0.0,09 45 20 28 00 00 00 00,0x06B,00000004
212.45655,9.0,111,0.0,8,8.0,[139  28 112 196 253   5  48 127],0.0,8B 1C 70 C4 FD 05 30 7F,0x06F,00000004
212.45754999999997,9.0,101,0.0,1,1.0,[83  0  0  0  0  0  0  0],0.0,53 00 00 00 00 00 00 00,0x065,00000004
212.457551,9.0,102,0.0,6,6.0,[  3 191  30  49  84  45   0   0],0.0,03 BF 1E 31 54 2D 00 00,0x066,00000004
212.457552,9.0,103,0.0,8,8.0,[115  30 138 208  28  53 109  13],0.0,73 1E 8A D0 1C 35 6D 0D,0x067,00000004
212.457553,9.0,104,0.0,4,4.0,[159 245  33   0   0   0   0   0],0.0,9F F5 21 00 00 00 00 00,0x068,00000004
212.457554,9.0,107,0.0,5,5.0,[201  70 160  33   0   0   0   0],0.0,C9 46 A0 21 00 00 00 00,0x06B,00000004
212.65454999999997,9.0,111,0.0,8,8.0,[171  36  48 196 253 233  15 127],0.0,AB 24 30 C4 FD E9 0F 7F,0x06F,00000004
212.65554999999998,9.0,101,0.0,1,1.0,[83  0  0  0  0  0  0  0],0.0,53 00 00 00 00 00 00 00,0x065,00000004
212.65555099999997,9.0,102,0.0,6,6.0,[  3 135  31  49  84  45   0   0],0.0,03 87 1F 31 54 2D 00 00,0x066,00000004
212.65555199999997,9.0,103,0.0,8,8.0,[127  30 138  16  26  53 109   9],0.0,7F 1E 8A 10 1A 35 6D 09,0x067,00000004
212.65555299999997,9.0,104,0.0,4,4.0,[163 245  33   0   0   0   0   0],0.0,A3 F5 21 00 00 00 00 00,0x068,00000004
212.655554,9.0,107,0.0,5,5.0,[ 7 72 64 35  0  0  0  0],0.0,07 48 40 23 00 00 00 00,0x06B,00000004
212.85254999999998,9.0,111,0.0,8,8.0,[149  20 240 196 253 253 175 127],0.0,95 14 F0 C4 FD FD AF 7F,0x06F,00000004
212.85354999999998,9.0,101,0.0,1,1.0,[83  0  0  0  0  0  0  0],0.0,53 00 00 00 00 00 00 00,0x065,00000004
212.85355099999998,9.0,102,0.0,6,6.0,[ 3 79 32 49 84 45  0  0],0.0,03 4F 20 31 54 2D 00 00,0x066,00000004
212.85355199999998,9.0,103,0.0,8,8.0,[141  30 138  48  23  53 109   9],0.0,8D 1E 8A 30 17 35 6D 09,0x067,00000004
212.85355299999998,9.0,104,0.0,4,4.0,[167 245  33   0   0   0   0   0],0.0,A7 F5 21 00 00 00 00 00,0x068,00000004
212.85355399999997,9.0,107,0.0,5,5.0,[ 73  73 128  39   0   0   0   0],0.0,49 49 80 27 00 00 00 00,0x06B,00000004
212.85569999999998,9.0,106,0.0,3,3.0,[111   0   0   0   0   0   0   0],0.0,6F 00 00 00 00 00 00 00,0x06A,00000004
213.05055,9.0,111,0.0,8,8.0,[129  52 240 195 255  29  16 127],0.0,81 34 F0 C3 FF 1D 10 7F,0x06F,00000004
213.05219999999997,9.0,101,0.0,1,1.0,[83  0  0  0  0  0  0  0],0.0,53 00 00 00 00 00 00 00,0x065,00000004
213.052201,9.0,102,0.0,6,6.0,[ 3 23 33 49 84 45  0  0],0.0,03 17 21 31 54 2D 00 00,0x066,00000004
213.052202,9.0,103,0.0,8,8.0,[153  30 138 112  20  53 109   9],0.0,99 1E 8A 70 14 35 6D 09,0x067,00000004
213.052203,9.0,104,0.0,4,4.0,[167 245  33   0   0   0   0   0],0.0,A7 F5 21 00 00 00 00 00,0x068,00000004
213.052204,9.0,107,0.0,5,5.0,[169  73  64  35   0   0   0   0],0.0,A9 49 40 23 00 00 00 00,0x06B,00000004
213.24855,9.0,111,0.0,8,8.0,[141  28 240  68 251  25 144 129],0.0,8D 1C F0 44 FB 19 90 81,0x06F,00000004
213.24954999999997,9.0,101,0.0,1,1.0,[83  0  0  0  0  0  0  0],0.0,53 00 00 00 00 00 00 00,0x065,00000004
213.249551,9.0,102,0.0,6,6.0,[  3 223  33  49  84  45   0   0],0.0,03 DF 21 31 54 2D 00 00,0x066,00000004
213.249552,9.0,103,0.0,8,8.0,[167  30 138 112  17  53 109   9],0.0,A7 1E 8A 70 11 35 6D 09,0x067,00000004
213.249553,9.0,104,0.0,4,4.0,[169 245  33   0   0   0   0   0],0.0,A9 F5 21 00 00 00 00 00,0x068,00000004
213.249554,9.0,107,0.0,5,5.0,[221  75  96  34   0   0   0   0],0.0,DD 4B 60 22 00 00 00 00,0x06B,00000004
213.44654999999997,9.0,111,0.0,8,8.0,[129  28  80 196 255 221 175 127],0.0,81 1C 50 C4 FF DD AF 7F,0x06F,00000004
213.44754999999998,9.0,101,0.0,1,1.0,[83  0  0  0  0  0  0  0],0.0,53 00 00 00 00 00 00 00,0x065,00000004
213.44755099999998,9.0,102,0.0,6,6.0,[  3 167  34  49  84  45   0   0],0.0,03 A7 22 31 54 2D 00 00,0x066,00000004
213.44755199999997,9.0,103,0.0,8,8.0,[181  30 138 144  14  53 109   9],0.0,B5 1E 8A 90 0E 35 6D 09,0x067,00000004
213.44755299999997,9.0,104,0.0,4,4.0,[169 245  33   0   0   0   0   0],0.0,A9 F5 21 00 00 00 00 00,0x068,00000004
213.447554,9.0,107,0.0,5,5.0,[  9  77 224  39   0   0   0   0],0.0,09 4D E0 27 00 00 00 00,0x06B,00000004
213.6445,9.0,111,0.0,8,8.0,[139  28 112 196 255 249  15 128],0.0,8B 1C 70 C4 FF F9 0F 80,0x06F,00000004
213.64555,9.0,101,0.0,1,1.0,[83  0  0  0  0  0  0  0],0.0,53 00 00 00 00 00 00 00,0x065,00000004
213.64555099999998,9.0,102,0.0,6,6.0,[  3 111  35  49  84  45   0   0],0.0,03 6F 23 31 54 2D 00 00,0x066,00000004
213.64555199999998,9.0,103,0.0,8,8.0,[195  30 138 112  11  53 109   9],0.0,C3 1E 8A 70 0B 35 6D 09,0x067,00000004
213.64555299999998,9.0,104,0.0,4,4.0,[173 245  33   0   0   0   0   0],0.0,AD F5 21 00 00 00 00 00,0x068,00000004
213.64555399999998,9.0,107,0.0,5,5.0,[79 78 96 34  0  0  0  0],0.0,4F 4E 60 22 00 00 00 00,0x06B,00000004
213.84255,9.0,111,0.0,8,8.0,[139  12 112  68 255 245 175 127],0.0,8B 0C 70 44 FF F5 AF 7F,0x06F,00000004
213.84355,9.0,101,0.0,1,1.0,[83  0  0  0  0  0  0  0],0.0,53 00 00 00 00 00 00 00,0x065,00000004
213.843551,9.0,102,0.0,6,6.0,[ 3 55 36 49 84 45  0  0],0.0,03 37 24 31 54 2D 00 00,0x066,00000004
213.843552,9.0,103,0.0,8,8.0,[209  30 138  80   8  53 109   9],0.0,D1 1E 8A 50 08 35 6D 09,0x067,00000004
213.84355299999999,9.0,104,0.0,4,4.0,[171 245  33   0   0   0   0   0],0.0,AB F5 21 00 00 00 00 00,0x068,00000004
213.84355399999998,9.0,107,0.0,5,5.0,[141  79  32  40   0   0   0   0],0.0,8D 4F 20 28 00 00 00 00,0x06B,00000004
213.8457,9.0,106,0.0,3,3.0,[131   0   0   0   0   0   0   0],0.0,83 00 00 00 00 00 00 00,0x06A,00000004
214.04055,9.0,111,0.0,8,8.0,[135 220 175 196 254   5  16 128],0.0,87 DC AF C4 FE 05 10 80,0x06F,00000004
214.04154999999997,9.0,101,0.0,1,1.0,[83  0  0  0  0  0  0  0],0.0,53 00 00 00 00 00 00 00,0x065,00000004
214.04155099999997,9.0,102,0.0,6,6.0,[  3 255  36  49  84  45   0   0],0.0,03 FF 24 31 54 2D 00 00,0x066,00000004
214.041552,9.0,103,0.0,8,8.0,[223  30 138  48   5  53 109   9],0.0,DF 1E 8A 30 05 35 6D 09,0x067,00000004
214.041553,9.0,104,0.0,4,4.0,[171 245  33   0   0   0   0   0],0.0,AB F5 21 00 00 00 00 00,0x068,00000004
214.041554,9.0,107,0.0,5,5.0,[153  79 224  42   0   0   0   0],0.0,99 4F E0 2A 00 00 00 00,0x06B,00000004
214.23854999999998,9.0,111,0.0,8,8.0,[133 220  47 196 254   5  80 128],0.0,85 DC 2F C4 FE 05 50 80,0x06F,00000004
214.23954999999998,9.0,101,0.0,1,1.0,[83  0  0  0  0  0  0  0],0.0,53 00 00 00 00 00 00 00,0x065,00000004
214.23955099999998,9.0,102,0.0,6,6.0,[  3 199  37  49  84  45   0   0],0.0,03 C7 25 31 54 2D 00 00,0x066,00000004
214.23955199999997,9.0,103,0.0,8,8.0,[239  30 138  16   2  53 109   9],0.0,EF 1E 8A 10 02 35 6D 09,0x067,00000004
214.23955299999997,9.0,104,0.0,4,4.0,[171 245  33   0   0   0   0   0],0.0,AB F5 21 00 00 00 00 00,0x068,00000004
214.23955399999997,9.0,107,0.0,5,5.0,[185  79 128  44   0   0   0   0],0.0,B9 4F 80 2C 00 00 00 00,0x06B,00000004
214.43654999999998,9.0,111,0.0,8,8.0,[141 212 143 196 255 253  15 128],0.0,8D D4 8F C4 FF FD 0F 80,0x06F,00000004
214.63479999999998,9.0,101,0.0,1,1.0,[83  0  0  0  0  0  0  0],0.0,53 00 00 00 00 00 00 00,0x065,00000004
214.63480099999998,9.0,102,0.0,6,6.0,[  3 143  38  49  84  45   0   0],0.0,03 8F 26 31 54 2D 00 00,0x066,00000004
214.63480199999998,9.0,103,0.0,8,8.0,[253  30 138 240 254  52 109   9],0.0,FD 1E 8A F0 FE 34 6D 09,0x067,00000004
214.63480299999998,9.0,104,0.0,4,4.0,[167 245  33   0   0   0   0   0],0.0,A7 F5 21 00 00 00 00 00,0x068,00000004
214.63480399999997,9.0,107,0.0,5,5.0,[235  78  96  44   0   0   0   0],0.0,EB 4E 60 2C 00 00 00 00,0x06B,00000004
214.63795,9.0,111,0.0,8,8.0,[141 212 143  68 255 253  47 128],0.0,8D D4 8F 44 FF FD 2F 80,0x06F,00000004
214.8328,9.0,101,0.0,1,1.0,[75  0  0  0  0  0  0  0],0.0,4B 00 00 00 00 00 00 00,0x065,00000004
214.832801,9.0,102,0.0,6,6.0,[ 3 87 39 49 84 45  0  0],0.0,03 57 27 31 54 2D 00 00,0x066,00000004
214.832802,9.0,103,0.0,8,8.0,[ 13  31 138 208 251  52 109   9],0.0,0D 1F 8A D0 FB 34 6D 09,0x067,00000004
214.83280299999998,9.0,104,0.0,4,4.0,[167 245  33   0   0   0   0   0],0.0,A7 F5 21 00 00 00 00 00,0x068,00000004
214.83280399999998,9.0,107,0.0,5,5.0,[57 80 96 45  0  0  0  0],0.0,39 50 60 2D 00 00 00 00,0x06B,00000004
214.8353,9.0,111,0.0,8,8.0,[141 228  79 196 255 233 207 127],0.0,8D E4 4F C4 FF E9 CF 7F,0x06F,00000004
215.03079999999997,9.0,101,0.0,1,1.0,[75  0  0  0  0  0  0  0],0.0,4B 00 00 00 00 00 00 00,0x065,00000004
215.030801,9.0,102,0.0,6,6.0,[ 3 31 40 49 84 45  0  0],0.0,03 1F 28 31 54 2D 00 00,0x066,00000004
215.030802,9.0,103,0.0,8,8.0,[ 27  31 138 144 248  52 109   9],0.0,1B 1F 8A 90 F8 34 6D 09,0x067,00000004
215.030803,9.0,104,0.0,4,4.0,[167 245  33   0   0   0   0   0],0.0,A7 F5 21 00 00 00 00 00,0x068,00000004
215.030804,9.0,107,0.0,5,5.0,[ 83  79 224  44   0   0   0   0],0.0,53 4F E0 2C 00 00 00 00,0x06B,00000004
215.03304999999997,9.0,106,0.0,3,3.0,[151   0   0   0   0   0   0   0],0.0,97 00 00 00 00 00 00 00,0x06A,00000004
215.03345,9.0,111,0.0,8,8.0,[137 228  79  68 255 237 207 127],0.0,89 E4 4F 44 FF ED CF 7F,0x06F,00000004
215.22879999999998,9.0,101,0.0,1,1.0,[75  0  0  0  0  0  0  0],0.0,4B 00 00 00 00 00 00 00,0x065,00000004
215.22880099999998,9.0,102,0.0,6,6.0,[  3 231  40  49  84  45   0   0],0.0,03 E7 28 31 54 2D 00 00,0x066,00000004
215.22880199999997,9.0,103,0.0,8,8.0,[ 41  31 138 112 245  52 109   9],0.0,29 1F 8A 70 F5 34 6D 09,0x067,00000004
215.22880299999997,9.0,104,0.0,4,4.0,[165 245  33   0   0   0   0   0],0.0,A5 F5 21 00 00 00 00 00,0x068,00000004
215.228804,9.0,107,0.0,5,5.0,[177  79 128  48   0   0   0   0],0.0,B1 4F 80 30 00 00 00 00,0x06B,00000004
215.23194999999998,9.0,111,0.0,8,8.0,[139 220 239 196 254   5 208 127],0.0,8B DC EF C4 FE 05 D0 7F,0x06F,00000004
215.4268,9.0,101,0.0,1,1.0,[75  0  0  0  0  0  0  0],0.0,4B 00 00 00 00 00 00 00,0x065,00000004
215.42680099999998,9.0,102,0.0,6,6.0,[  3 175  41  49  84  45   0   0],0.0,03 AF 29 31 54 2D 00 00,0x066,00000004
215.42680199999998,9.0,103,0.0,8,8.0,[ 57  31 138  80 242  52 109   9],0.0,39 1F 8A 50 F2 34 6D 09,0x067,00000004
215.42680299999998,9.0,104,0.0,4,4.0,[165 245  33   0   0   0   0   0],0.0,A5 F5 21 00 00 00 00 00,0x068,00000004
215.42680399999998,9.0,107,0.0,5,5.0,[195  79   0  48   0   0   0   0],0.0,C3 4F 00 30 00 00 00 00,0x06B,00000004
215.42929999999998,9.0,111,0.0,8,8.0,[139 220 239  67 254  17 144 127],0.0,8B DC EF 43 FE 11 90 7F,0x06F,00000004
215.6248,9.0,101,0.0,1,1.0,[75  0  0  0  0  0  0  0],0.0,4B 00 00 00 00 00 00 00,0x065,00000004
215.624801,9.0,102,0.0,6,6.0,[  3 119  42  49  84  45   0   0],0.0,03 77 2A 31 54 2D 00 00,0x066,00000004
215.624802,9.0,103,0.0,8,8.0,[ 71  31 138  48 239  52 109   9],0.0,47 1F 8A 30 EF 34 6D 09,0x067,00000004
215.62480299999999,9.0,104,0.0,4,4.0,[165 245  33   0   0   0   0   0],0.0,A5 F5 21 00 00 00 00 00,0x068,00000004
215.62480399999998,9.0,107,0.0,5,5.0,[ 99  80 224  45   0   0   0   0],0.0,63 50 E0 2D 00 00 00 00,0x06B,00000004
215.62794999999997,9.0,111,0.0,8,8.0,[137 212  15  68 253 249 207 127],0.0,89 D4 0F 44 FD F9 CF 7F,0x06F,00000004
215.82285,9.0,101,0.0,1,1.0,[75  0  0  0  0  0  0  0],0.0,4B 00 00 00 00 00 00 00,0x065,00000004
215.82285099999999,9.0,102,0.0,6,6.0,[ 3 63 43 49 84 45  0  0],0.0,03 3F 2B 31 54 2D 00 00,0x066,00000004
215.82285199999998,9.0,103,0.0,8,8.0,[ 85  31 138  16 236  52 109   9],0.0,55 1F 8A 10 EC 34 6D 09,0x067,00000004
215.82285299999998,9.0,104,0.0,4,4.0,[167 245  33   0   0   0   0   0],0.0,A7 F5 21 00 00 00 00 00,0x068,00000004
215.82285399999998,9.0,107,0.0,5,5.0,[117  78  96  46   0   0   0   0],0.0,75 4E 60 2E 00 00 00 00,0x06B,00000004
215.82529999999997,9.0,111,0.0,8,8.0,[135 220 111  68 254   1 176 127],0.0,87 DC 6F 44 FE 01 B0 7F,0x06F,00000004
216.02085,9.0,101,0.0,1,1.0,[75  0  0  0  0  0  0  0],0.0,4B 00 00 00 00 00 00 00,0x065,00000004
216.020851,9.0,102,0.0,6,6.0,[ 3  7 44 49 84 45  0  0],0.0,03 07 2C 31 54 2D 00 00,0x066,00000004
216.020852,9.0,103,0.0,8,8.0,[ 99  31 138 240 232  52 109   9],0.0,63 1F 8A F0 E8 34 6D 09,0x067,00000004
216.020853,9.0,104,0.0,4,4.0,[167 245  33   0   0   0   0   0],0.0,A7 F5 21 00 00 00 00 00,0x068,00000004
216.02085399999999,9.0,107,0.0,5,5.0,[ 83  78 192  44   0   0   0   0],0.0,53 4E C0 2C 00 00 00 00,0x06B,00000004
216.02374999999998,9.0,106,0.0,3,3.0,[171   0   0   0   0   0   0   0],0.0,AB 00 00 00 00 00 00 00,0x06A,00000004
216.02409999999998,9.0,111,0.0,8,8.0,[141 212  79  68 254   1  16 128],0.0,8D D4 4F 44 FE 01 10 80,0x06F,00000004
216.21884999999997,9.0,101,0.0,1,1.0,[75  0  0  0  0  0  0  0],0.0,4B 00 00 00 00 00 00 00,0x065,00000004
216.21885099999997,9.0,102,0.0,6,6.0,[  3 207  44  49  84  45   0   0],0.0,03 CF 2C 31 54 2D 00 00,0x066,00000004
216.21885199999997,9.0,103,0.0,8,8.0,[113  31 138 240 229  52 109   9],0.0,71 1F 8A F0 E5 34 6D 09,0x067,00000004
216.218853,9.0,104,0.0,4,4.0,[167 245  33   0   0   0   0   0],0.0,A7 F5 21 00 00 00 00 00,0x068,00000004
216.218854,9.0,107,0.0,5,5.0,[45 78  0 45  0  0  0  0],0.0,2D 4E 00 2D 00 00 00 00,0x06B,00000004
216.22129999999999,9.0,111,0.0,8,8.0,[141 212  15  68 254 249  15 128],0.0,8D D4 0F 44 FE F9 0F 80,0x06F,00000004
216.41705,9.0,101,0.0,1,1.0,[75  0  0  0  0  0  0  0],0.0,4B 00 00 00 00 00 00 00,0x065,00000004
216.417051,9.0,102,0.0,6,6.0,[  3 151  45  49  84  45   0   0],0.0,03 97 2D 31 54 2D 00 00,0x066,00000004
216.41705199999998,9.0,103,0.0,8,8.0,[127  31 138 208 226  52 109   9],0.0,7F 1F 8A D0 E2 34 6D 09,0x067,00000004
216.41705299999998,9.0,104,0.0,4,4.0,[165 245  33   0   0   0   0   0],0.0,A5 F5 21 00 00 00 00 00,0x068,00000004
216.41705399999998,9.0,107,0.0,5,5.0,[169  78   0  45   0   0   0   0],0.0,A9 4E 00 2D 00 00 00 00,0x06B,00000004
216.4193,9.0,111,0.0,8,8.0,[139 220  47 196 254 249 175 127],0.0,8B DC 2F C4 FE F9 AF 7F,0x06F,00000004
216.61485,9.0,101,0.0,1,1.0,[75  0  0  0  0  0  0  0],0.0,4B 00 00 00 00 00 00 00,0x065,00000004
216.614851,9.0,102,0.0,6,6.0,[ 3 95 46 49 84 45  0  0],0.0,03 5F 2E 31 54 2D 00 00,0x066,00000004
216.61485199999998,9.0,103,0.0,8,8.0,[143  31 138 176 223  52 109   9],0.0,8F 1F 8A B0 DF 34 6D 09,0x067,00000004
216.61485299999998,9.0,104,0.0,4,4.0,[165 245  33   0   0   0   0   0],0.0,A5 F5 21 00 00 00 00 00,0x068,00000004
216.61485399999998,9.0,107,0.0,5,5.0,[ 47  78 192  44   0   0   0   0],0.0,2F 4E C0 2C 00 00 00 00,0x06B,00000004
216.61794999999998,9.0,111,0.0,8,8.0,[139 220 111  68 255   5 176 127],0.0,8B DC 6F 44 FF 05 B0 7F,0x06F,00000004
216.81304999999998,9.0,101,0.0,1,1.0,[75  0  0  0  0  0  0  0],0.0,4B 00 00 00 00 00 00 00,0x065,00000004
216.81305099999997,9.0,102,0.0,6,6.0,[ 3 39 47 49 84 45  0  0],0.0,03 27 2F 31 54 2D 00 00,0x066,00000004
216.81305199999997,9.0,103,0.0,8,8.0,[157  31 138 144 220  52 109   9],0.0,9D 1F 8A 90 DC 34 6D 09,0x067,00000004
216.813053,9.0,104,0.0,4,4.0,[165 245  33   0   0   0   0   0],0.0,A5 F5 21 00 00 00 00 00,0x068,00000004
216.813054,9.0,107,0.0,5,5.0,[ 13  78 224  44   0   0   0   0],0.0,0D 4E E0 2C 00 00 00 00,0x06B,00000004
216.81529999999998,9.0,111,0.0,8,8.0,[143 228  15  68 255 253 207 127],0.0,8F E4 0F 44 FF FD CF 7F,0x06F,00000004
217.01104999999998,9.0,101,0.0,1,1.0,[75  0  0  0  0  0  0  0],0.0,4B 00 00 00 00 00 00 00,0x065,00000004
217.01105099999998,9.0,102,0.0,6,6.0,[  3 239  47  49  84  45   0   0],0.0,03 EF 2F 31 54 2D 00 00,0x066,00000004
217.01105199999998,9.0,103,0.0,8,8.0,[171  31 138 144 217  52 109   9],0.0,AB 1F 8A 90 D9 34 6D 09,0x067,00000004
217.01105299999998,9.0,104,0.0,4,4.0,[167 245  33   0   0   0   0   0],0.0,A7 F5 21 00 00 00 00 00,0x068,00000004
217.01105399999997,9.0,107,0.0,5,5.0,[109  77  96  43   0   0   0   0],0.0,6D 4D 60 2B 00 00 00 00,0x06B,00000004
217.01389999999998,9.0,106,0.0,3,3.0,[191   0   0   0   0   0   0   0],0.0,BF 00 00 00 00 00 00 00,0x06A,00000004
217.01424999999998,9.0,111,0.0,8,8.0,[141 220  15 196 254   1 208 127],0.0,8D DC 0F C4 FE 01 D0 7F,0x06F,00000004
217.20884999999998,9.0,101,0.0,1,1.0,[75  0  0  0  0  0  0  0],0.0,4B 00 00 00 00 00 00 00,0x065,00000004
217.20885099999998,9.0,102,0.0,6,6.0,[  3 183  48  49  84  45   0   0],0.0,03 B7 30 31 54 2D 00 00,0x066,00000004
217.20885199999998,9.0,103,0.0,8,8.0,[187  31 138 112 214  52 109   9],0.0,BB 1F 8A 70 D6 34 6D 09,0x067,00000004
217.20885299999998,9.0,104,0.0,4,4.0,[167 245  33   0   0   0   0   0],0.0,A7 F5 21 00 00 00 00 00,0x068,00000004
217.20885399999997,9.0,107,0.0,5,5.0,[253  78 192  44   0   0   0   0],0.0,FD 4E C0 2C 00 00 00 00,0x06B,00000004
217.21134999999998,9.0,111,0.0,8,8.0,[141 228  79 196 254 249 207 127],0.0,8D E4 4F C4 FE F9 CF 7F,0x06F,00000004
217.40685,9.0,101,0.0,1,1.0,[75  0  0  0  0  0  0  0],0.0,4B 00 00 00 00 00 00 00,0x065,00000004
217.406851,9.0,102,0.0,6,6.0,[  3 127  49  49  84  45   0   0],0.0,03 7F 31 31 54 2D 00 00,0x066,00000004
217.406852,9.0,103,0.0,8,8.0,[203  31 138  80 211  52 109   9],0.0,CB 1F 8A 50 D3 34 6D 09,0x067,00000004
217.40685299999998,9.0,104,0.0,4,4.0,[167 245  33   0   0   0   0   0],0.0,A7 F5 21 00 00 00 00 00,0x068,00000004
217.40685399999998,9.0,107,0.0,5,5.0,[113  78 160  42   0   0   0   0],0.0,71 4E A0 2A 00 00 00 00,0x06B,00000004
217.41,9.0,111,0.0,8,8.0,[141 236 111  68 254 245 239 127],0.0,8D EC 6F 44 FE F5 EF 7F,0x06F,00000004
217.60504999999998,9.0,101,0.0,1,1.0,[75  0  0  0  0  0  0  0],0.0,4B 00 00 00 00 00 00 00,0x065,00000004
217.60505099999997,9.0,102,0.0,6,6.0,[ 3 71 50 49 84 45  0  0],0.0,03 47 32 31 54 2D 00 00,0x066,00000004
217.60505199999997,9.0,103,0.0,8,8.0,[219  31 138  80 208  52 109   9],0.0,DB 1F 8A 50 D0 34 6D 09,0x067,00000004
217.60505299999997,9.0,104,0.0,4,4.0,[165 245  33   0   0   0   0   0],0.0,A5 F5 21 00 00 00 00 00,0x068,00000004
217.605054,9.0,107,0.0,5,5.0,[189  78 128  41   0   0   0   0],0.0,BD 4E 80 29 00 00 00 00,0x06B,00000004
217.60729999999998,9.0,111,0.0,8,8.0,[137 244 239  67 254 197 111 128],0.0,89 F4 EF 43 FE C5 6F 80,0x06F,00000004
217.80284999999998,9.0,101,0.0,1,1.0,[75  0  0  0  0  0  0  0],0.0,4B 00 00 00 00 00 00 00,0x065,00000004
217.80285099999998,9.0,102,0.0,6,6.0,[ 3 15 51 49 84 45  0  0],0.0,03 0F 33 31 54 2D 00 00,0x066,00000004
217.80285199999997,9.0,103,0.0,8,8.0,[233  31 138  48 205  52 109   9],0.0,E9 1F 8A 30 CD 34 6D 09,0x067,00000004
217.80285299999997,9.0,104,0.0,4,4.0,[165 245  33   0   0   0   0   0],0.0,A5 F5 21 00 00 00 00 00,0x068,00000004
217.802854,9.0,107,0.0,5,5.0,[241  78  64  40   0   0   0   0],0.0,F1 4E 40 28 00 00 00 00,0x06B,00000004
217.80599999999998,9.0,111,0.0,8,8.0,[135 244 143  68 254 245 207 127],0.0,87 F4 8F 44 FE F5 CF 7F,0x06F,00000004
218.00109999999998,9.0,101,0.0,1,1.0,[75  0  0  0  0  0  0  0],0.0,4B 00 00 00 00 00 00 00,0x065,00000004
218.00110099999998,9.0,102,0.0,6,6.0,[  3 215  51  49  84  45   0   0],0.0,03 D7 33 31 54 2D 00 00,0x066,00000004
218.00110199999997,9.0,103,0.0,8,8.0,[249  31 138  16 202  52 109   9],0.0,F9 1F 8A 10 CA 34 6D 09,0x067,00000004
218.00110299999997,9.0,104,0.0,4,4.0,[165 245  33   0   0   0   0   0],0.0,A5 F5 21 00 00 00 00 00,0x068,00000004
218.00110399999997,9.0,107,0.0,5,5.0,[75 79 64 36  0  0  0  0],0.0,4B 4F 40 24 00 00 00 00,0x06B,00000004
218.00324999999998,9.0,106,0.0,3,3.0,[211   0   0   0   0   0   0   0],0.0,D3 00 00 00 00 00 00 00,0x06A,00000004
218.0041,9.0,111,0.0,8,8.0,[143 244  47  68 255 225 143 127],0.0,8F F4 2F 44 FF E1 8F 7F,0x06F,00000004
218.1991,9.0,101,0.0,1,1.0,[75  0  0  0  0  0  0  0],0.0,4B 00 00 00 00 00 00 00,0x065,00000004
218.19910099999998,9.0,102,0.0,6,6.0,[  3 159  52  49  84  45   0   0],0.0,03 9F 34 31 54 2D 00 00,0x066,00000004
218.19910199999998,9.0,103,0.0,8,8.0,[  9  32 138 240 198  52 109   9],0.0,09 20 8A F0 C6 34 6D 09,0x067,00000004
218.19910299999998,9.0,104,0.0,4,4.0,[165 245  33   0   0   0   0   0],0.0,A5 F5 21 00 00 00 00 00,0x068,00000004
218.19910399999998,9.0,107,0.0,5,5.0,[ 53  79 160  34   0   0   0   0],0.0,35 4F A0 22 00 00 00 00,0x06B,00000004
218.20129999999997,9.0,111,0.0,8,8.0,[139 236 175  68 254 241  15 128],0.0,8B EC AF 44 FE F1 0F 80,0x06F,00000004
218.39684999999997,9.0,101,0.0,1,1.0,[75  0  0  0  0  0  0  0],0.0,4B 00 00 00 00 00 00 00,0x065,00000004
218.39685099999997,9.0,102,0.0,6,6.0,[  3 103  53  49  84  45   0   0],0.0,03 67 35 31 54 2D 00 00,0x066,00000004
218.396852,9.0,103,0.0,8,8.0,[ 25  32 138 240 195  52 109   9],0.0,19 20 8A F0 C3 34 6D 09,0x067,00000004
218.396853,9.0,104,0.0,4,4.0,[163 245  33   0   0   0   0   0],0.0,A3 F5 21 00 00 00 00 00,0x068,00000004
218.396854,9.0,107,0.0,5,5.0,[61 79 64 34  0  0  0  0],0.0,3D 4F 40 22 00 00 00 00,0x06B,00000004
218.39999999999998,9.0,111,0.0,8,8.0,[137 236 111  68 255   9 176 127],0.0,89 EC 6F 44 FF 09 B0 7F,0x06F,00000004
218.59484999999998,9.0,101,0.0,1,1.0,[75  0  0  0  0  0  0  0],0.0,4B 00 00 00 00 00 00 00,0x065,00000004
218.59485099999998,9.0,102,0.0,6,6.0,[ 3 47 54 49 84 45  0  0],0.0,03 2F 36 31 54 2D 00 00,0x066,00000004
218.59485199999997,9.0,103,0.0,8,8.0,[ 39  32 138 176 192  52 109   9],0.0,27 20 8A B0 C0 34 6D 09,0x067,00000004
218.59485299999997,9.0,104,0.0,4,4.0,[165 245  33   0   0   0   0   0],0.0,A5 F5 21 00 00 00 00 00,0x068,00000004
218.59485399999997,9.0,107,0.0,5,5.0,[ 57  80 192  33   0   0   0   0],0.0,39 50 C0 21 00 00 00 00,0x06B,00000004
218.5973,9.0,111,0.0,8,8.0,[139 236  79 196 254   1 208 127],0.0,8B EC 4F C4 FE 01 D0 7F,0x06F,00000004
218.79309999999998,9.0,101,0.0,1,1.0,[75  0  0  0  0  0  0  0],0.0,4B 00 00 00 00 00 00 00,0x065,00000004
218.79310099999998,9.0,102,0.0,6,6.0,[  3 247  54  49  84  45   0   0],0.0,03 F7 36 31 54 2D 00 00,0x066,00000004
218.79310199999998,9.0,103,0.0,8,8.0,[ 55  32 138 144 189  52 109   9],0.0,37 20 8A 90 BD 34 6D 09,0x067,00000004
218.79310299999997,9.0,104,0.0,4,4.0,[165 245  33   0   0   0   0   0],0.0,A5 F5 21 00 00 00 00 00,0x068,00000004
218.79310399999997,9.0,107,0.0,5,5.0,[ 83  80 224  33   0   0   0   0],0.0,53 50 E0 21 00 00 00 00,0x06B,00000004
218.796,9.0,111,0.0,8,8.0,[141 236 175 196 254   9 176 127],0.0,8D EC AF C4 FE 09 B0 7F,0x06F,00000004
218.99059999999997,9.0,111,0.0,8,8.0,[137 244  79 196 254  13 208 127],0.0,89 F4 4F C4 FE 0D D0 7F,0x06F,00000004
218.99124999999998,9.0,101,0.0,1,1.0,[75  0  0  0  0  0  0  0],0.0,4B 00 00 00 00 00 00 00,0x065,00000004
218.99125099999998,9.0,102,0.0,6,6.0,[  3 191  55  49  84  45   0   0],0.0,03 BF 37 31 54 2D 00 00,0x066,00000004
218.99125199999997,9.0,103,0.0,8,8.0,[ 71  32 138 112 186  52 109   9],0.0,47 20 8A 70 BA 34 6D 09,0x067,00000004
218.99125299999997,9.0,104,0.0,4,4.0,[165 245  33   0   0   0   0   0],0.0,A5 F5 21 00 00 00 00 00,0x068,00000004
218.99125399999997,9.0,107,0.0,5,5.0,[ 91  80 192  33   0   0   0   0],0.0,5B 50 C0 21 00 00 00 00,0x06B,00000004
218.99349999999998,9.0,106,0.0,3,3.0,[233   0   0   0   0   0   0   0],0.0,E9 00 00 00 00 00 00 00,0x06A,00000004
219.1891,9.0,101,0.0,1,1.0,[75  0  0  0  0  0  0  0],0.0,4B 00 00 00 00 00 00 00,0x065,00000004
219.189101,9.0,102,0.0,6,6.0,[  3 135  56  49  84  45   0   0],0.0,03 87 38 31 54 2D 00 00,0x066,00000004
219.189102,9.0,103,0.0,8,8.0,[ 87  32 138  48 183  52 109   9],0.0,57 20 8A 30 B7 34 6D 09,0x067,00000004
219.189103,9.0,104,0.0,4,4.0,[165 245  33   0   0   0   0   0],0.0,A5 F5 21 00 00 00 00 00,0x068,00000004
219.189104,9.0,107,0.0,5,5.0,[205  80   0  35   0   0   0   0],0.0,CD 50 00 23 00 00 00 00,0x06B,00000004
219.19199999999998,9.0,111,0.0,8,8.0,[137 220  15 196 253 249  47 128],0.0,89 DC 0F C4 FD F9 2F 80,0x06F,00000004
219.38709999999998,9.0,101,0.0,1,1.0,[83  0  0  0  0  0  0  0],0.0,53 00 00 00 00 00 00 00,0x065,00000004
219.38710099999997,9.0,102,0.0,6,6.0,[ 3 79 57 49 84 45  0  0],0.0,03 4F 39 31 54 2D 00 00,0x066,00000004
219.38710199999997,9.0,103,0.0,8,8.0,[101  32 138  16 180  52 109   9],0.0,65 20 8A 10 B4 34 6D 09,0x067,00000004
219.387103,9.0,104,0.0,4,4.0,[163 245  33   0   0   0   0   0],0.0,A3 F5 21 00 00 00 00 00,0x068,00000004
219.387104,9.0,107,0.0,5,5.0,[95 80 32 34  0  0  0  0],0.0,5F 50 20 22 00 00 00 00,0x06B,00000004
219.38934999999998,9.0,111,0.0,8,8.0,[139 220  79  68 254  13 176 127],0.0,8B DC 4F 44 FE 0D B0 7F,0x06F,00000004
219.58485,9.0,101,0.0,1,1.0,[83  0  0  0  0  0  0  0],0.0,53 00 00 00 00 00 00 00,0x065,00000004
219.584851,9.0,102,0.0,6,6.0,[ 3 23 58 49 84 45  0  0],0.0,03 17 3A 31 54 2D 00 00,0x066,00000004
219.58485199999998,9.0,103,0.0,8,8.0,[117  32 138 240 176  52 109   9],0.0,75 20 8A F0 B0 34 6D 09,0x067,00000004
219.58485299999998,9.0,104,0.0,4,4.0,[163 245  33   0   0   0   0   0],0.0,A3 F5 21 00 00 00 00 00,0x068,00000004
219.58485399999998,9.0,107,0.0,5,5.0,[ 69  79 224  35   0   0   0   0],0.0,45 4F E0 23 00 00 00 00,0x06B,00000004
219.58735,9.0,111,0.0,8,8.0,[147 204  79 196 254  25  80 127],0.0,93 CC 4F C4 FE 19 50 7F,0x06F,00000004
219.7831,9.0,101,0.0,1,1.0,[83  0  0  0  0  0  0  0],0.0,53 00 00 00 00 00 00 00,0x065,00000004
219.783101,9.0,102,0.0,6,6.0,[  3 223  58  49  84  45   0   0],0.0,03 DF 3A 31 54 2D 00 00,0x066,00000004
219.78310199999999,9.0,103,0.0,8,8.0,[133  32 138 240 173  52 109   9],0.0,85 20 8A F0 AD 34 6D 09,0x067,00000004
219.78310299999998,9.0,104,0.0,4,4.0,[163 245  33   0   0   0   0   0],0.0,A3 F5 21 00 00 00 00 00,0x068,00000004
219.78310399999998,9.0,107,0.0,5,5.0,[23 79 64 36  0  0  0  0],0.0,17 4F 40 24 00 00 00 00,0x06B,00000004
219.78615,9.0,111,0.0,8,8.0,[139 244 175 196 253 225 111 127],0.0,8B F4 AF C4 FD E1 6F 7F,0x06F,00000004
219.98109999999997,9.0,101,0.0,1,1.0,[75  0  0  0  0  0  0  0],0.0,4B 00 00 00 00 00 00 00,0x065,00000004
219.981101,9.0,102,0.0,6,6.0,[  3 167  59  49  84  45   0   0],0.0,03 A7 3B 31 54 2D 00 00,0x066,00000004
219.981102,9.0,103,0.0,8,8.0,[147  32 138 208 170  52 109   9],0.0,93 20 8A D0 AA 34 6D 09,0x067,00000004
219.981103,9.0,104,0.0,4,4.0,[161 245  25   0   0   0   0   0],0.0,A1 F5 19 00 00 00 00 00,0x068,00000004
219.981104,9.0,107,0.0,5,5.0,[145  79  32  36   0   0   0   0],0.0,91 4F 20 24 00 00 00 00,0x06B,00000004
219.98324999999997,9.0,106,0.0,3,3.0,[253   0   0   0   0   0   0   0],0.0,FD 00 00 00 00 00 00 00,0x06A,00000004
219.9835,9.0,111,0.0,8,8.0,[149 244 111  68 255   9 176 127],0.0,95 F4 6F 44 FF 09 B0 7F,0x06F,00000004
220.1786,9.0,111,0.0,8,8.0,[127 244 143  68 254 177 111 127],0.0,7F F4 8F 44 FE B1 6F 7F,0x06F,00000004
220.17925,9.0,101,0.0,1,1.0,[83  0  0  0  0  0  0  0],0.0,53 00 00 00 00 00 00 00,0x065,00000004
220.179251,9.0,102,0.0,6,6.0,[  3 111  60  49  84  45   0   0],0.0,03 6F 3C 31 54 2D 00 00,0x066,00000004
220.179252,9.0,103,0.0,8,8.0,[163  32 138 176 167  52 109   9],0.0,A3 20 8A B0 A7 34 6D 09,0x067,00000004
220.179253,9.0,104,0.0,4,4.0,[161 245  25   0   0   0   0   0],0.0,A1 F5 19 00 00 00 00 00,0x068,00000004
220.179254,9.0,107,0.0,5,5.0,[235  80  32  36   0   0   0   0],0.0,EB 50 20 24 00 00 00 00,0x06B,00000004
220.37709999999998,9.0,101,0.0,1,1.0,[83  0  0  0  0  0  0  0],0.0,53 00 00 00 00 00 00 00,0x065,00000004
220.37710099999998,9.0,102,0.0,6,6.0,[ 3 55 61 49 84 45  0  0],0.0,03 37 3D 31 54 2D 00 00,0x066,00000004
220.37710199999998,9.0,103,0.0,8,8.0,[179  32 138 144 164  52 109   9],0.0,B3 20 8A 90 A4 34 6D 09,0x067,00000004
220.37710299999998,9.0,104,0.0,4,4.0,[161 245  25   0   0   0   0   0],0.0,A1 F5 19 00 00 00 00 00,0x068,00000004
220.37710399999997,9.0,107,0.0,5,5.0,[75 80 32 36  0  0  0  0],0.0,4B 50 20 24 00 00 00 00,0x06B,00000004
220.37935,9.0,111,0.0,8,8.0,[141 244 143  67 255 249 111 127],0.0,8D F4 8F 43 FF F9 6F 7F,0x06F,00000004
220.5751,9.0,101,0.0,1,1.0,[83  0  0  0  0  0  0  0],0.0,53 00 00 00 00 00 00 00,0x065,00000004
220.575101,9.0,102,0.0,6,6.0,[  3 255  61  49  84  45   0   0],0.0,03 FF 3D 31 54 2D 00 00,0x066,00000004
220.575102,9.0,103,0.0,8,8.0,[197  32 138 112 161  52 109   9],0.0,C5 20 8A 70 A1 34 6D 09,0x067,00000004
220.57510299999998,9.0,104,0.0,4,4.0,[161 245  25   0   0   0   0   0],0.0,A1 F5 19 00 00 00 00 00,0x068,00000004
220.57510399999998,9.0,107,0.0,5,5.0,[113  80 128  35   0   0   0   0],0.0,71 50 80 23 00 00 00 00,0x06B,00000004
220.57805,9.0,111,0.0,8,8.0,[137 244 143  68 253 241  47 128],0.0,89 F4 8F 44 FD F1 2F 80,0x06F,00000004
220.77264999999997,9.0,111,0.0,8,8.0,[137 244  79  68 253   9  16 129],0.0,89 F4 4F 44 FD 09 10 81,0x06F,00000004
220.77329999999998,9.0,101,0.0,1,1.0,[83  0  0  0  0  0  0  0],0.0,53 00 00 00 00 00 00 00,0x065,00000004
220.77330099999998,9.0,102,0.0,6,6.0,[  3 199  62  49  84  45   0   0],0.0,03 C7 3E 31 54 2D 00 00,0x066,00000004
220.77330199999997,9.0,103,0.0,8,8.0,[213  32 138  80 158  52 109   9],0.0,D5 20 8A 50 9E 34 6D 09,0x067,00000004
220.77330299999997,9.0,104,0.0,4,4.0,[161 245  25   0   0   0   0   0],0.0,A1 F5 19 00 00 00 00 00,0x068,00000004
220.773304,9.0,107,0.0,5,5.0,[103  81 160  35   0   0   0   0],0.0,67 51 A0 23 00 00 00 00,0x06B,00000004
220.97109999999998,9.0,101,0.0,1,1.0,[83  0  0  0  0  0  0  0],0.0,53 00 00 00 00 00 00 00,0x065,00000004
220.97110099999998,9.0,102,0.0,6,6.0,[  3 143  63  49  84  45   0   0],0.0,03 8F 3F 31 54 2D 00 00,0x066,00000004
220.97110199999997,9.0,103,0.0,8,8.0,[231  32 138  48 155  52 109   9],0.0,E7 20 8A 30 9B 34 6D 09,0x067,00000004
220.97110299999997,9.0,104,0.0,4,4.0,[159 245  25   0   0   0   0   0],0.0,9F F5 19 00 00 00 00 00,0x068,00000004
220.97110399999997,9.0,107,0.0,5,5.0,[ 75  81 192  34   0   0   0   0],0.0,4B 51 C0 22 00 00 00 00,0x06B,00000004
220.97394999999997,9.0,106,0.0,3,3.0,[17  1  0  0  0  0  0  0],0.0,11 01 00 00 00 00 00 00,0x06A,00000004
220.9742,9.0,111,0.0,8,8.0,[135 252  47 196 254  17 144 127],0.0,87 FC 2F C4 FE 11 90 7F,0x06F,00000004
221.1691,9.0,101,0.0,1,1.0,[83  0  0  0  0  0  0  0],0.0,53 00 00 00 00 00 00 00,0x065,00000004
221.16910099999998,9.0,102,0.0,6,6.0,[ 3 87 64 49 84 45  0  0],0.0,03 57 40 31 54 2D 00 00,0x066,00000004
221.16910199999998,9.0,103,0.0,8,8.0,[247  32 138 240 151  52 109   9],0.0,F7 20 8A F0 97 34 6D 09,0x067,00000004
221.16910299999998,9.0,104,0.0,4,4.0,[159 245  25   0   0   0   0   0],0.0,9F F5 19 00 00 00 00 00,0x068,00000004
221.16910399999998,9.0,107,0.0,5,5.0,[ 53  82 128  34   0   0   0   0],0.0,35 52 80 22 00 00 00 00,0x06B,00000004
221.17199999999997,9.0,111,0.0,8,8.0,[141 236 175 196 254 249 111 127],0.0,8D EC AF C4 FE F9 6F 7F,0x06F,00000004
221.36665,9.0,111,0.0,8,8.0,[135 244  47  68 252 253  15 129],0.0,87 F4 2F 44 FC FD 0F 81,0x06F,00000004
221.36724999999998,9.0,101,0.0,1,1.0,[83  0  0  0  0  0  0  0],0.0,53 00 00 00 00 00 00 00,0x065,00000004
221.36725099999998,9.0,102,0.0,6,6.0,[ 3 31 65 49 84 45  0  0],0.0,03 1F 41 31 54 2D 00 00,0x066,00000004
221.36725199999998,9.0,103,0.0,8,8.0,[  9  33 138 208 148  52 109   9],0.0,09 21 8A D0 94 34 6D 09,0x067,00000004
221.36725299999998,9.0,104,0.0,4,4.0,[159 245  25   0   0   0   0   0],0.0,9F F5 19 00 00 00 00 00,0x068,00000004
221.36725399999997,9.0,107,0.0,5,5.0,[127  82  32  35   0   0   0   0],0.0,7F 52 20 23 00 00 00 00,0x06B,00000004
221.56464999999997,9.0,111,0.0,8,8.0,[139 236  79 196 253 229 175 127],0.0,8B EC 4F C4 FD E5 AF 7F,0x06F,00000004
221.56525,9.0,101,0.0,1,1.0,[83  0  0  0  0  0  0  0],0.0,53 00 00 00 00 00 00 00,0x065,00000004
221.565251,9.0,102,0.0,6,6.0,[  3 231  65  49  84  45   0   0],0.0,03 E7 41 31 54 2D 00 00,0x066,00000004
221.565252,9.0,103,0.0,8,8.0,[ 25  33 138 144 145  52 109   9],0.0,19 21 8A 90 91 34 6D 09,0x067,00000004
221.56525299999998,9.0,104,0.0,4,4.0,[159 245  25   0   0   0   0   0],0.0,9F F5 19 00 00 00 00 00,0x068,00000004
221.56525399999998,9.0,107,0.0,5,5.0,[113  83 224  36   0   0   0   0],0.0,71 53 E0 24 00 00 00 00,0x06B,00000004
221.76309999999998,9.0,101,0.0,1,1.0,[83  0  0  0  0  0  0  0],0.0,53 00 00 00 00 00 00 00,0x065,00000004
221.76310099999998,9.0,102,0.0,6,6.0,[  3 175  66  49  84  45   0   0],0.0,03 AF 42 31 54 2D 00 00,0x066,00000004
221.76310199999998,9.0,103,0.0,8,8.0,[ 43  33 138 112 142  52 109   9],0.0,2B 21 8A 70 8E 34 6D 09,0x067,00000004
221.76310299999997,9.0,104,0.0,4,4.0,[157 245  25   0   0   0   0   0],0.0,9D F5 19 00 00 00 00 00,0x068,00000004
221.76310399999997,9.0,107,0.0,5,5.0,[53 83 32 37  0  0  0  0],0.0,35 53 20 25 00 00 00 00,0x06B,00000004
221.76534999999998,9.0,111,0.0,8,8.0,[143 220 111  68 255 245  79 127],0.0,8F DC 6F 44 FF F5 4F 7F,0x06F,00000004
221.96065,9.0,111,0.0,8,8.0,[141 220  47 196 253 249  15 128],0.0,8D DC 2F C4 FD F9 0F 80,0x06F,00000004
221.96124999999998,9.0,101,0.0,1,1.0,[83  0  0  0  0  0  0  0],0.0,53 00 00 00 00 00 00 00,0x065,00000004
221.96125099999998,9.0,102,0.0,6,6.0,[  3 119  67  49  84  45   0   0],0.0,03 77 43 31 54 2D 00 00,0x066,00000004
221.96125199999997,9.0,103,0.0,8,8.0,[ 61  33 138  48 139  52 109   9],0.0,3D 21 8A 30 8B 34 6D 09,0x067,00000004
221.96125299999997,9.0,104,0.0,4,4.0,[157 245  25   0   0   0   0   0],0.0,9D F5 19 00 00 00 00 00,0x068,00000004
221.96125399999997,9.0,107,0.0,5,5.0,[211  82  96  38   0   0   0   0],0.0,D3 52 60 26 00 00 00 00,0x06B,00000004
221.96415,9.0,106,0.0,3,3.0,[39  1  0  0  0  0  0  0],0.0,27 01 00 00 00 00 00 00,0x06A,00000004
222.1591,9.0,101,0.0,1,1.0,[83  0  0  0  0  0  0  0],0.0,53 00 00 00 00 00 00 00,0x065,00000004
222.159101,9.0,102,0.0,6,6.0,[ 3 63 68 49 84 45  0  0],0.0,03 3F 44 31 54 2D 00 00,0x066,00000004
222.159102,9.0,103,0.0,8,8.0,[ 77  33 138 240 135  52 109   9],0.0,4D 21 8A F0 87 34 6D 09,0x067,00000004
222.159103,9.0,104,0.0,4,4.0,[155 245  25   0   0   0   0   0],0.0,9B F5 19 00 00 00 00 00,0x068,00000004
222.15910399999999,9.0,107,0.0,5,5.0,[119  82  32  37   0   0   0   0],0.0,77 52 20 25 00 00 00 00,0x06B,00000004
222.16134999999997,9.0,111,0.0,8,8.0,[141 212  15 196 252   9 112 127],0.0,8D D4 0F C4 FC 09 70 7F,0x06F,00000004
222.35709999999997,9.0,101,0.0,1,1.0,[75  0  0  0  0  0  0  0],0.0,4B 00 00 00 00 00 00 00,0x065,00000004
222.35710099999997,9.0,102,0.0,6,6.0,[ 3  7 69 49 84 45  0  0],0.0,03 07 45 31 54 2D 00 00,0x066,00000004
222.35710199999997,9.0,103,0.0,8,8.0,[ 95  33 138 208 132  52 109   9],0.0,5F 21 8A D0 84 34 6D 09,0x067,00000004
222.357103,9.0,104,0.0,4,4.0,[155 245  25   0   0   0   0   0],0.0,9B F5 19 00 00 00 00 00,0x068,00000004
222.357104,9.0,107,0.0,5,5.0,[193  81 160  35   0   0   0   0],0.0,C1 51 A0 23 00 00 00 00,0x06B,00000004
222.36004999999997,9.0,111,0.0,8,8.0,[139 212  15  68 252   5 144 127],0.0,8B D4 0F 44 FC 05 90 7F,0x06F,00000004
222.55464999999998,9.0,111,0.0,8,8.0,[139 212  47  68 252 237 143 127],0.0,8B D4 2F 44 FC ED 8F 7F,0x06F,00000004
222.5553,9.0,101,0.0,1,1.0,[75  0  0  0  0  0  0  0],0.0,4B 00 00 00 00 00 00 00,0x065,00000004
222.555301,9.0,102,0.0,6,6.0,[  3 207  69  49  84  45   0   0],0.0,03 CF 45 31 54 2D 00 00,0x066,00000004
222.55530199999998,9.0,103,0.0,8,8.0,[111  33 138 144 129  52 109   9],0.0,6F 21 8A 90 81 34 6D 09,0x067,00000004
222.55530299999998,9.0,104,0.0,4,4.0,[155 245  25   0   0   0   0   0],0.0,9B F5 19 00 00 00 00 00,0x068,00000004
222.55530399999998,9.0,107,0.0,5,5.0,[191  81 128  35   0   0   0   0],0.0,BF 51 80 23 00 00 00 00,0x06B,00000004
222.75265,9.0,111,0.0,8,8.0,[139 204  15 196 252 249 143 127],0.0,8B CC 0F C4 FC F9 8F 7F,0x06F,00000004
222.7533,9.0,101,0.0,1,1.0,[75  0  0  0  0  0  0  0],0.0,4B 00 00 00 00 00 00 00,0x065,00000004
222.753301,9.0,102,0.0,6,6.0,[  3 151  70  49  84  45   0   0],0.0,03 97 46 31 54 2D 00 00,0x066,00000004
222.753302,9.0,103,0.0,8,8.0,[129  33 138 112 126  52 109   9],0.0,81 21 8A 70 7E 34 6D 09,0x067,00000004
222.753303,9.0,104,0.0,4,4.0,[155 245  25   0   0   0   0   0],0.0,9B F5 19 00 00 00 00 00,0x068,00000004
222.75330399999999,9.0,107,0.0,5,5.0,[245  81   0  36   0   0   0   0],0.0,F5 51 00 24 00 00 00 00,0x06B,00000004
222.95114999999998,9.0,101,0.0,1,1.0,[75  0  0  0  0  0  0  0],0.0,4B 00 00 00 00 00 00 00,0x065,00000004
222.95115099999998,9.0,102,0.0,6,6.0,[ 3 95 71 49 84 45  0  0],0.0,03 5F 47 31 54 2D 00 00,0x066,00000004
222.95115199999998,9.0,103,0.0,8,8.0,[147  33 138  80 123  52 109   9],0.0,93 21 8A 50 7B 34 6D 09,0x067,00000004
222.95115299999998,9.0,104,0.0,4,4.0,[155 245  25   0   0   0   0   0],0.0,9B F5 19 00 00 00 00 00,0x068,00000004
222.95115399999997,9.0,107,0.0,5,5.0,[ 37  81 192  37   0   0   0   0],0.0,25 51 C0 25 00 00 00 00,0x06B,00000004
222.95405,9.0,106,0.0,3,3.0,[59  1  0  0  0  0  0  0],0.0,3B 01 00 00 00 00 00 00,0x06A,00000004
222.9542,9.0,111,0.0,8,8.0,[135 204  79 196 253  13 176 127],0.0,87 CC 4F C4 FD 0D B0 7F,0x06F,00000004
223.14864999999998,9.0,111,0.0,8,8.0,[137 180 111 196 253   5 208 127],0.0,89 B4 6F C4 FD 05 D0 7F,0x06F,00000004
223.14929999999998,9.0,101,0.0,1,1.0,[75  0  0  0  0  0  0  0],0.0,4B 00 00 00 00 00 00 00,0x065,00000004
223.14930099999998,9.0,102,0.0,6,6.0,[ 3 39 72 49 84 45  0  0],0.0,03 27 48 31 54 2D 00 00,0x066,00000004
223.14930199999998,9.0,103,0.0,8,8.0,[165  33 138  80 120  52 109   9],0.0,A5 21 8A 50 78 34 6D 09,0x067,00000004
223.14930299999997,9.0,104,0.0,4,4.0,[155 245  25   0   0   0   0   0],0.0,9B F5 19 00 00 00 00 00,0x068,00000004
223.14930399999997,9.0,107,0.0,5,5.0,[233  80  96  39   0   0   0   0],0.0,E9 50 60 27 00 00 00 00,0x06B,00000004
223.34664999999998,9.0,111,0.0,8,8.0,[139 156  79 196 253  21 240 127],0.0,8B 9C 4F C4 FD 15 F0 7F,0x06F,00000004
223.3473,9.0,101,0.0,1,1.0,[75  0  0  0  0  0  0  0],0.0,4B 00 00 00 00 00 00 00,0x065,00000004
223.347301,9.0,102,0.0,6,6.0,[  3 239  72  49  84  45   0   0],0.0,03 EF 48 31 54 2D 00 00,0x066,00000004
223.34730199999998,9.0,103,0.0,8,8.0,[183  33 138  48 117  52 109   9],0.0,B7 21 8A 30 75 34 6D 09,0x067,00000004
223.34730299999998,9.0,104,0.0,4,4.0,[155 245  25   0   0   0   0   0],0.0,9B F5 19 00 00 00 00 00,0x068,00000004
223.34730399999998,9.0,107,0.0,5,5.0,[109  79 160  38   0   0   0   0],0.0,6D 4F A0 26 00 00 00 00,0x06B,00000004
223.54465,9.0,111,0.0,8,8.0,[141 148 111  68 254 241  15 128],0.0,8D 94 6F 44 FE F1 0F 80,0x06F,00000004
223.54529999999997,9.0,101,0.0,1,1.0,[75  0  0  0  0  0  0  0],0.0,4B 00 00 00 00 00 00 00,0x065,00000004
223.545301,9.0,102,0.0,6,6.0,[  3 183  73  49  84  45   0   0],0.0,03 B7 49 31 54 2D 00 00,0x066,00000004
223.545302,9.0,103,0.0,8,8.0,[199  33 138  80 114  52 109   9],0.0,C7 21 8A 50 72 34 6D 09,0x067,00000004
223.545303,9.0,104,0.0,4,4.0,[155 245  25   0   0   0   0   0],0.0,9B F5 19 00 00 00 00 00,0x068,00000004
223.545304,9.0,107,0.0,5,5.0,[223  76  96  36   0   0   0   0],0.0,DF 4C 60 24 00 00 00 00,0x06B,00000004
223.74264999999997,9.0,111,0.0,8,8.0,[139 148 143 196 254 253 175 127],0.0,8B 94 8F C4 FE FD AF 7F,0x06F,00000004
223.74329999999998,9.0,101,0.0,1,1.0,[75  0  0  0  0  0  0  0],0.0,4B 00 00 00 00 00 00 00,0x065,00000004
223.74330099999997,9.0,102,0.0,6,6.0,[  3 127  74  49  84  45   0   0],0.0,03 7F 4A 31 54 2D 00 00,0x066,00000004
223.74330199999997,9.0,103,0.0,8,8.0,[217  33 138 112 111  52 109   9],0.0,D9 21 8A 70 6F 34 6D 09,0x067,00000004
223.74330299999997,9.0,104,0.0,4,4.0,[153 245  25   0   0   0   0   0],0.0,99 F5 19 00 00 00 00 00,0x068,00000004
223.743304,9.0,107,0.0,5,5.0,[151  75 160  36   0   0   0   0],0.0,97 4B A0 24 00 00 00 00,0x06B,00000004
223.94064999999998,9.0,111,0.0,8,8.0,[141 156 143 196 254  13 176 127],0.0,8D 9C 8F C4 FE 0D B0 7F,0x06F,00000004
223.94129999999998,9.0,101,0.0,1,1.0,[75  0  0  0  0  0  0  0],0.0,4B 00 00 00 00 00 00 00,0x065,00000004
223.94130099999998,9.0,102,0.0,6,6.0,[ 3 71 75 49 84 45  0  0],0.0,03 47 4B 31 54 2D 00 00,0x066,00000004
223.94130199999998,9.0,103,0.0,8,8.0,[233  33 138 144 108  52 109   9],0.0,E9 21 8A 90 6C 34 6D 09,0x067,00000004
223.94130299999998,9.0,104,0.0,4,4.0,[155 245  25   0   0   0   0   0],0.0,9B F5 19 00 00 00 00 00,0x068,00000004
223.94130399999997,9.0,107,0.0,5,5.0,[15 74  0 36  0  0  0  0],0.0,0F 4A 00 24 00 00 00 00,0x06B,00000004
223.94355,9.0,106,0.0,3,3.0,[79  1  0  0  0  0  0  0],0.0,4F 01 00 00 00 00 00 00,0x06A,00000004
224.13864999999998,9.0,111,0.0,8,8.0,[137 164 207  68 254   1 208 127],0.0,89 A4 CF 44 FE 01 D0 7F,0x06F,00000004
224.1393,9.0,101,0.0,1,1.0,[75  0  0  0  0  0  0  0],0.0,4B 00 00 00 00 00 00 00,0x065,00000004
224.139301,9.0,102,0.0,6,6.0,[ 3 15 76 49 84 45  0  0],0.0,03 0F 4C 31 54 2D 00 00,0x066,00000004
224.139302,9.0,103,0.0,8,8.0,[249  33 138 208 105  52 109   9],0.0,F9 21 8A D0 69 34 6D 09,0x067,00000004
224.13930299999998,9.0,104,0.0,4,4.0,[155 245  25   0   0   0   0   0],0.0,9B F5 19 00 00 00 00 00,0x068,00000004
224.13930399999998,9.0,107,0.0,5,5.0,[119  71 192  35   0   0   0   0],0.0,77 47 C0 23 00 00 00 00,0x06B,00000004
224.33665,9.0,111,0.0,8,8.0,[141 164 111  68 254 241  15 128],0.0,8D A4 6F 44 FE F1 0F 80,0x06F,00000004
224.33729999999997,9.0,101,0.0,1,1.0,[75  0  0  0  0  0  0  0],0.0,4B 00 00 00 00 00 00 00,0x065,00000004
224.33730099999997,9.0,102,0.0,6,6.0,[  3 215  76  49  84  45   0   0],0.0,03 D7 4C 31 54 2D 00 00,0x066,00000004
224.337302,9.0,103,0.0,8,8.0,[  9  34 138  48 103  52 109   9],0.0,09 22 8A 30 67 34 6D 09,0x067,00000004
224.337303,9.0,104,0.0,4,4.0,[155 245  25   0   0   0   0   0],0.0,9B F5 19 00 00 00 00 00,0x068,00000004
224.337304,9.0,107,0.0,5,5.0,[113  70 160  36   0   0   0   0],0.0,71 46 A0 24 00 00 00 00,0x06B,00000004
224.53464999999997,9.0,111,0.0,8,8.0,[139 156 111  68 254 249 207 127],0.0,8B 9C 6F 44 FE F9 CF 7F,0x06F,00000004
224.53529999999998,9.0,101,0.0,1,1.0,[75  0  0  0  0  0  0  0],0.0,4B 00 00 00 00 00 00 00,0x065,00000004
224.53530099999998,9.0,102,0.0,6,6.0,[  3 159  77  49  84  45   0   0],0.0,03 9F 4D 31 54 2D 00 00,0x066,00000004
224.53530199999997,9.0,103,0.0,8,8.0,[ 25  34 138 144 100  52 109   9],0.0,19 22 8A 90 64 34 6D 09,0x067,00000004
224.53530299999997,9.0,104,0.0,4,4.0,[153 245  25   0   0   0   0   0],0.0,99 F5 19 00 00 00 00 00,0x068,00000004
224.535304,9.0,107,0.0,5,5.0,[59 69 32 36  0  0  0  0],0.0,3B 45 20 24 00 00 00 00,0x06B,00000004
224.73264999999998,9.0,111,0.0,8,8.0,[143 156  79  68 254   5 208 127],0.0,8F 9C 4F 44 FE 05 D0 7F,0x06F,00000004
224.73354999999998,9.0,101,0.0,1,1.0,[75  0  0  0  0  0  0  0],0.0,4B 00 00 00 00 00 00 00,0x065,00000004
224.73355099999998,9.0,102,0.0,6,6.0,[  3 103  78  49  84  45   0   0],0.0,03 67 4E 31 54 2D 00 00,0x066,00000004
224.73355199999997,9.0,103,0.0,8,8.0,[ 41  34 138 240  97  52 109   9],0.0,29 22 8A F0 61 34 6D 09,0x067,00000004
224.73355299999997,9.0,104,0.0,4,4.0,[153 245  25   0   0   0   0   0],0.0,99 F5 19 00 00 00 00 00,0x068,00000004
224.73355399999997,9.0,107,0.0,5,5.0,[89 68 64 36  0  0  0  0],0.0,59 44 40 24 00 00 00 00,0x06B,00000004
224.93069999999997,9.0,111,0.0,8,8.0,[135 156  79 196 253   9 208 127],0.0,87 9C 4F C4 FD 09 D0 7F,0x06F,00000004
224.93134999999998,9.0,101,0.0,1,1.0,[75  0  0  0  0  0  0  0],0.0,4B 00 00 00 00 00 00 00,0x065,00000004
224.93135099999998,9.0,102,0.0,6,6.0,[ 3 47 79 49 84 45  0  0],0.0,03 2F 4F 31 54 2D 00 00,0x066,00000004
224.93135199999998,9.0,103,0.0,8,8.0,[ 57  34 138 112  95  52 109   9],0.0,39 22 8A 70 5F 34 6D 09,0x067,00000004
224.93135299999997,9.0,104,0.0,4,4.0,[151 245  25   0   0   0   0   0],0.0,97 F5 19 00 00 00 00 00,0x068,00000004
224.93135399999997,9.0,107,0.0,5,5.0,[ 77  67 128  41   0   0   0   0],0.0,4D 43 80 29 00 00 00 00,0x06B,00000004
224.93354999999997,9.0,106,0.0,3,3.0,[97  1  0  0  0  0  0  0],0.0,61 01 00 00 00 00 00 00,0x06A,00000004
225.12869999999998,9.0,111,0.0,8,8.0,[137 164 111  68 254 245 207 127],0.0,89 A4 6F 44 FE F5 CF 7F,0x06F,00000004
225.12935,9.0,101,0.0,1,1.0,[75  0  0  0  0  0  0  0],0.0,4B 00 00 00 00 00 00 00,0x065,00000004
225.12935099999999,9.0,102,0.0,6,6.0,[  3 247  79  49  84  45   0   0],0.0,03 F7 4F 31 54 2D 00 00,0x066,00000004
225.12935199999998,9.0,103,0.0,8,8.0,[ 71  34 138 240  92  52 109   9],0.0,47 22 8A F0 5C 34 6D 09,0x067,00000004
225.12935299999998,9.0,104,0.0,4,4.0,[151 245  25   0   0   0   0   0],0.0,97 F5 19 00 00 00 00 00,0x068,00000004
225.12935399999998,9.0,107,0.0,5,5.0,[ 27  65 224  36   0   0   0   0],0.0,1B 41 E0 24 00 00 00 00,0x06B,00000004
225.3267,9.0,111,0.0,8,8.0,[137 164 143  68 254   5 176 127],0.0,89 A4 8F 44 FE 05 B0 7F,0x06F,00000004
225.32744999999997,9.0,101,0.0,1,1.0,[75  0  0  0  0  0  0  0],0.0,4B 00 00 00 00 00 00 00,0x065,00000004
225.327451,9.0,102,0.0,6,6.0,[  3 191  80  49  84  45   0   0],0.0,03 BF 50 31 54 2D 00 00,0x066,00000004
225.327452,9.0,103,0.0,8,8.0,[ 87  34 138 144  90  52 109   9],0.0,57 22 8A 90 5A 34 6D 09,0x067,00000004
225.327453,9.0,104,0.0,4,4.0,[151 245  25   0   0   0   0   0],0.0,97 F5 19 00 00 00 00 00,0x068,00000004
225.327454,9.0,107,0.0,5,5.0,[29 64 32 36  0  0  0  0],0.0,1D 40 20 24 00 00 00 00,0x06B,00000004
225.5247,9.0,111,0.0,8,8.0,[135 172  15  68 254  21 176 127],0.0,87 AC 0F 44 FE 15 B0 7F,0x06F,00000004
225.52599999999998,9.0,101,0.0,1,1.0,[75  0  0  0  0  0  0  0],0.0,4B 00 00 00 00 00 00 00,0x065,00000004
225.52600099999998,9.0,102,0.0,6,6.0,[  3 135  81  49  84  45   0   0],0.0,03 87 51 31 54 2D 00 00,0x066,00000004
225.52600199999998,9.0,103,0.0,8,8.0,[101  34 138  48  88  52 109   9],0.0,65 22 8A 30 58 34 6D 09,0x067,00000004
225.52600299999997,9.0,104,0.0,4,4.0,[149 245  25   0   0   0   0   0],0.0,95 F5 19 00 00 00 00 00,0x068,00000004
225.52600399999997,9.0,107,0.0,5,5.0,[25 61 96 37  0  0  0  0],0.0,19 3D 60 25 00 00 00 00,0x06B,00000004
225.72269999999997,9.0,111,0.0,8,8.0,[137 180 143 196 254 241 207 127],0.0,89 B4 8F C4 FE F1 CF 7F,0x06F,00000004
225.7233,9.0,101,0.0,1,1.0,[75  0  0  0  0  0  0  0],0.0,4B 00 00 00 00 00 00 00,0x065,00000004
225.723301,9.0,102,0.0,6,6.0,[ 3 79 82 49 84 45  0  0],0.0,03 4F 52 31 54 2D 00 00,0x066,00000004
225.723302,9.0,103,0.0,8,8.0,[115  34 138 240  85  52 109   9],0.0,73 22 8A F0 55 34 6D 09,0x067,00000004
225.723303,9.0,104,0.0,4,4.0,[149 245  25   0   0   0   0   0],0.0,95 F5 19 00 00 00 00 00,0x068,00000004
225.72330399999998,9.0,107,0.0,5,5.0,[37 61 64 37  0  0  0  0],0.0,25 3D 40 25 00 00 00 00,0x06B,00000004
225.92069999999998,9.0,111,0.0,8,8.0,[137 188 111 196 254 253 207 127],0.0,89 BC 6F C4 FE FD CF 7F,0x06F,00000004
225.92155,9.0,101,0.0,1,1.0,[75  0  0  0  0  0  0  0],0.0,4B 00 00 00 00 00 00 00,0x065,00000004
225.921551,9.0,102,0.0,6,6.0,[ 3 23 83 49 84 45  0  0],0.0,03 17 53 31 54 2D 00 00,0x066,00000004
225.921552,9.0,103,0.0,8,8.0,[127  34 138 176  83  52 109   9],0.0,7F 22 8A B0 53 34 6D 09,0x067,00000004
225.921553,9.0,104,0.0,4,4.0,[153 245  25   0   0   0   0   0],0.0,99 F5 19 00 00 00 00 00,0x068,00000004
225.921554,9.0,107,0.0,5,5.0,[21 59 32 37  0  0  0  0],0.0,15 3B 20 25 00 00 00 00,0x06B,00000004
225.92379999999997,9.0,106,0.0,3,3.0,[113   1   0   0   0   0   0   0],0.0,71 01 00 00 00 00 00 00,0x06A,00000004
226.1187,9.0,111,0.0,8,8.0,[147 180 175 196 254 253 175 127],0.0,93 B4 AF C4 FE FD AF 7F,0x06F,00000004
226.11929999999998,9.0,101,0.0,1,1.0,[75  0  0  0  0  0  0  0],0.0,4B 00 00 00 00 00 00 00,0x065,00000004
226.11930099999998,9.0,102,0.0,6,6.0,[  3 223  83  49  84  45   0   0],0.0,03 DF 53 31 54 2D 00 00,0x066,00000004
226.11930199999998,9.0,103,0.0,8,8.0,[141  34 138 144  81  52 109   9],0.0,8D 22 8A 90 51 34 6D 09,0x067,00000004
226.11930299999997,9.0,104,0.0,4,4.0,[151 245  25   0   0   0   0   0],0.0,97 F5 19 00 00 00 00 00,0x068,00000004
226.11930399999997,9.0,107,0.0,5,5.0,[ 39  59 160  37   0   0   0   0],0.0,27 3B A0 25 00 00 00 00,0x06B,00000004
226.31664999999998,9.0,111,0.0,8,8.0,[141 180 175 196 254 253 207 127],0.0,8D B4 AF C4 FE FD CF 7F,0x06F,00000004
226.31734999999998,9.0,101,0.0,1,1.0,[67  0  0  0  0  0  0  0],0.0,43 00 00 00 00 00 00 00,0x065,00000004
226.31735099999997,9.0,102,0.0,6,6.0,[  3 167  84  49  84  45   0   0],0.0,03 A7 54 31 54 2D 00 00,0x066,00000004
226.31735199999997,9.0,103,0.0,8,8.0,[157  34 138 112  79  52 109   9],0.0,9D 22 8A 70 4F 34 6D 09,0x067,00000004
226.31735299999997,9.0,104,0.0,4,4.0,[151 245  25   0   0   0   0   0],0.0,97 F5 19 00 00 00 00 00,0x068,00000004
226.317354,9.0,107,0.0,5,5.0,[173  57 192  37   0   0   0   0],0.0,AD 39 C0 25 00 00 00 00,0x06B,00000004
226.51469999999998,9.0,111,0.0,8,8.0,[153 188  15  69 255 253 111 127],0.0,99 BC 0F 45 FF FD 6F 7F,0x06F,00000004
226.51545,9.0,101,0.0,1,1.0,[67  0  0  0  0  0  0  0],0.0,43 00 00 00 00 00 00 00,0x065,00000004
226.51545099999998,9.0,102,0.0,6,6.0,[  3 111  85  49  84  45   0   0],0.0,03 6F 55 31 54 2D 00 00,0x066,00000004
226.51545199999998,9.0,103,0.0,8,8.0,[171  34 138 112  77  52 109   9],0.0,AB 22 8A 70 4D 34 6D 09,0x067,00000004
226.51545299999998,9.0,104,0.0,4,4.0,[153 245  25   0   0   0   0   0],0.0,99 F5 19 00 00 00 00 00,0x068,00000004
226.51545399999998,9.0,107,0.0,5,5.0,[123  54 224  45   0   0   0   0],0.0,7B 36 E0 2D 00 00 00 00,0x06B,00000004
226.71269999999998,9.0,111,0.0,8,8.0,[137 188  47 196 253   9  16 128],0.0,89 BC 2F C4 FD 09 10 80,0x06F,00000004
226.71345,9.0,101,0.0,1,1.0,[67  0  0  0  0  0  0  0],0.0,43 00 00 00 00 00 00 00,0x065,00000004
226.713451,9.0,102,0.0,6,6.0,[ 3 55 86 49 84 45  0  0],0.0,03 37 56 31 54 2D 00 00,0x066,00000004
226.713452,9.0,103,0.0,8,8.0,[183  34 138 112  75  52 109   9],0.0,B7 22 8A 70 4B 34 6D 09,0x067,00000004
226.713453,9.0,104,0.0,4,4.0,[151 245  25   0   0   0   0   0],0.0,97 F5 19 00 00 00 00 00,0x068,00000004
226.71345399999998,9.0,107,0.0,5,5.0,[ 15  55 128  50   0   0   0   0],0.0,0F 37 80 32 00 00 00 00,0x06B,00000004
226.9107,9.0,111,0.0,8,8.0,[141 180 207 196 253 241 207 127],0.0,8D B4 CF C4 FD F1 CF 7F,0x06F,00000004
226.91154999999998,9.0,101,0.0,1,1.0,[67  0  0  0  0  0  0  0],0.0,43 00 00 00 00 00 00 00,0x065,00000004
226.91155099999997,9.0,102,0.0,6,6.0,[  3 255  86  49  84  45   0   0],0.0,03 FF 56 31 54 2D 00 00,0x066,00000004
226.91155199999997,9.0,103,0.0,8,8.0,[199  34 138 112  73  52 109   9],0.0,C7 22 8A 70 49 34 6D 09,0x067,00000004
226.91155299999997,9.0,104,0.0,4,4.0,[151 245  25   0   0   0   0   0],0.0,97 F5 19 00 00 00 00 00,0x068,00000004
226.911554,9.0,107,0.0,5,5.0,[121  55 224  44   0   0   0   0],0.0,79 37 E0 2C 00 00 00 00,0x06B,00000004
226.91439999999997,9.0,106,0.0,3,3.0,[127   1   0   0   0   0   0   0],0.0,7F 01 00 00 00 00 00 00,0x06A,00000004
227.10869999999997,9.0,111,0.0,8,8.0,[137 172  79 196 253 241  79 128],0.0,89 AC 4F C4 FD F1 4F 80,0x06F,00000004
227.10954999999998,9.0,101,0.0,1,1.0,[67  0  0  0  0  0  0  0],0.0,43 00 00 00 00 00 00 00,0x065,00000004
227.10955099999998,9.0,102,0.0,6,6.0,[  3 199  87  49  84  45   0   0],0.0,03 C7 57 31 54 2D 00 00,0x066,00000004
227.10955199999998,9.0,103,0.0,8,8.0,[213  34 138 112  71  52 109   9],0.0,D5 22 8A 70 47 34 6D 09,0x067,00000004
227.10955299999998,9.0,104,0.0,4,4.0,[147 245  25   0   0   0   0   0],0.0,93 F5 19 00 00 00 00 00,0x068,00000004
227.10955399999997,9.0,107,0.0,5,5.0,[197  53  64  44   0   0   0   0],0.0,C5 35 40 2C 00 00 00 00,0x06B,00000004
227.30669999999998,9.0,111,0.0,8,8.0,[135 156 143  68 254 249 239 127],0.0,87 9C 8F 44 FE F9 EF 7F,0x06F,00000004
227.30759999999998,9.0,101,0.0,1,1.0,[67  0  0  0  0  0  0  0],0.0,43 00 00 00 00 00 00 00,0x065,00000004
227.30760099999998,9.0,102,0.0,6,6.0,[  3 143  88  49  84  45   0   0],0.0,03 8F 58 31 54 2D 00 00,0x066,00000004
227.30760199999997,9.0,103,0.0,8,8.0,[227  34 138 144  69  52 109   9],0.0,E3 22 8A 90 45 34 6D 09,0x067,00000004
227.30760299999997,9.0,104,0.0,4,4.0,[145 245  25   0   0   0   0   0],0.0,91 F5 19 00 00 00 00 00,0x068,00000004
227.30760399999997,9.0,107,0.0,5,5.0,[125  54  96  53   0   0   0   0],0.0,7D 36 60 35 00 00 00 00,0x06B,00000004
227.50469999999999,9.0,111,0.0,8,8.0,[137 140 143 196 254 237 239 127],0.0,89 8C 8F C4 FE ED EF 7F,0x06F,00000004
227.50535,9.0,101,0.0,1,1.0,[75  0  0  0  0  0  0  0],0.0,4B 00 00 00 00 00 00 00,0x065,00000004
227.505351,9.0,102,0.0,6,6.0,[ 3 87 89 49 84 45  0  0],0.0,03 57 59 31 54 2D 00 00,0x066,00000004
227.505352,9.0,103,0.0,8,8.0,[241  34 138 176  67  52 109   9],0.0,F1 22 8A B0 43 34 6D 09,0x067,00000004
227.50535299999999,9.0,104,0.0,4,4.0,[147 245  25   0   0   0   0   0],0.0,93 F5 19 00 00 00 00 00,0x068,00000004
227.50535399999998,9.0,107,0.0,5,5.0,[11 52 64 54  0  0  0  0],0.0,0B 34 40 36 00 00 00 00,0x06B,00000004
227.7027,9.0,111,0.0,8,8.0,[137 148  47 196 254 245  47 128],0.0,89 94 2F C4 FE F5 2F 80,0x06F,00000004
227.7035,9.0,101,0.0,1,1.0,[75  0  0  0  0  0  0  0],0.0,4B 00 00 00 00 00 00 00,0x065,00000004
227.703501,9.0,102,0.0,6,6.0,[ 3 31 90 49 84 45  0  0],0.0,03 1F 5A 31 54 2D 00 00,0x066,00000004
227.703502,9.0,103,0.0,8,8.0,[251  34 138 208  65  52 109   9],0.0,FB 22 8A D0 41 34 6D 09,0x067,00000004
227.70350299999998,9.0,104,0.0,4,4.0,[147 245  25   0   0   0   0   0],0.0,93 F5 19 00 00 00 00 00,0x068,00000004
227.70350399999998,9.0,107,0.0,5,5.0,[243  49   0  53   0   0   0   0],0.0,F3 31 00 35 00 00 00 00,0x06B,00000004
227.90069999999997,9.0,111,0.0,8,8.0,[137 164  79  68 255 249 175 127],0.0,89 A4 4F 44 FF F9 AF 7F,0x06F,00000004
227.90149999999997,9.0,101,0.0,1,1.0,[83  0  0  0  0  0  0  0],0.0,53 00 00 00 00 00 00 00,0x065,00000004
227.901501,9.0,102,0.0,6,6.0,[  3 231  90  49  84  45   0   0],0.0,03 E7 5A 31 54 2D 00 00,0x066,00000004
227.901502,9.0,103,0.0,8,8.0,[  7  35 138  16  64  52 109   9],0.0,07 23 8A 10 40 34 6D 09,0x067,00000004
227.901503,9.0,104,0.0,4,4.0,[147 245  25   0   0   0   0   0],0.0,93 F5 19 00 00 00 00 00,0x068,00000004
227.901504,9.0,107,0.0,5,5.0,[ 35  48 224  57   0   0   0   0],0.0,23 30 E0 39 00 00 00 00,0x06B,00000004
227.90444999999997,9.0,106,0.0,3,3.0,[141   1   0   0   0   0   0   0],0.0,8D 01 00 00 00 00 00 00,0x06A,00000004
228.09869999999998,9.0,111,0.0,8,8.0,[137 180 111 196 254 245 239 127],0.0,89 B4 6F C4 FE F5 EF 7F,0x06F,00000004
228.09949999999998,9.0,101,0.0,1,1.0,[83  0  0  0  0  0  0  0],0.0,53 00 00 00 00 00 00 00,0x065,00000004
228.09950099999998,9.0,102,0.0,6,6.0,[  3 175  91  49  84  45   0   0],0.0,03 AF 5B 31 54 2D 00 00,0x066,00000004
228.09950199999997,9.0,103,0.0,8,8.0,[ 21  35 138  80  62  52 109   9],0.0,15 23 8A 50 3E 34 6D 09,0x067,00000004
228.09950299999997,9.0,104,0.0,4,4.0,[149 245  25   0   0   0   0   0],0.0,95 F5 19 00 00 00 00 00,0x068,00000004
228.099504,9.0,107,0.0,5,5.0,[185  48 128  55   0   0   0   0],0.0,B9 30 80 37 00 00 00 00,0x06B,00000004
228.2967,9.0,111,0.0,8,8.0,[139 196  79  68 255 253 143 127],0.0,8B C4 4F 44 FF FD 8F 7F,0x06F,00000004
228.29754999999997,9.0,101,0.0,1,1.0,[83  0  0  0  0  0  0  0],0.0,53 00 00 00 00 00 00 00,0x065,00000004
228.29755099999997,9.0,102,0.0,6,6.0,[  3 119  92  49  84  45   0   0],0.0,03 77 5C 31 54 2D 00 00,0x066,00000004
228.297552,9.0,103,0.0,8,8.0,[ 35  35 138 144  60  52 109   9],0.0,23 23 8A 90 3C 34 6D 09,0x067,00000004
228.297553,9.0,104,0.0,4,4.0,[147 245  25   0   0   0   0   0],0.0,93 F5 19 00 00 00 00 00,0x068,00000004
228.297554,9.0,107,0.0,5,5.0,[131  48  32  55   0   0   0   0],0.0,83 30 20 37 00 00 00 00,0x06B,00000004
228.4947,9.0,111,0.0,8,8.0,[139 204 111  68 254 253 207 127],0.0,8B CC 6F 44 FE FD CF 7F,0x06F,00000004
228.49554999999998,9.0,101,0.0,1,1.0,[83  0  0  0  0  0  0  0],0.0,53 00 00 00 00 00 00 00,0x065,00000004
228.49555099999998,9.0,102,0.0,6,6.0,[ 3 63 93 49 84 45  0  0],0.0,03 3F 5D 31 54 2D 00 00,0x066,00000004
228.49555199999998,9.0,103,0.0,8,8.0,[ 45  35 138 240  58  52 109   9],0.0,2D 23 8A F0 3A 34 6D 09,0x067,00000004
228.49555299999997,9.0,104,0.0,4,4.0,[147 245  33   0   0   0   0   0],0.0,93 F5 21 00 00 00 00 00,0x068,00000004
228.49555399999997,9.0,107,0.0,5,5.0,[117  46  96  57   0   0   0   0],0.0,75 2E 60 39 00 00 00 00,0x06B,00000004
228.69269999999997,9.0,111,0.0,8,8.0,[139 212  47 196 254   9 176 127],0.0,8B D4 2F C4 FE 09 B0 7F,0x06F,00000004
228.694,9.0,101,0.0,1,1.0,[83  0  0  0  0  0  0  0],0.0,53 00 00 00 00 00 00 00,0x065,00000004
228.694001,9.0,102,0.0,6,6.0,[ 3  7 94 49 84 45  0  0],0.0,03 07 5E 31 54 2D 00 00,0x066,00000004
228.69400199999998,9.0,103,0.0,8,8.0,[ 55  35 138  80  57  52 109   9],0.0,37 23 8A 50 39 34 6D 09,0x067,00000004
228.69400299999998,9.0,104,0.0,4,4.0,[145 245  33   0   0   0   0   0],0.0,91 F5 21 00 00 00 00 00,0x068,00000004
228.69400399999998,9.0,107,0.0,5,5.0,[109  44  96  55   0   0   0   0],0.0,6D 2C 60 37 00 00 00 00,0x06B,00000004
228.89069999999998,9.0,111,0.0,8,8.0,[135 212  79  68 254 245 207 127],0.0,87 D4 4F 44 FE F5 CF 7F,0x06F,00000004
228.89149999999998,9.0,101,0.0,1,1.0,[83  0  0  0  0  0  0  0],0.0,53 00 00 00 00 00 00 00,0x065,00000004
228.89150099999998,9.0,102,0.0,6,6.0,[  3 207  94  49  84  45   0   0],0.0,03 CF 5E 31 54 2D 00 00,0x066,00000004
228.89150199999997,9.0,103,0.0,8,8.0,[ 67  35 138 176  55  52 109   9],0.0,43 23 8A B0 37 34 6D 09,0x067,00000004
228.89150299999997,9.0,104,0.0,4,4.0,[145 245  33   0   0   0   0   0],0.0,91 F5 21 00 00 00 00 00,0x068,00000004
228.89150399999997,9.0,107,0.0,5,5.0,[77 45 64 55  0  0  0  0],0.0,4D 2D 40 37 00 00 00 00,0x06B,00000004
228.89444999999998,9.0,106,0.0,3,3.0,[153   1   0   0   0   0   0   0],0.0,99 01 00 00 00 00 00 00,0x06A,00000004
229.0887,9.0,111,0.0,8,8.0,[139 212 143 196 254 253 207 127],0.0,8B D4 8F C4 FE FD CF 7F,0x06F,00000004
229.0895,9.0,101,0.0,1,1.0,[91  0  0  0  0  0  0  0],0.0,5B 00 00 00 00 00 00 00,0x065,00000004
229.08950099999998,9.0,102,0.0,6,6.0,[  3 151  95  49  84  45   0   0],0.0,03 97 5F 31 54 2D 00 00,0x066,00000004
229.08950199999998,9.0,103,0.0,8,8.0,[ 79  35 138  16  54  52 109   9],0.0,4F 23 8A 10 36 34 6D 09,0x067,00000004
229.08950299999998,9.0,104,0.0,4,4.0,[143 245  33   0   0   0   0   0],0.0,8F F5 21 00 00 00 00 00,0x068,00000004
229.08950399999998,9.0,107,0.0,5,5.0,[29 45  0 47  0  0  0  0],0.0,1D 2D 00 2F 00 00 00 00,0x06B,00000004
229.28674999999998,9.0,111,0.0,8,8.0,[139 212 143  68 254 249 207 127],0.0,8B D4 8F 44 FE F9 CF 7F,0x06F,00000004
229.28775,9.0,101,0.0,1,1.0,[91  0  0  0  0  0  0  0],0.0,5B 00 00 00 00 00 00 00,0x065,00000004
229.287751,9.0,102,0.0,6,6.0,[ 3 95 96 49 84 45  0  0],0.0,03 5F 60 31 54 2D 00 00,0x066,00000004
229.28775199999998,9.0,103,0.0,8,8.0,[ 91  35 138 144  52  52 109   9],0.0,5B 23 8A 90 34 34 6D 09,0x067,00000004
229.28775299999998,9.0,104,0.0,4,4.0,[143 245  33   0   0   0   0   0],0.0,8F F5 21 00 00 00 00 00,0x068,00000004
229.28775399999998,9.0,107,0.0,5,5.0,[161  43  32  45   0   0   0   0],0.0,A1 2B 20 2D 00 00 00 00,0x06B,00000004
229.48475,9.0,111,0.0,8,8.0,[137 212  79  68 254 245 175 127],0.0,89 D4 4F 44 FE F5 AF 7F,0x06F,00000004
229.48559999999998,9.0,101,0.0,1,1.0,[91  0  0  0  0  0  0  0],0.0,5B 00 00 00 00 00 00 00,0x065,00000004
229.48560099999997,9.0,102,0.0,6,6.0,[ 3 39 97 49 84 45  0  0],0.0,03 27 61 31 54 2D 00 00,0x066,00000004
229.48560199999997,9.0,103,0.0,8,8.0,[101  35 138 240  50  52 109   9],0.0,65 23 8A F0 32 34 6D 09,0x067,00000004
229.48560299999997,9.0,104,0.0,4,4.0,[141 245  25   0   0   0   0   0],0.0,8D F5 19 00 00 00 00 00,0x068,00000004
229.485604,9.0,107,0.0,5,5.0,[49 44 96 46  0  0  0  0],0.0,31 2C 60 2E 00 00 00 00,0x06B,00000004
229.68274999999997,9.0,111,0.0,8,8.0,[135 212 111  68 254 245 143 127],0.0,87 D4 6F 44 FE F5 8F 7F,0x06F,00000004
229.68359999999998,9.0,101,0.0,1,1.0,[91  0  0  0  0  0  0  0],0.0,5B 00 00 00 00 00 00 00,0x065,00000004
229.68360099999998,9.0,102,0.0,6,6.0,[  3 239  97  49  84  45   0   0],0.0,03 EF 61 31 54 2D 00 00,0x066,00000004
229.68360199999998,9.0,103,0.0,8,8.0,[111  35 138  80  49  52 109   9],0.0,6F 23 8A 50 31 34 6D 09,0x067,00000004
229.68360299999998,9.0,104,0.0,4,4.0,[143 245  25   0   0   0   0   0],0.0,8F F5 19 00 00 00 00 00,0x068,00000004
229.68360399999997,9.0,107,0.0,5,5.0,[233  43  64  45   0   0   0   0],0.0,E9 2B 40 2D 00 00 00 00,0x06B,00000004
229.88074999999998,9.0,111,0.0,8,8.0,[139 212 111  68 254 249 207 127],0.0,8B D4 6F 44 FE F9 CF 7F,0x06F,00000004
229.88174999999998,9.0,101,0.0,1,1.0,[91  0  0  0  0  0  0  0],0.0,5B 00 00 00 00 00 00 00,0x065,00000004
229.88175099999998,9.0,102,0.0,6,6.0,[  3 183  98  49  84  45   0   0],0.0,03 B7 62 31 54 2D 00 00,0x066,00000004
229.88175199999998,9.0,103,0.0,8,8.0,[121  35 138 208  47  52 109   9],0.0,79 23 8A D0 2F 34 6D 09,0x067,00000004
229.88175299999997,9.0,104,0.0,4,4.0,[143 245  25   0   0   0   0   0],0.0,8F F5 19 00 00 00 00 00,0x068,00000004
229.88175399999997,9.0,107,0.0,5,5.0,[241  42 192  42   0   0   0   0],0.0,F1 2A C0 2A 00 00 00 00,0x06B,00000004
229.88394999999997,9.0,106,0.0,3,3.0,[163   1   0   0   0   0   0   0],0.0,A3 01 00 00 00 00 00 00,0x06A,00000004
230.07874999999999,9.0,111,0.0,8,8.0,[139 228 111 196 254   1 176 127],0.0,8B E4 6F C4 FE 01 B0 7F,0x06F,00000004
230.08014999999997,9.0,101,0.0,1,1.0,[91  0  0  0  0  0  0  0],0.0,5B 00 00 00 00 00 00 00,0x065,00000004
230.08015099999997,9.0,102,0.0,6,6.0,[  3 127  99  49  84  45   0   0],0.0,03 7F 63 31 54 2D 00 00,0x066,00000004
230.08015199999997,9.0,103,0.0,8,8.0,[131  35 138  48  46  52 109   9],0.0,83 23 8A 30 2E 34 6D 09,0x067,00000004
230.080153,9.0,104,0.0,4,4.0,[145 245  25   0   0   0   0   0],0.0,91 F5 19 00 00 00 00 00,0x068,00000004
230.080154,9.0,107,0.0,5,5.0,[215  43  96  42   0   0   0   0],0.0,D7 2B 60 2A 00 00 00 00,0x06B,00000004
230.27675,9.0,111,0.0,8,8.0,[139 220  79  68 254   1 240 127],0.0,8B DC 4F 44 FE 01 F0 7F,0x06F,00000004
230.27749999999997,9.0,101,0.0,1,1.0,[83  0  0  0  0  0  0  0],0.0,53 00 00 00 00 00 00 00,0x065,00000004
230.27750099999997,9.0,102,0.0,6,6.0,[  3  71 100  49  84  45   0   0],0.0,03 47 64 31 54 2D 00 00,0x066,00000004
230.27750199999997,9.0,103,0.0,8,8.0,[143  35 138 144  44  52 109   9],0.0,8F 23 8A 90 2C 34 6D 09,0x067,00000004
230.277503,9.0,104,0.0,4,4.0,[141 245  25   0   0   0   0   0],0.0,8D F5 19 00 00 00 00 00,0x068,00000004
230.277504,9.0,107,0.0,5,5.0,[145  43 160  42   0   0   0   0],0.0,91 2B A0 2A 00 00 00 00,0x06B,00000004
230.47469999999998,9.0,111,0.0,8,8.0,[137 212 111 196 253 253  15 128],0.0,89 D4 6F C4 FD FD 0F 80,0x06F,00000004
230.47574999999998,9.0,101,0.0,1,1.0,[91  0  0  0  0  0  0  0],0.0,5B 00 00 00 00 00 00 00,0x065,00000004
230.47575099999997,9.0,102,0.0,6,6.0,[  3  15 101  49  84  45   0   0],0.0,03 0F 65 31 54 2D 00 00,0x066,00000004
230.47575199999997,9.0,103,0.0,8,8.0,[153  35 138  16  43  52 109   9],0.0,99 23 8A 10 2B 34 6D 09,0x067,00000004
230.47575299999997,9.0,104,0.0,4,4.0,[141 245  25   0   0   0   0   0],0.0,8D F5 19 00 00 00 00 00,0x068,00000004
230.475754,9.0,107,0.0,5,5.0,[ 49  43 160  46   0   0   0   0],0.0,31 2B A0 2E 00 00 00 00,0x06B,00000004
230.67274999999998,9.0,111,0.0,8,8.0,[141 204 143  68 254 253 175 127],0.0,8D CC 8F 44 FE FD AF 7F,0x06F,00000004
230.67374999999998,9.0,101,0.0,1,1.0,[91  0  0  0  0  0  0  0],0.0,5B 00 00 00 00 00 00 00,0x065,00000004
230.67375099999998,9.0,102,0.0,6,6.0,[  3 215 101  49  84  45   0   0],0.0,03 D7 65 31 54 2D 00 00,0x066,00000004
230.67375199999998,9.0,103,0.0,8,8.0,[163  35 138 112  41  52 109   9],0.0,A3 23 8A 70 29 34 6D 09,0x067,00000004
230.67375299999998,9.0,104,0.0,4,4.0,[139 245  25   0   0   0   0   0],0.0,8B F5 19 00 00 00 00 00,0x068,00000004
230.67375399999997,9.0,107,0.0,5,5.0,[57 43 64 47  0  0  0  0],0.0,39 2B 40 2F 00 00 00 00,0x06B,00000004
230.87075,9.0,111,0.0,8,8.0,[135 188 111  68 254   5 240 127],0.0,87 BC 6F 44 FE 05 F0 7F,0x06F,00000004
230.87159999999997,9.0,101,0.0,1,1.0,[91  0  0  0  0  0  0  0],0.0,5B 00 00 00 00 00 00 00,0x065,00000004
230.87160099999997,9.0,102,0.0,6,6.0,[  3 159 102  49  84  45   0   0],0.0,03 9F 66 31 54 2D 00 00,0x066,00000004
230.871602,9.0,103,0.0,8,8.0,[173  35 138 240  39  52 109   9],0.0,AD 23 8A F0 27 34 6D 09,0x067,00000004
230.871603,9.0,104,0.0,4,4.0,[139 245  25   0   0   0   0   0],0.0,8B F5 19 00 00 00 00 00,0x068,00000004
230.871604,9.0,107,0.0,5,5.0,[143  42  32  47   0   0   0   0],0.0,8F 2A 20 2F 00 00 00 00,0x06B,00000004
230.87384999999998,9.0,106,0.0,3,3.0,[175   1   0   0   0   0   0   0],0.0,AF 01 00 00 00 00 00 00,0x06A,00000004
231.06875,9.0,111,0.0,8,8.0,[139 188 143 196 254  17 176 127],0.0,8B BC 8F C4 FE 11 B0 7F,0x06F,00000004
231.06959999999998,9.0,101,0.0,1,1.0,[91  0  0  0  0  0  0  0],0.0,5B 00 00 00 00 00 00 00,0x065,00000004
231.06960099999998,9.0,102,0.0,6,6.0,[  3 103 103  49  84  45   0   0],0.0,03 67 67 31 54 2D 00 00,0x066,00000004
231.06960199999997,9.0,103,0.0,8,8.0,[185  35 138  80  38  52 109   9],0.0,B9 23 8A 50 26 34 6D 09,0x067,00000004
231.06960299999997,9.0,104,0.0,4,4.0,[137 245  25   0   0   0   0   0],0.0,89 F5 19 00 00 00 00 00,0x068,00000004
231.06960399999997,9.0,107,0.0,5,5.0,[195  42  96  49   0   0   0   0],0.0,C3 2A 60 31 00 00 00 00,0x06B,00000004
231.26674999999997,9.0,111,0.0,8,8.0,[137 180  79  68 254 253  47 128],0.0,89 B4 4F 44 FE FD 2F 80,0x06F,00000004
231.26754999999997,9.0,101,0.0,1,1.0,[91  0  0  0  0  0  0  0],0.0,5B 00 00 00 00 00 00 00,0x065,00000004
231.26755099999997,9.0,102,0.0,6,6.0,[  3  47 104  49  84  45   0   0],0.0,03 2F 68 31 54 2D 00 00,0x066,00000004
231.267552,9.0,103,0.0,8,8.0,[195  35 138 208  36  52 109   9],0.0,C3 23 8A D0 24 34 6D 09,0x067,00000004
231.267553,9.0,104,0.0,4,4.0,[135 245  25   0   0   0   0   0],0.0,87 F5 19 00 00 00 00 00,0x068,00000004
231.267554,9.0,107,0.0,5,5.0,[165  41 128  50   0   0   0   0],0.0,A5 29 80 32 00 00 00 00,0x06B,00000004
231.46474999999998,9.0,111,0.0,8,8.0,[139 172  47 196 254 253 239 127],0.0,8B AC 2F C4 FE FD EF 7F,0x06F,00000004
231.46574999999999,9.0,101,0.0,1,1.0,[83  0  0  0  0  0  0  0],0.0,53 00 00 00 00 00 00 00,0x065,00000004
231.46575099999998,9.0,102,0.0,6,6.0,[  3 247 104  49  84  45   0   0],0.0,03 F7 68 31 54 2D 00 00,0x066,00000004
231.46575199999998,9.0,103,0.0,8,8.0,[205  35 138  80  35  52 109   9],0.0,CD 23 8A 50 23 34 6D 09,0x067,00000004
231.46575299999998,9.0,104,0.0,4,4.0,[135 245  25   0   0   0   0   0],0.0,87 F5 19 00 00 00 00 00,0x068,00000004
231.46575399999998,9.0,107,0.0,5,5.0,[155  40 224  43   0   0   0   0],0.0,9B 28 E0 2B 00 00 00 00,0x06B,00000004
231.66275,9.0,111,0.0,8,8.0,[135 148  47  68 255 249 207 127],0.0,87 94 2F 44 FF F9 CF 7F,0x06F,00000004
231.66375,9.0,101,0.0,1,1.0,[83  0  0  0  0  0  0  0],0.0,53 00 00 00 00 00 00 00,0x065,00000004
231.663751,9.0,102,0.0,6,6.0,[  3 191 105  49  84  45   0   0],0.0,03 BF 69 31 54 2D 00 00,0x066,00000004
231.663752,9.0,103,0.0,8,8.0,[213  35 138 240  33  52 109   9],0.0,D5 23 8A F0 21 34 6D 09,0x067,00000004
231.66375299999999,9.0,104,0.0,4,4.0,[133 245  25   0   0   0   0   0],0.0,85 F5 19 00 00 00 00 00,0x068,00000004
231.66375399999998,9.0,107,0.0,5,5.0,[223  38 160  43   0   0   0   0],0.0,DF 26 A0 2B 00 00 00 00,0x06B,00000004
231.86075,9.0,111,0.0,8,8.0,[141 140 143  68 254 241  47 128],0.0,8D 8C 8F 44 FE F1 2F 80,0x06F,00000004
231.86239999999998,9.0,101,0.0,1,1.0,[75  0  0  0  0  0  0  0],0.0,4B 00 00 00 00 00 00 00,0x065,00000004
231.86240099999998,9.0,102,0.0,6,6.0,[  3 135 106  49  84  45   0   0],0.0,03 87 6A 31 54 2D 00 00,0x066,00000004
231.86240199999997,9.0,103,0.0,8,8.0,[223  35 138 144  32  52 109   9],0.0,DF 23 8A 90 20 34 6D 09,0x067,00000004
231.86240299999997,9.0,104,0.0,4,4.0,[131 245  25   0   0   0   0   0],0.0,83 F5 19 00 00 00 00 00,0x068,00000004
231.86240399999997,9.0,107,0.0,5,5.0,[245  37  64  45   0   0   0   0],0.0,F5 25 40 2D 00 00 00 00,0x06B,00000004
231.86469999999997,9.0,106,0.0,3,3.0,[185   1   0   0   0   0   0   0],0.0,B9 01 00 00 00 00 00 00,0x06A,00000004
232.05874999999997,9.0,111,0.0,8,8.0,[133 124  79  68 254 245 239 127],0.0,85 7C 4F 44 FE F5 EF 7F,0x06F,00000004
232.0596,9.0,101,0.0,1,1.0,[91  0  0  0  0  0  0  0],0.0,5B 00 00 00 00 00 00 00,0x065,00000004
232.059601,9.0,102,0.0,6,6.0,[  3  79 107  49  84  45   0   0],0.0,03 4F 6B 31 54 2D 00 00,0x066,00000004
232.05960199999998,9.0,103,0.0,8,8.0,[231  35 138  48  31  52 109   9],0.0,E7 23 8A 30 1F 34 6D 09,0x067,00000004
232.05960299999998,9.0,104,0.0,4,4.0,[131 245  25   0   0   0   0   0],0.0,83 F5 19 00 00 00 00 00,0x068,00000004
232.05960399999998,9.0,107,0.0,5,5.0,[23 36 64 50  0  0  0  0],0.0,17 24 40 32 00 00 00 00,0x06B,00000004
232.25674999999998,9.0,111,0.0,8,8.0,[137 116 143  68 254 245  47 128],0.0,89 74 8F 44 FE F5 2F 80,0x06F,00000004
232.25779999999997,9.0,101,0.0,1,1.0,[91  0  0  0  0  0  0  0],0.0,5B 00 00 00 00 00 00 00,0x065,00000004
232.25780099999997,9.0,102,0.0,6,6.0,[  3  23 108  49  84  45   0   0],0.0,03 17 6C 31 54 2D 00 00,0x066,00000004
232.25780199999997,9.0,103,0.0,8,8.0,[237  35 138 240  29  52 109   9],0.0,ED 23 8A F0 1D 34 6D 09,0x067,00000004
232.257803,9.0,104,0.0,4,4.0,[135 245  25   0   0   0   0   0],0.0,87 F5 19 00 00 00 00 00,0x068,00000004
232.257804,9.0,107,0.0,5,5.0,[67 33 64 41  0  0  0  0],0.0,43 21 40 29 00 00 00 00,0x06B,00000004
232.45475,9.0,111,0.0,8,8.0,[135 108 111  68 255 249 175 127],0.0,87 6C 6F 44 FF F9 AF 7F,0x06F,00000004
232.45575,9.0,101,0.0,1,1.0,[91  0  0  0  0  0  0  0],0.0,5B 00 00 00 00 00 00 00,0x065,00000004
232.455751,9.0,102,0.0,6,6.0,[  3 223 108  49  84  45   0   0],0.0,03 DF 6C 31 54 2D 00 00,0x066,00000004
232.455752,9.0,103,0.0,8,8.0,[245  35 138 176  28  52 109   9],0.0,F5 23 8A B0 1C 34 6D 09,0x067,00000004
232.455753,9.0,104,0.0,4,4.0,[135 245  25   0   0   0   0   0],0.0,87 F5 19 00 00 00 00 00,0x068,00000004
232.45575399999998,9.0,107,0.0,5,5.0,[167  30  96  41   0   0   0   0],0.0,A7 1E 60 29 00 00 00 00,0x06B,00000004
232.65274999999997,9.0,111,0.0,8,8.0,[135 124 111  68 255   5  16 128],0.0,87 7C 6F 44 FF 05 10 80,0x06F,00000004
232.65374999999997,9.0,101,0.0,1,1.0,[91  0  0  0  0  0  0  0],0.0,5B 00 00 00 00 00 00 00,0x065,00000004
232.65375099999997,9.0,102,0.0,6,6.0,[  3 167 109  49  84  45   0   0],0.0,03 A7 6D 31 54 2D 00 00,0x066,00000004
232.65375199999997,9.0,103,0.0,8,8.0,[251  35 138 176  27  52 109   9],0.0,FB 23 8A B0 1B 34 6D 09,0x067,00000004
232.653753,9.0,104,0.0,4,4.0,[137 245  25   0   0   0   0   0],0.0,89 F5 19 00 00 00 00 00,0x068,00000004
232.653754,9.0,107,0.0,5,5.0,[159  27 128  41   0   0   0   0],0.0,9F 1B 80 29 00 00 00 00,0x06B,00000004
232.85074999999998,9.0,111,0.0,8,8.0,[137 116 143  68 255 253 239 127],0.0,89 74 8F 44 FF FD EF 7F,0x06F,00000004
232.85174999999998,9.0,101,0.0,1,1.0,[91  0  0  0  0  0  0  0],0.0,5B 00 00 00 00 00 00 00,0x065,00000004
232.85175099999998,9.0,102,0.0,6,6.0,[  3 111 110  49  84  45   0   0],0.0,03 6F 6E 31 54 2D 00 00,0x066,00000004
232.85175199999998,9.0,103,0.0,8,8.0,[  1  36 138 176  26  52 109   9],0.0,01 24 8A B0 1A 34 6D 09,0x067,00000004
232.85175299999997,9.0,104,0.0,4,4.0,[139 245  25   0   0   0   0   0],0.0,8B F5 19 00 00 00 00 00,0x068,00000004
232.85175399999997,9.0,107,0.0,5,5.0,[171  25   0  41   0   0   0   0],0.0,AB 19 00 29 00 00 00 00,0x06B,00000004
232.85465,9.0,106,0.0,3,3.0,[193   1   0   0   0   0   0   0],0.0,C1 01 00 00 00 00 00 00,0x06A,00000004
233.04874999999998,9.0,111,0.0,8,8.0,[139 124 111 196 255 253 175 127],0.0,8B 7C 6F C4 FF FD AF 7F,0x06F,00000004
233.04975,9.0,101,0.0,1,1.0,[91  0  0  0  0  0  0  0],0.0,5B 00 00 00 00 00 00 00,0x065,00000004
233.049751,9.0,102,0.0,6,6.0,[  3  55 111  49  84  45   0   0],0.0,03 37 6F 31 54 2D 00 00,0x066,00000004
233.04975199999998,9.0,103,0.0,8,8.0,[  9  36 138 208  25  52 109   9],0.0,09 24 8A D0 19 34 6D 09,0x067,00000004
233.04975299999998,9.0,104,0.0,4,4.0,[143 245  25   0   0   0   0   0],0.0,8F F5 19 00 00 00 00 00,0x068,00000004
233.04975399999998,9.0,107,0.0,5,5.0,[147  23  96  38   0   0   0   0],0.0,93 17 60 26 00 00 00 00,0x06B,00000004
233.24675,9.0,111,0.0,8,8.0,[137 140 175 196 255 245 207 127],0.0,89 8C AF C4 FF F5 CF 7F,0x06F,00000004
233.24845,9.0,101,0.0,1,1.0,[91  0  0  0  0  0  0  0],0.0,5B 00 00 00 00 00 00 00,0x065,00000004
233.248451,9.0,102,0.0,6,6.0,[  3 255 111  49  84  45   0   0],0.0,03 FF 6F 31 54 2D 00 00,0x066,00000004
233.248452,9.0,103,0.0,8,8.0,[ 13  36 138  16  25  52 109   9],0.0,0D 24 8A 10 19 34 6D 09,0x067,00000004
233.24845299999998,9.0,104,0.0,4,4.0,[141 245  25   0   0   0   0   0],0.0,8D F5 19 00 00 00 00 00,0x068,00000004
233.24845399999998,9.0,107,0.0,5,5.0,[157  20 192  40   0   0   0   0],0.0,9D 14 C0 28 00 00 00 00,0x06B,00000004
233.4448,9.0,111,0.0,8,8.0,[137 148 111 196 255   5 208 127],0.0,89 94 6F C4 FF 05 D0 7F,0x06F,00000004
233.4458,9.0,101,0.0,1,1.0,[91  0  0  0  0  0  0  0],0.0,5B 00 00 00 00 00 00 00,0x065,00000004
233.445801,9.0,102,0.0,6,6.0,[  3 199 112  49  84  45   0   0],0.0,03 C7 70 31 54 2D 00 00,0x066,00000004
233.445802,9.0,103,0.0,8,8.0,[ 17  36 138  80  24  52 109   9],0.0,11 24 8A 50 18 34 6D 09,0x067,00000004
233.44580299999998,9.0,104,0.0,4,4.0,[145 245  25   0   0   0   0   0],0.0,91 F5 19 00 00 00 00 00,0x068,00000004
233.44580399999998,9.0,107,0.0,5,5.0,[153  20  64  36   0   0   0   0],0.0,99 14 40 24 00 00 00 00,0x06B,00000004
233.6428,9.0,111,0.0,8,8.0,[137 164 111 196 255 249 207 127],0.0,89 A4 6F C4 FF F9 CF 7F,0x06F,00000004
233.64379999999997,9.0,101,0.0,1,1.0,[91  0  0  0  0  0  0  0],0.0,5B 00 00 00 00 00 00 00,0x065,00000004
233.64380099999997,9.0,102,0.0,6,6.0,[  3 143 113  49  84  45   0   0],0.0,03 8F 71 31 54 2D 00 00,0x066,00000004
233.643802,9.0,103,0.0,8,8.0,[ 21  36 138 144  23  52 109   9],0.0,15 24 8A 90 17 34 6D 09,0x067,00000004
233.643803,9.0,104,0.0,4,4.0,[145 245  25   0   0   0   0   0],0.0,91 F5 19 00 00 00 00 00,0x068,00000004
233.643804,9.0,107,0.0,5,5.0,[147  18 128  38   0   0   0   0],0.0,93 12 80 26 00 00 00 00,0x06B,00000004
233.84079999999997,9.0,111,0.0,8,8.0,[139 156 143 196 255 249 239 127],0.0,8B 9C 8F C4 FF F9 EF 7F,0x06F,00000004
234.03904999999997,9.0,101,0.0,1,1.0,[91  0  0  0  0  0  0  0],0.0,5B 00 00 00 00 00 00 00,0x065,00000004
234.03905099999997,9.0,102,0.0,6,6.0,[  3  87 114  49  84  45   0   0],0.0,03 57 72 31 54 2D 00 00,0x066,00000004
234.03905199999997,9.0,103,0.0,8,8.0,[ 25  36 138 208  22  52 109   9],0.0,19 24 8A D0 16 34 6D 09,0x067,00000004
234.039053,9.0,104,0.0,4,4.0,[143 245  25   0   0   0   0   0],0.0,8F F5 19 00 00 00 00 00,0x068,00000004
234.039054,9.0,107,0.0,5,5.0,[69 18 64 40  0  0  0  0],0.0,45 12 40 28 00 00 00 00,0x06B,00000004
234.04199999999997,9.0,106,0.0,3,3.0,[199   1   0   0   0   0   0   0],0.0,C7 01 00 00 00 00 00 00,0x06A,00000004
234.0424,9.0,111,0.0,8,8.0,[135 148 111 196 255 253 239 127],0.0,87 94 6F C4 FF FD EF 7F,0x06F,00000004
234.2368,9.0,111,0.0,8,8.0,[137 140 111  68 255 245  15 128],0.0,89 8C 6F 44 FF F5 0F 80,0x06F,00000004
234.43505,9.0,101,0.0,1,1.0,[91  0  0  0  0  0  0  0],0.0,5B 00 00 00 00 00 00 00,0x065,00000004
234.435051,9.0,102,0.0,6,6.0,[  3 231 115  49  84  45   0   0],0.0,03 E7 73 31 54 2D 00 00,0x066,00000004
234.43505199999998,9.0,103,0.0,8,8.0,[ 33  36 138 208  21  52 109   9],0.0,21 24 8A D0 15 34 6D 09,0x067,00000004
234.43505299999998,9.0,104,0.0,4,4.0,[145 245  25   0   0   0   0   0],0.0,91 F5 19 00 00 00 00 00,0x068,00000004
234.43505399999998,9.0,107,0.0,5,5.0,[ 41  14 160  40   0   0   0   0],0.0,29 0E A0 28 00 00 00 00,0x06B,00000004
234.43749999999997,9.0,111,0.0,8,8.0,[141 140 111  68 255 249 239 127],0.0,8D 8C 6F 44 FF F9 EF 7F,0x06F,00000004
234.63304999999997,9.0,101,0.0,1,1.0,[91  0  0  0  0  0  0  0],0.0,5B 00 00 00 00 00 00 00,0x065,00000004
234.633051,9.0,102,0.0,6,6.0,[  3 175 116  49  84  45   0   0],0.0,03 AF 74 31 54 2D 00 00,0x066,00000004
234.633052,9.0,103,0.0,8,8.0,[ 37  36 138 112  21  52 109   9],0.0,25 24 8A 70 15 34 6D 09,0x067,00000004
234.633053,9.0,104,0.0,4,4.0,[145 245  25   0   0   0   0   0],0.0,91 F5 19 00 00 00 00 00,0x068,00000004
234.633054,9.0,107,0.0,5,5.0,[151  12   0  45   0   0   0   0],0.0,97 0C 00 2D 00 00 00 00,0x06B,00000004
234.63619999999997,9.0,111,0.0,8,8.0,[135 164 143  68 255   1 240 127],0.0,87 A4 8F 44 FF 01 F0 7F,0x06F,00000004
234.83104999999998,9.0,101,0.0,1,1.0,[91  0  0  0  0  0  0  0],0.0,5B 00 00 00 00 00 00 00,0x065,00000004
234.83105099999997,9.0,102,0.0,6,6.0,[  3 119 117  49  84  45   0   0],0.0,03 77 75 31 54 2D 00 00,0x066,00000004
234.83105199999997,9.0,103,0.0,8,8.0,[ 41  36 138  16  21  52 109   9],0.0,29 24 8A 10 15 34 6D 09,0x067,00000004
234.83105299999997,9.0,104,0.0,4,4.0,[145 245  25   0   0   0   0   0],0.0,91 F5 19 00 00 00 00 00,0x068,00000004
234.831054,9.0,107,0.0,5,5.0,[  9  11 128  46   0   0   0   0],0.0,09 0B 80 2E 00 00 00 00,0x06B,00000004
234.8335,9.0,111,0.0,8,8.0,[137 180 111 196 255 253 207 127],0.0,89 B4 6F C4 FF FD CF 7F,0x06F,00000004
235.02929999999998,9.0,101,0.0,1,1.0,[91  0  0  0  0  0  0  0],0.0,5B 00 00 00 00 00 00 00,0x065,00000004
235.02930099999998,9.0,102,0.0,6,6.0,[  3  63 118  49  84  45   0   0],0.0,03 3F 76 31 54 2D 00 00,0x066,00000004
235.02930199999997,9.0,103,0.0,8,8.0,[ 43  36 138 176  20  52 109   9],0.0,2B 24 8A B0 14 34 6D 09,0x067,00000004
235.02930299999997,9.0,104,0.0,4,4.0,[145 245  25   0   0   0   0   0],0.0,91 F5 19 00 00 00 00 00,0x068,00000004
235.02930399999997,9.0,107,0.0,5,5.0,[ 53  10 224  46   0   0   0   0],0.0,35 0A E0 2E 00 00 00 00,0x06B,00000004
235.0315,9.0,106,0.0,3,3.0,[201   1   0   0   0   0   0   0],0.0,C9 01 00 00 00 00 00 00,0x06A,00000004
235.03175,9.0,111,0.0,8,8.0,[139 180 111  68 255   1 240 127],0.0,8B B4 6F 44 FF 01 F0 7F,0x06F,00000004
235.22705,9.0,101,0.0,1,1.0,[91  0  0  0  0  0  0  0],0.0,5B 00 00 00 00 00 00 00,0x065,00000004
235.227051,9.0,102,0.0,6,6.0,[  3   7 119  49  84  45   0   0],0.0,03 07 77 31 54 2D 00 00,0x066,00000004
235.227052,9.0,103,0.0,8,8.0,[ 45  36 138 112  20  52 109   9],0.0,2D 24 8A 70 14 34 6D 09,0x067,00000004
235.22705299999998,9.0,104,0.0,4,4.0,[145 245  25   0   0   0   0   0],0.0,91 F5 19 00 00 00 00 00,0x068,00000004
235.22705399999998,9.0,107,0.0,5,5.0,[105   8  64  46   0   0   0   0],0.0,69 08 40 2E 00 00 00 00,0x06B,00000004
235.23029999999997,9.0,111,0.0,8,8.0,[137 188 111  68 255 253 239 127],0.0,89 BC 6F 44 FF FD EF 7F,0x06F,00000004
235.42504999999997,9.0,101,0.0,1,1.0,[91  0  0  0  0  0  0  0],0.0,5B 00 00 00 00 00 00 00,0x065,00000004
235.42505099999997,9.0,102,0.0,6,6.0,[  3 207 119  49  84  45   0   0],0.0,03 CF 77 31 54 2D 00 00,0x066,00000004
235.425052,9.0,103,0.0,8,8.0,[ 47  36 138  80  20  52 109   9],0.0,2F 24 8A 50 14 34 6D 09,0x067,00000004
235.425053,9.0,104,0.0,4,4.0,[143 245  25   0   0   0   0   0],0.0,8F F5 19 00 00 00 00 00,0x068,00000004
235.425054,9.0,107,0.0,5,5.0,[141   7  32  46   0   0   0   0],0.0,8D 07 20 2E 00 00 00 00,0x06B,00000004
235.42754999999997,9.0,111,0.0,8,8.0,[139 188 111  68 255 249 239 127],0.0,8B BC 6F 44 FF F9 EF 7F,0x06F,00000004
235.62304999999998,9.0,101,0.0,1,1.0,[91  0  0  0  0  0  0  0],0.0,5B 00 00 00 00 00 00 00,0x065,00000004
235.62305099999998,9.0,102,0.0,6,6.0,[  3 151 120  49  84  45   0   0],0.0,03 97 78 31 54 2D 00 00,0x066,00000004
235.62305199999997,9.0,103,0.0,8,8.0,[ 47  36 138  16  20  52 109   9],0.0,2F 24 8A 10 14 34 6D 09,0x067,00000004
235.62305299999997,9.0,104,0.0,4,4.0,[143 245  25   0   0   0   0   0],0.0,8F F5 19 00 00 00 00 00,0x068,00000004
235.62305399999997,9.0,107,0.0,5,5.0,[59  5  0 42  0  0  0  0],0.0,3B 05 00 2A 00 00 00 00,0x06B,00000004
235.62619999999998,9.0,111,0.0,8,8.0,[139 188 111  68 255   1 240 127],0.0,8B BC 6F 44 FF 01 F0 7F,0x06F,00000004
235.82129999999998,9.0,101,0.0,1,1.0,[91  0  0  0  0  0  0  0],0.0,5B 00 00 00 00 00 00 00,0x065,00000004
235.82130099999998,9.0,102,0.0,6,6.0,[  3  95 121  49  84  45   0   0],0.0,03 5F 79 31 54 2D 00 00,0x066,00000004
235.82130199999997,9.0,103,0.0,8,8.0,[ 49  36 138 240  19  52 109   9],0.0,31 24 8A F0 13 34 6D 09,0x067,00000004
235.82130299999997,9.0,104,0.0,4,4.0,[143 245  25   0   0   0   0   0],0.0,8F F5 19 00 00 00 00 00,0x068,00000004
235.82130399999997,9.0,107,0.0,5,5.0,[43  5 32 38  0  0  0  0],0.0,2B 05 20 26 00 00 00 00,0x06B,00000004
235.82354999999998,9.0,111,0.0,8,8.0,[137 188 111  68 255 253 239 127],0.0,89 BC 6F 44 FF FD EF 7F,0x06F,00000004
236.01905,9.0,101,0.0,1,1.0,[91  0  0  0  0  0  0  0],0.0,5B 00 00 00 00 00 00 00,0x065,00000004
236.019051,9.0,102,0.0,6,6.0,[  3  39 122  49  84  45   0   0],0.0,03 27 7A 31 54 2D 00 00,0x066,00000004
236.019052,9.0,103,0.0,8,8.0,[ 49  36 138 208  19  52 109   9],0.0,31 24 8A D0 13 34 6D 09,0x067,00000004
236.01905299999999,9.0,104,0.0,4,4.0,[143 245  25   0   0   0   0   0],0.0,8F F5 19 00 00 00 00 00,0x068,00000004
236.01905399999998,9.0,107,0.0,5,5.0,[53  4 96 37  0  0  0  0],0.0,35 04 60 25 00 00 00 00,0x06B,00000004
236.0219,9.0,106,0.0,3,3.0,[203   1   0   0   0   0   0   0],0.0,CB 01 00 00 00 00 00 00,0x06A,00000004
236.02224999999999,9.0,111,0.0,8,8.0,[137 188 111  68 255 253 207 127],0.0,89 BC 6F 44 FF FD CF 7F,0x06F,00000004
236.2173,9.0,101,0.0,1,1.0,[91  0  0  0  0  0  0  0],0.0,5B 00 00 00 00 00 00 00,0x065,00000004
236.217301,9.0,102,0.0,6,6.0,[  3 239 122  49  84  45   0   0],0.0,03 EF 7A 31 54 2D 00 00,0x066,00000004
236.217302,9.0,103,0.0,8,8.0,[ 51  36 138 176  19  52 109   9],0.0,33 24 8A B0 13 34 6D 09,0x067,00000004
236.217303,9.0,104,0.0,4,4.0,[141 245  25   0   0   0   0   0],0.0,8D F5 19 00 00 00 00 00,0x068,00000004
236.21730399999998,9.0,107,0.0,5,5.0,[245   3  96  47   0   0   0   0],0.0,F5 03 60 2F 00 00 00 00,0x06B,00000004
236.21945,9.0,111,0.0,8,8.0,[137 196 111  68 255 253 239 127],0.0,89 C4 6F 44 FF FD EF 7F,0x06F,00000004
236.41529999999997,9.0,101,0.0,1,1.0,[91  0  0  0  0  0  0  0],0.0,5B 00 00 00 00 00 00 00,0x065,00000004
236.41530099999997,9.0,102,0.0,6,6.0,[  3 183 123  49  84  45   0   0],0.0,03 B7 7B 31 54 2D 00 00,0x066,00000004
236.41530199999997,9.0,103,0.0,8,8.0,[ 51  36 138 144  19  52 109   9],0.0,33 24 8A 90 13 34 6D 09,0x067,00000004
236.415303,9.0,104,0.0,4,4.0,[139 245  25   0   0   0   0   0],0.0,8B F5 19 00 00 00 00 00,0x068,00000004
236.415304,9.0,107,0.0,5,5.0,[53  4 96 46  0  0  0  0],0.0,35 04 60 2E 00 00 00 00,0x06B,00000004
236.41744999999997,9.0,111,0.0,8,8.0,[137 196 111  68 255 253 239 127],0.0,89 C4 6F 44 FF FD EF 7F,0x06F,00000004
236.61305,9.0,101,0.0,1,1.0,[91  0  0  0  0  0  0  0],0.0,5B 00 00 00 00 00 00 00,0x065,00000004
236.61305099999998,9.0,102,0.0,6,6.0,[  3 127 124  49  84  45   0   0],0.0,03 7F 7C 31 54 2D 00 00,0x066,00000004
236.61305199999998,9.0,103,0.0,8,8.0,[ 53  36 138 144  19  52 109   9],0.0,35 24 8A 90 13 34 6D 09,0x067,00000004
236.61305299999998,9.0,104,0.0,4,4.0,[139 245  25   0   0   0   0   0],0.0,8B F5 19 00 00 00 00 00,0x068,00000004
236.61305399999998,9.0,107,0.0,5,5.0,[81  2 32 53  0  0  0  0],0.0,51 02 20 35 00 00 00 00,0x06B,00000004
236.61624999999998,9.0,111,0.0,8,8.0,[137 196 111  68 255   1 240 127],0.0,89 C4 6F 44 FF 01 F0 7F,0x06F,00000004
236.81109999999998,9.0,101,0.0,1,1.0,[91  0  0  0  0  0  0  0],0.0,5B 00 00 00 00 00 00 00,0x065,00000004
236.81110099999998,9.0,102,0.0,6,6.0,[  3  71 125  49  84  45   0   0],0.0,03 47 7D 31 54 2D 00 00,0x066,00000004
236.81110199999998,9.0,103,0.0,8,8.0,[ 53  36 138 112  19  52 109   9],0.0,35 24 8A 70 13 34 6D 09,0x067,00000004
236.81110299999997,9.0,104,0.0,4,4.0,[139 245  25   0   0   0   0   0],0.0,8B F5 19 00 00 00 00 00,0x068,00000004
236.81110399999997,9.0,107,0.0,5,5.0,[187   1 224  42   0   0   0   0],0.0,BB 01 E0 2A 00 00 00 00,0x06B,00000004
236.81345,9.0,111,0.0,8,8.0,[139 204 111  68 255 253 207 127],0.0,8B CC 6F 44 FF FD CF 7F,0x06F,00000004
237.00929999999997,9.0,101,0.0,1,1.0,[91  0  0  0  0  0  0  0],0.0,5B 00 00 00 00 00 00 00,0x065,00000004
237.009301,9.0,102,0.0,6,6.0,[  3  15 126  49  84  45   0   0],0.0,03 0F 7E 31 54 2D 00 00,0x066,00000004
237.009302,9.0,103,0.0,8,8.0,[ 53  36 138 112  19  52 109   9],0.0,35 24 8A 70 13 34 6D 09,0x067,00000004
237.009303,9.0,104,0.0,4,4.0,[137 245  25   0   0   0   0   0],0.0,89 F5 19 00 00 00 00 00,0x068,00000004
237.009304,9.0,107,0.0,5,5.0,[241   0  96  60   0   0   0   0],0.0,F1 00 60 3C 00 00 00 00,0x06B,00000004
237.01209999999998,9.0,106,0.0,3,3.0,[203   1   0   0   0   0   0   0],0.0,CB 01 00 00 00 00 00 00,0x06A,00000004
237.01225,9.0,111,0.0,8,8.0,[139 172 111 196 254 253 239 127],0.0,8B AC 6F C4 FE FD EF 7F,0x06F,00000004
237.20709999999997,9.0,101,0.0,1,1.0,[91  0  0  0  0  0  0  0],0.0,5B 00 00 00 00 00 00 00,0x065,00000004
237.207101,9.0,102,0.0,6,6.0,[  3 215 126  49  84  45   0   0],0.0,03 D7 7E 31 54 2D 00 00,0x066,00000004
237.207102,9.0,103,0.0,8,8.0,[ 53  36 138 112  19  52 109   9],0.0,35 24 8A 70 13 34 6D 09,0x067,00000004
237.207103,9.0,104,0.0,4,4.0,[137 245  25   0   0   0   0   0],0.0,89 F5 19 00 00 00 00 00,0x068,00000004
237.207104,9.0,107,0.0,5,5.0,[101   0 128  48   0   0   0   0],0.0,65 00 80 30 00 00 00 00,0x06B,00000004
237.20944999999998,9.0,111,0.0,8,8.0,[137 236  79 196 255 253 175 127],0.0,89 EC 4F C4 FF FD AF 7F,0x06F,00000004
237.40529999999998,9.0,101,0.0,1,1.0,[91  0  0  0  0  0  0  0],0.0,5B 00 00 00 00 00 00 00,0x065,00000004
237.40530099999998,9.0,102,0.0,6,6.0,[  3 159 127  49  84  45   0   0],0.0,03 9F 7F 31 54 2D 00 00,0x066,00000004
237.40530199999998,9.0,103,0.0,8,8.0,[ 51  36 138 112  19  52 109   9],0.0,33 24 8A 70 13 34 6D 09,0x067,00000004
237.40530299999998,9.0,104,0.0,4,4.0,[139 245  25   0   0   0   0   0],0.0,8B F5 19 00 00 00 00 00,0x068,00000004
237.40530399999997,9.0,107,0.0,5,5.0,[ 81   0 192  57   0   0   0   0],0.0,51 00 C0 39 00 00 00 00,0x06B,00000004
237.40814999999998,9.0,111,0.0,8,8.0,[139 220 111 196 254 253  15 128],0.0,8B DC 6F C4 FE FD 0F 80,0x06F,00000004
237.6033,9.0,101,0.0,1,1.0,[91  0  0  0  0  0  0  0],0.0,5B 00 00 00 00 00 00 00,0x065,00000004
237.603301,9.0,102,0.0,6,6.0,[  3 103 128  49  84  45   0   0],0.0,03 67 80 31 54 2D 00 00,0x066,00000004
237.60330199999999,9.0,103,0.0,8,8.0,[ 51  36 138 112  19  52 109   9],0.0,33 24 8A 70 13 34 6D 09,0x067,00000004
237.60330299999998,9.0,104,0.0,4,4.0,[139 245  25   0   0   0   0   0],0.0,8B F5 19 00 00 00 00 00,0x068,00000004
237.60330399999998,9.0,107,0.0,5,5.0,[147   0  32  51   0   0   0   0],0.0,93 00 20 33 00 00 00 00,0x06B,00000004
237.60549999999998,9.0,111,0.0,8,8.0,[137 220 111  68 255 253 207 127],0.0,89 DC 6F 44 FF FD CF 7F,0x06F,00000004
237.8011,9.0,101,0.0,1,1.0,[91  0  0  0  0  0  0  0],0.0,5B 00 00 00 00 00 00 00,0x065,00000004
237.801101,9.0,102,0.0,6,6.0,[  3  47 129  49  84  45   0   0],0.0,03 2F 81 31 54 2D 00 00,0x066,00000004
237.801102,9.0,103,0.0,8,8.0,[ 51  36 138 112  19  52 109   9],0.0,33 24 8A 70 13 34 6D 09,0x067,00000004
237.80110299999998,9.0,104,0.0,4,4.0,[139 245  25   0   0   0   0   0],0.0,8B F5 19 00 00 00 00 00,0x068,00000004
237.80110399999998,9.0,107,0.0,5,5.0,[ 61   1 160  57   0   0   0   0],0.0,3D 01 A0 39 00 00 00 00,0x06B,00000004
237.80415,9.0,111,0.0,8,8.0,[139 220 111  68 255 253 239 127],0.0,8B DC 6F 44 FF FD EF 7F,0x06F,00000004
237.99929999999998,9.0,101,0.0,1,1.0,[91  0  0  0  0  0  0  0],0.0,5B 00 00 00 00 00 00 00,0x065,00000004
237.99930099999997,9.0,102,0.0,6,6.0,[  3 247 129  49  84  45   0   0],0.0,03 F7 81 31 54 2D 00 00,0x066,00000004
237.99930199999997,9.0,103,0.0,8,8.0,[ 51  36 138 112  19  52 109   9],0.0,33 24 8A 70 13 34 6D 09,0x067,00000004
237.99930299999997,9.0,104,0.0,4,4.0,[139 245  25   0   0   0   0   0],0.0,8B F5 19 00 00 00 00 00,0x068,00000004
237.999304,9.0,107,0.0,5,5.0,[219   0 160  52   0   0   0   0],0.0,DB 00 A0 34 00 00 00 00,0x06B,00000004
238.00144999999998,9.0,106,0.0,3,3.0,[203   1   0   0   0   0   0   0],0.0,CB 01 00 00 00 00 00 00,0x06A,00000004
238.0023,9.0,111,0.0,8,8.0,[139 220 111  68 255 253 239 127],0.0,8B DC 6F 44 FF FD EF 7F,0x06F,00000004
238.19729999999998,9.0,101,0.0,1,1.0,[83  0  0  0  0  0  0  0],0.0,53 00 00 00 00 00 00 00,0x065,00000004
238.19730099999998,9.0,102,0.0,6,6.0,[  3 191 130  49  84  45   0   0],0.0,03 BF 82 31 54 2D 00 00,0x066,00000004
238.19730199999998,9.0,103,0.0,8,8.0,[ 51  36 138 112  19  52 109   9],0.0,33 24 8A 70 13 34 6D 09,0x067,00000004
238.19730299999998,9.0,104,0.0,4,4.0,[139 245  25   0   0   0   0   0],0.0,8B F5 19 00 00 00 00 00,0x068,00000004
238.19730399999997,9.0,107,0.0,5,5.0,[183   0  32  58   0   0   0   0],0.0,B7 00 20 3A 00 00 00 00,0x06B,00000004
238.19949999999997,9.0,111,0.0,8,8.0,[139 220 111 196 254 253 239 127],0.0,8B DC 6F C4 FE FD EF 7F,0x06F,00000004
238.3953,9.0,101,0.0,1,1.0,[75  0  0  0  0  0  0  0],0.0,4B 00 00 00 00 00 00 00,0x065,00000004
238.395301,9.0,102,0.0,6,6.0,[  3 135 131  49  84  45   0   0],0.0,03 87 83 31 54 2D 00 00,0x066,00000004
238.395302,9.0,103,0.0,8,8.0,[ 51  36 138 112  19  52 109   9],0.0,33 24 8A 70 13 34 6D 09,0x067,00000004
238.39530299999998,9.0,104,0.0,4,4.0,[141 245  25   0   0   0   0   0],0.0,8D F5 19 00 00 00 00 00,0x068,00000004
238.39530399999998,9.0,107,0.0,5,5.0,[223   0   0  42   0   0   0   0],0.0,DF 00 00 2A 00 00 00 00,0x06B,00000004
238.39819999999997,9.0,111,0.0,8,8.0,[139 220 111  68 255 253 239 127],0.0,8B DC 6F 44 FF FD EF 7F,0x06F,00000004
238.59329999999997,9.0,101,0.0,1,1.0,[75  0  0  0  0  0  0  0],0.0,4B 00 00 00 00 00 00 00,0x065,00000004
238.59330099999997,9.0,102,0.0,6,6.0,[  3  79 132  49  84  45   0   0],0.0,03 4F 84 31 54 2D 00 00,0x066,00000004
238.593302,9.0,103,0.0,8,8.0,[ 51  36 138 112  19  52 109   9],0.0,33 24 8A 70 13 34 6D 09,0x067,00000004
238.593303,9.0,104,0.0,4,4.0,[139 245  25   0   0   0   0   0],0.0,8B F5 19 00 00 00 00 00,0x068,00000004
238.593304,9.0,107,0.0,5,5.0,[ 37   0 128  36   0   0   0   0],0.0,25 00 80 24 00 00 00 00,0x06B,00000004
238.59554999999997,9.0,111,0.0,8,8.0,[139 220 111  68 255 253 239 127],0.0,8B DC 6F 44 FF FD EF 7F,0x06F,00000004
238.79129999999998,9.0,101,0.0,1,1.0,[75  0  0  0  0  0  0  0],0.0,4B 00 00 00 00 00 00 00,0x065,00000004
238.79130099999998,9.0,102,0.0,6,6.0,[  3  23 133  49  84  45   0   0],0.0,03 17 85 31 54 2D 00 00,0x066,00000004
238.79130199999997,9.0,103,0.0,8,8.0,[ 49  36 138 112  19  52 109   9],0.0,31 24 8A 70 13 34 6D 09,0x067,00000004
238.79130299999997,9.0,104,0.0,4,4.0,[139 245  25   0   0   0   0   0],0.0,8B F5 19 00 00 00 00 00,0x068,00000004
238.79130399999997,9.0,107,0.0,5,5.0,[165   0 224  65   0   0   0   0],0.0,A5 00 E0 41 00 00 00 00,0x06B,00000004
238.79424999999998,9.0,111,0.0,8,8.0,[139 220 111  68 255 253 239 127],0.0,8B DC 6F 44 FF FD EF 7F,0x06F,00000004
238.98944999999998,9.0,101,0.0,1,1.0,[75  0  0  0  0  0  0  0],0.0,4B 00 00 00 00 00 00 00,0x065,00000004
238.98945099999997,9.0,102,0.0,6,6.0,[  3 223 133  49  84  45   0   0],0.0,03 DF 85 31 54 2D 00 00,0x066,00000004
238.98945199999997,9.0,103,0.0,8,8.0,[ 49  36 138 112  19  52 109   9],0.0,31 24 8A 70 13 34 6D 09,0x067,00000004
238.98945299999997,9.0,104,0.0,4,4.0,[139 245  25   0   0   0   0   0],0.0,8B F5 19 00 00 00 00 00,0x068,00000004
238.989454,9.0,107,0.0,5,5.0,[189   0   0  65   0   0   0   0],0.0,BD 00 00 41 00 00 00 00,0x06B,00000004
238.99169999999998,9.0,106,0.0,3,3.0,[203   1   0   0   0   0   0   0],0.0,CB 01 00 00 00 00 00 00,0x06A,00000004
238.99194999999997,9.0,111,0.0,8,8.0,[139 220 111  68 255 253 239 127],0.0,8B DC 6F 44 FF FD EF 7F,0x06F,00000004
239.1873,9.0,101,0.0,1,1.0,[75  0  0  0  0  0  0  0],0.0,4B 00 00 00 00 00 00 00,0x065,00000004
239.187301,9.0,102,0.0,6,6.0,[  3 167 134  49  84  45   0   0],0.0,03 A7 86 31 54 2D 00 00,0x066,00000004
239.187302,9.0,103,0.0,8,8.0,[ 49  36 138 112  19  52 109   9],0.0,31 24 8A 70 13 34 6D 09,0x067,00000004
239.18730299999999,9.0,104,0.0,4,4.0,[139 245  25   0   0   0   0   0],0.0,8B F5 19 00 00 00 00 00,0x068,00000004
239.18730399999998,9.0,107,0.0,5,5.0,[229   0   0  39   0   0   0   0],0.0,E5 00 00 27 00 00 00 00,0x06B,00000004
239.19025,9.0,111,0.0,8,8.0,[139 220 111  68 255 253 239 127],0.0,8B DC 6F 44 FF FD EF 7F,0x06F,00000004
239.38535,9.0,101,0.0,1,1.0,[75  0  0  0  0  0  0  0],0.0,4B 00 00 00 00 00 00 00,0x065,00000004
239.38535099999999,9.0,102,0.0,6,6.0,[  3 111 135  49  84  45   0   0],0.0,03 6F 87 31 54 2D 00 00,0x066,00000004
239.38535199999998,9.0,103,0.0,8,8.0,[ 49  36 138 112  19  52 109   9],0.0,31 24 8A 70 13 34 6D 09,0x067,00000004
239.38535299999998,9.0,104,0.0,4,4.0,[139 245  25   0   0   0   0   0],0.0,8B F5 19 00 00 00 00 00,0x068,00000004
239.38535399999998,9.0,107,0.0,5,5.0,[167   0  32  71   0   0   0   0],0.0,A7 00 20 47 00 00 00 00,0x06B,00000004
239.38754999999998,9.0,111,0.0,8,8.0,[139 220 111  68 255 253 239 127],0.0,8B DC 6F 44 FF FD EF 7F,0x06F,00000004
239.58335,9.0,101,0.0,1,1.0,[75  0  0  0  0  0  0  0],0.0,4B 00 00 00 00 00 00 00,0x065,00000004
239.583351,9.0,102,0.0,6,6.0,[  3  55 136  49  84  45   0   0],0.0,03 37 88 31 54 2D 00 00,0x066,00000004
239.583352,9.0,103,0.0,8,8.0,[ 49  36 138 112  19  52 109   9],0.0,31 24 8A 70 13 34 6D 09,0x067,00000004
239.583353,9.0,104,0.0,4,4.0,[139 245  25   0   0   0   0   0],0.0,8B F5 19 00 00 00 00 00,0x068,00000004
239.58335399999999,9.0,107,0.0,5,5.0,[ 65   0 224  67   0   0   0   0],0.0,41 00 E0 43 00 00 00 00,0x06B,00000004
239.58354999999997,9.0,111,0.0,8,8.0,[139 220 111  68 255 253 239 127],0.0,8B DC 6F 44 FF FD EF 7F,0x06F,00000004
239.78085,9.0,111,0.0,8,8.0,[139 220 111  68 255 253 239 127],0.0,8B DC 6F 44 FF FD EF 7F,0x06F,00000004
239.7815,9.0,101,0.0,1,1.0,[75  0  0  0  0  0  0  0],0.0,4B 00 00 00 00 00 00 00,0x065,00000004
239.781501,9.0,102,0.0,6,6.0,[  3 255 136  49  84  45   0   0],0.0,03 FF 88 31 54 2D 00 00,0x066,00000004
239.781502,9.0,103,0.0,8,8.0,[ 49  36 138 112  19  52 109   9],0.0,31 24 8A 70 13 34 6D 09,0x067,00000004
239.781503,9.0,104,0.0,4,4.0,[139 245  25   0   0   0   0   0],0.0,8B F5 19 00 00 00 00 00,0x068,00000004
239.78150399999998,9.0,107,0.0,5,5.0,[185   0 192  66   0   0   0   0],0.0,B9 00 C0 42 00 00 00 00,0x06B,00000004
239.97934999999998,9.0,101,0.0,1,1.0,[75  0  0  0  0  0  0  0],0.0,4B 00 00 00 00 00 00 00,0x065,00000004
239.97935099999998,9.0,102,0.0,6,6.0,[  3 199 137  49  84  45   0   0],0.0,03 C7 89 31 54 2D 00 00,0x066,00000004
239.97935199999998,9.0,103,0.0,8,8.0,[ 49  36 138 112  19  52 109   9],0.0,31 24 8A 70 13 34 6D 09,0x067,00000004
239.97935299999997,9.0,104,0.0,4,4.0,[139 245  25   0   0   0   0   0],0.0,8B F5 19 00 00 00 00 00,0x068,00000004
239.97935399999997,9.0,107,0.0,5,5.0,[ 57   0 224  66   0   0   0   0],0.0,39 00 E0 42 00 00 00 00,0x06B,00000004
239.98149999999998,9.0,106,0.0,3,3.0,[203   1   0   0   0   0   0   0],0.0,CB 01 00 00 00 00 00 00,0x06A,00000004
239.9817,9.0,111,0.0,8,8.0,[139 220 111 196 254 253 239 127],0.0,8B DC 6F C4 FE FD EF 7F,0x06F,00000004
240.17735,9.0,101,0.0,1,1.0,[75  0  0  0  0  0  0  0],0.0,4B 00 00 00 00 00 00 00,0x065,00000004
240.177351,9.0,102,0.0,6,6.0,[  3 143 138  49  84  45   0   0],0.0,03 8F 8A 31 54 2D 00 00,0x066,00000004
240.17735199999998,9.0,103,0.0,8,8.0,[ 49  36 138 112  19  52 109   9],0.0,31 24 8A 70 13 34 6D 09,0x067,00000004
240.17735299999998,9.0,104,0.0,4,4.0,[137 245  25   0   0   0   0   0],0.0,89 F5 19 00 00 00 00 00,0x068,00000004
240.17735399999998,9.0,107,0.0,5,5.0,[93  0 32 59  0  0  0  0],0.0,5D 00 20 3B 00 00 00 00,0x06B,00000004
240.18059999999997,9.0,111,0.0,8,8.0,[139 220 111  68 255 253 239 127],0.0,8B DC 6F 44 FF FD EF 7F,0x06F,00000004
240.37534999999997,9.0,101,0.0,1,1.0,[75  0  0  0  0  0  0  0],0.0,4B 00 00 00 00 00 00 00,0x065,00000004
240.375351,9.0,102,0.0,6,6.0,[  3  87 139  49  84  45   0   0],0.0,03 57 8B 31 54 2D 00 00,0x066,00000004
240.375352,9.0,103,0.0,8,8.0,[ 49  36 138 112  19  52 109   9],0.0,31 24 8A 70 13 34 6D 09,0x067,00000004
240.375353,9.0,104,0.0,4,4.0,[137 245  25   0   0   0   0   0],0.0,89 F5 19 00 00 00 00 00,0x068,00000004
240.375354,9.0,107,0.0,5,5.0,[ 87   0 224  36   0   0   0   0],0.0,57 00 E0 24 00 00 00 00,0x06B,00000004
240.37759999999997,9.0,111,0.0,8,8.0,[139 220 111  68 255 253 239 127],0.0,8B DC 6F 44 FF FD EF 7F,0x06F,00000004
240.57334999999998,9.0,101,0.0,1,1.0,[75  0  0  0  0  0  0  0],0.0,4B 00 00 00 00 00 00 00,0x065,00000004
240.57335099999997,9.0,102,0.0,6,6.0,[  3  31 140  49  84  45   0   0],0.0,03 1F 8C 31 54 2D 00 00,0x066,00000004
240.57335199999997,9.0,103,0.0,8,8.0,[ 49  36 138 112  19  52 109   9],0.0,31 24 8A 70 13 34 6D 09,0x067,00000004
240.57335299999997,9.0,104,0.0,4,4.0,[137 245  25   0   0   0   0   0],0.0,89 F5 19 00 00 00 00 00,0x068,00000004
240.573354,9.0,107,0.0,5,5.0,[ 21   0 192  35   0   0   0   0],0.0,15 00 C0 23 00 00 00 00,0x06B,00000004
240.57625,9.0,111,0.0,8,8.0,[139 220 111 196 254 253 239 127],0.0,8B DC 6F C4 FE FD EF 7F,0x06F,00000004
240.77134999999998,9.0,101,0.0,1,1.0,[75  0  0  0  0  0  0  0],0.0,4B 00 00 00 00 00 00 00,0x065,00000004
240.77135099999998,9.0,102,0.0,6,6.0,[  3 231 140  49  84  45   0   0],0.0,03 E7 8C 31 54 2D 00 00,0x066,00000004
240.77135199999998,9.0,103,0.0,8,8.0,[ 47  36 138 112  19  52 109   9],0.0,2F 24 8A 70 13 34 6D 09,0x067,00000004
240.77135299999998,9.0,104,0.0,4,4.0,[135 245  25   0   0   0   0   0],0.0,87 F5 19 00 00 00 00 00,0x068,00000004
240.77135399999997,9.0,107,0.0,5,5.0,[133   0   0  61   0   0   0   0],0.0,85 00 00 3D 00 00 00 00,0x06B,00000004
240.77155,9.0,111,0.0,8,8.0,[139 220 111  68 255 253 239 127],0.0,8B DC 6F 44 FF FD EF 7F,0x06F,00000004
240.96884999999997,9.0,111,0.0,8,8.0,[139 220 111 196 254 253 239 127],0.0,8B DC 6F C4 FE FD EF 7F,0x06F,00000004
240.97019999999998,9.0,101,0.0,1,1.0,[75  0  0  0  0  0  0  0],0.0,4B 00 00 00 00 00 00 00,0x065,00000004
240.97020099999997,9.0,102,0.0,6,6.0,[  3 175 141  49  84  45   0   0],0.0,03 AF 8D 31 54 2D 00 00,0x066,00000004
240.97020199999997,9.0,103,0.0,8,8.0,[ 47  36 138 112  19  52 109   9],0.0,2F 24 8A 70 13 34 6D 09,0x067,00000004
240.97020299999997,9.0,104,0.0,4,4.0,[135 245  25   0   0   0   0   0],0.0,87 F5 19 00 00 00 00 00,0x068,00000004
240.970204,9.0,107,0.0,5,5.0,[ 11   1 224  54   0   0   0   0],0.0,0B 01 E0 36 00 00 00 00,0x06B,00000004
240.9724,9.0,106,0.0,3,3.0,[203   1   0   0   0   0   0   0],0.0,CB 01 00 00 00 00 00 00,0x06A,00000004
241.16734999999997,9.0,101,0.0,1,1.0,[75  0  0  0  0  0  0  0],0.0,4B 00 00 00 00 00 00 00,0x065,00000004
241.16735099999997,9.0,102,0.0,6,6.0,[  3 119 142  49  84  45   0   0],0.0,03 77 8E 31 54 2D 00 00,0x066,00000004
241.167352,9.0,103,0.0,8,8.0,[ 47  36 138 112  19  52 109   9],0.0,2F 24 8A 70 13 34 6D 09,0x067,00000004
241.167353,9.0,104,0.0,4,4.0,[135 245  25   0   0   0   0   0],0.0,87 F5 19 00 00 00 00 00,0x068,00000004
241.167354,9.0,107,0.0,5,5.0,[123   0  32  53   0   0   0   0],0.0,7B 00 20 35 00 00 00 00,0x06B,00000004
241.17024999999998,9.0,111,0.0,8,8.0,[139 220 111  68 255 253 239 127],0.0,8B DC 6F 44 FF FD EF 7F,0x06F,00000004
241.36534999999998,9.0,101,0.0,1,1.0,[75  0  0  0  0  0  0  0],0.0,4B 00 00 00 00 00 00 00,0x065,00000004
241.36535099999998,9.0,102,0.0,6,6.0,[  3  63 143  49  84  45   0   0],0.0,03 3F 8F 31 54 2D 00 00,0x066,00000004
241.36535199999997,9.0,103,0.0,8,8.0,[ 47  36 138 112  19  52 109   9],0.0,2F 24 8A 70 13 34 6D 09,0x067,00000004
241.36535299999997,9.0,104,0.0,4,4.0,[133 245  25   0   0   0   0   0],0.0,85 F5 19 00 00 00 00 00,0x068,00000004
241.36535399999997,9.0,107,0.0,5,5.0,[71  0  0 50  0  0  0  0],0.0,47 00 00 32 00 00 00 00,0x06B,00000004
241.36759999999998,9.0,111,0.0,8,8.0,[139 220 111 196 254 253 239 127],0.0,8B DC 6F C4 FE FD EF 7F,0x06F,00000004
241.56284999999997,9.0,111,0.0,8,8.0,[139 220 111  68 255 253 239 127],0.0,8B DC 6F 44 FF FD EF 7F,0x06F,00000004
241.56349999999998,9.0,101,0.0,1,1.0,[67  0  0  0  0  0  0  0],0.0,43 00 00 00 00 00 00 00,0x065,00000004
241.56350099999997,9.0,102,0.0,6,6.0,[  3   7 144  49  84  45   0   0],0.0,03 07 90 31 54 2D 00 00,0x066,00000004
241.56350199999997,9.0,103,0.0,8,8.0,[ 47  36 138 144  19  52 109   9],0.0,2F 24 8A 90 13 34 6D 09,0x067,00000004
241.56350299999997,9.0,104,0.0,4,4.0,[133 245  25   0   0   0   0   0],0.0,85 F5 19 00 00 00 00 00,0x068,00000004
241.563504,9.0,107,0.0,5,5.0,[ 95   0 160  32   0   0   0   0],0.0,5F 00 A0 20 00 00 00 00,0x06B,00000004
241.76135,9.0,101,0.0,1,1.0,[75  0  0  0  0  0  0  0],0.0,4B 00 00 00 00 00 00 00,0x065,00000004
241.761351,9.0,102,0.0,6,6.0,[  3 207 144  49  84  45   0   0],0.0,03 CF 90 31 54 2D 00 00,0x066,00000004
241.761352,9.0,103,0.0,8,8.0,[ 47  36 138 144  19  52 109   9],0.0,2F 24 8A 90 13 34 6D 09,0x067,00000004
241.76135299999999,9.0,104,0.0,4,4.0,[133 245  25   0   0   0   0   0],0.0,85 F5 19 00 00 00 00 00,0x068,00000004
241.76135399999998,9.0,107,0.0,5,5.0,[167   0 128  65   0   0   0   0],0.0,A7 00 80 41 00 00 00 00,0x06B,00000004
241.76359999999997,9.0,111,0.0,8,8.0,[139 220 111  68 255 253 239 127],0.0,8B DC 6F 44 FF FD EF 7F,0x06F,00000004
241.95889999999997,9.0,111,0.0,8,8.0,[139 220 111  68 255 253 239 127],0.0,8B DC 6F 44 FF FD EF 7F,0x06F,00000004
241.95954999999998,9.0,101,0.0,1,1.0,[75  0  0  0  0  0  0  0],0.0,4B 00 00 00 00 00 00 00,0x065,00000004
241.95955099999998,9.0,102,0.0,6,6.0,[  3 151 145  49  84  45   0   0],0.0,03 97 91 31 54 2D 00 00,0x066,00000004
241.95955199999997,9.0,103,0.0,8,8.0,[ 47  36 138 144  19  52 109   9],0.0,2F 24 8A 90 13 34 6D 09,0x067,00000004
241.95955299999997,9.0,104,0.0,4,4.0,[131 245  25   0   0   0   0   0],0.0,83 F5 19 00 00 00 00 00,0x068,00000004
241.95955399999997,9.0,107,0.0,5,5.0,[17  0 64 44  0  0  0  0],0.0,11 00 40 2C 00 00 00 00,0x06B,00000004
241.96239999999997,9.0,106,0.0,3,3.0,[203   1   0   0   0   0   0   0],0.0,CB 01 00 00 00 00 00 00,0x06A,00000004
242.15689999999998,9.0,111,0.0,8,8.0,[139 220 111  68 255 253 239 127],0.0,8B DC 6F 44 FF FD EF 7F,0x06F,00000004
242.15755,9.0,101,0.0,1,1.0,[67  0  0  0  0  0  0  0],0.0,43 00 00 00 00 00 00 00,0x065,00000004
242.15755099999998,9.0,102,0.0,6,6.0,[  3  95 146  49  84  45   0   0],0.0,03 5F 92 31 54 2D 00 00,0x066,00000004
242.15755199999998,9.0,103,0.0,8,8.0,[ 47  36 138 144  19  52 109   9],0.0,2F 24 8A 90 13 34 6D 09,0x067,00000004
242.15755299999998,9.0,104,0.0,4,4.0,[129 245  25   0   0   0   0   0],0.0,81 F5 19 00 00 00 00 00,0x068,00000004
242.15755399999998,9.0,107,0.0,5,5.0,[109   0  96  65   0   0   0   0],0.0,6D 00 60 41 00 00 00 00,0x06B,00000004
242.3549,9.0,111,0.0,8,8.0,[139 220 111  68 255 253 239 127],0.0,8B DC 6F 44 FF FD EF 7F,0x06F,00000004
242.35619999999997,9.0,101,0.0,1,1.0,[75  0  0  0  0  0  0  0],0.0,4B 00 00 00 00 00 00 00,0x065,00000004
242.35620099999997,9.0,102,0.0,6,6.0,[  3  39 147  49  84  45   0   0],0.0,03 27 93 31 54 2D 00 00,0x066,00000004
242.35620199999997,9.0,103,0.0,8,8.0,[ 47  36 138 144  19  52 109   9],0.0,2F 24 8A 90 13 34 6D 09,0x067,00000004
242.356203,9.0,104,0.0,4,4.0,[129 245  25   0   0   0   0   0],0.0,81 F5 19 00 00 00 00 00,0x068,00000004
242.356204,9.0,107,0.0,5,5.0,[207   0 224  64   0   0   0   0],0.0,CF 00 E0 40 00 00 00 00,0x06B,00000004
242.55335,9.0,101,0.0,1,1.0,[75  0  0  0  0  0  0  0],0.0,4B 00 00 00 00 00 00 00,0x065,00000004
242.553351,9.0,102,0.0,6,6.0,[  3 239 147  49  84  45   0   0],0.0,03 EF 93 31 54 2D 00 00,0x066,00000004
242.553352,9.0,103,0.0,8,8.0,[ 47  36 138 176  19  52 109   9],0.0,2F 24 8A B0 13 34 6D 09,0x067,00000004
242.553353,9.0,104,0.0,4,4.0,[129 245  25   0   0   0   0   0],0.0,81 F5 19 00 00 00 00 00,0x068,00000004
242.55335399999998,9.0,107,0.0,5,5.0,[231   0 224  63   0   0   0   0],0.0,E7 00 E0 3F 00 00 00 00,0x06B,00000004
242.5536,9.0,111,0.0,8,8.0,[139 220 111  68 255 253 239 127],0.0,8B DC 6F 44 FF FD EF 7F,0x06F,00000004
242.75089999999997,9.0,111,0.0,8,8.0,[139 220 111  68 255 253 239 127],0.0,8B DC 6F 44 FF FD EF 7F,0x06F,00000004
242.7515,9.0,101,0.0,1,1.0,[75  0  0  0  0  0  0  0],0.0,4B 00 00 00 00 00 00 00,0x065,00000004
242.751501,9.0,102,0.0,6,6.0,[  3 183 148  49  84  45   0   0],0.0,03 B7 94 31 54 2D 00 00,0x066,00000004
242.751502,9.0,103,0.0,8,8.0,[ 47  36 138 176  19  52 109   9],0.0,2F 24 8A B0 13 34 6D 09,0x067,00000004
242.75150299999999,9.0,104,0.0,4,4.0,[129 245  25   0   0   0   0   0],0.0,81 F5 19 00 00 00 00 00,0x068,00000004
242.75150399999998,9.0,107,0.0,5,5.0,[199   0  32  52   0   0   0   0],0.0,C7 00 20 34 00 00 00 00,0x06B,00000004
242.94949999999997,9.0,101,0.0,1,1.0,[67  0  0  0  0  0  0  0],0.0,43 00 00 00 00 00 00 00,0x065,00000004
242.94950099999997,9.0,102,0.0,6,6.0,[  3 127 149  49  84  45   0   0],0.0,03 7F 95 31 54 2D 00 00,0x066,00000004
242.949502,9.0,103,0.0,8,8.0,[ 47  36 138 176  19  52 109   9],0.0,2F 24 8A B0 13 34 6D 09,0x067,00000004
242.949503,9.0,104,0.0,4,4.0,[127 245  25   0   0   0   0   0],0.0,7F F5 19 00 00 00 00 00,0x068,00000004
242.949504,9.0,107,0.0,5,5.0,[ 25   1 128  65   0   0   0   0],0.0,19 01 80 41 00 00 00 00,0x06B,00000004
242.95239999999998,9.0,106,0.0,3,3.0,[203   1   0   0   0   0   0   0],0.0,CB 01 00 00 00 00 00 00,0x06A,00000004
242.95254999999997,9.0,111,0.0,8,8.0,[139 220 111  68 255 253 239 127],0.0,8B DC 6F 44 FF FD EF 7F,0x06F,00000004
243.14735,9.0,101,0.0,1,1.0,[67  0  0  0  0  0  0  0],0.0,43 00 00 00 00 00 00 00,0x065,00000004
243.147351,9.0,102,0.0,6,6.0,[  3  71 150  49  84  45   0   0],0.0,03 47 96 31 54 2D 00 00,0x066,00000004
243.14735199999998,9.0,103,0.0,8,8.0,[ 47  36 138 176  19  52 109   9],0.0,2F 24 8A B0 13 34 6D 09,0x067,00000004
243.14735299999998,9.0,104,0.0,4,4.0,[127 245  25   0   0   0   0   0],0.0,7F F5 19 00 00 00 00 00,0x068,00000004
243.14735399999998,9.0,107,0.0,5,5.0,[93  0 32 63  0  0  0  0],0.0,5D 00 20 3F 00 00 00 00,0x06B,00000004
243.14989999999997,9.0,111,0.0,8,8.0,[139 220 111  68 255 253 239 127],0.0,8B DC 6F 44 FF FD EF 7F,0x06F,00000004
243.3449,9.0,111,0.0,8,8.0,[137 220 111  68 255 253 239 127],0.0,89 DC 6F 44 FF FD EF 7F,0x06F,00000004
243.34554999999997,9.0,101,0.0,1,1.0,[75  0  0  0  0  0  0  0],0.0,4B 00 00 00 00 00 00 00,0x065,00000004
243.34555099999997,9.0,102,0.0,6,6.0,[  3  15 151  49  84  45   0   0],0.0,03 0F 97 31 54 2D 00 00,0x066,00000004
243.34555199999997,9.0,103,0.0,8,8.0,[ 47  36 138 176  19  52 109   9],0.0,2F 24 8A B0 13 34 6D 09,0x067,00000004
243.345553,9.0,104,0.0,4,4.0,[127 245  25   0   0   0   0   0],0.0,7F F5 19 00 00 00 00 00,0x068,00000004
243.345554,9.0,107,0.0,5,5.0,[ 55   1 128  62   0   0   0   0],0.0,37 01 80 3E 00 00 00 00,0x06B,00000004
243.54289999999997,9.0,111,0.0,8,8.0,[139 220 111  68 255 253 239 127],0.0,8B DC 6F 44 FF FD EF 7F,0x06F,00000004
243.54354999999998,9.0,101,0.0,1,1.0,[75  0  0  0  0  0  0  0],0.0,4B 00 00 00 00 00 00 00,0x065,00000004
243.54355099999998,9.0,102,0.0,6,6.0,[  3 215 151  49  84  45   0   0],0.0,03 D7 97 31 54 2D 00 00,0x066,00000004
243.54355199999998,9.0,103,0.0,8,8.0,[ 47  36 138 176  19  52 109   9],0.0,2F 24 8A B0 13 34 6D 09,0x067,00000004
243.54355299999997,9.0,104,0.0,4,4.0,[125 245  25   0   0   0   0   0],0.0,7D F5 19 00 00 00 00 00,0x068,00000004
243.54355399999997,9.0,107,0.0,5,5.0,[177   0 160  55   0   0   0   0],0.0,B1 00 A0 37 00 00 00 00,0x06B,00000004
243.74139999999997,9.0,101,0.0,1,1.0,[75  0  0  0  0  0  0  0],0.0,4B 00 00 00 00 00 00 00,0x065,00000004
243.74140099999997,9.0,102,0.0,6,6.0,[  3 159 152  49  84  45   0   0],0.0,03 9F 98 31 54 2D 00 00,0x066,00000004
243.741402,9.0,103,0.0,8,8.0,[ 47  36 138 176  19  52 109   9],0.0,2F 24 8A B0 13 34 6D 09,0x067,00000004
243.741403,9.0,104,0.0,4,4.0,[125 245  25   0   0   0   0   0],0.0,7D F5 19 00 00 00 00 00,0x068,00000004
243.741404,9.0,107,0.0,5,5.0,[119   0 160  65   0   0   0   0],0.0,77 00 A0 41 00 00 00 00,0x06B,00000004
243.74224999999998,9.0,111,0.0,8,8.0,[139 220 111 196 254 253 239 127],0.0,8B DC 6F C4 FE FD EF 7F,0x06F,00000004
243.9389,9.0,111,0.0,8,8.0,[139 220 111  68 255 253 239 127],0.0,8B DC 6F 44 FF FD EF 7F,0x06F,00000004
243.93954999999997,9.0,101,0.0,1,1.0,[75  0  0  0  0  0  0  0],0.0,4B 00 00 00 00 00 00 00,0x065,00000004
243.939551,9.0,102,0.0,6,6.0,[  3 103 153  49  84  45   0   0],0.0,03 67 99 31 54 2D 00 00,0x066,00000004
243.939552,9.0,103,0.0,8,8.0,[ 47  36 138 176  19  52 109   9],0.0,2F 24 8A B0 13 34 6D 09,0x067,00000004
243.939553,9.0,104,0.0,4,4.0,[125 245  25   0   0   0   0   0],0.0,7D F5 19 00 00 00 00 00,0x068,00000004
243.939554,9.0,107,0.0,5,5.0,[ 67   0 128  30   0   0   0   0],0.0,43 00 80 1E 00 00 00 00,0x06B,00000004
243.94174999999998,9.0,106,0.0,3,3.0,[203   1   0   0   0   0   0   0],0.0,CB 01 00 00 00 00 00 00,0x06A,00000004
244.13689999999997,9.0,111,0.0,8,8.0,[139 220 111  68 255 249 239 127],0.0,8B DC 6F 44 FF F9 EF 7F,0x06F,00000004
244.13754999999998,9.0,101,0.0,1,1.0,[67  0  0  0  0  0  0  0],0.0,43 00 00 00 00 00 00 00,0x065,00000004
244.13755099999997,9.0,102,0.0,6,6.0,[  3  47 154  49  84  45   0   0],0.0,03 2F 9A 31 54 2D 00 00,0x066,00000004
244.13755199999997,9.0,103,0.0,8,8.0,[ 47  36 138 176  19  52 109   9],0.0,2F 24 8A B0 13 34 6D 09,0x067,00000004
244.13755299999997,9.0,104,0.0,4,4.0,[123 245  25   0   0   0   0   0],0.0,7B F5 19 00 00 00 00 00,0x068,00000004
244.137554,9.0,107,0.0,5,5.0,[185   0 224  50   0   0   0   0],0.0,B9 00 E0 32 00 00 00 00,0x06B,00000004
244.33489999999998,9.0,111,0.0,8,8.0,[139 220 111  68 255 253 239 127],0.0,8B DC 6F 44 FF FD EF 7F,0x06F,00000004
244.33554999999998,9.0,101,0.0,1,1.0,[75  0  0  0  0  0  0  0],0.0,4B 00 00 00 00 00 00 00,0x065,00000004
244.33555099999998,9.0,102,0.0,6,6.0,[  3 247 154  49  84  45   0   0],0.0,03 F7 9A 31 54 2D 00 00,0x066,00000004
244.33555199999998,9.0,103,0.0,8,8.0,[ 47  36 138 176  19  52 109   9],0.0,2F 24 8A B0 13 34 6D 09,0x067,00000004
244.33555299999998,9.0,104,0.0,4,4.0,[121 245  25   0   0   0   0   0],0.0,79 F5 19 00 00 00 00 00,0x068,00000004
244.33555399999997,9.0,107,0.0,5,5.0,[189   0 128  58   0   0   0   0],0.0,BD 00 80 3A 00 00 00 00,0x06B,00000004
244.53289999999998,9.0,111,0.0,8,8.0,[139 220 111  68 255 253 239 127],0.0,8B DC 6F 44 FF FD EF 7F,0x06F,00000004
244.53355,9.0,101,0.0,1,1.0,[75  0  0  0  0  0  0  0],0.0,4B 00 00 00 00 00 00 00,0x065,00000004
244.533551,9.0,102,0.0,6,6.0,[  3 191 155  49  84  45   0   0],0.0,03 BF 9B 31 54 2D 00 00,0x066,00000004
244.533552,9.0,103,0.0,8,8.0,[ 47  36 138 176  19  52 109   9],0.0,2F 24 8A B0 13 34 6D 09,0x067,00000004
244.53355299999998,9.0,104,0.0,4,4.0,[121 245  25   0   0   0   0   0],0.0,79 F5 19 00 00 00 00 00,0x068,00000004
244.53355399999998,9.0,107,0.0,5,5.0,[53  0 64 34  0  0  0  0],0.0,35 00 40 22 00 00 00 00,0x06B,00000004
244.7309,9.0,111,0.0,8,8.0,[137 220 111  68 255 253 239 127],0.0,89 DC 6F 44 FF FD EF 7F,0x06F,00000004
244.73154999999997,9.0,101,0.0,1,1.0,[75  0  0  0  0  0  0  0],0.0,4B 00 00 00 00 00 00 00,0x065,00000004
244.73155099999997,9.0,102,0.0,6,6.0,[  3 135 156  49  84  45   0   0],0.0,03 87 9C 31 54 2D 00 00,0x066,00000004
244.731552,9.0,103,0.0,8,8.0,[ 49  36 138 176  19  52 109   9],0.0,31 24 8A B0 13 34 6D 09,0x067,00000004
244.731553,9.0,104,0.0,4,4.0,[121 245  25   0   0   0   0   0],0.0,79 F5 19 00 00 00 00 00,0x068,00000004
244.731554,9.0,107,0.0,5,5.0,[135   0 128  49   0   0   0   0],0.0,87 00 80 31 00 00 00 00,0x06B,00000004
244.92889999999997,9.0,111,0.0,8,8.0,[139 220 111  68 255 253 239 127],0.0,8B DC 6F 44 FF FD EF 7F,0x06F,00000004
244.92969999999997,9.0,101,0.0,1,1.0,[83  0  0  0  0  0  0  0],0.0,53 00 00 00 00 00 00 00,0x065,00000004
244.929701,9.0,102,0.0,6,6.0,[  3  79 157  49  84  45   0   0],0.0,03 4F 9D 31 54 2D 00 00,0x066,00000004
244.929702,9.0,103,0.0,8,8.0,[ 49  36 138 176  19  52 109   9],0.0,31 24 8A B0 13 34 6D 09,0x067,00000004
244.929703,9.0,104,0.0,4,4.0,[121 245  25   0   0   0   0   0],0.0,79 F5 19 00 00 00 00 00,0x068,00000004
244.929704,9.0,107,0.0,5,5.0,[ 45   1 160  56   0   0   0   0],0.0,2D 01 A0 38 00 00 00 00,0x06B,00000004
244.93184999999997,9.0,106,0.0,3,3.0,[203   1   0   0   0   0   0   0],0.0,CB 01 00 00 00 00 00 00,0x06A,00000004
245.12754999999999,9.0,101,0.0,1,1.0,[83  0  0  0  0  0  0  0],0.0,53 00 00 00 00 00 00 00,0x065,00000004
245.12755099999998,9.0,102,0.0,6,6.0,[  3  23 158  49  84  45   0   0],0.0,03 17 9E 31 54 2D 00 00,0x066,00000004
245.12755199999998,9.0,103,0.0,8,8.0,[ 51  36 138 176  19  52 109   9],0.0,33 24 8A B0 13 34 6D 09,0x067,00000004
245.12755299999998,9.0,104,0.0,4,4.0,[121 245  25   0   0   0   0   0],0.0,79 F5 19 00 00 00 00 00,0x068,00000004
245.12755399999998,9.0,107,0.0,5,5.0,[ 5  1  0 64  0  0  0  0],0.0,05 01 00 40 00 00 00 00,0x06B,00000004
245.1306,9.0,111,0.0,8,8.0,[139 220 111  68 255 253 239 127],0.0,8B DC 6F 44 FF FD EF 7F,0x06F,00000004
245.32489999999999,9.0,111,0.0,8,8.0,[139 220 111  68 255 253 239 127],0.0,8B DC 6F 44 FF FD EF 7F,0x06F,00000004
245.32574999999997,9.0,101,0.0,1,1.0,[75  0  0  0  0  0  0  0],0.0,4B 00 00 00 00 00 00 00,0x065,00000004
245.32575099999997,9.0,102,0.0,6,6.0,[  3 223 158  49  84  45   0   0],0.0,03 DF 9E 31 54 2D 00 00,0x066,00000004
245.325752,9.0,103,0.0,8,8.0,[ 51  36 138 208  19  52 109   9],0.0,33 24 8A D0 13 34 6D 09,0x067,00000004
245.325753,9.0,104,0.0,4,4.0,[119 245  25   0   0   0   0   0],0.0,77 F5 19 00 00 00 00 00,0x068,00000004
245.325754,9.0,107,0.0,5,5.0,[201   0 192  63   0   0   0   0],0.0,C9 00 C0 3F 00 00 00 00,0x06B,00000004
245.5229,9.0,111,0.0,8,8.0,[139 220 111  68 255 253 239 127],0.0,8B DC 6F 44 FF FD EF 7F,0x06F,00000004
245.52419999999998,9.0,101,0.0,1,1.0,[83  0  0  0  0  0  0  0],0.0,53 00 00 00 00 00 00 00,0x065,00000004
245.52420099999998,9.0,102,0.0,6,6.0,[  3 167 159  49  84  45   0   0],0.0,03 A7 9F 31 54 2D 00 00,0x066,00000004
245.52420199999997,9.0,103,0.0,8,8.0,[ 51  36 138 208  19  52 109   9],0.0,33 24 8A D0 13 34 6D 09,0x067,00000004
245.52420299999997,9.0,104,0.0,4,4.0,[119 245  25   0   0   0   0   0],0.0,77 F5 19 00 00 00 00 00,0x068,00000004
245.52420399999997,9.0,107,0.0,5,5.0,[193   0   0  31   0   0   0   0],0.0,C1 00 00 1F 00 00 00 00,0x06B,00000004
245.72089999999997,9.0,111,0.0,8,8.0,[139 220 111  68 255 253 239 127],0.0,8B DC 6F 44 FF FD EF 7F,0x06F,00000004
245.72154999999998,9.0,101,0.0,1,1.0,[83  0  0  0  0  0  0  0],0.0,53 00 00 00 00 00 00 00,0x065,00000004
245.72155099999998,9.0,102,0.0,6,6.0,[  3 111 160  49  84  45   0   0],0.0,03 6F A0 31 54 2D 00 00,0x066,00000004
245.72155199999997,9.0,103,0.0,8,8.0,[ 51  36 138 176  19  52 109   9],0.0,33 24 8A B0 13 34 6D 09,0x067,00000004
245.72155299999997,9.0,104,0.0,4,4.0,[119 245  25   0   0   0   0   0],0.0,77 F5 19 00 00 00 00 00,0x068,00000004
245.72155399999997,9.0,107,0.0,5,5.0,[207   0   0  53   0   0   0   0],0.0,CF 00 00 35 00 00 00 00,0x06B,00000004
245.91889999999998,9.0,111,0.0,8,8.0,[139 220 111 196 254 253 239 127],0.0,8B DC 6F C4 FE FD EF 7F,0x06F,00000004
245.91955,9.0,101,0.0,1,1.0,[83  0  0  0  0  0  0  0],0.0,53 00 00 00 00 00 00 00,0x065,00000004
245.91955099999998,9.0,102,0.0,6,6.0,[  3  55 161  49  84  45   0   0],0.0,03 37 A1 31 54 2D 00 00,0x066,00000004
245.91955199999998,9.0,103,0.0,8,8.0,[ 51  36 138 176  19  52 109   9],0.0,33 24 8A B0 13 34 6D 09,0x067,00000004
245.91955299999998,9.0,104,0.0,4,4.0,[119 245  25   0   0   0   0   0],0.0,77 F5 19 00 00 00 00 00,0x068,00000004
245.91955399999998,9.0,107,0.0,5,5.0,[33  0  0 47  0  0  0  0],0.0,21 00 00 2F 00 00 00 00,0x06B,00000004
245.92184999999998,9.0,106,0.0,3,3.0,[203   1   0   0   0   0   0   0],0.0,CB 01 00 00 00 00 00 00,0x06A,00000004
246.11694999999997,9.0,111,0.0,8,8.0,[139 220 111 196 254 253 239 127],0.0,8B DC 6F C4 FE FD EF 7F,0x06F,00000004
246.11769999999999,9.0,101,0.0,1,1.0,[75  0  0  0  0  0  0  0],0.0,4B 00 00 00 00 00 00 00,0x065,00000004
246.11770099999998,9.0,102,0.0,6,6.0,[  3 255 161  49  84  45   0   0],0.0,03 FF A1 31 54 2D 00 00,0x066,00000004
246.11770199999998,9.0,103,0.0,8,8.0,[ 51  36 138 176  19  52 109   9],0.0,33 24 8A B0 13 34 6D 09,0x067,00000004
246.11770299999998,9.0,104,0.0,4,4.0,[119 245  25   0   0   0   0   0],0.0,77 F5 19 00 00 00 00 00,0x068,00000004
246.11770399999997,9.0,107,0.0,5,5.0,[67  1 96 62  0  0  0  0],0.0,43 01 60 3E 00 00 00 00,0x06B,00000004
246.31494999999998,9.0,111,0.0,8,8.0,[139 220 111  68 255 249 239 127],0.0,8B DC 6F 44 FF F9 EF 7F,0x06F,00000004
246.3156,9.0,101,0.0,1,1.0,[75  0  0  0  0  0  0  0],0.0,4B 00 00 00 00 00 00 00,0x065,00000004
246.315601,9.0,102,0.0,6,6.0,[  3 199 162  49  84  45   0   0],0.0,03 C7 A2 31 54 2D 00 00,0x066,00000004
246.31560199999998,9.0,103,0.0,8,8.0,[ 51  36 138 176  19  52 109   9],0.0,33 24 8A B0 13 34 6D 09,0x067,00000004
246.31560299999998,9.0,104,0.0,4,4.0,[119 245  25   0   0   0   0   0],0.0,77 F5 19 00 00 00 00 00,0x068,00000004
246.31560399999998,9.0,107,0.0,5,5.0,[205   1  64  58   0   0   0   0],0.0,CD 01 40 3A 00 00 00 00,0x06B,00000004
246.51295,9.0,111,0.0,8,8.0,[139 220 111  68 255 253 239 127],0.0,8B DC 6F 44 FF FD EF 7F,0x06F,00000004
246.51379999999997,9.0,101,0.0,1,1.0,[75  0  0  0  0  0  0  0],0.0,4B 00 00 00 00 00 00 00,0x065,00000004
246.51380099999997,9.0,102,0.0,6,6.0,[  3 143 163  49  84  45   0   0],0.0,03 8F A3 31 54 2D 00 00,0x066,00000004
246.51380199999997,9.0,103,0.0,8,8.0,[ 51  36 138 176  19  52 109   9],0.0,33 24 8A B0 13 34 6D 09,0x067,00000004
246.51380299999997,9.0,104,0.0,4,4.0,[119 245  25   0   0   0   0   0],0.0,77 F5 19 00 00 00 00 00,0x068,00000004
246.513804,9.0,107,0.0,5,5.0,[229   1  96  64   0   0   0   0],0.0,E5 01 60 40 00 00 00 00,0x06B,00000004
246.71094999999997,9.0,111,0.0,8,8.0,[137 220 111  68 255 253 239 127],0.0,89 DC 6F 44 FF FD EF 7F,0x06F,00000004
246.71179999999998,9.0,101,0.0,1,1.0,[75  0  0  0  0  0  0  0],0.0,4B 00 00 00 00 00 00 00,0x065,00000004
246.71180099999998,9.0,102,0.0,6,6.0,[  3  87 164  49  84  45   0   0],0.0,03 57 A4 31 54 2D 00 00,0x066,00000004
246.71180199999998,9.0,103,0.0,8,8.0,[ 51  36 138 176  19  52 109   9],0.0,33 24 8A B0 13 34 6D 09,0x067,00000004
246.71180299999997,9.0,104,0.0,4,4.0,[119 245  25   0   0   0   0   0],0.0,77 F5 19 00 00 00 00 00,0x068,00000004
246.71180399999997,9.0,107,0.0,5,5.0,[201   0   0  49   0   0   0   0],0.0,C9 00 00 31 00 00 00 00,0x06B,00000004
246.90894999999998,9.0,111,0.0,8,8.0,[139 220 111  68 255 253 207 127],0.0,8B DC 6F 44 FF FD CF 7F,0x06F,00000004
246.90954999999997,9.0,101,0.0,1,1.0,[75  0  0  0  0  0  0  0],0.0,4B 00 00 00 00 00 00 00,0x065,00000004
246.909551,9.0,102,0.0,6,6.0,[  3  31 165  49  84  45   0   0],0.0,03 1F A5 31 54 2D 00 00,0x066,00000004
246.909552,9.0,103,0.0,8,8.0,[ 49  36 138 176  19  52 109   9],0.0,31 24 8A B0 13 34 6D 09,0x067,00000004
246.909553,9.0,104,0.0,4,4.0,[119 245  25   0   0   0   0   0],0.0,77 F5 19 00 00 00 00 00,0x068,00000004
246.90955399999999,9.0,107,0.0,5,5.0,[  3   1 160  58   0   0   0   0],0.0,03 01 A0 3A 00 00 00 00,0x06B,00000004
246.9124,9.0,106,0.0,3,3.0,[203   1   0   0   0   0   0   0],0.0,CB 01 00 00 00 00 00 00,0x06A,00000004
247.10694999999998,9.0,111,0.0,8,8.0,[137 220 111  68 255 253 239 127],0.0,89 DC 6F 44 FF FD EF 7F,0x06F,00000004
247.1077,9.0,101,0.0,1,1.0,[67  0  0  0  0  0  0  0],0.0,43 00 00 00 00 00 00 00,0x065,00000004
247.107701,9.0,102,0.0,6,6.0,[  3 231 165  49  84  45   0   0],0.0,03 E7 A5 31 54 2D 00 00,0x066,00000004
247.107702,9.0,103,0.0,8,8.0,[ 51  36 138 176  19  52 109   9],0.0,33 24 8A B0 13 34 6D 09,0x067,00000004
247.107703,9.0,104,0.0,4,4.0,[119 245  25   0   0   0   0   0],0.0,77 F5 19 00 00 00 00 00,0x068,00000004
247.10770399999998,9.0,107,0.0,5,5.0,[ 79   0 128  29   0   0   0   0],0.0,4F 00 80 1D 00 00 00 00,0x06B,00000004
247.30489999999998,9.0,111,0.0,8,8.0,[139 220 111  68 255 253 239 127],0.0,8B DC 6F 44 FF FD EF 7F,0x06F,00000004
247.30569999999997,9.0,101,0.0,1,1.0,[67  0  0  0  0  0  0  0],0.0,43 00 00 00 00 00 00 00,0x065,00000004
247.30570099999997,9.0,102,0.0,6,6.0,[  3 175 166  49  84  45   0   0],0.0,03 AF A6 31 54 2D 00 00,0x066,00000004
247.30570199999997,9.0,103,0.0,8,8.0,[ 51  36 138 176  19  52 109   9],0.0,33 24 8A B0 13 34 6D 09,0x067,00000004
247.305703,9.0,104,0.0,4,4.0,[119 245  25   0   0   0   0   0],0.0,77 F5 19 00 00 00 00 00,0x068,00000004
247.305704,9.0,107,0.0,5,5.0,[85  0 32 51  0  0  0  0],0.0,55 00 20 33 00 00 00 00,0x06B,00000004
247.50294999999997,9.0,111,0.0,8,8.0,[139 220 111  68 255 253 239 127],0.0,8B DC 6F 44 FF FD EF 7F,0x06F,00000004
247.50369999999998,9.0,101,0.0,1,1.0,[75  0  0  0  0  0  0  0],0.0,4B 00 00 00 00 00 00 00,0x065,00000004
247.50370099999998,9.0,102,0.0,6,6.0,[  3 119 167  49  84  45   0   0],0.0,03 77 A7 31 54 2D 00 00,0x066,00000004
247.50370199999998,9.0,103,0.0,8,8.0,[ 51  36 138 176  19  52 109   9],0.0,33 24 8A B0 13 34 6D 09,0x067,00000004
247.50370299999997,9.0,104,0.0,4,4.0,[117 245  25   0   0   0   0   0],0.0,75 F5 19 00 00 00 00 00,0x068,00000004
247.50370399999997,9.0,107,0.0,5,5.0,[139   0 192  37   0   0   0   0],0.0,8B 00 C0 25 00 00 00 00,0x06B,00000004
247.70094999999998,9.0,111,0.0,8,8.0,[139 220 111  68 255 253 239 127],0.0,8B DC 6F 44 FF FD EF 7F,0x06F,00000004
247.7018,9.0,101,0.0,1,1.0,[75  0  0  0  0  0  0  0],0.0,4B 00 00 00 00 00 00 00,0x065,00000004
247.701801,9.0,102,0.0,6,6.0,[  3  63 168  49  84  45   0   0],0.0,03 3F A8 31 54 2D 00 00,0x066,00000004
247.701802,9.0,103,0.0,8,8.0,[ 51  36 138 176  19  52 109   9],0.0,33 24 8A B0 13 34 6D 09,0x067,00000004
247.70180299999998,9.0,104,0.0,4,4.0,[119 245  25   0   0   0   0   0],0.0,77 F5 19 00 00 00 00 00,0x068,00000004
247.70180399999998,9.0,107,0.0,5,5.0,[255   0 160  56   0   0   0   0],0.0,FF 00 A0 38 00 00 00 00,0x06B,00000004
247.89899999999997,9.0,111,0.0,8,8.0,[139 220 111  68 255 253 239 127],0.0,8B DC 6F 44 FF FD EF 7F,0x06F,00000004
247.89985,9.0,101,0.0,1,1.0,[67  0  0  0  0  0  0  0],0.0,43 00 00 00 00 00 00 00,0x065,00000004
247.89985099999998,9.0,102,0.0,6,6.0,[  3   7 169  49  84  45   0   0],0.0,03 07 A9 31 54 2D 00 00,0x066,00000004
247.89985199999998,9.0,103,0.0,8,8.0,[ 51  36 138 208  19  52 109   9],0.0,33 24 8A D0 13 34 6D 09,0x067,00000004
247.89985299999998,9.0,104,0.0,4,4.0,[119 245  25   0   0   0   0   0],0.0,77 F5 19 00 00 00 00 00,0x068,00000004
247.89985399999998,9.0,107,0.0,5,5.0,[185   0 160  51   0   0   0   0],0.0,B9 00 A0 33 00 00 00 00,0x06B,00000004
247.90265,9.0,106,0.0,3,3.0,[203   1   0   0   0   0   0   0],0.0,CB 01 00 00 00 00 00 00,0x06A,00000004
248.09695,9.0,111,0.0,8,8.0,[139 220 111  68 255 253 239 127],0.0,8B DC 6F 44 FF FD EF 7F,0x06F,00000004
248.09759999999997,9.0,101,0.0,1,1.0,[75  0  0  0  0  0  0  0],0.0,4B 00 00 00 00 00 00 00,0x065,00000004
248.09760099999997,9.0,102,0.0,6,6.0,[  3 207 169  49  84  45   0   0],0.0,03 CF A9 31 54 2D 00 00,0x066,00000004
248.097602,9.0,103,0.0,8,8.0,[ 51  36 138 208  19  52 109   9],0.0,33 24 8A D0 13 34 6D 09,0x067,00000004
248.097603,9.0,104,0.0,4,4.0,[119 245  25   0   0   0   0   0],0.0,77 F5 19 00 00 00 00 00,0x068,00000004
248.097604,9.0,107,0.0,5,5.0,[145   0 128  50   0   0   0   0],0.0,91 00 80 32 00 00 00 00,0x06B,00000004
248.29494999999997,9.0,111,0.0,8,8.0,[139 220 111  68 255 253 239 127],0.0,8B DC 6F 44 FF FD EF 7F,0x06F,00000004
248.29574999999997,9.0,101,0.0,1,1.0,[75  0  0  0  0  0  0  0],0.0,4B 00 00 00 00 00 00 00,0x065,00000004
248.29575099999997,9.0,102,0.0,6,6.0,[  3 151 170  49  84  45   0   0],0.0,03 97 AA 31 54 2D 00 00,0x066,00000004
248.295752,9.0,103,0.0,8,8.0,[ 53  36 138 208  19  52 109   9],0.0,35 24 8A D0 13 34 6D 09,0x067,00000004
248.295753,9.0,104,0.0,4,4.0,[119 245  25   0   0   0   0   0],0.0,77 F5 19 00 00 00 00 00,0x068,00000004
248.295754,9.0,107,0.0,5,5.0,[95  0 32 41  0  0  0  0],0.0,5F 00 20 29 00 00 00 00,0x06B,00000004
248.49294999999998,9.0,111,0.0,8,8.0,[139 220 111  68 255 249 239 127],0.0,8B DC 6F 44 FF F9 EF 7F,0x06F,00000004
248.49374999999998,9.0,101,0.0,1,1.0,[75  0  0  0  0  0  0  0],0.0,4B 00 00 00 00 00 00 00,0x065,00000004
248.49375099999997,9.0,102,0.0,6,6.0,[  3  95 171  49  84  45   0   0],0.0,03 5F AB 31 54 2D 00 00,0x066,00000004
248.49375199999997,9.0,103,0.0,8,8.0,[ 53  36 138 208  19  52 109   9],0.0,35 24 8A D0 13 34 6D 09,0x067,00000004
248.49375299999997,9.0,104,0.0,4,4.0,[121 245  25   0   0   0   0   0],0.0,79 F5 19 00 00 00 00 00,0x068,00000004
248.49375399999997,9.0,107,0.0,5,5.0,[167   0  96  36   0   0   0   0],0.0,A7 00 60 24 00 00 00 00,0x06B,00000004
248.69095,9.0,111,0.0,8,8.0,[139 220 111  68 255 253 239 127],0.0,8B DC 6F 44 FF FD EF 7F,0x06F,00000004
248.69259999999997,9.0,101,0.0,1,1.0,[75  0  0  0  0  0  0  0],0.0,4B 00 00 00 00 00 00 00,0x065,00000004
248.69260099999997,9.0,102,0.0,6,6.0,[  3  39 172  49  84  45   0   0],0.0,03 27 AC 31 54 2D 00 00,0x066,00000004
248.692602,9.0,103,0.0,8,8.0,[ 55  36 138 208  19  52 109   9],0.0,37 24 8A D0 13 34 6D 09,0x067,00000004
248.692603,9.0,104,0.0,4,4.0,[119 245  25   0   0   0   0   0],0.0,77 F5 19 00 00 00 00 00,0x068,00000004
248.692604,9.0,107,0.0,5,5.0,[227   0 224  62   0   0   0   0],0.0,E3 00 E0 3E 00 00 00 00,0x06B,00000004
248.88895,9.0,111,0.0,8,8.0,[139 220 111  68 255 249 239 127],0.0,8B DC 6F 44 FF F9 EF 7F,0x06F,00000004
248.88979999999998,9.0,101,0.0,1,1.0,[75  0  0  0  0  0  0  0],0.0,4B 00 00 00 00 00 00 00,0x065,00000004
248.88980099999998,9.0,102,0.0,6,6.0,[  3 239 172  49  84  45   0   0],0.0,03 EF AC 31 54 2D 00 00,0x066,00000004
248.88980199999997,9.0,103,0.0,8,8.0,[ 55  36 138 240  19  52 109   9],0.0,37 24 8A F0 13 34 6D 09,0x067,00000004
248.88980299999997,9.0,104,0.0,4,4.0,[119 245  25   0   0   0   0   0],0.0,77 F5 19 00 00 00 00 00,0x068,00000004
248.88980399999997,9.0,107,0.0,5,5.0,[181   0  32  62   0   0   0   0],0.0,B5 00 20 3E 00 00 00 00,0x06B,00000004
248.89264999999997,9.0,106,0.0,3,3.0,[203   1   0   0   0   0   0   0],0.0,CB 01 00 00 00 00 00 00,0x06A,00000004
249.08694999999997,9.0,111,0.0,8,8.0,[139 220 111 196 254 253 239 127],0.0,8B DC 6F C4 FE FD EF 7F,0x06F,00000004
249.0878,9.0,101,0.0,1,1.0,[83  0  0  0  0  0  0  0],0.0,53 00 00 00 00 00 00 00,0x065,00000004
249.08780099999998,9.0,102,0.0,6,6.0,[  3 183 173  49  84  45   0   0],0.0,03 B7 AD 31 54 2D 00 00,0x066,00000004
249.08780199999998,9.0,103,0.0,8,8.0,[ 57  36 138 240  19  52 109   9],0.0,39 24 8A F0 13 34 6D 09,0x067,00000004
249.08780299999998,9.0,104,0.0,4,4.0,[119 245  25   0   0   0   0   0],0.0,77 F5 19 00 00 00 00 00,0x068,00000004
249.08780399999998,9.0,107,0.0,5,5.0,[229   0  32  65   0   0   0   0],0.0,E5 00 20 41 00 00 00 00,0x06B,00000004
249.28494999999998,9.0,111,0.0,8,8.0,[139 220 111  68 255 253 239 127],0.0,8B DC 6F 44 FF FD EF 7F,0x06F,00000004
249.2858,9.0,101,0.0,1,1.0,[75  0  0  0  0  0  0  0],0.0,4B 00 00 00 00 00 00 00,0x065,00000004
249.285801,9.0,102,0.0,6,6.0,[  3 127 174  49  84  45   0   0],0.0,03 7F AE 31 54 2D 00 00,0x066,00000004
249.285802,9.0,103,0.0,8,8.0,[ 57  36 138 208  19  52 109   9],0.0,39 24 8A D0 13 34 6D 09,0x067,00000004
249.285803,9.0,104,0.0,4,4.0,[117 245  25   0   0   0   0   0],0.0,75 F5 19 00 00 00 00 00,0x068,00000004
249.28580399999998,9.0,107,0.0,5,5.0,[81  0 32 54  0  0  0  0],0.0,51 00 20 36 00 00 00 00,0x06B,00000004
249.48295,9.0,111,0.0,8,8.0,[139 220 111  68 255 253 239 127],0.0,8B DC 6F 44 FF FD EF 7F,0x06F,00000004
249.48375,9.0,101,0.0,1,1.0,[83  0  0  0  0  0  0  0],0.0,53 00 00 00 00 00 00 00,0x065,00000004
249.48375099999998,9.0,102,0.0,6,6.0,[  3  71 175  49  84  45   0   0],0.0,03 47 AF 31 54 2D 00 00,0x066,00000004
249.48375199999998,9.0,103,0.0,8,8.0,[ 57  36 138 240  19  52 109   9],0.0,39 24 8A F0 13 34 6D 09,0x067,00000004
249.48375299999998,9.0,104,0.0,4,4.0,[117 245  25   0   0   0   0   0],0.0,75 F5 19 00 00 00 00 00,0x068,00000004
249.48375399999998,9.0,107,0.0,5,5.0,[ 17   1 160  68   0   0   0   0],0.0,11 01 A0 44 00 00 00 00,0x06B,00000004
249.68094999999997,9.0,111,0.0,8,8.0,[139 220 111  68 255 253 239 127],0.0,8B DC 6F 44 FF FD EF 7F,0x06F,00000004
249.68175,9.0,101,0.0,1,1.0,[83  0  0  0  0  0  0  0],0.0,53 00 00 00 00 00 00 00,0x065,00000004
249.681751,9.0,102,0.0,6,6.0,[  3  15 176  49  84  45   0   0],0.0,03 0F B0 31 54 2D 00 00,0x066,00000004
249.681752,9.0,103,0.0,8,8.0,[ 57  36 138 208  19  52 109   9],0.0,39 24 8A D0 13 34 6D 09,0x067,00000004
249.681753,9.0,104,0.0,4,4.0,[117 245  25   0   0   0   0   0],0.0,75 F5 19 00 00 00 00 00,0x068,00000004
249.68175399999998,9.0,107,0.0,5,5.0,[211   0 160  63   0   0   0   0],0.0,D3 00 A0 3F 00 00 00 00,0x06B,00000004
249.87894999999997,9.0,111,0.0,8,8.0,[139 220 111  68 255 253 239 127],0.0,8B DC 6F 44 FF FD EF 7F,0x06F,00000004
249.87994999999998,9.0,101,0.0,1,1.0,[83  0  0  0  0  0  0  0],0.0,53 00 00 00 00 00 00 00,0x065,00000004
249.87995099999998,9.0,102,0.0,6,6.0,[  3 215 176  49  84  45   0   0],0.0,03 D7 B0 31 54 2D 00 00,0x066,00000004
249.87995199999997,9.0,103,0.0,8,8.0,[ 57  36 138 208  19  52 109   9],0.0,39 24 8A D0 13 34 6D 09,0x067,00000004
249.87995299999997,9.0,104,0.0,4,4.0,[115 245  25   0   0   0   0   0],0.0,73 F5 19 00 00 00 00 00,0x068,00000004
249.87995399999997,9.0,107,0.0,5,5.0,[233   0  32  59   0   0   0   0],0.0,E9 00 20 3B 00 00 00 00,0x06B,00000004
249.88214999999997,9.0,106,0.0,3,3.0,[203   1   0   0   0   0   0   0],0.0,CB 01 00 00 00 00 00 00,0x06A,00000004
250.07694999999998,9.0,111,0.0,8,8.0,[139 220 111  68 255 253 239 127],0.0,8B DC 6F 44 FF FD EF 7F,0x06F,00000004
250.07864999999998,9.0,101,0.0,1,1.0,[83  0  0  0  0  0  0  0],0.0,53 00 00 00 00 00 00 00,0x065,00000004
250.07865099999998,9.0,102,0.0,6,6.0,[  3 159 177  49  84  45   0   0],0.0,03 9F B1 31 54 2D 00 00,0x066,00000004
250.07865199999998,9.0,103,0.0,8,8.0,[ 55  36 138 208  19  52 109   9],0.0,37 24 8A D0 13 34 6D 09,0x067,00000004
250.07865299999997,9.0,104,0.0,4,4.0,[115 245  25   0   0   0   0   0],0.0,73 F5 19 00 00 00 00 00,0x068,00000004
250.07865399999997,9.0,107,0.0,5,5.0,[181   1 128  66   0   0   0   0],0.0,B5 01 80 42 00 00 00 00,0x06B,00000004
250.27499999999998,9.0,111,0.0,8,8.0,[139 220 111  68 255 253 239 127],0.0,8B DC 6F 44 FF FD EF 7F,0x06F,00000004
250.27585,9.0,101,0.0,1,1.0,[83  0  0  0  0  0  0  0],0.0,53 00 00 00 00 00 00 00,0x065,00000004
250.275851,9.0,102,0.0,6,6.0,[  3 103 178  49  84  45   0   0],0.0,03 67 B2 31 54 2D 00 00,0x066,00000004
250.275852,9.0,103,0.0,8,8.0,[ 57  36 138 208  19  52 109   9],0.0,39 24 8A D0 13 34 6D 09,0x067,00000004
250.27585299999998,9.0,104,0.0,4,4.0,[115 245  25   0   0   0   0   0],0.0,73 F5 19 00 00 00 00 00,0x068,00000004
250.27585399999998,9.0,107,0.0,5,5.0,[111   0  64  59   0   0   0   0],0.0,6F 00 40 3B 00 00 00 00,0x06B,00000004
250.47299999999998,9.0,111,0.0,8,8.0,[139 220 111  68 255 253 239 127],0.0,8B DC 6F 44 FF FD EF 7F,0x06F,00000004
250.47384999999997,9.0,101,0.0,1,1.0,[83  0  0  0  0  0  0  0],0.0,53 00 00 00 00 00 00 00,0x065,00000004
250.47385099999997,9.0,102,0.0,6,6.0,[  3  47 179  49  84  45   0   0],0.0,03 2F B3 31 54 2D 00 00,0x066,00000004
250.473852,9.0,103,0.0,8,8.0,[ 57  36 138 208  19  52 109   9],0.0,39 24 8A D0 13 34 6D 09,0x067,00000004
250.473853,9.0,104,0.0,4,4.0,[113 245  25   0   0   0   0   0],0.0,71 F5 19 00 00 00 00 00,0x068,00000004
250.473854,9.0,107,0.0,5,5.0,[93  0  0 44  0  0  0  0],0.0,5D 00 00 2C 00 00 00 00,0x06B,00000004
250.671,9.0,111,0.0,8,8.0,[139 220 111 196 254 253 239 127],0.0,8B DC 6F C4 FE FD EF 7F,0x06F,00000004
250.67199999999997,9.0,101,0.0,1,1.0,[83  0  0  0  0  0  0  0],0.0,53 00 00 00 00 00 00 00,0x065,00000004
250.672001,9.0,102,0.0,6,6.0,[  3 247 179  49  84  45   0   0],0.0,03 F7 B3 31 54 2D 00 00,0x066,00000004
250.672002,9.0,103,0.0,8,8.0,[ 57  36 138 208  19  52 109   9],0.0,39 24 8A D0 13 34 6D 09,0x067,00000004
250.672003,9.0,104,0.0,4,4.0,[115 245  25   0   0   0   0   0],0.0,73 F5 19 00 00 00 00 00,0x068,00000004
250.672004,9.0,107,0.0,5,5.0,[ 63   1 160  64   0   0   0   0],0.0,3F 01 A0 40 00 00 00 00,0x06B,00000004
250.86899999999997,9.0,111,0.0,8,8.0,[139 220 111  68 255 253 239 127],0.0,8B DC 6F 44 FF FD EF 7F,0x06F,00000004
250.86974999999998,9.0,101,0.0,1,1.0,[83  0  0  0  0  0  0  0],0.0,53 00 00 00 00 00 00 00,0x065,00000004
250.86975099999998,9.0,102,0.0,6,6.0,[  3 191 180  49  84  45   0   0],0.0,03 BF B4 31 54 2D 00 00,0x066,00000004
250.86975199999998,9.0,103,0.0,8,8.0,[ 59  36 138 208  19  52 109   9],0.0,3B 24 8A D0 13 34 6D 09,0x067,00000004
250.86975299999997,9.0,104,0.0,4,4.0,[113 245  25   0   0   0   0   0],0.0,71 F5 19 00 00 00 00 00,0x068,00000004
250.86975399999997,9.0,107,0.0,5,5.0,[55  2 32 68  0  0  0  0],0.0,37 02 20 44 00 00 00 00,0x06B,00000004
250.87199999999999,9.0,106,0.0,3,3.0,[203   1   0   0   0   0   0   0],0.0,CB 01 00 00 00 00 00 00,0x06A,00000004
251.06699999999998,9.0,111,0.0,8,8.0,[139 220 111  68 255 253 239 127],0.0,8B DC 6F 44 FF FD EF 7F,0x06F,00000004
251.06799999999998,9.0,101,0.0,1,1.0,[83  0  0  0  0  0  0  0],0.0,53 00 00 00 00 00 00 00,0x065,00000004
251.06800099999998,9.0,102,0.0,6,6.0,[  3 135 181  49  84  45   0   0],0.0,03 87 B5 31 54 2D 00 00,0x066,00000004
251.06800199999998,9.0,103,0.0,8,8.0,[ 59  36 138 208  19  52 109   9],0.0,3B 24 8A D0 13 34 6D 09,0x067,00000004
251.06800299999998,9.0,104,0.0,4,4.0,[113 245  25   0   0   0   0   0],0.0,71 F5 19 00 00 00 00 00,0x068,00000004
251.06800399999997,9.0,107,0.0,5,5.0,[193   1 192  66   0   0   0   0],0.0,C1 01 C0 42 00 00 00 00,0x06B,00000004
251.265,9.0,111,0.0,8,8.0,[139 220 111  68 255 253 239 127],0.0,8B DC 6F 44 FF FD EF 7F,0x06F,00000004
251.266,9.0,101,0.0,1,1.0,[83  0  0  0  0  0  0  0],0.0,53 00 00 00 00 00 00 00,0x065,00000004
251.266001,9.0,102,0.0,6,6.0,[  3  79 182  49  84  45   0   0],0.0,03 4F B6 31 54 2D 00 00,0x066,00000004
251.266002,9.0,103,0.0,8,8.0,[ 61  36 138 240  19  52 109   9],0.0,3D 24 8A F0 13 34 6D 09,0x067,00000004
251.26600299999998,9.0,104,0.0,4,4.0,[113 245  25   0   0   0   0   0],0.0,71 F5 19 00 00 00 00 00,0x068,00000004
251.26600399999998,9.0,107,0.0,5,5.0,[253   1 192  66   0   0   0   0],0.0,FD 01 C0 42 00 00 00 00,0x06B,00000004
251.463,9.0,111,0.0,8,8.0,[139 220 111  68 255 253 239 127],0.0,8B DC 6F 44 FF FD EF 7F,0x06F,00000004
251.46399999999997,9.0,101,0.0,1,1.0,[83  0  0  0  0  0  0  0],0.0,53 00 00 00 00 00 00 00,0x065,00000004
251.46400099999997,9.0,102,0.0,6,6.0,[  3  23 183  49  84  45   0   0],0.0,03 17 B7 31 54 2D 00 00,0x066,00000004
251.464002,9.0,103,0.0,8,8.0,[ 61  36 138 208  19  52 109   9],0.0,3D 24 8A D0 13 34 6D 09,0x067,00000004
251.464003,9.0,104,0.0,4,4.0,[115 245  25   0   0   0   0   0],0.0,73 F5 19 00 00 00 00 00,0x068,00000004
251.464004,9.0,107,0.0,5,5.0,[241   0 192  68   0   0   0   0],0.0,F1 00 C0 44 00 00 00 00,0x06B,00000004
251.66099999999997,9.0,111,0.0,8,8.0,[139 220 111  68 255 253 239 127],0.0,8B DC 6F 44 FF FD EF 7F,0x06F,00000004
251.66199999999998,9.0,101,0.0,1,1.0,[83  0  0  0  0  0  0  0],0.0,53 00 00 00 00 00 00 00,0x065,00000004
251.66200099999998,9.0,102,0.0,6,6.0,[  3 223 183  49  84  45   0   0],0.0,03 DF B7 31 54 2D 00 00,0x066,00000004
251.66200199999997,9.0,103,0.0,8,8.0,[ 61  36 138 208  19  52 109   9],0.0,3D 24 8A D0 13 34 6D 09,0x067,00000004
251.66200299999997,9.0,104,0.0,4,4.0,[113 245  25   0   0   0   0   0],0.0,71 F5 19 00 00 00 00 00,0x068,00000004
251.66200399999997,9.0,107,0.0,5,5.0,[ 59   0 128  38   0   0   0   0],0.0,3B 00 80 26 00 00 00 00,0x06B,00000004
251.85899999999998,9.0,111,0.0,8,8.0,[139 220 111  68 255 253 239 127],0.0,8B DC 6F 44 FF FD EF 7F,0x06F,00000004
251.86065,9.0,101,0.0,1,1.0,[83  0  0  0  0  0  0  0],0.0,53 00 00 00 00 00 00 00,0x065,00000004
251.860651,9.0,102,0.0,6,6.0,[  3 167 184  49  84  45   0   0],0.0,03 A7 B8 31 54 2D 00 00,0x066,00000004
251.860652,9.0,103,0.0,8,8.0,[ 61  36 138 208  19  52 109   9],0.0,3D 24 8A D0 13 34 6D 09,0x067,00000004
251.86065299999999,9.0,104,0.0,4,4.0,[113 245  25   0   0   0   0   0],0.0,71 F5 19 00 00 00 00 00,0x068,00000004
251.86065399999998,9.0,107,0.0,5,5.0,[179   0 192  63   0   0   0   0],0.0,B3 00 C0 3F 00 00 00 00,0x06B,00000004
251.86289999999997,9.0,106,0.0,3,3.0,[203   1   0   0   0   0   0   0],0.0,CB 01 00 00 00 00 00 00,0x06A,00000004
252.057,9.0,111,0.0,8,8.0,[139 220 111  68 255 253 239 127],0.0,8B DC 6F 44 FF FD EF 7F,0x06F,00000004
252.05774999999997,9.0,101,0.0,1,1.0,[83  0  0  0  0  0  0  0],0.0,53 00 00 00 00 00 00 00,0x065,00000004
252.05775099999997,9.0,102,0.0,6,6.0,[  3 111 185  49  84  45   0   0],0.0,03 6F B9 31 54 2D 00 00,0x066,00000004
252.057752,9.0,103,0.0,8,8.0,[ 61  36 138 208  19  52 109   9],0.0,3D 24 8A D0 13 34 6D 09,0x067,00000004
252.057753,9.0,104,0.0,4,4.0,[113 245  25   0   0   0   0   0],0.0,71 F5 19 00 00 00 00 00,0x068,00000004
252.057754,9.0,107,0.0,5,5.0,[209   0  64  63   0   0   0   0],0.0,D1 00 40 3F 00 00 00 00,0x06B,00000004
252.25499999999997,9.0,111,0.0,8,8.0,[139 220 111  68 255 253 239 127],0.0,8B DC 6F 44 FF FD EF 7F,0x06F,00000004
252.25599999999997,9.0,101,0.0,1,1.0,[83  0  0  0  0  0  0  0],0.0,53 00 00 00 00 00 00 00,0x065,00000004
252.25600099999997,9.0,102,0.0,6,6.0,[  3  55 186  49  84  45   0   0],0.0,03 37 BA 31 54 2D 00 00,0x066,00000004
252.256002,9.0,103,0.0,8,8.0,[ 61  36 138 240  19  52 109   9],0.0,3D 24 8A F0 13 34 6D 09,0x067,00000004
252.256003,9.0,104,0.0,4,4.0,[113 245  25   0   0   0   0   0],0.0,71 F5 19 00 00 00 00 00,0x068,00000004
252.256004,9.0,107,0.0,5,5.0,[185   0 224  33   0   0   0   0],0.0,B9 00 E0 21 00 00 00 00,0x06B,00000004
252.45299999999997,9.0,111,0.0,8,8.0,[139 220 111  68 255 253 239 127],0.0,8B DC 6F 44 FF FD EF 7F,0x06F,00000004
252.45399999999998,9.0,101,0.0,1,1.0,[83  0  0  0  0  0  0  0],0.0,53 00 00 00 00 00 00 00,0x065,00000004
252.45400099999998,9.0,102,0.0,6,6.0,[  3 255 186  49  84  45   0   0],0.0,03 FF BA 31 54 2D 00 00,0x066,00000004
252.45400199999997,9.0,103,0.0,8,8.0,[ 63  36 138 240  19  52 109   9],0.0,3F 24 8A F0 13 34 6D 09,0x067,00000004
252.45400299999997,9.0,104,0.0,4,4.0,[111 245  25   0   0   0   0   0],0.0,6F F5 19 00 00 00 00 00,0x068,00000004
252.45400399999997,9.0,107,0.0,5,5.0,[ 75   0 128  50   0   0   0   0],0.0,4B 00 80 32 00 00 00 00,0x06B,00000004
252.65099999999998,9.0,111,0.0,8,8.0,[139 220 111  68 255 253 239 127],0.0,8B DC 6F 44 FF FD EF 7F,0x06F,00000004
252.652,9.0,101,0.0,1,1.0,[83  0  0  0  0  0  0  0],0.0,53 00 00 00 00 00 00 00,0x065,00000004
252.65200099999998,9.0,102,0.0,6,6.0,[  3 199 187  49  84  45   0   0],0.0,03 C7 BB 31 54 2D 00 00,0x066,00000004
252.65200199999998,9.0,103,0.0,8,8.0,[ 63  36 138 240  19  52 109   9],0.0,3F 24 8A F0 13 34 6D 09,0x067,00000004
252.65200299999998,9.0,104,0.0,4,4.0,[111 245  25   0   0   0   0   0],0.0,6F F5 19 00 00 00 00 00,0x068,00000004
252.65200399999998,9.0,107,0.0,5,5.0,[105   1 192  56   0   0   0   0],0.0,69 01 C0 38 00 00 00 00,0x06B,00000004
252.849,9.0,111,0.0,8,8.0,[139 220 111  68 255 253 239 127],0.0,8B DC 6F 44 FF FD EF 7F,0x06F,00000004
252.85,9.0,101,0.0,1,1.0,[83  0  0  0  0  0  0  0],0.0,53 00 00 00 00 00 00 00,0x065,00000004
252.850001,9.0,102,0.0,6,6.0,[  3 143 188  49  84  45   0   0],0.0,03 8F BC 31 54 2D 00 00,0x066,00000004
252.850002,9.0,103,0.0,8,8.0,[ 63  36 138 240  19  52 109  13],0.0,3F 24 8A F0 13 34 6D 0D,0x067,00000004
252.850003,9.0,104,0.0,4,4.0,[109 245  25   0   0   0   0   0],0.0,6D F5 19 00 00 00 00 00,0x068,00000004
252.85000399999998,9.0,107,0.0,5,5.0,[  5   2 224  66   0   0   0   0],0.0,05 02 E0 42 00 00 00 00,0x06B,00000004
252.85295,9.0,106,0.0,3,3.0,[205   1   0   0   0   0   0   0],0.0,CD 01 00 00 00 00 00 00,0x06A,00000004
253.04699999999997,9.0,111,0.0,8,8.0,[139 220 111  68 255 253 239 127],0.0,8B DC 6F 44 FF FD EF 7F,0x06F,00000004
253.04799999999997,9.0,101,0.0,1,1.0,[83  0  0  0  0  0  0  0],0.0,53 00 00 00 00 00 00 00,0x065,00000004
253.04800099999997,9.0,102,0.0,6,6.0,[  3  87 189  49  84  45   0   0],0.0,03 57 BD 31 54 2D 00 00,0x066,00000004
253.04800199999997,9.0,103,0.0,8,8.0,[ 63  36 138 240  19  52 109  13],0.0,3F 24 8A F0 13 34 6D 0D,0x067,00000004
253.048003,9.0,104,0.0,4,4.0,[111 245  25   0   0   0   0   0],0.0,6F F5 19 00 00 00 00 00,0x068,00000004
253.048004,9.0,107,0.0,5,5.0,[161   1 128  66   0   0   0   0],0.0,A1 01 80 42 00 00 00 00,0x06B,00000004
253.24499999999998,9.0,111,0.0,8,8.0,[139 220 111  68 255 253 239 127],0.0,8B DC 6F 44 FF FD EF 7F,0x06F,00000004
253.24664999999996,9.0,101,0.0,1,1.0,[83  0  0  0  0  0  0  0],0.0,53 00 00 00 00 00 00 00,0x065,00000004
253.24665099999996,9.0,102,0.0,6,6.0,[  3  31 190  49  84  45   0   0],0.0,03 1F BE 31 54 2D 00 00,0x066,00000004
253.24665199999995,9.0,103,0.0,8,8.0,[ 63  36 138 240  19  52 109  13],0.0,3F 24 8A F0 13 34 6D 0D,0x067,00000004
253.246653,9.0,104,0.0,4,4.0,[111 245  25   0   0   0   0   0],0.0,6F F5 19 00 00 00 00 00,0x068,00000004
253.246654,9.0,107,0.0,5,5.0,[ 41   1 224  62   0   0   0   0],0.0,29 01 E0 3E 00 00 00 00,0x06B,00000004
253.44299999999996,9.0,111,0.0,8,8.0,[139 220 111  68 255 253 239 127],0.0,8B DC 6F 44 FF FD EF 7F,0x06F,00000004
253.444,9.0,101,0.0,1,1.0,[75  0  0  0  0  0  0  0],0.0,4B 00 00 00 00 00 00 00,0x065,00000004
253.444001,9.0,102,0.0,6,6.0,[  3 231 190  49  84  45   0   0],0.0,03 E7 BE 31 54 2D 00 00,0x066,00000004
253.44400199999998,9.0,103,0.0,8,8.0,[ 63  36 138 240  19  52 109  13],0.0,3F 24 8A F0 13 34 6D 0D,0x067,00000004
253.44400299999998,9.0,104,0.0,4,4.0,[109 245  25   0   0   0   0   0],0.0,6D F5 19 00 00 00 00 00,0x068,00000004
253.44400399999998,9.0,107,0.0,5,5.0,[29  0 96 42  0  0  0  0],0.0,1D 00 60 2A 00 00 00 00,0x06B,00000004
253.641,9.0,111,0.0,8,8.0,[139 220 111  68 255 253 239 127],0.0,8B DC 6F 44 FF FD EF 7F,0x06F,00000004
253.64199999999997,9.0,101,0.0,1,1.0,[83  0  0  0  0  0  0  0],0.0,53 00 00 00 00 00 00 00,0x065,00000004
253.64200099999996,9.0,102,0.0,6,6.0,[  3 175 191  49  84  45   0   0],0.0,03 AF BF 31 54 2D 00 00,0x066,00000004
253.64200199999996,9.0,103,0.0,8,8.0,[ 63  36 138 240  19  52 109  13],0.0,3F 24 8A F0 13 34 6D 0D,0x067,00000004
253.64200299999996,9.0,104,0.0,4,4.0,[109 245  25   0   0   0   0   0],0.0,6D F5 19 00 00 00 00 00,0x068,00000004
253.64200399999996,9.0,107,0.0,5,5.0,[193   0  64  63   0   0   0   0],0.0,C1 00 40 3F 00 00 00 00,0x06B,00000004
253.83899999999997,9.0,111,0.0,8,8.0,[139 220 111  68 255 253 239 127],0.0,8B DC 6F 44 FF FD EF 7F,0x06F,00000004
254.0373,9.0,101,0.0,1,1.0,[83  0  0  0  0  0  0  0],0.0,53 00 00 00 00 00 00 00,0x065,00000004
254.03730099999999,9.0,102,0.0,6,6.0,[  3 119 192  49  84  45   0   0],0.0,03 77 C0 31 54 2D 00 00,0x066,00000004
254.03730199999998,9.0,103,0.0,8,8.0,[ 63  36 138 240  19  52 109  13],0.0,3F 24 8A F0 13 34 6D 0D,0x067,00000004
254.03730299999998,9.0,104,0.0,4,4.0,[109 245  25   0   0   0   0   0],0.0,6D F5 19 00 00 00 00 00,0x068,00000004
254.03730399999998,9.0,107,0.0,5,5.0,[109   0  96  62   0   0   0   0],0.0,6D 00 60 3E 00 00 00 00,0x06B,00000004
254.0402,9.0,106,0.0,3,3.0,[205   1   0   0   0   0   0   0],0.0,CD 01 00 00 00 00 00 00,0x06A,00000004
254.04054999999997,9.0,111,0.0,8,8.0,[139 220 111  68 255 253 239 127],0.0,8B DC 6F 44 FF FD EF 7F,0x06F,00000004
254.23499999999999,9.0,111,0.0,8,8.0,[139 220 111 196 254 253 239 127],0.0,8B DC 6F C4 FE FD EF 7F,0x06F,00000004
254.4333,9.0,101,0.0,1,1.0,[83  0  0  0  0  0  0  0],0.0,53 00 00 00 00 00 00 00,0x065,00000004
254.433301,9.0,102,0.0,6,6.0,[  3   7 194  49  84  45   0   0],0.0,03 07 C2 31 54 2D 00 00,0x066,00000004
254.433302,9.0,103,0.0,8,8.0,[ 61  36 138 240  19  52 109  13],0.0,3D 24 8A F0 13 34 6D 0D,0x067,00000004
254.433303,9.0,104,0.0,4,4.0,[109 245  25   0   0   0   0   0],0.0,6D F5 19 00 00 00 00 00,0x068,00000004
254.433304,9.0,107,0.0,5,5.0,[ 95   0 224  62   0   0   0   0],0.0,5F 00 E0 3E 00 00 00 00,0x06B,00000004
254.43574999999996,9.0,111,0.0,8,8.0,[139 220 111  68 255 253 239 127],0.0,8B DC 6F 44 FF FD EF 7F,0x06F,00000004
254.63129999999998,9.0,101,0.0,1,1.0,[83  0  0  0  0  0  0  0],0.0,53 00 00 00 00 00 00 00,0x065,00000004
254.63130099999998,9.0,102,0.0,6,6.0,[  3 207 194  49  84  45   0   0],0.0,03 CF C2 31 54 2D 00 00,0x066,00000004
254.63130199999998,9.0,103,0.0,8,8.0,[ 63  36 138 240  19  52 109  13],0.0,3F 24 8A F0 13 34 6D 0D,0x067,00000004
254.63130299999997,9.0,104,0.0,4,4.0,[109 245  25   0   0   0   0   0],0.0,6D F5 19 00 00 00 00 00,0x068,00000004
254.63130399999997,9.0,107,0.0,5,5.0,[145   0  96  50   0   0   0   0],0.0,91 00 60 32 00 00 00 00,0x06B,00000004
254.6344,9.0,111,0.0,8,8.0,[139 220 111  68 255 253 239 127],0.0,8B DC 6F 44 FF FD EF 7F,0x06F,00000004
254.82929999999996,9.0,101,0.0,1,1.0,[83  0  0  0  0  0  0  0],0.0,53 00 00 00 00 00 00 00,0x065,00000004
254.82930099999996,9.0,102,0.0,6,6.0,[  3 151 195  49  84  45   0   0],0.0,03 97 C3 31 54 2D 00 00,0x066,00000004
254.82930199999996,9.0,103,0.0,8,8.0,[ 61  36 138 240  19  52 109  13],0.0,3D 24 8A F0 13 34 6D 0D,0x067,00000004
254.82930299999995,9.0,104,0.0,4,4.0,[107 245  25   0   0   0   0   0],0.0,6B F5 19 00 00 00 00 00,0x068,00000004
254.829304,9.0,107,0.0,5,5.0,[131   0  64  33   0   0   0   0],0.0,83 00 40 21 00 00 00 00,0x06B,00000004
254.83174999999997,9.0,111,0.0,8,8.0,[139 220 111 196 254 253 239 127],0.0,8B DC 6F C4 FE FD EF 7F,0x06F,00000004
255.0273,9.0,101,0.0,1,1.0,[83  0  0  0  0  0  0  0],0.0,53 00 00 00 00 00 00 00,0x065,00000004
255.027301,9.0,102,0.0,6,6.0,[  3  95 196  49  84  45   0   0],0.0,03 5F C4 31 54 2D 00 00,0x066,00000004
255.027302,9.0,103,0.0,8,8.0,[ 61  36 138 240  19  52 109  13],0.0,3D 24 8A F0 13 34 6D 0D,0x067,00000004
255.027303,9.0,104,0.0,4,4.0,[107 245  25   0   0   0   0   0],0.0,6B F5 19 00 00 00 00 00,0x068,00000004
255.027304,9.0,107,0.0,5,5.0,[ 95   0 224  50   0   0   0   0],0.0,5F 00 E0 32 00 00 00 00,0x06B,00000004
255.02955,9.0,106,0.0,3,3.0,[205   1   0   0   0   0   0   0],0.0,CD 01 00 00 00 00 00 00,0x06A,00000004
255.02989999999997,9.0,111,0.0,8,8.0,[137 220 111  68 255 249 239 127],0.0,89 DC 6F 44 FF F9 EF 7F,0x06F,00000004
255.22529999999998,9.0,101,0.0,1,1.0,[83  0  0  0  0  0  0  0],0.0,53 00 00 00 00 00 00 00,0x065,00000004
255.22530099999997,9.0,102,0.0,6,6.0,[  3  39 197  49  84  45   0   0],0.0,03 27 C5 31 54 2D 00 00,0x066,00000004
255.22530199999997,9.0,103,0.0,8,8.0,[ 63  36 138 240  19  52 109  13],0.0,3F 24 8A F0 13 34 6D 0D,0x067,00000004
255.22530299999997,9.0,104,0.0,4,4.0,[105 245  25   0   0   0   0   0],0.0,69 F5 19 00 00 00 00 00,0x068,00000004
255.22530399999997,9.0,107,0.0,5,5.0,[129   1   0  67   0   0   0   0],0.0,81 01 00 43 00 00 00 00,0x06B,00000004
255.2284,9.0,111,0.0,8,8.0,[139 220 111  68 255 253 239 127],0.0,8B DC 6F 44 FF FD EF 7F,0x06F,00000004
255.42329999999995,9.0,101,0.0,1,1.0,[83  0  0  0  0  0  0  0],0.0,53 00 00 00 00 00 00 00,0x065,00000004
255.423301,9.0,102,0.0,6,6.0,[  3 239 197  49  84  45   0   0],0.0,03 EF C5 31 54 2D 00 00,0x066,00000004
255.423302,9.0,103,0.0,8,8.0,[ 63  36 138 240  19  52 109  13],0.0,3F 24 8A F0 13 34 6D 0D,0x067,00000004
255.423303,9.0,104,0.0,4,4.0,[105 245  25   0   0   0   0   0],0.0,69 F5 19 00 00 00 00 00,0x068,00000004
255.423304,9.0,107,0.0,5,5.0,[ 83   1 192  66   0   0   0   0],0.0,53 01 C0 42 00 00 00 00,0x06B,00000004
255.42574999999997,9.0,111,0.0,8,8.0,[137 220 175  68 255 253 207 127],0.0,89 DC AF 44 FF FD CF 7F,0x06F,00000004
255.6213,9.0,101,0.0,1,1.0,[83  0  0  0  0  0  0  0],0.0,53 00 00 00 00 00 00 00,0x065,00000004
255.621301,9.0,102,0.0,6,6.0,[  3 183 198  49  84  45   0   0],0.0,03 B7 C6 31 54 2D 00 00,0x066,00000004
255.621302,9.0,103,0.0,8,8.0,[ 65  36 138 240  19  52 109  13],0.0,41 24 8A F0 13 34 6D 0D,0x067,00000004
255.62130299999998,9.0,104,0.0,4,4.0,[105 245  25   0   0   0   0   0],0.0,69 F5 19 00 00 00 00 00,0x068,00000004
255.62130399999998,9.0,107,0.0,5,5.0,[55  2  0 68  0  0  0  0],0.0,37 02 00 44 00 00 00 00,0x06B,00000004
255.62445,9.0,111,0.0,8,8.0,[137 220 111  68 255 245 239 127],0.0,89 DC 6F 44 FF F5 EF 7F,0x06F,00000004
255.81949999999998,9.0,101,0.0,1,1.0,[83  0  0  0  0  0  0  0],0.0,53 00 00 00 00 00 00 00,0x065,00000004
255.81950099999997,9.0,102,0.0,6,6.0,[  3 127 199  49  84  45   0   0],0.0,03 7F C7 31 54 2D 00 00,0x066,00000004
255.81950199999997,9.0,103,0.0,8,8.0,[ 63  36 138  16  20  52 109  13],0.0,3F 24 8A 10 14 34 6D 0D,0x067,00000004
255.81950299999997,9.0,104,0.0,4,4.0,[105 245  25   0   0   0   0   0],0.0,69 F5 19 00 00 00 00 00,0x068,00000004
255.81950399999997,9.0,107,0.0,5,5.0,[27  2  0 66  0  0  0  0],0.0,1B 02 00 42 00 00 00 00,0x06B,00000004
255.82174999999998,9.0,111,0.0,8,8.0,[137 228 143  68 255 249 207 127],0.0,89 E4 8F 44 FF F9 CF 7F,0x06F,00000004
256.01730000000003,9.0,101,0.0,1,1.0,[83  0  0  0  0  0  0  0],0.0,53 00 00 00 00 00 00 00,0x065,00000004
256.01730100000003,9.0,102,0.0,6,6.0,[  3  71 200  49  84  45   0   0],0.0,03 47 C8 31 54 2D 00 00,0x066,00000004
256.01730200000003,9.0,103,0.0,8,8.0,[ 63  36 138  16  20  52 109  13],0.0,3F 24 8A 10 14 34 6D 0D,0x067,00000004
256.017303,9.0,104,0.0,4,4.0,[105 245  25   0   0   0   0   0],0.0,69 F5 19 00 00 00 00 00,0x068,00000004
256.017304,9.0,107,0.0,5,5.0,[ 7  1 32 57  0  0  0  0],0.0,07 01 20 39 00 00 00 00,0x06B,00000004
256.0202,9.0,106,0.0,3,3.0,[205   1   0   0   0   0   0   0],0.0,CD 01 00 00 00 00 00 00,0x06A,00000004
256.02055,9.0,111,0.0,8,8.0,[139 236 111  68 255 253 207 127],0.0,8B EC 6F 44 FF FD CF 7F,0x06F,00000004
256.2153,9.0,101,0.0,1,1.0,[83  0  0  0  0  0  0  0],0.0,53 00 00 00 00 00 00 00,0x065,00000004
256.215301,9.0,102,0.0,6,6.0,[  3  15 201  49  84  45   0   0],0.0,03 0F C9 31 54 2D 00 00,0x066,00000004
256.215302,9.0,103,0.0,8,8.0,[ 63  36 138  16  20  52 109  13],0.0,3F 24 8A 10 14 34 6D 0D,0x067,00000004
256.215303,9.0,104,0.0,4,4.0,[105 245  25   0   0   0   0   0],0.0,69 F5 19 00 00 00 00 00,0x068,00000004
256.215304,9.0,107,0.0,5,5.0,[83  1 64 60  0  0  0  0],0.0,53 01 40 3C 00 00 00 00,0x06B,00000004
256.21775,9.0,111,0.0,8,8.0,[139 244 111  68 255 253 239 127],0.0,8B F4 6F 44 FF FD EF 7F,0x06F,00000004
256.4133,9.0,101,0.0,1,1.0,[83  0  0  0  0  0  0  0],0.0,53 00 00 00 00 00 00 00,0x065,00000004
256.413301,9.0,102,0.0,6,6.0,[  3 215 201  49  84  45   0   0],0.0,03 D7 C9 31 54 2D 00 00,0x066,00000004
256.413302,9.0,103,0.0,8,8.0,[ 63  36 138 240  19  52 109  13],0.0,3F 24 8A F0 13 34 6D 0D,0x067,00000004
256.413303,9.0,104,0.0,4,4.0,[105 245  25   0   0   0   0   0],0.0,69 F5 19 00 00 00 00 00,0x068,00000004
256.413304,9.0,107,0.0,5,5.0,[43  1 96 54  0  0  0  0],0.0,2B 01 60 36 00 00 00 00,0x06B,00000004
256.41575,9.0,111,0.0,8,8.0,[139 236 111  68 255 249 239 127],0.0,8B EC 6F 44 FF F9 EF 7F,0x06F,00000004
256.61155,9.0,101,0.0,1,1.0,[75  0  0  0  0  0  0  0],0.0,4B 00 00 00 00 00 00 00,0x065,00000004
256.611551,9.0,102,0.0,6,6.0,[  3 159 202  49  84  45   0   0],0.0,03 9F CA 31 54 2D 00 00,0x066,00000004
256.611552,9.0,103,0.0,8,8.0,[ 65  36 138 240  19  52 109  13],0.0,41 24 8A F0 13 34 6D 0D,0x067,00000004
256.611553,9.0,104,0.0,4,4.0,[103 245  25   0   0   0   0   0],0.0,67 F5 19 00 00 00 00 00,0x068,00000004
256.611554,9.0,107,0.0,5,5.0,[145   2 192  52   0   0   0   0],0.0,91 02 C0 34 00 00 00 00,0x06B,00000004
256.61445000000003,9.0,111,0.0,8,8.0,[139 236 111  68 255 253 239 127],0.0,8B EC 6F 44 FF FD EF 7F,0x06F,00000004
256.80955,9.0,101,0.0,1,1.0,[83  0  0  0  0  0  0  0],0.0,53 00 00 00 00 00 00 00,0x065,00000004
256.809551,9.0,102,0.0,6,6.0,[  3 103 203  49  84  45   0   0],0.0,03 67 CB 31 54 2D 00 00,0x066,00000004
256.809552,9.0,103,0.0,8,8.0,[ 67  36 138 240  19  52 109  13],0.0,43 24 8A F0 13 34 6D 0D,0x067,00000004
256.809553,9.0,104,0.0,4,4.0,[103 245  25   0   0   0   0   0],0.0,67 F5 19 00 00 00 00 00,0x068,00000004
256.809554,9.0,107,0.0,5,5.0,[37  3  0 57  0  0  0  0],0.0,25 03 00 39 00 00 00 00,0x06B,00000004
256.8118,9.0,111,0.0,8,8.0,[139  12 112  68 255 253 207 127],0.0,8B 0C 70 44 FF FD CF 7F,0x06F,00000004
257.00755000000004,9.0,101,0.0,1,1.0,[83  0  0  0  0  0  0  0],0.0,53 00 00 00 00 00 00 00,0x065,00000004
257.00755100000003,9.0,102,0.0,6,6.0,[  3  47 204  49  84  45   0   0],0.0,03 2F CC 31 54 2D 00 00,0x066,00000004
257.00755200000003,9.0,103,0.0,8,8.0,[ 67  36 138 208  19  52 109  13],0.0,43 24 8A D0 13 34 6D 0D,0x067,00000004
257.00755300000003,9.0,104,0.0,4,4.0,[103 245  25   0   0   0   0   0],0.0,67 F5 19 00 00 00 00 00,0x068,00000004
257.007554,9.0,107,0.0,5,5.0,[165   3 160  46   0   0   0   0],0.0,A5 03 A0 2E 00 00 00 00,0x06B,00000004
257.01045,9.0,106,0.0,3,3.0,[205   1   0   0   0   0   0   0],0.0,CD 01 00 00 00 00 00 00,0x06A,00000004
257.0106,9.0,111,0.0,8,8.0,[139  28 112  68   0 254 207 127],0.0,8B 1C 70 44 00 FE CF 7F,0x06F,00000004
257.2053,9.0,101,0.0,1,1.0,[83  0  0  0  0  0  0  0],0.0,53 00 00 00 00 00 00 00,0x065,00000004
257.205301,9.0,102,0.0,6,6.0,[  3 247 204  49  84  45   0   0],0.0,03 F7 CC 31 54 2D 00 00,0x066,00000004
257.205302,9.0,103,0.0,8,8.0,[ 65  36 138 176  19  52 109  13],0.0,41 24 8A B0 13 34 6D 0D,0x067,00000004
257.205303,9.0,104,0.0,4,4.0,[105 245  25   0   0   0   0   0],0.0,69 F5 19 00 00 00 00 00,0x068,00000004
257.205304,9.0,107,0.0,5,5.0,[215   2 160  30   0   0   0   0],0.0,D7 02 A0 1E 00 00 00 00,0x06B,00000004
257.2078,9.0,111,0.0,8,8.0,[139  52 144 196   1 254 239 127],0.0,8B 34 90 C4 01 FE EF 7F,0x06F,00000004
257.4033,9.0,101,0.0,1,1.0,[91  0  0  0  0  0  0  0],0.0,5B 00 00 00 00 00 00 00,0x065,00000004
257.403301,9.0,102,0.0,6,6.0,[  3 191 205  49  84  45   0   0],0.0,03 BF CD 31 54 2D 00 00,0x066,00000004
257.403302,9.0,103,0.0,8,8.0,[ 69  36 138 112  19  52 109  13],0.0,45 24 8A 70 13 34 6D 0D,0x067,00000004
257.403303,9.0,104,0.0,4,4.0,[105 245  25   0   0   0   0   0],0.0,69 F5 19 00 00 00 00 00,0x068,00000004
257.403304,9.0,107,0.0,5,5.0,[105   4  32  41   0   0   0   0],0.0,69 04 20 29 00 00 00 00,0x06B,00000004
257.40645,9.0,111,0.0,8,8.0,[137  52 176  68   3   2  80 128],0.0,89 34 B0 44 03 02 50 80,0x06F,00000004
257.60155000000003,9.0,101,0.0,1,1.0,[83  0  0  0  0  0  0  0],0.0,53 00 00 00 00 00 00 00,0x065,00000004
257.60155100000003,9.0,102,0.0,6,6.0,[  3 135 206  49  84  45   0   0],0.0,03 87 CE 31 54 2D 00 00,0x066,00000004
257.601552,9.0,103,0.0,8,8.0,[ 69  36 138  48  19  52 109  13],0.0,45 24 8A 30 13 34 6D 0D,0x067,00000004
257.601553,9.0,104,0.0,4,4.0,[107 245  25   0   0   0   0   0],0.0,6B F5 19 00 00 00 00 00,0x068,00000004
257.601554,9.0,107,0.0,5,5.0,[149   7  64  38   0   0   0   0],0.0,95 07 40 26 00 00 00 00,0x06B,00000004
257.60380000000004,9.0,111,0.0,8,8.0,[137  60 176 196   6   6 176 128],0.0,89 3C B0 C4 06 06 B0 80,0x06F,00000004
257.79955,9.0,101,0.0,1,1.0,[91  0  0  0  0  0  0  0],0.0,5B 00 00 00 00 00 00 00,0x065,00000004
257.799551,9.0,102,0.0,6,6.0,[  3  79 207  49  84  45   0   0],0.0,03 4F CF 31 54 2D 00 00,0x066,00000004
257.799552,9.0,103,0.0,8,8.0,[ 73  36 138 208  18  52 109  13],0.0,49 24 8A D0 12 34 6D 0D,0x067,00000004
257.799553,9.0,104,0.0,4,4.0,[109 245  25   0   0   0   0   0],0.0,6D F5 19 00 00 00 00 00,0x068,00000004
257.799554,9.0,107,0.0,5,5.0,[127   9   0  41   0   0   0   0],0.0,7F 09 00 29 00 00 00 00,0x06B,00000004
257.8025,9.0,111,0.0,8,8.0,[133  60  16 197  10 242  47 129],0.0,85 3C 10 C5 0A F2 2F 81,0x06F,00000004
257.99755,9.0,101,0.0,1,1.0,[91  0  0  0  0  0  0  0],0.0,5B 00 00 00 00 00 00 00,0x065,00000004
257.997551,9.0,102,0.0,6,6.0,[  3  23 208  49  84  45   0   0],0.0,03 17 D0 31 54 2D 00 00,0x066,00000004
257.997552,9.0,103,0.0,8,8.0,[ 77  36 138  80  18  52 109  13],0.0,4D 24 8A 50 12 34 6D 0D,0x067,00000004
257.997553,9.0,104,0.0,4,4.0,[111 245  25   0   0   0   0   0],0.0,6F F5 19 00 00 00 00 00,0x068,00000004
257.99755400000004,9.0,107,0.0,5,5.0,[73 13 64 44  0  0  0  0],0.0,49 0D 40 2C 00 00 00 00,0x06B,00000004
257.9998,9.0,106,0.0,3,3.0,[207   1   0   0   0   0   0   0],0.0,CF 01 00 00 00 00 00 00,0x06A,00000004
258.00065,9.0,111,0.0,8,8.0,[135  36 112 197  15 242 207 129],0.0,87 24 70 C5 0F F2 CF 81,0x06F,00000004
258.19555,9.0,101,0.0,1,1.0,[91  0  0  0  0  0  0  0],0.0,5B 00 00 00 00 00 00 00,0x065,00000004
258.195551,9.0,102,0.0,6,6.0,[  3 223 208  49  84  45   0   0],0.0,03 DF D0 31 54 2D 00 00,0x066,00000004
258.195552,9.0,103,0.0,8,8.0,[ 79  36 138 176  17  52 109  13],0.0,4F 24 8A B0 11 34 6D 0D,0x067,00000004
258.195553,9.0,104,0.0,4,4.0,[111 245  25   0   0   0   0   0],0.0,6F F5 19 00 00 00 00 00,0x068,00000004
258.195554,9.0,107,0.0,5,5.0,[219  15   0  34   0   0   0   0],0.0,DB 0F 00 22 00 00 00 00,0x06B,00000004
258.19780000000003,9.0,111,0.0,8,8.0,[129  44 144  69  22  10 176 130],0.0,81 2C 90 45 16 0A B0 82,0x06F,00000004
258.39355,9.0,101,0.0,1,1.0,[91  0  0  0  0  0  0  0],0.0,5B 00 00 00 00 00 00 00,0x065,00000004
258.393551,9.0,102,0.0,6,6.0,[  3 167 209  49  84  45   0   0],0.0,03 A7 D1 31 54 2D 00 00,0x066,00000004
258.393552,9.0,103,0.0,8,8.0,[ 81  36 138 240  16  52 109  13],0.0,51 24 8A F0 10 34 6D 0D,0x067,00000004
258.393553,9.0,104,0.0,4,4.0,[111 245  25   0   0   0   0   0],0.0,6F F5 19 00 00 00 00 00,0x068,00000004
258.393554,9.0,107,0.0,5,5.0,[137  16 192  35   0   0   0   0],0.0,89 10 C0 23 00 00 00 00,0x06B,00000004
258.39645,9.0,111,0.0,8,8.0,[125  28 176 197  27 254 207 131],0.0,7D 1C B0 C5 1B FE CF 83,0x06F,00000004
258.59135000000003,9.0,101,0.0,1,1.0,[91  0  0  0  0  0  0  0],0.0,5B 00 00 00 00 00 00 00,0x065,00000004
258.59135100000003,9.0,102,0.0,6,6.0,[  3 111 210  49  84  45   0   0],0.0,03 6F D2 31 54 2D 00 00,0x066,00000004
258.59135200000003,9.0,103,0.0,8,8.0,[ 85  36 138  48  16  52 109  13],0.0,55 24 8A 30 10 34 6D 0D,0x067,00000004
258.591353,9.0,104,0.0,4,4.0,[109 245  25   0   0   0   0   0],0.0,6D F5 19 00 00 00 00 00,0x068,00000004
258.591354,9.0,107,0.0,5,5.0,[49 19 64 37  0  0  0  0],0.0,31 13 40 25 00 00 00 00,0x06B,00000004
258.5938,9.0,111,0.0,8,8.0,[131  28  80  69  33 214  79 132],0.0,83 1C 50 45 21 D6 4F 84,0x06F,00000004
258.78955,9.0,101,0.0,1,1.0,[91  0  0  0  0  0  0  0],0.0,5B 00 00 00 00 00 00 00,0x065,00000004
258.789551,9.0,102,0.0,6,6.0,[  3  55 211  49  84  45   0   0],0.0,03 37 D3 31 54 2D 00 00,0x066,00000004
258.789552,9.0,103,0.0,8,8.0,[ 87  36 138 112  15  52 109   9],0.0,57 24 8A 70 0F 34 6D 09,0x067,00000004
258.789553,9.0,104,0.0,4,4.0,[109 245  25   0   0   0   0   0],0.0,6D F5 19 00 00 00 00 00,0x068,00000004
258.789554,9.0,107,0.0,5,5.0,[23 20 32 36  0  0  0  0],0.0,17 14 20 24 00 00 00 00,0x06B,00000004
258.79245000000003,9.0,111,0.0,8,8.0,[131  44 144 197  36 230  15 133],0.0,83 2C 90 C5 24 E6 0F 85,0x06F,00000004
258.98755,9.0,101,0.0,1,1.0,[91  0  0  0  0  0  0  0],0.0,5B 00 00 00 00 00 00 00,0x065,00000004
258.987551,9.0,102,0.0,6,6.0,[  3 255 211  49  84  45   0   0],0.0,03 FF D3 31 54 2D 00 00,0x066,00000004
258.987552,9.0,103,0.0,8,8.0,[ 89  36 138  80  14  52 109   9],0.0,59 24 8A 50 0E 34 6D 09,0x067,00000004
258.987553,9.0,104,0.0,4,4.0,[113 245  25   0   0   0   0   0],0.0,71 F5 19 00 00 00 00 00,0x068,00000004
258.987554,9.0,107,0.0,5,5.0,[107  21 192  32   0   0   0   0],0.0,6B 15 C0 20 00 00 00 00,0x06B,00000004
258.9897,9.0,106,0.0,3,3.0,[211   1   0   0   0   0   0   0],0.0,D3 01 00 00 00 00 00 00,0x06A,00000004
258.98995,9.0,111,0.0,8,8.0,[127  12 240 197  41 218 143 133],0.0,7F 0C F0 C5 29 DA 8F 85,0x06F,00000004
259.18510000000003,9.0,111,0.0,8,8.0,[125  28 208  69  45 218 111 133],0.0,7D 1C D0 45 2D DA 6F 85,0x06F,00000004
259.1864,9.0,101,0.0,1,1.0,[91  0  0  0  0  0  0  0],0.0,5B 00 00 00 00 00 00 00,0x065,00000004
259.186401,9.0,102,0.0,6,6.0,[  3 199 212  49  84  45   0   0],0.0,03 C7 D4 31 54 2D 00 00,0x066,00000004
259.186402,9.0,103,0.0,8,8.0,[ 91  36 138 112  13  52 109   9],0.0,5B 24 8A 70 0D 34 6D 09,0x067,00000004
259.186403,9.0,104,0.0,4,4.0,[113 245  25   0   0   0   0   0],0.0,71 F5 19 00 00 00 00 00,0x068,00000004
259.186404,9.0,107,0.0,5,5.0,[125  22 160  41   0   0   0   0],0.0,7D 16 A0 29 00 00 00 00,0x06B,00000004
259.38355,9.0,101,0.0,1,1.0,[91  0  0  0  0  0  0  0],0.0,5B 00 00 00 00 00 00 00,0x065,00000004
259.383551,9.0,102,0.0,6,6.0,[  3 143 213  49  84  45   0   0],0.0,03 8F D5 31 54 2D 00 00,0x066,00000004
259.383552,9.0,103,0.0,8,8.0,[ 89  36 138  80  12  52 109   9],0.0,59 24 8A 50 0C 34 6D 09,0x067,00000004
259.383553,9.0,104,0.0,4,4.0,[113 245  25   0   0   0   0   0],0.0,71 F5 19 00 00 00 00 00,0x068,00000004
259.383554,9.0,107,0.0,5,5.0,[15 24 64 43  0  0  0  0],0.0,0F 18 40 2B 00 00 00 00,0x06B,00000004
259.38585,9.0,111,0.0,8,8.0,[127  20  80  70  47 242  79 134],0.0,7F 14 50 46 2F F2 4F 86,0x06F,00000004
259.58155,9.0,101,0.0,1,1.0,[91  0  0  0  0  0  0  0],0.0,5B 00 00 00 00 00 00 00,0x065,00000004
259.581551,9.0,102,0.0,6,6.0,[  3  87 214  49  84  45   0   0],0.0,03 57 D6 31 54 2D 00 00,0x066,00000004
259.581552,9.0,103,0.0,8,8.0,[ 89  36 138  48  11  52 109   9],0.0,59 24 8A 30 0B 34 6D 09,0x067,00000004
259.581553,9.0,104,0.0,4,4.0,[113 245  25   0   0   0   0   0],0.0,71 F5 19 00 00 00 00 00,0x068,00000004
259.581554,9.0,107,0.0,5,5.0,[201  23 128  42   0   0   0   0],0.0,C9 17 80 2A 00 00 00 00,0x06B,00000004
259.58385,9.0,111,0.0,8,8.0,[129  12  16 198  50 230 207 134],0.0,81 0C 10 C6 32 E6 CF 86,0x06F,00000004
259.77955000000003,9.0,101,0.0,1,1.0,[91  0  0  0  0  0  0  0],0.0,5B 00 00 00 00 00 00 00,0x065,00000004
259.779551,9.0,102,0.0,6,6.0,[  3  31 215  49  84  45   0   0],0.0,03 1F D7 31 54 2D 00 00,0x066,00000004
259.779552,9.0,103,0.0,8,8.0,[ 85  36 138  16  10  52 109   9],0.0,55 24 8A 10 0A 34 6D 09,0x067,00000004
259.779553,9.0,104,0.0,4,4.0,[115 245  25   0   0   0   0   0],0.0,73 F5 19 00 00 00 00 00,0x068,00000004
259.779554,9.0,107,0.0,5,5.0,[219  26 160  42   0   0   0   0],0.0,DB 1A A0 2A 00 00 00 00,0x06B,00000004
259.78245,9.0,111,0.0,8,8.0,[133  28  48  70  52 222 143 134],0.0,85 1C 30 46 34 DE 8F 86,0x06F,00000004
259.97755,9.0,101,0.0,1,1.0,[91  0  0  0  0  0  0  0],0.0,5B 00 00 00 00 00 00 00,0x065,00000004
259.977551,9.0,102,0.0,6,6.0,[  3 231 215  49  84  45   0   0],0.0,03 E7 D7 31 54 2D 00 00,0x066,00000004
259.977552,9.0,103,0.0,8,8.0,[ 81  36 138 208   8  52 109   9],0.0,51 24 8A D0 08 34 6D 09,0x067,00000004
259.977553,9.0,104,0.0,4,4.0,[115 245  25   0   0   0   0   0],0.0,73 F5 19 00 00 00 00 00,0x068,00000004
259.977554,9.0,107,0.0,5,5.0,[103  28  64  45   0   0   0   0],0.0,67 1C 40 2D 00 00 00 00,0x06B,00000004
259.97975,9.0,106,0.0,3,3.0,[217   1   0   0   0   0   0   0],0.0,D9 01 00 00 00 00 00 00,0x06A,00000004
259.97995000000003,9.0,111,0.0,8,8.0,[117  44 144  69  51   6  16 134],0.0,75 2C 90 45 33 06 10 86,0x06F,00000004
260.17555,9.0,101,0.0,1,1.0,[91  0  0  0  0  0  0  0],0.0,5B 00 00 00 00 00 00 00,0x065,00000004
260.175551,9.0,102,0.0,6,6.0,[  3 175 216  49  84  45   0   0],0.0,03 AF D8 31 54 2D 00 00,0x066,00000004
260.175552,9.0,103,0.0,8,8.0,[ 75  36 138 112   7  52 109   9],0.0,4B 24 8A 70 07 34 6D 09,0x067,00000004
260.17555300000004,9.0,104,0.0,4,4.0,[117 245  25   0   0   0   0   0],0.0,75 F5 19 00 00 00 00 00,0x068,00000004
260.17555400000003,9.0,107,0.0,5,5.0,[ 67  32 160  43   0   0   0   0],0.0,43 20 A0 2B 00 00 00 00,0x06B,00000004
260.1785,9.0,111,0.0,8,8.0,[121  28  48  70  48 206  79 134],0.0,79 1C 30 46 30 CE 4F 86,0x06F,00000004
260.3731,9.0,111,0.0,8,8.0,[125  44 176  69  47  14 144 133],0.0,7D 2C B0 45 2F 0E 90 85,0x06F,00000004
260.37375000000003,9.0,101,0.0,1,1.0,[91  0  0  0  0  0  0  0],0.0,5B 00 00 00 00 00 00 00,0x065,00000004
260.373751,9.0,102,0.0,6,6.0,[  3 119 217  49  84  45   0   0],0.0,03 77 D9 31 54 2D 00 00,0x066,00000004
260.373752,9.0,103,0.0,8,8.0,[ 69  36 138  48   6  52 109   9],0.0,45 24 8A 30 06 34 6D 09,0x067,00000004
260.373753,9.0,104,0.0,4,4.0,[119 245  25   0   0   0   0   0],0.0,77 F5 19 00 00 00 00 00,0x068,00000004
260.373754,9.0,107,0.0,5,5.0,[121  29 224  49   0   0   0   0],0.0,79 1D E0 31 00 00 00 00,0x06B,00000004
260.5716,9.0,101,0.0,1,1.0,[91  0  0  0  0  0  0  0],0.0,5B 00 00 00 00 00 00 00,0x065,00000004
260.571601,9.0,102,0.0,6,6.0,[  3  63 218  49  84  45   0   0],0.0,03 3F DA 31 54 2D 00 00,0x066,00000004
260.571602,9.0,103,0.0,8,8.0,[ 61  36 138  16   5  52 109   9],0.0,3D 24 8A 10 05 34 6D 09,0x067,00000004
260.571603,9.0,104,0.0,4,4.0,[119 245  25   0   0   0   0   0],0.0,77 F5 19 00 00 00 00 00,0x068,00000004
260.57160400000004,9.0,107,0.0,5,5.0,[ 87  31 128  56   0   0   0   0],0.0,57 1F 80 38 00 00 00 00,0x06B,00000004
260.5745,9.0,111,0.0,8,8.0,[111  52 112  69  43 242 143 134],0.0,6F 34 70 45 2B F2 8F 86,0x06F,00000004
260.7696,9.0,101,0.0,1,1.0,[91  0  0  0  0  0  0  0],0.0,5B 00 00 00 00 00 00 00,0x065,00000004
260.769601,9.0,102,0.0,6,6.0,[  3   7 219  49  84  45   0   0],0.0,03 07 DB 31 54 2D 00 00,0x066,00000004
260.769602,9.0,103,0.0,8,8.0,[ 49  36 138 208   3  52 109   9],0.0,31 24 8A D0 03 34 6D 09,0x067,00000004
260.769603,9.0,104,0.0,4,4.0,[117 245  25   0   0   0   0   0],0.0,75 F5 19 00 00 00 00 00,0x068,00000004
260.769604,9.0,107,0.0,5,5.0,[203  35  32  60   0   0   0   0],0.0,CB 23 20 3C 00 00 00 00,0x06B,00000004
260.77185000000003,9.0,111,0.0,8,8.0,[121  28  80  70  41 214  79 132],0.0,79 1C 50 46 29 D6 4F 84,0x06F,00000004
260.9671,9.0,111,0.0,8,8.0,[135  60 112  69  37 250  47 132],0.0,87 3C 70 45 25 FA 2F 84,0x06F,00000004
260.96840000000003,9.0,101,0.0,1,1.0,[91  0  0  0  0  0  0  0],0.0,5B 00 00 00 00 00 00 00,0x065,00000004
260.96840100000003,9.0,102,0.0,6,6.0,[  3 207 219  49  84  45   0   0],0.0,03 CF DB 31 54 2D 00 00,0x066,00000004
260.968402,9.0,103,0.0,8,8.0,[ 35  36 138 176   2  52 109   9],0.0,23 24 8A B0 02 34 6D 09,0x067,00000004
260.968403,9.0,104,0.0,4,4.0,[119 245  25   0   0   0   0   0],0.0,77 F5 19 00 00 00 00 00,0x068,00000004
260.968404,9.0,107,0.0,5,5.0,[ 41  37 224  58   0   0   0   0],0.0,29 25 E0 3A 00 00 00 00,0x06B,00000004
260.97065000000003,9.0,106,0.0,3,3.0,[227   1   0   0   0   0   0   0],0.0,E3 01 00 00 00 00 00 00,0x06A,00000004
261.1656,9.0,101,0.0,1,1.0,[91  0  0  0  0  0  0  0],0.0,5B 00 00 00 00 00 00 00,0x065,00000004
261.165601,9.0,102,0.0,6,6.0,[  3 151 220  49  84  45   0   0],0.0,03 97 DC 31 54 2D 00 00,0x066,00000004
261.16560200000004,9.0,103,0.0,8,8.0,[ 21  36 138  80   1  52 109   9],0.0,15 24 8A 50 01 34 6D 09,0x067,00000004
261.16560300000003,9.0,104,0.0,4,4.0,[121 245  25   0   0   0   0   0],0.0,79 F5 19 00 00 00 00 00,0x068,00000004
261.16560400000003,9.0,107,0.0,5,5.0,[ 11  40 192  65   0   0   0   0],0.0,0B 28 C0 41 00 00 00 00,0x06B,00000004
261.1685,9.0,111,0.0,8,8.0,[125  28 240 197  32  22 112 131],0.0,7D 1C F0 C5 20 16 70 83,0x06F,00000004
261.3636,9.0,101,0.0,1,1.0,[91  0  0  0  0  0  0  0],0.0,5B 00 00 00 00 00 00 00,0x065,00000004
261.363601,9.0,102,0.0,6,6.0,[  3  95 221  49  84  45   0   0],0.0,03 5F DD 31 54 2D 00 00,0x066,00000004
261.363602,9.0,103,0.0,8,8.0,[  7  36 138  16   0  52 109   9],0.0,07 24 8A 10 00 34 6D 09,0x067,00000004
261.363603,9.0,104,0.0,4,4.0,[119 245  25   0   0   0   0   0],0.0,77 F5 19 00 00 00 00 00,0x068,00000004
261.363604,9.0,107,0.0,5,5.0,[143  42 160  67   0   0   0   0],0.0,8F 2A A0 43 00 00 00 00,0x06B,00000004
261.36405,9.0,111,0.0,8,8.0,[129  36  48 198  30 206 207 131],0.0,81 24 30 C6 1E CE CF 83,0x06F,00000004
261.5611,9.0,111,0.0,8,8.0,[133  44 112  69  27 238 111 131],0.0,85 2C 70 45 1B EE 6F 83,0x06F,00000004
261.56175,9.0,101,0.0,1,1.0,[91  0  0  0  0  0  0  0],0.0,5B 00 00 00 00 00 00 00,0x065,00000004
261.561751,9.0,102,0.0,6,6.0,[  3  39 222  49  84  45   0   0],0.0,03 27 DE 31 54 2D 00 00,0x066,00000004
261.561752,9.0,103,0.0,8,8.0,[247  35 138 208 254  51 109   9],0.0,F7 23 8A D0 FE 33 6D 09,0x067,00000004
261.561753,9.0,104,0.0,4,4.0,[121 245  25   0   0   0   0   0],0.0,79 F5 19 00 00 00 00 00,0x068,00000004
261.561754,9.0,107,0.0,5,5.0,[151  42  96  58   0   0   0   0],0.0,97 2A 60 3A 00 00 00 00,0x06B,00000004
261.7591,9.0,111,0.0,8,8.0,[133  52  16  69  22 254 175 130],0.0,85 34 10 45 16 FE AF 82,0x06F,00000004
261.75975,9.0,101,0.0,1,1.0,[91  0  0  0  0  0  0  0],0.0,5B 00 00 00 00 00 00 00,0x065,00000004
261.759751,9.0,102,0.0,6,6.0,[  3 239 222  49  84  45   0   0],0.0,03 EF DE 31 54 2D 00 00,0x066,00000004
261.759752,9.0,103,0.0,8,8.0,[233  35 138 176 253  51 109   9],0.0,E9 23 8A B0 FD 33 6D 09,0x067,00000004
261.759753,9.0,104,0.0,4,4.0,[125 245  25   0   0   0   0   0],0.0,7D F5 19 00 00 00 00 00,0x068,00000004
261.759754,9.0,107,0.0,5,5.0,[51 43 32 67  0  0  0  0],0.0,33 2B 20 43 00 00 00 00,0x06B,00000004
261.9576,9.0,101,0.0,1,1.0,[91  0  0  0  0  0  0  0],0.0,5B 00 00 00 00 00 00 00,0x065,00000004
261.957601,9.0,102,0.0,6,6.0,[  3 183 223  49  84  45   0   0],0.0,03 B7 DF 31 54 2D 00 00,0x066,00000004
261.957602,9.0,103,0.0,8,8.0,[215  35 138 144 252  51 109   9],0.0,D7 23 8A 90 FC 33 6D 09,0x067,00000004
261.957603,9.0,104,0.0,4,4.0,[127 245  25   0   0   0   0   0],0.0,7F F5 19 00 00 00 00 00,0x068,00000004
261.957604,9.0,107,0.0,5,5.0,[209  44 192  73   0   0   0   0],0.0,D1 2C C0 49 00 00 00 00,0x06B,00000004
261.9604,9.0,106,0.0,3,3.0,[237   1   0   0   0   0   0   0],0.0,ED 01 00 00 00 00 00 00,0x06A,00000004
261.96065,9.0,111,0.0,8,8.0,[131  44 144  69  18  10  80 130],0.0,83 2C 90 45 12 0A 50 82,0x06F,00000004
262.1551,9.0,111,0.0,8,8.0,[135  44  80  69  16  18 176 129],0.0,87 2C 50 45 10 12 B0 81,0x06F,00000004
262.15575,9.0,101,0.0,1,1.0,[91  0  0  0  0  0  0  0],0.0,5B 00 00 00 00 00 00 00,0x065,00000004
262.155751,9.0,102,0.0,6,6.0,[  3 127 224  49  84  45   0   0],0.0,03 7F E0 31 54 2D 00 00,0x066,00000004
262.155752,9.0,103,0.0,8,8.0,[191  35 138 112 251  51 109   9],0.0,BF 23 8A 70 FB 33 6D 09,0x067,00000004
262.155753,9.0,104,0.0,4,4.0,[127 245  25   0   0   0   0   0],0.0,7F F5 19 00 00 00 00 00,0x068,00000004
262.155754,9.0,107,0.0,5,5.0,[215  49  64  70   0   0   0   0],0.0,D7 31 40 46 00 00 00 00,0x06B,00000004
262.3531,9.0,111,0.0,8,8.0,[137  44  48 197  12   6  16 129],0.0,89 2C 30 C5 0C 06 10 81,0x06F,00000004
262.3544,9.0,101,0.0,1,1.0,[91  0  0  0  0  0  0  0],0.0,5B 00 00 00 00 00 00 00,0x065,00000004
262.354401,9.0,102,0.0,6,6.0,[  3  71 225  49  84  45   0   0],0.0,03 47 E1 31 54 2D 00 00,0x066,00000004
262.354402,9.0,103,0.0,8,8.0,[167  35 138 112 250  51 109   9],0.0,A7 23 8A 70 FA 33 6D 09,0x067,00000004
262.354403,9.0,104,0.0,4,4.0,[127 245  25   0   0   0   0   0],0.0,7F F5 19 00 00 00 00 00,0x068,00000004
262.354404,9.0,107,0.0,5,5.0,[ 9 52 64 69  0  0  0  0],0.0,09 34 40 45 00 00 00 00,0x06B,00000004
262.5511,9.0,111,0.0,8,8.0,[135  36 144  68   7 238 143 128],0.0,87 24 90 44 07 EE 8F 80,0x06F,00000004
262.55175,9.0,101,0.0,1,1.0,[91  0  0  0  0  0  0  0],0.0,5B 00 00 00 00 00 00 00,0x065,00000004
262.551751,9.0,102,0.0,6,6.0,[  3  15 226  49  84  45   0   0],0.0,03 0F E2 31 54 2D 00 00,0x066,00000004
262.551752,9.0,103,0.0,8,8.0,[145  35 138  80 249  51 109   9],0.0,91 23 8A 50 F9 33 6D 09,0x067,00000004
262.551753,9.0,104,0.0,4,4.0,[127 245  25   0   0   0   0   0],0.0,7F F5 19 00 00 00 00 00,0x068,00000004
262.551754,9.0,107,0.0,5,5.0,[163  52  32  75   0   0   0   0],0.0,A3 34 20 4B 00 00 00 00,0x06B,00000004
262.7491,9.0,111,0.0,8,8.0,[137   4 240 196   5  26 112 128],0.0,89 04 F0 C4 05 1A 70 80,0x06F,00000004
262.74975,9.0,101,0.0,1,1.0,[91  0  0  0  0  0  0  0],0.0,5B 00 00 00 00 00 00 00,0x065,00000004
262.749751,9.0,102,0.0,6,6.0,[  3 215 226  49  84  45   0   0],0.0,03 D7 E2 31 54 2D 00 00,0x066,00000004
262.749752,9.0,103,0.0,8,8.0,[121  35 138  80 248  51 109   9],0.0,79 23 8A 50 F8 33 6D 09,0x067,00000004
262.749753,9.0,104,0.0,4,4.0,[125 245  25   0   0   0   0   0],0.0,7D F5 19 00 00 00 00 00,0x068,00000004
262.749754,9.0,107,0.0,5,5.0,[  3  53 224  79   0   0   0   0],0.0,03 35 E0 4F 00 00 00 00,0x06B,00000004
262.94715,9.0,111,0.0,8,8.0,[141   4  80 196   3 242 111 128],0.0,8D 04 50 C4 03 F2 6F 80,0x06F,00000004
262.94780000000003,9.0,101,0.0,1,1.0,[91  0  0  0  0  0  0  0],0.0,5B 00 00 00 00 00 00 00,0x065,00000004
262.947801,9.0,102,0.0,6,6.0,[  3 159 227  49  84  45   0   0],0.0,03 9F E3 31 54 2D 00 00,0x066,00000004
262.947802,9.0,103,0.0,8,8.0,[ 97  35 138  48 247  51 109   9],0.0,61 23 8A 30 F7 33 6D 09,0x067,00000004
262.947803,9.0,104,0.0,4,4.0,[125 245  25   0   0   0   0   0],0.0,7D F5 19 00 00 00 00 00,0x068,00000004
262.947804,9.0,107,0.0,5,5.0,[27 56  0 77  0  0  0  0],0.0,1B 38 00 4D 00 00 00 00,0x06B,00000004
262.9507,9.0,106,0.0,3,3.0,[251   1   0   0   0   0   0   0],0.0,FB 01 00 00 00 00 00 00,0x06A,00000004
263.1456,9.0,101,0.0,1,1.0,[91  0  0  0  0  0  0  0],0.0,5B 00 00 00 00 00 00 00,0x065,00000004
263.145601,9.0,102,0.0,6,6.0,[  3 103 228  49  84  45   0   0],0.0,03 67 E4 31 54 2D 00 00,0x066,00000004
263.145602,9.0,103,0.0,8,8.0,[ 69  35 138  16 246  51 109   9],0.0,45 23 8A 10 F6 33 6D 09,0x067,00000004
263.145603,9.0,104,0.0,4,4.0,[123 245  25   0   0   0   0   0],0.0,7B F5 19 00 00 00 00 00,0x068,00000004
263.145604,9.0,107,0.0,5,5.0,[  5  59 128  74   0   0   0   0],0.0,05 3B 80 4A 00 00 00 00,0x06B,00000004
263.14785,9.0,111,0.0,8,8.0,[141 220 143  68   1 234 111 128],0.0,8D DC 8F 44 01 EA 6F 80,0x06F,00000004
263.34315000000004,9.0,111,0.0,8,8.0,[139 212  79 196 255   1 112 128],0.0,8B D4 4F C4 FF 01 70 80,0x06F,00000004
263.34375,9.0,101,0.0,1,1.0,[83  0  0  0  0  0  0  0],0.0,53 00 00 00 00 00 00 00,0x065,00000004
263.343751,9.0,102,0.0,6,6.0,[  3  47 229  49  84  45   0   0],0.0,03 2F E5 31 54 2D 00 00,0x066,00000004
263.343752,9.0,103,0.0,8,8.0,[ 43  35 138 240 244  51 109   9],0.0,2B 23 8A F0 F4 33 6D 09,0x067,00000004
263.343753,9.0,104,0.0,4,4.0,[121 245  25   0   0   0   0   0],0.0,79 F5 19 00 00 00 00 00,0x068,00000004
263.343754,9.0,107,0.0,5,5.0,[141  59 128  71   0   0   0   0],0.0,8D 3B 80 47 00 00 00 00,0x06B,00000004
263.54115,9.0,111,0.0,8,8.0,[139 204 111  68 255 253  15 128],0.0,8B CC 6F 44 FF FD 0F 80,0x06F,00000004
263.54175000000004,9.0,101,0.0,1,1.0,[83  0  0  0  0  0  0  0],0.0,53 00 00 00 00 00 00 00,0x065,00000004
263.54175100000003,9.0,102,0.0,6,6.0,[  3 247 229  49  84  45   0   0],0.0,03 F7 E5 31 54 2D 00 00,0x066,00000004
263.54175200000003,9.0,103,0.0,8,8.0,[ 15  35 138 208 243  51 109   9],0.0,0F 23 8A D0 F3 33 6D 09,0x067,00000004
263.541753,9.0,104,0.0,4,4.0,[123 245  25   0   0   0   0   0],0.0,7B F5 19 00 00 00 00 00,0x068,00000004
263.541754,9.0,107,0.0,5,5.0,[195  60 224  68   0   0   0   0],0.0,C3 3C E0 44 00 00 00 00,0x06B,00000004
263.73915,9.0,111,0.0,8,8.0,[135 236 111 196 255  21 208 127],0.0,87 EC 6F C4 FF 15 D0 7F,0x06F,00000004
263.73975,9.0,101,0.0,1,1.0,[91  0  0  0  0  0  0  0],0.0,5B 00 00 00 00 00 00 00,0x065,00000004
263.739751,9.0,102,0.0,6,6.0,[  3 191 230  49  84  45   0   0],0.0,03 BF E6 31 54 2D 00 00,0x066,00000004
263.739752,9.0,103,0.0,8,8.0,[245  34 138 176 242  51 109   9],0.0,F5 22 8A B0 F2 33 6D 09,0x067,00000004
263.739753,9.0,104,0.0,4,4.0,[125 245  25   0   0   0   0   0],0.0,7D F5 19 00 00 00 00 00,0x068,00000004
263.739754,9.0,107,0.0,5,5.0,[167  61 128  58   0   0   0   0],0.0,A7 3D 80 3A 00 00 00 00,0x06B,00000004
263.93715000000003,9.0,111,0.0,8,8.0,[139 252 143 196 255 249  47 128],0.0,8B FC 8F C4 FF F9 2F 80,0x06F,00000004
263.93775,9.0,101,0.0,1,1.0,[91  0  0  0  0  0  0  0],0.0,5B 00 00 00 00 00 00 00,0x065,00000004
263.937751,9.0,102,0.0,6,6.0,[  3 135 231  49  84  45   0   0],0.0,03 87 E7 31 54 2D 00 00,0x066,00000004
263.937752,9.0,103,0.0,8,8.0,[219  34 138 176 241  51 109   9],0.0,DB 22 8A B0 F1 33 6D 09,0x067,00000004
263.937753,9.0,104,0.0,4,4.0,[129 245  25   0   0   0   0   0],0.0,81 F5 19 00 00 00 00 00,0x068,00000004
263.937754,9.0,107,0.0,5,5.0,[223  61  64  63   0   0   0   0],0.0,DF 3D 40 3F 00 00 00 00,0x06B,00000004
263.94005,9.0,106,0.0,3,3.0,[11  2  0  0  0  0  0  0],0.0,0B 02 00 00 00 00 00 00,0x06A,00000004
264.13515,9.0,111,0.0,8,8.0,[135 252 111  68 255  13 144 128],0.0,87 FC 6F 44 FF 0D 90 80,0x06F,00000004
264.13575000000003,9.0,101,0.0,1,1.0,[91  0  0  0  0  0  0  0],0.0,5B 00 00 00 00 00 00 00,0x065,00000004
264.135751,9.0,102,0.0,6,6.0,[  3  79 232  49  84  45   0   0],0.0,03 4F E8 31 54 2D 00 00,0x066,00000004
264.135752,9.0,103,0.0,8,8.0,[191  34 138 144 240  51 109   9],0.0,BF 22 8A 90 F0 33 6D 09,0x067,00000004
264.135753,9.0,104,0.0,4,4.0,[129 245  25   0   0   0   0   0],0.0,81 F5 19 00 00 00 00 00,0x068,00000004
264.135754,9.0,107,0.0,5,5.0,[ 41  62 192  58   0   0   0   0],0.0,29 3E C0 3A 00 00 00 00,0x06B,00000004
264.33315,9.0,111,0.0,8,8.0,[141 252 175 196 255 241  15 128],0.0,8D FC AF C4 FF F1 0F 80,0x06F,00000004
264.3339,9.0,101,0.0,1,1.0,[91  0  0  0  0  0  0  0],0.0,5B 00 00 00 00 00 00 00,0x065,00000004
264.333901,9.0,102,0.0,6,6.0,[  3  23 233  49  84  45   0   0],0.0,03 17 E9 31 54 2D 00 00,0x066,00000004
264.333902,9.0,103,0.0,8,8.0,[163  34 138 112 239  51 109   9],0.0,A3 22 8A 70 EF 33 6D 09,0x067,00000004
264.333903,9.0,104,0.0,4,4.0,[133 245  25   0   0   0   0   0],0.0,85 F5 19 00 00 00 00 00,0x068,00000004
264.333904,9.0,107,0.0,5,5.0,[ 19  64 160  58   0   0   0   0],0.0,13 40 A0 3A 00 00 00 00,0x06B,00000004
264.53115,9.0,111,0.0,8,8.0,[155 244  79 197   0 226 111 127],0.0,9B F4 4F C5 00 E2 6F 7F,0x06F,00000004
264.53180000000003,9.0,101,0.0,1,1.0,[91  0  0  0  0  0  0  0],0.0,5B 00 00 00 00 00 00 00,0x065,00000004
264.53180100000003,9.0,102,0.0,6,6.0,[  3 223 233  49  84  45   0   0],0.0,03 DF E9 31 54 2D 00 00,0x066,00000004
264.531802,9.0,103,0.0,8,8.0,[137  34 138  80 238  51 109   9],0.0,89 22 8A 50 EE 33 6D 09,0x067,00000004
264.531803,9.0,104,0.0,4,4.0,[131 245  25   0   0   0   0   0],0.0,83 F5 19 00 00 00 00 00,0x068,00000004
264.531804,9.0,107,0.0,5,5.0,[ 99  63 160  63   0   0   0   0],0.0,63 3F A0 3F 00 00 00 00,0x06B,00000004
264.72915,9.0,111,0.0,8,8.0,[141 244 143  68   0 250 111 127],0.0,8D F4 8F 44 00 FA 6F 7F,0x06F,00000004
264.7298,9.0,101,0.0,1,1.0,[91  0  0  0  0  0  0  0],0.0,5B 00 00 00 00 00 00 00,0x065,00000004
264.729801,9.0,102,0.0,6,6.0,[  3 167 234  49  84  45   0   0],0.0,03 A7 EA 31 54 2D 00 00,0x066,00000004
264.729802,9.0,103,0.0,8,8.0,[109  34 138  48 237  51 109   9],0.0,6D 22 8A 30 ED 33 6D 09,0x067,00000004
264.729803,9.0,104,0.0,4,4.0,[135 245  25   0   0   0   0   0],0.0,87 F5 19 00 00 00 00 00,0x068,00000004
264.729804,9.0,107,0.0,5,5.0,[233  64  64  61   0   0   0   0],0.0,E9 40 40 3D 00 00 00 00,0x06B,00000004
264.92715,9.0,111,0.0,8,8.0,[145   4 144 196 255 245 175 127],0.0,91 04 90 C4 FF F5 AF 7F,0x06F,00000004
264.928,9.0,101,0.0,1,1.0,[91  0  0  0  0  0  0  0],0.0,5B 00 00 00 00 00 00 00,0x065,00000004
264.928001,9.0,102,0.0,6,6.0,[  3 111 235  49  84  45   0   0],0.0,03 6F EB 31 54 2D 00 00,0x066,00000004
264.928002,9.0,103,0.0,8,8.0,[ 81  34 138  16 236  51 109   9],0.0,51 22 8A 10 EC 33 6D 09,0x067,00000004
264.928003,9.0,104,0.0,4,4.0,[131 245  25   0   0   0   0   0],0.0,83 F5 19 00 00 00 00 00,0x068,00000004
264.928004,9.0,107,0.0,5,5.0,[ 51  66 224  60   0   0   0   0],0.0,33 42 E0 3C 00 00 00 00,0x06B,00000004
264.93015,9.0,106,0.0,3,3.0,[27  2  0  0  0  0  0  0],0.0,1B 02 00 00 00 00 00 00,0x06A,00000004
265.12515,9.0,111,0.0,8,8.0,[137   4  80 196 254 249  15 128],0.0,89 04 50 C4 FE F9 0F 80,0x06F,00000004
265.1258,9.0,101,0.0,1,1.0,[91  0  0  0  0  0  0  0],0.0,5B 00 00 00 00 00 00 00,0x065,00000004
265.125801,9.0,102,0.0,6,6.0,[  3  55 236  49  84  45   0   0],0.0,03 37 EC 31 54 2D 00 00,0x066,00000004
265.125802,9.0,103,0.0,8,8.0,[ 53  34 138 208 234  51 109   9],0.0,35 22 8A D0 EA 33 6D 09,0x067,00000004
265.125803,9.0,104,0.0,4,4.0,[129 245  25   0   0   0   0   0],0.0,81 F5 19 00 00 00 00 00,0x068,00000004
265.125804,9.0,107,0.0,5,5.0,[125  66  32  67   0   0   0   0],0.0,7D 42 20 43 00 00 00 00,0x06B,00000004
265.32315,9.0,111,0.0,8,8.0,[137   4  80  68 253 249 111 127],0.0,89 04 50 44 FD F9 6F 7F,0x06F,00000004
265.3238,9.0,101,0.0,1,1.0,[83  0  0  0  0  0  0  0],0.0,53 00 00 00 00 00 00 00,0x065,00000004
265.323801,9.0,102,0.0,6,6.0,[  3 255 236  49  84  45   0   0],0.0,03 FF EC 31 54 2D 00 00,0x066,00000004
265.323802,9.0,103,0.0,8,8.0,[ 21  34 138 176 233  51 109   9],0.0,15 22 8A B0 E9 33 6D 09,0x067,00000004
265.323803,9.0,104,0.0,4,4.0,[129 245  25   0   0   0   0   0],0.0,81 F5 19 00 00 00 00 00,0x068,00000004
265.323804,9.0,107,0.0,5,5.0,[103  68 224  59   0   0   0   0],0.0,67 44 E0 3B 00 00 00 00,0x06B,00000004
265.52115000000003,9.0,111,0.0,8,8.0,[143 244  79  68 253  25 208 127],0.0,8F F4 4F 44 FD 19 D0 7F,0x06F,00000004
265.5226,9.0,101,0.0,1,1.0,[83  0  0  0  0  0  0  0],0.0,53 00 00 00 00 00 00 00,0x065,00000004
265.522601,9.0,102,0.0,6,6.0,[  3 199 237  49  84  45   0   0],0.0,03 C7 ED 31 54 2D 00 00,0x066,00000004
265.522602,9.0,103,0.0,8,8.0,[249  33 138 144 232  51 109   9],0.0,F9 21 8A 90 E8 33 6D 09,0x067,00000004
265.522603,9.0,104,0.0,4,4.0,[129 245  25   0   0   0   0   0],0.0,81 F5 19 00 00 00 00 00,0x068,00000004
265.522604,9.0,107,0.0,5,5.0,[183  68 128  58   0   0   0   0],0.0,B7 44 80 3A 00 00 00 00,0x06B,00000004
265.71915,9.0,111,0.0,8,8.0,[139 252 111  68 254   5 144 127],0.0,8B FC 6F 44 FE 05 90 7F,0x06F,00000004
265.71995,9.0,101,0.0,1,1.0,[83  0  0  0  0  0  0  0],0.0,53 00 00 00 00 00 00 00,0x065,00000004
265.719951,9.0,102,0.0,6,6.0,[  3 143 238  49  84  45   0   0],0.0,03 8F EE 31 54 2D 00 00,0x066,00000004
265.71995200000003,9.0,103,0.0,8,8.0,[217  33 138  80 231  51 109   9],0.0,D9 21 8A 50 E7 33 6D 09,0x067,00000004
265.71995300000003,9.0,104,0.0,4,4.0,[129 245  25   0   0   0   0   0],0.0,81 F5 19 00 00 00 00 00,0x068,00000004
265.71995400000003,9.0,107,0.0,5,5.0,[197  69  96  59   0   0   0   0],0.0,C5 45 60 3B 00 00 00 00,0x06B,00000004
265.91715,9.0,111,0.0,8,8.0,[139 252  47 196 254 237 111 127],0.0,8B FC 2F C4 FE ED 6F 7F,0x06F,00000004
265.918,9.0,101,0.0,1,1.0,[83  0  0  0  0  0  0  0],0.0,53 00 00 00 00 00 00 00,0x065,00000004
265.918001,9.0,102,0.0,6,6.0,[  3  87 239  49  84  45   0   0],0.0,03 57 EF 31 54 2D 00 00,0x066,00000004
265.918002,9.0,103,0.0,8,8.0,[187  33 138  16 230  51 109   9],0.0,BB 21 8A 10 E6 33 6D 09,0x067,00000004
265.918003,9.0,104,0.0,4,4.0,[125 245  25   0   0   0   0   0],0.0,7D F5 19 00 00 00 00 00,0x068,00000004
265.918004,9.0,107,0.0,5,5.0,[229  70 128  59   0   0   0   0],0.0,E5 46 80 3B 00 00 00 00,0x06B,00000004
265.9202,9.0,106,0.0,3,3.0,[45  2  0  0  0  0  0  0],0.0,2D 02 00 00 00 00 00 00,0x06A,00000004
266.11515,9.0,111,0.0,8,8.0,[139 252  79 196 253   1  16 128],0.0,8B FC 4F C4 FD 01 10 80,0x06F,00000004
266.116,9.0,101,0.0,1,1.0,[83  0  0  0  0  0  0  0],0.0,53 00 00 00 00 00 00 00,0x065,00000004
266.116001,9.0,102,0.0,6,6.0,[  3  31 240  49  84  45   0   0],0.0,03 1F F0 31 54 2D 00 00,0x066,00000004
266.11600200000004,9.0,103,0.0,8,8.0,[155  33 138 208 228  51 109   9],0.0,9B 21 8A D0 E4 33 6D 09,0x067,00000004
266.11600300000003,9.0,104,0.0,4,4.0,[127 245  25   0   0   0   0   0],0.0,7F F5 19 00 00 00 00 00,0x068,00000004
266.11600400000003,9.0,107,0.0,5,5.0,[117  71  96  63   0   0   0   0],0.0,75 47 60 3F 00 00 00 00,0x06B,00000004
266.31315,9.0,111,0.0,8,8.0,[139 244  47  68 254 229 239 127],0.0,8B F4 2F 44 FE E5 EF 7F,0x06F,00000004
266.3138,9.0,101,0.0,1,1.0,[83  0  0  0  0  0  0  0],0.0,53 00 00 00 00 00 00 00,0x065,00000004
266.313801,9.0,102,0.0,6,6.0,[  3 231 240  49  84  45   0   0],0.0,03 E7 F0 31 54 2D 00 00,0x066,00000004
266.313802,9.0,103,0.0,8,8.0,[127  33 138 144 227  51 109   9],0.0,7F 21 8A 90 E3 33 6D 09,0x067,00000004
266.313803,9.0,104,0.0,4,4.0,[125 245  25   0   0   0   0   0],0.0,7D F5 19 00 00 00 00 00,0x068,00000004
266.313804,9.0,107,0.0,5,5.0,[ 29  70 192  63   0   0   0   0],0.0,1D 46 C0 3F 00 00 00 00,0x06B,00000004
266.51115,9.0,111,0.0,8,8.0,[139 244  79 196 254   1 240 127],0.0,8B F4 4F C4 FE 01 F0 7F,0x06F,00000004
266.5118,9.0,101,0.0,1,1.0,[83  0  0  0  0  0  0  0],0.0,53 00 00 00 00 00 00 00,0x065,00000004
266.511801,9.0,102,0.0,6,6.0,[  3 175 241  49  84  45   0   0],0.0,03 AF F1 31 54 2D 00 00,0x066,00000004
266.511802,9.0,103,0.0,8,8.0,[ 95  33 138  80 226  51 109   9],0.0,5F 21 8A 50 E2 33 6D 09,0x067,00000004
266.511803,9.0,104,0.0,4,4.0,[125 245  25   0   0   0   0   0],0.0,7D F5 19 00 00 00 00 00,0x068,00000004
266.511804,9.0,107,0.0,5,5.0,[27 71 32 67  0  0  0  0],0.0,1B 47 20 43 00 00 00 00,0x06B,00000004
266.70915,9.0,111,0.0,8,8.0,[141 228 111  68 254   9  16 128],0.0,8D E4 6F 44 FE 09 10 80,0x06F,00000004
266.70995,9.0,101,0.0,1,1.0,[83  0  0  0  0  0  0  0],0.0,53 00 00 00 00 00 00 00,0x065,00000004
266.709951,9.0,102,0.0,6,6.0,[  3 119 242  49  84  45   0   0],0.0,03 77 F2 31 54 2D 00 00,0x066,00000004
266.709952,9.0,103,0.0,8,8.0,[ 65  33 138  16 225  51 109   9],0.0,41 21 8A 10 E1 33 6D 09,0x067,00000004
266.709953,9.0,104,0.0,4,4.0,[127 245  25   0   0   0   0   0],0.0,7F F5 19 00 00 00 00 00,0x068,00000004
266.709954,9.0,107,0.0,5,5.0,[ 29  70 128  71   0   0   0   0],0.0,1D 46 80 47 00 00 00 00,0x06B,00000004
266.90715,9.0,111,0.0,8,8.0,[137 212 143  68 254 245  15 128],0.0,89 D4 8F 44 FE F5 0F 80,0x06F,00000004
266.90795,9.0,101,0.0,1,1.0,[83  0  0  0  0  0  0  0],0.0,53 00 00 00 00 00 00 00,0x065,00000004
266.907951,9.0,102,0.0,6,6.0,[  3  63 243  49  84  45   0   0],0.0,03 3F F3 31 54 2D 00 00,0x066,00000004
266.907952,9.0,103,0.0,8,8.0,[ 37  33 138 176 223  51 109   9],0.0,25 21 8A B0 DF 33 6D 09,0x067,00000004
266.907953,9.0,104,0.0,4,4.0,[125 245  25   0   0   0   0   0],0.0,7D F5 19 00 00 00 00 00,0x068,00000004
266.907954,9.0,107,0.0,5,5.0,[61 70 64 72  0  0  0  0],0.0,3D 46 40 48 00 00 00 00,0x06B,00000004
266.91085,9.0,106,0.0,3,3.0,[63  2  0  0  0  0  0  0],0.0,3F 02 00 00 00 00 00 00,0x06A,00000004
267.1052,9.0,111,0.0,8,8.0,[129 220  15  68 255  13 176 127],0.0,81 DC 0F 44 FF 0D B0 7F,0x06F,00000004
267.10585000000003,9.0,101,0.0,1,1.0,[83  0  0  0  0  0  0  0],0.0,53 00 00 00 00 00 00 00,0x065,00000004
267.10585100000003,9.0,102,0.0,6,6.0,[  3   7 244  49  84  45   0   0],0.0,03 07 F4 31 54 2D 00 00,0x066,00000004
267.105852,9.0,103,0.0,8,8.0,[  5  33 138 112 222  51 109   9],0.0,05 21 8A 70 DE 33 6D 09,0x067,00000004
267.105853,9.0,104,0.0,4,4.0,[125 245  25   0   0   0   0   0],0.0,7D F5 19 00 00 00 00 00,0x068,00000004
267.105854,9.0,107,0.0,5,5.0,[  5  70 128  73   0   0   0   0],0.0,05 46 80 49 00 00 00 00,0x06B,00000004
267.3032,9.0,111,0.0,8,8.0,[137 236 239  68   1  42  48 127],0.0,89 EC EF 44 01 2A 30 7F,0x06F,00000004
267.30405,9.0,101,0.0,1,1.0,[83  0  0  0  0  0  0  0],0.0,53 00 00 00 00 00 00 00,0x065,00000004
267.304051,9.0,102,0.0,6,6.0,[  3 207 244  49  84  45   0   0],0.0,03 CF F4 31 54 2D 00 00,0x066,00000004
267.304052,9.0,103,0.0,8,8.0,[231  32 138  48 221  51 109   9],0.0,E7 20 8A 30 DD 33 6D 09,0x067,00000004
267.304053,9.0,104,0.0,4,4.0,[123 245  25   0   0   0   0   0],0.0,7B F5 19 00 00 00 00 00,0x068,00000004
267.304054,9.0,107,0.0,5,5.0,[227  69  96  72   0   0   0   0],0.0,E3 45 60 48 00 00 00 00,0x06B,00000004
267.5012,9.0,111,0.0,8,8.0,[137   4  80 196 255  33 176 127],0.0,89 04 50 C4 FF 21 B0 7F,0x06F,00000004
267.50205,9.0,101,0.0,1,1.0,[83  0  0  0  0  0  0  0],0.0,53 00 00 00 00 00 00 00,0x065,00000004
267.502051,9.0,102,0.0,6,6.0,[  3 151 245  49  84  45   0   0],0.0,03 97 F5 31 54 2D 00 00,0x066,00000004
267.502052,9.0,103,0.0,8,8.0,[201  32 138 240 219  51 109   9],0.0,C9 20 8A F0 DB 33 6D 09,0x067,00000004
267.502053,9.0,104,0.0,4,4.0,[123 245  25   0   0   0   0   0],0.0,7B F5 19 00 00 00 00 00,0x068,00000004
267.502054,9.0,107,0.0,5,5.0,[77 70  0 72  0  0  0  0],0.0,4D 46 00 48 00 00 00 00,0x06B,00000004
267.6992,9.0,111,0.0,8,8.0,[139  12  16  68 255 229 111 128],0.0,8B 0C 10 44 FF E5 6F 80,0x06F,00000004
267.6998,9.0,101,0.0,1,1.0,[83  0  0  0  0  0  0  0],0.0,53 00 00 00 00 00 00 00,0x065,00000004
267.69980100000004,9.0,102,0.0,6,6.0,[  3  95 246  49  84  45   0   0],0.0,03 5F F6 31 54 2D 00 00,0x066,00000004
267.69980200000003,9.0,103,0.0,8,8.0,[169  32 138 176 218  51 109   9],0.0,A9 20 8A B0 DA 33 6D 09,0x067,00000004
267.69980300000003,9.0,104,0.0,4,4.0,[121 245  25   0   0   0   0   0],0.0,79 F5 19 00 00 00 00 00,0x068,00000004
267.69980400000003,9.0,107,0.0,5,5.0,[213  71  32  71   0   0   0   0],0.0,D5 47 20 47 00 00 00 00,0x06B,00000004
267.8972,9.0,111,0.0,8,8.0,[137 236 207 196   1 226 207 126],0.0,89 EC CF C4 01 E2 CF 7E,0x06F,00000004
267.89795000000004,9.0,101,0.0,1,1.0,[83  0  0  0  0  0  0  0],0.0,53 00 00 00 00 00 00 00,0x065,00000004
267.89795100000003,9.0,102,0.0,6,6.0,[  3  39 247  49  84  45   0   0],0.0,03 27 F7 31 54 2D 00 00,0x066,00000004
267.89795200000003,9.0,103,0.0,8,8.0,[137  32 138  80 217  51 109   9],0.0,89 20 8A 50 D9 33 6D 09,0x067,00000004
267.89795300000003,9.0,104,0.0,4,4.0,[123 245  25   0   0   0   0   0],0.0,7B F5 19 00 00 00 00 00,0x068,00000004
267.897954,9.0,107,0.0,5,5.0,[ 65  72 128  61   0   0   0   0],0.0,41 48 80 3D 00 00 00 00,0x06B,00000004
267.90085,9.0,106,0.0,3,3.0,[81  2  0  0  0  0  0  0],0.0,51 02 00 00 00 00 00 00,0x06A,00000004
268.09520000000003,9.0,111,0.0,8,8.0,[131   4  80 196   0 214 175 127],0.0,83 04 50 C4 00 D6 AF 7F,0x06F,00000004
268.09595,9.0,101,0.0,1,1.0,[83  0  0  0  0  0  0  0],0.0,53 00 00 00 00 00 00 00,0x065,00000004
268.095951,9.0,102,0.0,6,6.0,[  3 239 247  49  84  45   0   0],0.0,03 EF F7 31 54 2D 00 00,0x066,00000004
268.095952,9.0,103,0.0,8,8.0,[105  32 138  16 216  51 109   9],0.0,69 20 8A 10 D8 33 6D 09,0x067,00000004
268.095953,9.0,104,0.0,4,4.0,[121 245  25   0   0   0   0   0],0.0,79 F5 19 00 00 00 00 00,0x068,00000004
268.095954,9.0,107,0.0,5,5.0,[ 51  73 128  59   0   0   0   0],0.0,33 49 80 3B 00 00 00 00,0x06B,00000004
268.2932,9.0,111,0.0,8,8.0,[137 244 175 196 254 233 207 128],0.0,89 F4 AF C4 FE E9 CF 80,0x06F,00000004
268.2942,9.0,101,0.0,1,1.0,[83  0  0  0  0  0  0  0],0.0,53 00 00 00 00 00 00 00,0x065,00000004
268.294201,9.0,102,0.0,6,6.0,[  3 183 248  49  84  45   0   0],0.0,03 B7 F8 31 54 2D 00 00,0x066,00000004
268.294202,9.0,103,0.0,8,8.0,[ 73  32 138 208 214  51 109   9],0.0,49 20 8A D0 D6 33 6D 09,0x067,00000004
268.294203,9.0,104,0.0,4,4.0,[121 245  25   0   0   0   0   0],0.0,79 F5 19 00 00 00 00 00,0x068,00000004
268.29420400000004,9.0,107,0.0,5,5.0,[147  73 192  59   0   0   0   0],0.0,93 49 C0 3B 00 00 00 00,0x06B,00000004
268.49115,9.0,111,0.0,8,8.0,[139 244 111  68   0 250 239 127],0.0,8B F4 6F 44 00 FA EF 7F,0x06F,00000004
268.49205,9.0,101,0.0,1,1.0,[83  0  0  0  0  0  0  0],0.0,53 00 00 00 00 00 00 00,0x065,00000004
268.492051,9.0,102,0.0,6,6.0,[  3 127 249  49  84  45   0   0],0.0,03 7F F9 31 54 2D 00 00,0x066,00000004
268.492052,9.0,103,0.0,8,8.0,[ 41  32 138 112 213  51 109   9],0.0,29 20 8A 70 D5 33 6D 09,0x067,00000004
268.492053,9.0,104,0.0,4,4.0,[123 245  25   0   0   0   0   0],0.0,7B F5 19 00 00 00 00 00,0x068,00000004
268.492054,9.0,107,0.0,5,5.0,[87 74  0 59  0  0  0  0],0.0,57 4A 00 3B 00 00 00 00,0x06B,00000004
268.6892,9.0,111,0.0,8,8.0,[137 244 143 196   0 254 175 127],0.0,89 F4 8F C4 00 FE AF 7F,0x06F,00000004
268.69075000000004,9.0,101,0.0,1,1.0,[83  0  0  0  0  0  0  0],0.0,53 00 00 00 00 00 00 00,0x065,00000004
268.69075100000003,9.0,102,0.0,6,6.0,[  3  71 250  49  84  45   0   0],0.0,03 47 FA 31 54 2D 00 00,0x066,00000004
268.69075200000003,9.0,103,0.0,8,8.0,[  7  32 138  48 212  51 109   9],0.0,07 20 8A 30 D4 33 6D 09,0x067,00000004
268.69075300000003,9.0,104,0.0,4,4.0,[123 245  25   0   0   0   0   0],0.0,7B F5 19 00 00 00 00 00,0x068,00000004
268.690754,9.0,107,0.0,5,5.0,[239  75 192  57   0   0   0   0],0.0,EF 4B C0 39 00 00 00 00,0x06B,00000004
268.8872,9.0,111,0.0,8,8.0,[139 252  79  68 255   1 240 127],0.0,8B FC 4F 44 FF 01 F0 7F,0x06F,00000004
268.88795,9.0,101,0.0,1,1.0,[83  0  0  0  0  0  0  0],0.0,53 00 00 00 00 00 00 00,0x065,00000004
268.887951,9.0,102,0.0,6,6.0,[  3  15 251  49  84  45   0   0],0.0,03 0F FB 31 54 2D 00 00,0x066,00000004
268.887952,9.0,103,0.0,8,8.0,[231  31 138 208 210  51 109   9],0.0,E7 1F 8A D0 D2 33 6D 09,0x067,00000004
268.887953,9.0,104,0.0,4,4.0,[127 245  25   0   0   0   0   0],0.0,7F F5 19 00 00 00 00 00,0x068,00000004
268.88795400000004,9.0,107,0.0,5,5.0,[91 76  0 46  0  0  0  0],0.0,5B 4C 00 2E 00 00 00 00,0x06B,00000004
268.89085,9.0,106,0.0,3,3.0,[99  2  0  0  0  0  0  0],0.0,63 02 00 00 00 00 00 00,0x06A,00000004
269.0852,9.0,111,0.0,8,8.0,[141 244 143 196 254 249 175 127],0.0,8D F4 8F C4 FE F9 AF 7F,0x06F,00000004
269.08595,9.0,101,0.0,1,1.0,[83  0  0  0  0  0  0  0],0.0,53 00 00 00 00 00 00 00,0x065,00000004
269.085951,9.0,102,0.0,6,6.0,[  3 215 251  49  84  45   0   0],0.0,03 D7 FB 31 54 2D 00 00,0x066,00000004
269.085952,9.0,103,0.0,8,8.0,[197  31 138 112 209  51 109   9],0.0,C5 1F 8A 70 D1 33 6D 09,0x067,00000004
269.085953,9.0,104,0.0,4,4.0,[125 245  25   0   0   0   0   0],0.0,7D F5 19 00 00 00 00 00,0x068,00000004
269.085954,9.0,107,0.0,5,5.0,[213  76 160  42   0   0   0   0],0.0,D5 4C A0 2A 00 00 00 00,0x06B,00000004
269.2832,9.0,111,0.0,8,8.0,[145 252  15  69 254  33 208 127],0.0,91 FC 0F 45 FE 21 D0 7F,0x06F,00000004
269.284,9.0,101,0.0,1,1.0,[83  0  0  0  0  0  0  0],0.0,53 00 00 00 00 00 00 00,0x065,00000004
269.284001,9.0,102,0.0,6,6.0,[  3 159 252  49  84  45   0   0],0.0,03 9F FC 31 54 2D 00 00,0x066,00000004
269.284002,9.0,103,0.0,8,8.0,[163  31 138  48 208  51 109   9],0.0,A3 1F 8A 30 D0 33 6D 09,0x067,00000004
269.284003,9.0,104,0.0,4,4.0,[125 245  25   0   0   0   0   0],0.0,7D F5 19 00 00 00 00 00,0x068,00000004
269.284004,9.0,107,0.0,5,5.0,[253  76  96  42   0   0   0   0],0.0,FD 4C 60 2A 00 00 00 00,0x06B,00000004
269.4812,9.0,111,0.0,8,8.0,[145 228 143 196 254  17 176 127],0.0,91 E4 8F C4 FE 11 B0 7F,0x06F,00000004
269.48220000000003,9.0,101,0.0,1,1.0,[83  0  0  0  0  0  0  0],0.0,53 00 00 00 00 00 00 00,0x065,00000004
269.48220100000003,9.0,102,0.0,6,6.0,[  3 103 253  49  84  45   0   0],0.0,03 67 FD 31 54 2D 00 00,0x066,00000004
269.48220200000003,9.0,103,0.0,8,8.0,[129  31 138 240 206  51 109   9],0.0,81 1F 8A F0 CE 33 6D 09,0x067,00000004
269.482203,9.0,104,0.0,4,4.0,[125 245  25   0   0   0   0   0],0.0,7D F5 19 00 00 00 00 00,0x068,00000004
269.482204,9.0,107,0.0,5,5.0,[99 77 96 42  0  0  0  0],0.0,63 4D 60 2A 00 00 00 00,0x06B,00000004
269.6792,9.0,111,0.0,8,8.0,[141 228 143 196 254   1 176 127],0.0,8D E4 8F C4 FE 01 B0 7F,0x06F,00000004
269.6801,9.0,101,0.0,1,1.0,[83  0  0  0  0  0  0  0],0.0,53 00 00 00 00 00 00 00,0x065,00000004
269.68010100000004,9.0,102,0.0,6,6.0,[  3  47 254  49  84  45   0   0],0.0,03 2F FE 31 54 2D 00 00,0x066,00000004
269.68010200000003,9.0,103,0.0,8,8.0,[ 95  31 138 144 205  51 109   9],0.0,5F 1F 8A 90 CD 33 6D 09,0x067,00000004
269.68010300000003,9.0,104,0.0,4,4.0,[127 245  25   0   0   0   0   0],0.0,7F F5 19 00 00 00 00 00,0x068,00000004
269.68010400000003,9.0,107,0.0,5,5.0,[77 78 32 42  0  0  0  0],0.0,4D 4E 20 2A 00 00 00 00,0x06B,00000004
269.8772,9.0,111,0.0,8,8.0,[141 244  47 196 255   1  80 127],0.0,8D F4 2F C4 FF 01 50 7F,0x06F,00000004
269.8781,9.0,101,0.0,1,1.0,[83  0  0  0  0  0  0  0],0.0,53 00 00 00 00 00 00 00,0x065,00000004
269.878101,9.0,102,0.0,6,6.0,[  3 247 254  49  84  45   0   0],0.0,03 F7 FE 31 54 2D 00 00,0x066,00000004
269.878102,9.0,103,0.0,8,8.0,[ 61  31 138  48 204  51 109   9],0.0,3D 1F 8A 30 CC 33 6D 09,0x067,00000004
269.878103,9.0,104,0.0,4,4.0,[127 245  25   0   0   0   0   0],0.0,7F F5 19 00 00 00 00 00,0x068,00000004
269.878104,9.0,107,0.0,5,5.0,[143  77 128  49   0   0   0   0],0.0,8F 4D 80 31 00 00 00 00,0x06B,00000004
269.88025,9.0,106,0.0,3,3.0,[119   2   0   0   0   0   0   0],0.0,77 02 00 00 00 00 00 00,0x06A,00000004
270.0752,9.0,111,0.0,8,8.0,[139 244 239 196 254   5  48 128],0.0,8B F4 EF C4 FE 05 30 80,0x06F,00000004
270.07675,9.0,101,0.0,1,1.0,[83  0  0  0  0  0  0  0],0.0,53 00 00 00 00 00 00 00,0x065,00000004
270.076751,9.0,102,0.0,6,6.0,[  3 191 255  49  84  45   0   0],0.0,03 BF FF 31 54 2D 00 00,0x066,00000004
270.076752,9.0,103,0.0,8,8.0,[ 27  31 138 240 202  51 109   9],0.0,1B 1F 8A F0 CA 33 6D 09,0x067,00000004
270.076753,9.0,104,0.0,4,4.0,[127 245  25   0   0   0   0   0],0.0,7F F5 19 00 00 00 00 00,0x068,00000004
270.076754,9.0,107,0.0,5,5.0,[165  78 192  52   0   0   0   0],0.0,A5 4E C0 34 00 00 00 00,0x06B,00000004
270.27320000000003,9.0,111,0.0,8,8.0,[141 244 143  68 254   5  16 128],0.0,8D F4 8F 44 FE 05 10 80,0x06F,00000004
270.274,9.0,101,0.0,1,1.0,[83  0  0  0  0  0  0  0],0.0,53 00 00 00 00 00 00 00,0x065,00000004
270.274001,9.0,102,0.0,6,6.0,[  3 135   0  50  84  45   0   0],0.0,03 87 00 32 54 2D 00 00,0x066,00000004
270.274002,9.0,103,0.0,8,8.0,[249  30 138 144 201  51 109   9],0.0,F9 1E 8A 90 C9 33 6D 09,0x067,00000004
270.274003,9.0,104,0.0,4,4.0,[127 245  25   0   0   0   0   0],0.0,7F F5 19 00 00 00 00 00,0x068,00000004
270.274004,9.0,107,0.0,5,5.0,[61 79 96 45  0  0  0  0],0.0,3D 4F 60 2D 00 00 00 00,0x06B,00000004
270.4712,9.0,111,0.0,8,8.0,[141 244  79 196 254  25  16 128],0.0,8D F4 4F C4 FE 19 10 80,0x06F,00000004
270.47200000000004,9.0,101,0.0,1,1.0,[75  0  0  0  0  0  0  0],0.0,4B 00 00 00 00 00 00 00,0x065,00000004
270.47200100000003,9.0,102,0.0,6,6.0,[ 3 79  1 50 84 45  0  0],0.0,03 4F 01 32 54 2D 00 00,0x066,00000004
270.47200200000003,9.0,103,0.0,8,8.0,[215  30 138  48 200  51 109   9],0.0,D7 1E 8A 30 C8 33 6D 09,0x067,00000004
270.47200300000003,9.0,104,0.0,4,4.0,[125 245  25   0   0   0   0   0],0.0,7D F5 19 00 00 00 00 00,0x068,00000004
270.472004,9.0,107,0.0,5,5.0,[25 79 32 51  0  0  0  0],0.0,19 4F 20 33 00 00 00 00,0x06B,00000004
270.6692,9.0,111,0.0,8,8.0,[137 244 175 196 254 249 239 127],0.0,89 F4 AF C4 FE F9 EF 7F,0x06F,00000004
270.6702,9.0,101,0.0,1,1.0,[75  0  0  0  0  0  0  0],0.0,4B 00 00 00 00 00 00 00,0x065,00000004
270.670201,9.0,102,0.0,6,6.0,[ 3 23  2 50 84 45  0  0],0.0,03 17 02 32 54 2D 00 00,0x066,00000004
270.670202,9.0,103,0.0,8,8.0,[181  30 138 208 198  51 109   9],0.0,B5 1E 8A D0 C6 33 6D 09,0x067,00000004
270.670203,9.0,104,0.0,4,4.0,[125 245  25   0   0   0   0   0],0.0,7D F5 19 00 00 00 00 00,0x068,00000004
270.670204,9.0,107,0.0,5,5.0,[75 80 32 45  0  0  0  0],0.0,4B 50 20 2D 00 00 00 00,0x06B,00000004
270.8672,9.0,111,0.0,8,8.0,[141 236  47  69 255 233  79 127],0.0,8D EC 2F 45 FF E9 4F 7F,0x06F,00000004
270.8682,9.0,101,0.0,1,1.0,[75  0  0  0  0  0  0  0],0.0,4B 00 00 00 00 00 00 00,0x065,00000004
270.868201,9.0,102,0.0,6,6.0,[  3 223   2  50  84  45   0   0],0.0,03 DF 02 32 54 2D 00 00,0x066,00000004
270.868202,9.0,103,0.0,8,8.0,[147  30 138 112 197  51 109   9],0.0,93 1E 8A 70 C5 33 6D 09,0x067,00000004
270.868203,9.0,104,0.0,4,4.0,[125 245  25   0   0   0   0   0],0.0,7D F5 19 00 00 00 00 00,0x068,00000004
270.868204,9.0,107,0.0,5,5.0,[151  79   0  44   0   0   0   0],0.0,97 4F 00 2C 00 00 00 00,0x06B,00000004
270.8705,9.0,106,0.0,3,3.0,[141   2   0   0   0   0   0   0],0.0,8D 02 00 00 00 00 00 00,0x06A,00000004
271.0652,9.0,111,0.0,8,8.0,[133 228  47 196   0 130 207 127],0.0,85 E4 2F C4 00 82 CF 7F,0x06F,00000004
271.0661,9.0,101,0.0,1,1.0,[91  0  0  0  0  0  0  0],0.0,5B 00 00 00 00 00 00 00,0x065,00000004
271.066101,9.0,102,0.0,6,6.0,[  3 167   3  50  84  45   0   0],0.0,03 A7 03 32 54 2D 00 00,0x066,00000004
271.066102,9.0,103,0.0,8,8.0,[111  30 138 240 195  51 109   9],0.0,6F 1E 8A F0 C3 33 6D 09,0x067,00000004
271.066103,9.0,104,0.0,4,4.0,[125 245  25   0   0   0   0   0],0.0,7D F5 19 00 00 00 00 00,0x068,00000004
271.066104,9.0,107,0.0,5,5.0,[235  80 160  52   0   0   0   0],0.0,EB 50 A0 34 00 00 00 00,0x06B,00000004
271.2632,9.0,111,0.0,8,8.0,[151 236 207 196 253   5  16 128],0.0,97 EC CF C4 FD 05 10 80,0x06F,00000004
271.26425,9.0,101,0.0,1,1.0,[91  0  0  0  0  0  0  0],0.0,5B 00 00 00 00 00 00 00,0x065,00000004
271.264251,9.0,102,0.0,6,6.0,[  3 111   4  50  84  45   0   0],0.0,03 6F 04 32 54 2D 00 00,0x066,00000004
271.264252,9.0,103,0.0,8,8.0,[ 77  30 138 144 194  51 109   9],0.0,4D 1E 8A 90 C2 33 6D 09,0x067,00000004
271.264253,9.0,104,0.0,4,4.0,[123 245  25   0   0   0   0   0],0.0,7B F5 19 00 00 00 00 00,0x068,00000004
271.264254,9.0,107,0.0,5,5.0,[65 81 32 46  0  0  0  0],0.0,41 51 20 2E 00 00 00 00,0x06B,00000004
271.46125,9.0,111,0.0,8,8.0,[141 228 143  68 255 173  15 128],0.0,8D E4 8F 44 FF AD 0F 80,0x06F,00000004
271.462,9.0,101,0.0,1,1.0,[83  0  0  0  0  0  0  0],0.0,53 00 00 00 00 00 00 00,0x065,00000004
271.462001,9.0,102,0.0,6,6.0,[ 3 55  5 50 84 45  0  0],0.0,03 37 05 32 54 2D 00 00,0x066,00000004
271.462002,9.0,103,0.0,8,8.0,[ 41  30 138  48 193  51 109   9],0.0,29 1E 8A 30 C1 33 6D 09,0x067,00000004
271.462003,9.0,104,0.0,4,4.0,[121 245  25   0   0   0   0   0],0.0,79 F5 19 00 00 00 00 00,0x068,00000004
271.46200400000004,9.0,107,0.0,5,5.0,[119  82  96  44   0   0   0   0],0.0,77 52 60 2C 00 00 00 00,0x06B,00000004
271.65925,9.0,111,0.0,8,8.0,[135 204 143 196 253 141  16 128],0.0,87 CC 8F C4 FD 8D 10 80,0x06F,00000004
271.66025,9.0,101,0.0,1,1.0,[83  0  0  0  0  0  0  0],0.0,53 00 00 00 00 00 00 00,0x065,00000004
271.660251,9.0,102,0.0,6,6.0,[  3 255   5  50  84  45   0   0],0.0,03 FF 05 32 54 2D 00 00,0x066,00000004
271.660252,9.0,103,0.0,8,8.0,[  7  30 138 176 191  51 109   9],0.0,07 1E 8A B0 BF 33 6D 09,0x067,00000004
271.660253,9.0,104,0.0,4,4.0,[121 245  25   0   0   0   0   0],0.0,79 F5 19 00 00 00 00 00,0x068,00000004
271.660254,9.0,107,0.0,5,5.0,[225  81   0  44   0   0   0   0],0.0,E1 51 00 2C 00 00 00 00,0x06B,00000004
271.85725,9.0,111,0.0,8,8.0,[133 212 111 196 254   9 240 127],0.0,85 D4 6F C4 FE 09 F0 7F,0x06F,00000004
271.8589,9.0,101,0.0,1,1.0,[91  0  0  0  0  0  0  0],0.0,5B 00 00 00 00 00 00 00,0x065,00000004
271.858901,9.0,102,0.0,6,6.0,[  3 199   6  50  84  45   0   0],0.0,03 C7 06 32 54 2D 00 00,0x066,00000004
271.858902,9.0,103,0.0,8,8.0,[227  29 138  80 190  51 109   9],0.0,E3 1D 8A 50 BE 33 6D 09,0x067,00000004
271.858903,9.0,104,0.0,4,4.0,[119 245  25   0   0   0   0   0],0.0,77 F5 19 00 00 00 00 00,0x068,00000004
271.858904,9.0,107,0.0,5,5.0,[191  81 192  44   0   0   0   0],0.0,BF 51 C0 2C 00 00 00 00,0x06B,00000004
271.86115,9.0,106,0.0,3,3.0,[161   2   0   0   0   0   0   0],0.0,A1 02 00 00 00 00 00 00,0x06A,00000004
272.05525,9.0,111,0.0,8,8.0,[135 220 175  68 255   1 240 127],0.0,87 DC AF 44 FF 01 F0 7F,0x06F,00000004
272.05625000000003,9.0,101,0.0,1,1.0,[75  0  0  0  0  0  0  0],0.0,4B 00 00 00 00 00 00 00,0x065,00000004
272.05625100000003,9.0,102,0.0,6,6.0,[  3 143   7  50  84  45   0   0],0.0,03 8F 07 32 54 2D 00 00,0x066,00000004
272.05625200000003,9.0,103,0.0,8,8.0,[193  29 138 240 188  51 109   9],0.0,C1 1D 8A F0 BC 33 6D 09,0x067,00000004
272.056253,9.0,104,0.0,4,4.0,[119 245  25   0   0   0   0   0],0.0,77 F5 19 00 00 00 00 00,0x068,00000004
272.056254,9.0,107,0.0,5,5.0,[181  81   0  45   0   0   0   0],0.0,B5 51 00 2D 00 00 00 00,0x06B,00000004
272.25325000000004,9.0,111,0.0,8,8.0,[137 220  79  68 255 237 239 127],0.0,89 DC 4F 44 FF ED EF 7F,0x06F,00000004
272.2541,9.0,101,0.0,1,1.0,[75  0  0  0  0  0  0  0],0.0,4B 00 00 00 00 00 00 00,0x065,00000004
272.254101,9.0,102,0.0,6,6.0,[ 3 87  8 50 84 45  0  0],0.0,03 57 08 32 54 2D 00 00,0x066,00000004
272.254102,9.0,103,0.0,8,8.0,[157  29 138 144 187  51 109   9],0.0,9D 1D 8A 90 BB 33 6D 09,0x067,00000004
272.254103,9.0,104,0.0,4,4.0,[117 245  25   0   0   0   0   0],0.0,75 F5 19 00 00 00 00 00,0x068,00000004
272.254104,9.0,107,0.0,5,5.0,[215  81 224  43   0   0   0   0],0.0,D7 51 E0 2B 00 00 00 00,0x06B,00000004
272.45125,9.0,111,0.0,8,8.0,[139 236 175  68   0 254 111 127],0.0,8B EC AF 44 00 FE 6F 7F,0x06F,00000004
272.45225,9.0,101,0.0,1,1.0,[91  0  0  0  0  0  0  0],0.0,5B 00 00 00 00 00 00 00,0x065,00000004
272.452251,9.0,102,0.0,6,6.0,[ 3 31  9 50 84 45  0  0],0.0,03 1F 09 32 54 2D 00 00,0x066,00000004
272.452252,9.0,103,0.0,8,8.0,[121  29 138  16 186  51 109   9],0.0,79 1D 8A 10 BA 33 6D 09,0x067,00000004
272.452253,9.0,104,0.0,4,4.0,[117 245  25   0   0   0   0   0],0.0,75 F5 19 00 00 00 00 00,0x068,00000004
272.452254,9.0,107,0.0,5,5.0,[73 81  0 45  0  0  0  0],0.0,49 51 00 2D 00 00 00 00,0x06B,00000004
272.6492,9.0,111,0.0,8,8.0,[141 236 111  68   0  14 144 127],0.0,8D EC 6F 44 00 0E 90 7F,0x06F,00000004
272.65025,9.0,101,0.0,1,1.0,[91  0  0  0  0  0  0  0],0.0,5B 00 00 00 00 00 00 00,0x065,00000004
272.650251,9.0,102,0.0,6,6.0,[  3 231   9  50  84  45   0   0],0.0,03 E7 09 32 54 2D 00 00,0x066,00000004
272.650252,9.0,103,0.0,8,8.0,[ 87  29 138 176 184  51 109   9],0.0,57 1D 8A B0 B8 33 6D 09,0x067,00000004
272.650253,9.0,104,0.0,4,4.0,[115 245  25   0   0   0   0   0],0.0,73 F5 19 00 00 00 00 00,0x068,00000004
272.650254,9.0,107,0.0,5,5.0,[151  81 224  44   0   0   0   0],0.0,97 51 E0 2C 00 00 00 00,0x06B,00000004
272.84725000000003,9.0,111,0.0,8,8.0,[139 228  79 196 254   5  48 128],0.0,8B E4 4F C4 FE 05 30 80,0x06F,00000004
272.84825,9.0,101,0.0,1,1.0,[91  0  0  0  0  0  0  0],0.0,5B 00 00 00 00 00 00 00,0x065,00000004
272.848251,9.0,102,0.0,6,6.0,[  3 175  10  50  84  45   0   0],0.0,03 AF 0A 32 54 2D 00 00,0x066,00000004
272.848252,9.0,103,0.0,8,8.0,[ 51  29 138  80 183  51 109   9],0.0,33 1D 8A 50 B7 33 6D 09,0x067,00000004
272.848253,9.0,104,0.0,4,4.0,[113 245  25   0   0   0   0   0],0.0,71 F5 19 00 00 00 00 00,0x068,00000004
272.848254,9.0,107,0.0,5,5.0,[109  81 160  43   0   0   0   0],0.0,6D 51 A0 2B 00 00 00 00,0x06B,00000004
272.85115,9.0,106,0.0,3,3.0,[181   2   0   0   0   0   0   0],0.0,B5 02 00 00 00 00 00 00,0x06A,00000004
273.04525,9.0,111,0.0,8,8.0,[137 236  47 196 254 249 111 128],0.0,89 EC 2F C4 FE F9 6F 80,0x06F,00000004
273.04625,9.0,101,0.0,1,1.0,[91  0  0  0  0  0  0  0],0.0,5B 00 00 00 00 00 00 00,0x065,00000004
273.046251,9.0,102,0.0,6,6.0,[  3 119  11  50  84  45   0   0],0.0,03 77 0B 32 54 2D 00 00,0x066,00000004
273.046252,9.0,103,0.0,8,8.0,[ 17  29 138 240 181  51 109   9],0.0,11 1D 8A F0 B5 33 6D 09,0x067,00000004
273.04625300000004,9.0,104,0.0,4,4.0,[113 245  25   0   0   0   0   0],0.0,71 F5 19 00 00 00 00 00,0x068,00000004
273.04625400000003,9.0,107,0.0,5,5.0,[251  81 224  44   0   0   0   0],0.0,FB 51 E0 2C 00 00 00 00,0x06B,00000004
273.24325,9.0,111,0.0,8,8.0,[141 228 175  68 255  13  48 128],0.0,8D E4 AF 44 FF 0D 30 80,0x06F,00000004
273.24495,9.0,101,0.0,1,1.0,[91  0  0  0  0  0  0  0],0.0,5B 00 00 00 00 00 00 00,0x065,00000004
273.244951,9.0,102,0.0,6,6.0,[ 3 63 12 50 84 45  0  0],0.0,03 3F 0C 32 54 2D 00 00,0x066,00000004
273.244952,9.0,103,0.0,8,8.0,[237  28 138 112 180  51 109   9],0.0,ED 1C 8A 70 B4 33 6D 09,0x067,00000004
273.244953,9.0,104,0.0,4,4.0,[113 245  25   0   0   0   0   0],0.0,71 F5 19 00 00 00 00 00,0x068,00000004
273.244954,9.0,107,0.0,5,5.0,[253  81 160  43   0   0   0   0],0.0,FD 51 A0 2B 00 00 00 00,0x06B,00000004
273.44125,9.0,111,0.0,8,8.0,[145 220 143 197   2 238 175 126],0.0,91 DC 8F C5 02 EE AF 7E,0x06F,00000004
273.4424,9.0,101,0.0,1,1.0,[91  0  0  0  0  0  0  0],0.0,5B 00 00 00 00 00 00 00,0x065,00000004
273.442401,9.0,102,0.0,6,6.0,[ 3  7 13 50 84 45  0  0],0.0,03 07 0D 32 54 2D 00 00,0x066,00000004
273.442402,9.0,103,0.0,8,8.0,[201  28 138  48 179  51 109   9],0.0,C9 1C 8A 30 B3 33 6D 09,0x067,00000004
273.442403,9.0,104,0.0,4,4.0,[111 245  25   0   0   0   0   0],0.0,6F F5 19 00 00 00 00 00,0x068,00000004
273.442404,9.0,107,0.0,5,5.0,[17 82  0 43  0  0  0  0],0.0,11 52 00 2B 00 00 00 00,0x06B,00000004
273.63925,9.0,111,0.0,8,8.0,[149 244  15  69 255 241 207 127],0.0,95 F4 0F 45 FF F1 CF 7F,0x06F,00000004
273.64025,9.0,101,0.0,1,1.0,[91  0  0  0  0  0  0  0],0.0,5B 00 00 00 00 00 00 00,0x065,00000004
273.64025100000003,9.0,102,0.0,6,6.0,[  3 207  13  50  84  45   0   0],0.0,03 CF 0D 32 54 2D 00 00,0x066,00000004
273.64025200000003,9.0,103,0.0,8,8.0,[165  28 138 176 177  51 109   9],0.0,A5 1C 8A B0 B1 33 6D 09,0x067,00000004
273.64025300000003,9.0,104,0.0,4,4.0,[111 245  25   0   0   0   0   0],0.0,6F F5 19 00 00 00 00 00,0x068,00000004
273.640254,9.0,107,0.0,5,5.0,[  9  83 224  50   0   0   0   0],0.0,09 53 E0 32 00 00 00 00,0x06B,00000004
273.83725,9.0,111,0.0,8,8.0,[141 236  47  68 255   5  16 128],0.0,8D EC 2F 44 FF 05 10 80,0x06F,00000004
274.03575,9.0,101,0.0,1,1.0,[91  0  0  0  0  0  0  0],0.0,5B 00 00 00 00 00 00 00,0x065,00000004
274.035751,9.0,102,0.0,6,6.0,[  3 151  14  50  84  45   0   0],0.0,03 97 0E 32 54 2D 00 00,0x066,00000004
274.035752,9.0,103,0.0,8,8.0,[129  28 138  80 176  51 109   9],0.0,81 1C 8A 50 B0 33 6D 09,0x067,00000004
274.035753,9.0,104,0.0,4,4.0,[111 245  25   0   0   0   0   0],0.0,6F F5 19 00 00 00 00 00,0x068,00000004
274.035754,9.0,107,0.0,5,5.0,[ 73  83 192  43   0   0   0   0],0.0,49 53 C0 2B 00 00 00 00,0x06B,00000004
274.03865,9.0,106,0.0,3,3.0,[203   2   0   0   0   0   0   0],0.0,CB 02 00 00 00 00 00 00,0x06A,00000004
274.03885,9.0,111,0.0,8,8.0,[151 236 111 196 255 209 239 127],0.0,97 EC 6F C4 FF D1 EF 7F,0x06F,00000004
274.2335,9.0,101,0.0,1,1.0,[91  0  0  0  0  0  0  0],0.0,5B 00 00 00 00 00 00 00,0x065,00000004
274.233501,9.0,102,0.0,6,6.0,[ 3 95 15 50 84 45  0  0],0.0,03 5F 0F 32 54 2D 00 00,0x066,00000004
274.233502,9.0,103,0.0,8,8.0,[ 95  28 138 208 174  51 109   9],0.0,5F 1C 8A D0 AE 33 6D 09,0x067,00000004
274.233503,9.0,104,0.0,4,4.0,[109 245  25   0   0   0   0   0],0.0,6D F5 19 00 00 00 00 00,0x068,00000004
274.233504,9.0,107,0.0,5,5.0,[ 57  83 160  46   0   0   0   0],0.0,39 53 A0 2E 00 00 00 00,0x06B,00000004
274.2361,9.0,111,0.0,8,8.0,[145   4 208 196 255 205 175 127],0.0,91 04 D0 C4 FF CD AF 7F,0x06F,00000004
274.4315,9.0,101,0.0,1,1.0,[91  0  0  0  0  0  0  0],0.0,5B 00 00 00 00 00 00 00,0x065,00000004
274.431501,9.0,102,0.0,6,6.0,[ 3 39 16 50 84 45  0  0],0.0,03 27 10 32 54 2D 00 00,0x066,00000004
274.431502,9.0,103,0.0,8,8.0,[ 59  28 138 112 173  51 109   9],0.0,3B 1C 8A 70 AD 33 6D 09,0x067,00000004
274.431503,9.0,104,0.0,4,4.0,[107 245  25   0   0   0   0   0],0.0,6B F5 19 00 00 00 00 00,0x068,00000004
274.431504,9.0,107,0.0,5,5.0,[223  82   0  48   0   0   0   0],0.0,DF 52 00 30 00 00 00 00,0x06B,00000004
274.43475,9.0,111,0.0,8,8.0,[143 220 143  68 254   5 144 128],0.0,8F DC 8F 44 FE 05 90 80,0x06F,00000004
274.6295,9.0,101,0.0,1,1.0,[91  0  0  0  0  0  0  0],0.0,5B 00 00 00 00 00 00 00,0x065,00000004
274.629501,9.0,102,0.0,6,6.0,[  3 239  16  50  84  45   0   0],0.0,03 EF 10 32 54 2D 00 00,0x066,00000004
274.629502,9.0,103,0.0,8,8.0,[ 23  28 138 240 171  51 109   9],0.0,17 1C 8A F0 AB 33 6D 09,0x067,00000004
274.629503,9.0,104,0.0,4,4.0,[105 245  25   0   0   0   0   0],0.0,69 F5 19 00 00 00 00 00,0x068,00000004
274.629504,9.0,107,0.0,5,5.0,[113  84 160  48   0   0   0   0],0.0,71 54 A0 30 00 00 00 00,0x06B,00000004
274.63205,9.0,111,0.0,8,8.0,[141 220 143  68 255  17 208 127],0.0,8D DC 8F 44 FF 11 D0 7F,0x06F,00000004
274.82755000000003,9.0,101,0.0,1,1.0,[91  0  0  0  0  0  0  0],0.0,5B 00 00 00 00 00 00 00,0x065,00000004
274.827551,9.0,102,0.0,6,6.0,[  3 183  17  50  84  45   0   0],0.0,03 B7 11 32 54 2D 00 00,0x066,00000004
274.827552,9.0,103,0.0,8,8.0,[243  27 138 144 170  51 109   9],0.0,F3 1B 8A 90 AA 33 6D 09,0x067,00000004
274.827553,9.0,104,0.0,4,4.0,[105 245  25   0   0   0   0   0],0.0,69 F5 19 00 00 00 00 00,0x068,00000004
274.827554,9.0,107,0.0,5,5.0,[235  83   0  44   0   0   0   0],0.0,EB 53 00 2C 00 00 00 00,0x06B,00000004
274.83075,9.0,111,0.0,8,8.0,[137 204 111 196 255  37 176 127],0.0,89 CC 6F C4 FF 25 B0 7F,0x06F,00000004
275.02555,9.0,101,0.0,1,1.0,[91  0  0  0  0  0  0  0],0.0,5B 00 00 00 00 00 00 00,0x065,00000004
275.025551,9.0,102,0.0,6,6.0,[  3 127  18  50  84  45   0   0],0.0,03 7F 12 32 54 2D 00 00,0x066,00000004
275.025552,9.0,103,0.0,8,8.0,[205  27 138  48 169  51 109   9],0.0,CD 1B 8A 30 A9 33 6D 09,0x067,00000004
275.025553,9.0,104,0.0,4,4.0,[103 245  25   0   0   0   0   0],0.0,67 F5 19 00 00 00 00 00,0x068,00000004
275.025554,9.0,107,0.0,5,5.0,[191  84 128  43   0   0   0   0],0.0,BF 54 80 2B 00 00 00 00,0x06B,00000004
275.02785,9.0,106,0.0,3,3.0,[225   2   0   0   0   0   0   0],0.0,E1 02 00 00 00 00 00 00,0x06A,00000004
275.0289,9.0,111,0.0,8,8.0,[139 180 111 196 255   1  80 128],0.0,8B B4 6F C4 FF 01 50 80,0x06F,00000004
275.22375,9.0,101,0.0,1,1.0,[91  0  0  0  0  0  0  0],0.0,5B 00 00 00 00 00 00 00,0x065,00000004
275.223751,9.0,102,0.0,6,6.0,[ 3 71 19 50 84 45  0  0],0.0,03 47 13 32 54 2D 00 00,0x066,00000004
275.223752,9.0,103,0.0,8,8.0,[169  27 138 208 167  51 109   9],0.0,A9 1B 8A D0 A7 33 6D 09,0x067,00000004
275.223753,9.0,104,0.0,4,4.0,[101 245  25   0   0   0   0   0],0.0,65 F5 19 00 00 00 00 00,0x068,00000004
275.223754,9.0,107,0.0,5,5.0,[97 83 96 46  0  0  0  0],0.0,61 53 60 2E 00 00 00 00,0x06B,00000004
275.22610000000003,9.0,111,0.0,8,8.0,[137 156 207  68   0 254 111 128],0.0,89 9C CF 44 00 FE 6F 80,0x06F,00000004
275.42155,9.0,101,0.0,1,1.0,[83  0  0  0  0  0  0  0],0.0,53 00 00 00 00 00 00 00,0x065,00000004
275.421551,9.0,102,0.0,6,6.0,[ 3 15 20 50 84 45  0  0],0.0,03 0F 14 32 54 2D 00 00,0x066,00000004
275.421552,9.0,103,0.0,8,8.0,[133  27 138 144 166  51 109   9],0.0,85 1B 8A 90 A6 33 6D 09,0x067,00000004
275.421553,9.0,104,0.0,4,4.0,[ 99 245  25   0   0   0   0   0],0.0,63 F5 19 00 00 00 00 00,0x068,00000004
275.421554,9.0,107,0.0,5,5.0,[55 81 64 47  0  0  0  0],0.0,37 51 40 2F 00 00 00 00,0x06B,00000004
275.42475,9.0,111,0.0,8,8.0,[133 116 207 196   1 254 111 128],0.0,85 74 CF C4 01 FE 6F 80,0x06F,00000004
275.61955,9.0,101,0.0,1,1.0,[83  0  0  0  0  0  0  0],0.0,53 00 00 00 00 00 00 00,0x065,00000004
275.619551,9.0,102,0.0,6,6.0,[  3 215  20  50  84  45   0   0],0.0,03 D7 14 32 54 2D 00 00,0x066,00000004
275.619552,9.0,103,0.0,8,8.0,[ 99  27 138  80 165  51 109   9],0.0,63 1B 8A 50 A5 33 6D 09,0x067,00000004
275.619553,9.0,104,0.0,4,4.0,[ 97 245  25   0   0   0   0   0],0.0,61 F5 19 00 00 00 00 00,0x068,00000004
275.619554,9.0,107,0.0,5,5.0,[101  78 128  47   0   0   0   0],0.0,65 4E 80 2F 00 00 00 00,0x06B,00000004
275.6221,9.0,111,0.0,8,8.0,[131 108 207 196 255 249  15 128],0.0,83 6C CF C4 FF F9 0F 80,0x06F,00000004
275.81755,9.0,101,0.0,1,1.0,[83  0  0  0  0  0  0  0],0.0,53 00 00 00 00 00 00 00,0x065,00000004
275.817551,9.0,102,0.0,6,6.0,[  3 159  21  50  84  45   0   0],0.0,03 9F 15 32 54 2D 00 00,0x066,00000004
275.81755200000003,9.0,103,0.0,8,8.0,[ 67  27 138  16 164  51 109   9],0.0,43 1B 8A 10 A4 33 6D 09,0x067,00000004
275.81755300000003,9.0,104,0.0,4,4.0,[ 97 245  25   0   0   0   0   0],0.0,61 F5 19 00 00 00 00 00,0x068,00000004
275.81755400000003,9.0,107,0.0,5,5.0,[239  76  96  46   0   0   0   0],0.0,EF 4C 60 2E 00 00 00 00,0x06B,00000004
275.82075000000003,9.0,111,0.0,8,8.0,[133 100 143 196 255   1  16 128],0.0,85 64 8F C4 FF 01 10 80,0x06F,00000004
276.01575,9.0,101,0.0,1,1.0,[83  0  0  0  0  0  0  0],0.0,53 00 00 00 00 00 00 00,0x065,00000004
276.015751,9.0,102,0.0,6,6.0,[  3 103  22  50  84  45   0   0],0.0,03 67 16 32 54 2D 00 00,0x066,00000004
276.015752,9.0,103,0.0,8,8.0,[ 35  27 138 208 162  51 109   9],0.0,23 1B 8A D0 A2 33 6D 09,0x067,00000004
276.015753,9.0,104,0.0,4,4.0,[ 97 245  25   0   0   0   0   0],0.0,61 F5 19 00 00 00 00 00,0x068,00000004
276.015754,9.0,107,0.0,5,5.0,[121  73   0  46   0   0   0   0],0.0,79 49 00 2E 00 00 00 00,0x06B,00000004
276.0181,9.0,106,0.0,3,3.0,[245   2   0   0   0   0   0   0],0.0,F5 02 00 00 00 00 00 00,0x06A,00000004
276.01825,9.0,111,0.0,8,8.0,[137  92 111  68 255   5  16 128],0.0,89 5C 6F 44 FF 05 10 80,0x06F,00000004
276.21355,9.0,101,0.0,1,1.0,[83  0  0  0  0  0  0  0],0.0,53 00 00 00 00 00 00 00,0x065,00000004
276.213551,9.0,102,0.0,6,6.0,[ 3 47 23 50 84 45  0  0],0.0,03 2F 17 32 54 2D 00 00,0x066,00000004
276.213552,9.0,103,0.0,8,8.0,[  3  27 138 176 161  51 109   9],0.0,03 1B 8A B0 A1 33 6D 09,0x067,00000004
276.213553,9.0,104,0.0,4,4.0,[ 97 245  25   0   0   0   0   0],0.0,61 F5 19 00 00 00 00 00,0x068,00000004
276.213554,9.0,107,0.0,5,5.0,[25 70 32 47  0  0  0  0],0.0,19 46 20 2F 00 00 00 00,0x06B,00000004
276.21675,9.0,111,0.0,8,8.0,[137  76 143  68 255 249  15 128],0.0,89 4C 8F 44 FF F9 0F 80,0x06F,00000004
276.41175,9.0,101,0.0,1,1.0,[75  0  0  0  0  0  0  0],0.0,4B 00 00 00 00 00 00 00,0x065,00000004
276.411751,9.0,102,0.0,6,6.0,[  3 247  23  50  84  45   0   0],0.0,03 F7 17 32 54 2D 00 00,0x066,00000004
276.41175200000004,9.0,103,0.0,8,8.0,[231  26 138 144 160  51 109   9],0.0,E7 1A 8A 90 A0 33 6D 09,0x067,00000004
276.41175300000003,9.0,104,0.0,4,4.0,[ 97 245  25   0   0   0   0   0],0.0,61 F5 19 00 00 00 00 00,0x068,00000004
276.41175400000003,9.0,107,0.0,5,5.0,[167  66 160  46   0   0   0   0],0.0,A7 42 A0 2E 00 00 00 00,0x06B,00000004
276.4141,9.0,111,0.0,8,8.0,[139 140 143  68 255   1  16 128],0.0,8B 8C 8F 44 FF 01 10 80,0x06F,00000004
276.60975,9.0,101,0.0,1,1.0,[75  0  0  0  0  0  0  0],0.0,4B 00 00 00 00 00 00 00,0x065,00000004
276.609751,9.0,102,0.0,6,6.0,[  3 191  24  50  84  45   0   0],0.0,03 BF 18 32 54 2D 00 00,0x066,00000004
276.609752,9.0,103,0.0,8,8.0,[201  26 138 144 159  51 109   9],0.0,C9 1A 8A 90 9F 33 6D 09,0x067,00000004
276.609753,9.0,104,0.0,4,4.0,[ 95 245  25   0   0   0   0   0],0.0,5F F5 19 00 00 00 00 00,0x068,00000004
276.609754,9.0,107,0.0,5,5.0,[ 45  64 192  45   0   0   0   0],0.0,2D 40 C0 2D 00 00 00 00,0x06B,00000004
276.6121,9.0,111,0.0,8,8.0,[135 204 143 196 255   5 176 127],0.0,87 CC 8F C4 FF 05 B0 7F,0x06F,00000004
276.80755,9.0,101,0.0,1,1.0,[75  0  0  0  0  0  0  0],0.0,4B 00 00 00 00 00 00 00,0x065,00000004
276.807551,9.0,102,0.0,6,6.0,[  3 135  25  50  84  45   0   0],0.0,03 87 19 32 54 2D 00 00,0x066,00000004
276.807552,9.0,103,0.0,8,8.0,[173  26 138 144 158  51 109   9],0.0,AD 1A 8A 90 9E 33 6D 09,0x067,00000004
276.807553,9.0,104,0.0,4,4.0,[ 95 245  25   0   0   0   0   0],0.0,5F F5 19 00 00 00 00 00,0x068,00000004
276.807554,9.0,107,0.0,5,5.0,[ 59  63 224  44   0   0   0   0],0.0,3B 3F E0 2C 00 00 00 00,0x06B,00000004
276.81075,9.0,111,0.0,8,8.0,[137 204 143  68 255  13 144 127],0.0,89 CC 8F 44 FF 0D 90 7F,0x06F,00000004
277.00575000000003,9.0,101,0.0,1,1.0,[75  0  0  0  0  0  0  0],0.0,4B 00 00 00 00 00 00 00,0x065,00000004
277.00575100000003,9.0,102,0.0,6,6.0,[ 3 79 26 50 84 45  0  0],0.0,03 4F 1A 32 54 2D 00 00,0x066,00000004
277.00575200000003,9.0,103,0.0,8,8.0,[145  26 138 144 157  51 109   9],0.0,91 1A 8A 90 9D 33 6D 09,0x067,00000004
277.005753,9.0,104,0.0,4,4.0,[ 95 245  25   0   0   0   0   0],0.0,5F F5 19 00 00 00 00 00,0x068,00000004
277.005754,9.0,107,0.0,5,5.0,[235  61 224  43   0   0   0   0],0.0,EB 3D E0 2B 00 00 00 00,0x06B,00000004
277.0081,9.0,106,0.0,3,3.0,[5 3 0 0 0 0 0 0],0.0,05 03 00 00 00 00 00 00,0x06A,00000004
277.00825000000003,9.0,111,0.0,8,8.0,[135 212  79  68 254 241  15 128],0.0,87 D4 4F 44 FE F1 0F 80,0x06F,00000004
277.20375,9.0,101,0.0,1,1.0,[75  0  0  0  0  0  0  0],0.0,4B 00 00 00 00 00 00 00,0x065,00000004
277.203751,9.0,102,0.0,6,6.0,[ 3 23 27 50 84 45  0  0],0.0,03 17 1B 32 54 2D 00 00,0x066,00000004
277.203752,9.0,103,0.0,8,8.0,[119  26 138 112 156  51 109   9],0.0,77 1A 8A 70 9C 33 6D 09,0x067,00000004
277.203753,9.0,104,0.0,4,4.0,[ 95 245  25   0   0   0   0   0],0.0,5F F5 19 00 00 00 00 00,0x068,00000004
277.203754,9.0,107,0.0,5,5.0,[ 1 62  0 43  0  0  0  0],0.0,01 3E 00 2B 00 00 00 00,0x06B,00000004
277.2068,9.0,111,0.0,8,8.0,[139  20 112  68 255 245 143 127],0.0,8B 14 70 44 FF F5 8F 7F,0x06F,00000004
277.40155,9.0,101,0.0,1,1.0,[75  0  0  0  0  0  0  0],0.0,4B 00 00 00 00 00 00 00,0x065,00000004
277.401551,9.0,102,0.0,6,6.0,[  3 223  27  50  84  45   0   0],0.0,03 DF 1B 32 54 2D 00 00,0x066,00000004
277.401552,9.0,103,0.0,8,8.0,[ 89  26 138 112 155  51 109   9],0.0,59 1A 8A 70 9B 33 6D 09,0x067,00000004
277.40155300000004,9.0,104,0.0,4,4.0,[ 93 245  25   0   0   0   0   0],0.0,5D F5 19 00 00 00 00 00,0x068,00000004
277.40155400000003,9.0,107,0.0,5,5.0,[ 41  63 160  42   0   0   0   0],0.0,29 3F A0 2A 00 00 00 00,0x06B,00000004
277.4041,9.0,111,0.0,8,8.0,[141 140  80  68   1 246 239 126],0.0,8D 8C 50 44 01 F6 EF 7E,0x06F,00000004
277.5998,9.0,101,0.0,1,1.0,[75  0  0  0  0  0  0  0],0.0,4B 00 00 00 00 00 00 00,0x065,00000004
277.599801,9.0,102,0.0,6,6.0,[  3 167  28  50  84  45   0   0],0.0,03 A7 1C 32 54 2D 00 00,0x066,00000004
277.599802,9.0,103,0.0,8,8.0,[ 61  26 138  80 154  51 109   9],0.0,3D 1A 8A 50 9A 33 6D 09,0x067,00000004
277.599803,9.0,104,0.0,4,4.0,[ 93 245  25   0   0   0   0   0],0.0,5D F5 19 00 00 00 00 00,0x068,00000004
277.599804,9.0,107,0.0,5,5.0,[23 66 64 41  0  0  0  0],0.0,17 42 40 29 00 00 00 00,0x06B,00000004
277.6028,9.0,111,0.0,8,8.0,[141 172 112  68   0 254  79 127],0.0,8D AC 70 44 00 FE 4F 7F,0x06F,00000004
277.7978,9.0,101,0.0,1,1.0,[83  0  0  0  0  0  0  0],0.0,53 00 00 00 00 00 00 00,0x065,00000004
277.797801,9.0,102,0.0,6,6.0,[  3 111  29  50  84  45   0   0],0.0,03 6F 1D 32 54 2D 00 00,0x066,00000004
277.797802,9.0,103,0.0,8,8.0,[ 29  26 138  48 153  51 109   9],0.0,1D 1A 8A 30 99 33 6D 09,0x067,00000004
277.797803,9.0,104,0.0,4,4.0,[ 93 245  25   0   0   0   0   0],0.0,5D F5 19 00 00 00 00 00,0x068,00000004
277.797804,9.0,107,0.0,5,5.0,[105  71 128  39   0   0   0   0],0.0,69 47 80 27 00 00 00 00,0x06B,00000004
277.8001,9.0,111,0.0,8,8.0,[141 212 112  68 255 245 175 127],0.0,8D D4 70 44 FF F5 AF 7F,0x06F,00000004
277.99555,9.0,101,0.0,1,1.0,[83  0  0  0  0  0  0  0],0.0,53 00 00 00 00 00 00 00,0x065,00000004
277.99555100000003,9.0,102,0.0,6,6.0,[ 3 55 30 50 84 45  0  0],0.0,03 37 1E 32 54 2D 00 00,0x066,00000004
277.99555200000003,9.0,103,0.0,8,8.0,[251  25 138 240 151  51 109   9],0.0,FB 19 8A F0 97 33 6D 09,0x067,00000004
277.99555300000003,9.0,104,0.0,4,4.0,[ 91 245  25   0   0   0   0   0],0.0,5B F5 19 00 00 00 00 00,0x068,00000004
277.995554,9.0,107,0.0,5,5.0,[115  76 128  38   0   0   0   0],0.0,73 4C 80 26 00 00 00 00,0x06B,00000004
277.99855,9.0,106,0.0,3,3.0,[23  3  0  0  0  0  0  0],0.0,17 03 00 00 00 00 00 00,0x06A,00000004
277.99895000000004,9.0,111,0.0,8,8.0,[141 212  48 196 254 237 207 127],0.0,8D D4 30 C4 FE ED CF 7F,0x06F,00000004
278.1938,9.0,101,0.0,1,1.0,[83  0  0  0  0  0  0  0],0.0,53 00 00 00 00 00 00 00,0x065,00000004
278.193801,9.0,102,0.0,6,6.0,[  3 255  30  50  84  45   0   0],0.0,03 FF 1E 32 54 2D 00 00,0x066,00000004
278.193802,9.0,103,0.0,8,8.0,[215  25 138 144 150  51 109   9],0.0,D7 19 8A 90 96 33 6D 09,0x067,00000004
278.193803,9.0,104,0.0,4,4.0,[ 89 245  25   0   0   0   0   0],0.0,59 F5 19 00 00 00 00 00,0x068,00000004
278.193804,9.0,107,0.0,5,5.0,[163  81 160  38   0   0   0   0],0.0,A3 51 A0 26 00 00 00 00,0x06B,00000004
278.19675,9.0,111,0.0,8,8.0,[139 212  80 196 255 249 111 127],0.0,8B D4 50 C4 FF F9 6F 7F,0x06F,00000004
278.3918,9.0,101,0.0,1,1.0,[83  0  0  0  0  0  0  0],0.0,53 00 00 00 00 00 00 00,0x065,00000004
278.391801,9.0,102,0.0,6,6.0,[  3 199  31  50  84  45   0   0],0.0,03 C7 1F 32 54 2D 00 00,0x066,00000004
278.391802,9.0,103,0.0,8,8.0,[177  25 138  16 149  51 109   9],0.0,B1 19 8A 10 95 33 6D 09,0x067,00000004
278.391803,9.0,104,0.0,4,4.0,[ 89 245  25   0   0   0   0   0],0.0,59 F5 19 00 00 00 00 00,0x068,00000004
278.39180400000004,9.0,107,0.0,5,5.0,[ 17  87 160  38   0   0   0   0],0.0,11 57 A0 26 00 00 00 00,0x06B,00000004
278.39415,9.0,111,0.0,8,8.0,[137 212 112  68 255 253 207 127],0.0,89 D4 70 44 FF FD CF 7F,0x06F,00000004
278.5898,9.0,101,0.0,1,1.0,[83  0  0  0  0  0  0  0],0.0,53 00 00 00 00 00 00 00,0x065,00000004
278.589801,9.0,102,0.0,6,6.0,[  3 143  32  50  84  45   0   0],0.0,03 8F 20 32 54 2D 00 00,0x066,00000004
278.589802,9.0,103,0.0,8,8.0,[137  25 138 144 147  51 109   9],0.0,89 19 8A 90 93 33 6D 09,0x067,00000004
278.589803,9.0,104,0.0,4,4.0,[ 89 245  25   0   0   0   0   0],0.0,59 F5 19 00 00 00 00 00,0x068,00000004
278.589804,9.0,107,0.0,5,5.0,[173  92  64  38   0   0   0   0],0.0,AD 5C 40 26 00 00 00 00,0x06B,00000004
278.59065,9.0,111,0.0,8,8.0,[139 220 112  68 255 249 207 127],0.0,8B DC 70 44 FF F9 CF 7F,0x06F,00000004
278.7878,9.0,101,0.0,1,1.0,[83  0  0  0  0  0  0  0],0.0,53 00 00 00 00 00 00 00,0x065,00000004
278.787801,9.0,102,0.0,6,6.0,[ 3 87 33 50 84 45  0  0],0.0,03 57 21 32 54 2D 00 00,0x066,00000004
278.787802,9.0,103,0.0,8,8.0,[ 93  25 138 240 145  51 109   9],0.0,5D 19 8A F0 91 33 6D 09,0x067,00000004
278.787803,9.0,104,0.0,4,4.0,[ 89 245  25   0   0   0   0   0],0.0,59 F5 19 00 00 00 00 00,0x068,00000004
278.787804,9.0,107,0.0,5,5.0,[79 98 96 38  0  0  0  0],0.0,4F 62 60 26 00 00 00 00,0x06B,00000004
278.7901,9.0,111,0.0,8,8.0,[141 212  48 196 254 229  47 128],0.0,8D D4 30 C4 FE E5 2F 80,0x06F,00000004
278.9858,9.0,101,0.0,1,1.0,[83  0  0  0  0  0  0  0],0.0,53 00 00 00 00 00 00 00,0x065,00000004
278.985801,9.0,102,0.0,6,6.0,[ 3 31 34 50 84 45  0  0],0.0,03 1F 22 32 54 2D 00 00,0x066,00000004
278.98580200000004,9.0,103,0.0,8,8.0,[ 49  25 138  80 144  51 109   9],0.0,31 19 8A 50 90 33 6D 09,0x067,00000004
278.98580300000003,9.0,104,0.0,4,4.0,[ 89 245  25   0   0   0   0   0],0.0,59 F5 19 00 00 00 00 00,0x068,00000004
278.98580400000003,9.0,107,0.0,5,5.0,[101 103  96  38   0   0   0   0],0.0,65 67 60 26 00 00 00 00,0x06B,00000004
278.9888,9.0,106,0.0,3,3.0,[47  3  0  0  0  0  0  0],0.0,2F 03 00 00 00 00 00 00,0x06A,00000004
278.98895,9.0,111,0.0,8,8.0,[145 204  48  68 255   5 208 127],0.0,91 CC 30 44 FF 05 D0 7F,0x06F,00000004
279.1838,9.0,101,0.0,1,1.0,[83  0  0  0  0  0  0  0],0.0,53 00 00 00 00 00 00 00,0x065,00000004
279.183801,9.0,102,0.0,6,6.0,[  3 231  34  50  84  45   0   0],0.0,03 E7 22 32 54 2D 00 00,0x066,00000004
279.183802,9.0,103,0.0,8,8.0,[  1  25 138 144 142  51 109   9],0.0,01 19 8A 90 8E 33 6D 09,0x067,00000004
279.183803,9.0,104,0.0,4,4.0,[ 89 245  25   0   0   0   0   0],0.0,59 F5 19 00 00 00 00 00,0x068,00000004
279.183804,9.0,107,0.0,5,5.0,[141 109 128  38   0   0   0   0],0.0,8D 6D 80 26 00 00 00 00,0x06B,00000004
279.1861,9.0,111,0.0,8,8.0,[147 188 112  68 255 237  47 128],0.0,93 BC 70 44 FF ED 2F 80,0x06F,00000004
279.3818,9.0,101,0.0,1,1.0,[83  0  0  0  0  0  0  0],0.0,53 00 00 00 00 00 00 00,0x065,00000004
279.381801,9.0,102,0.0,6,6.0,[  3 175  35  50  84  45   0   0],0.0,03 AF 23 32 54 2D 00 00,0x066,00000004
279.381802,9.0,103,0.0,8,8.0,[207  24 138 176 140  51 109   9],0.0,CF 18 8A B0 8C 33 6D 09,0x067,00000004
279.381803,9.0,104,0.0,4,4.0,[ 89 245  25   0   0   0   0   0],0.0,59 F5 19 00 00 00 00 00,0x068,00000004
279.381804,9.0,107,0.0,5,5.0,[167 114 128  37   0   0   0   0],0.0,A7 72 80 25 00 00 00 00,0x06B,00000004
279.3848,9.0,111,0.0,8,8.0,[133 196  80  68 255 253 207 127],0.0,85 C4 50 44 FF FD CF 7F,0x06F,00000004
279.57980000000003,9.0,101,0.0,1,1.0,[83  0  0  0  0  0  0  0],0.0,53 00 00 00 00 00 00 00,0x065,00000004
279.57980100000003,9.0,102,0.0,6,6.0,[  3 119  36  50  84  45   0   0],0.0,03 77 24 32 54 2D 00 00,0x066,00000004
279.57980200000003,9.0,103,0.0,8,8.0,[155  24 138 176 138  51 109   9],0.0,9B 18 8A B0 8A 33 6D 09,0x067,00000004
279.579803,9.0,104,0.0,4,4.0,[ 87 245  25   0   0   0   0   0],0.0,57 F5 19 00 00 00 00 00,0x068,00000004
279.579804,9.0,107,0.0,5,5.0,[235 118   0  37   0   0   0   0],0.0,EB 76 00 25 00 00 00 00,0x06B,00000004
279.58215,9.0,111,0.0,8,8.0,[139 164 112 196 254   1 240 127],0.0,8B A4 70 C4 FE 01 F0 7F,0x06F,00000004
279.7778,9.0,101,0.0,1,1.0,[83  0  0  0  0  0  0  0],0.0,53 00 00 00 00 00 00 00,0x065,00000004
279.777801,9.0,102,0.0,6,6.0,[ 3 63 37 50 84 45  0  0],0.0,03 3F 25 32 54 2D 00 00,0x066,00000004
279.777802,9.0,103,0.0,8,8.0,[103  24 138 144 136  51 109   9],0.0,67 18 8A 90 88 33 6D 09,0x067,00000004
279.777803,9.0,104,0.0,4,4.0,[ 83 245  25   0   0   0   0   0],0.0,53 F5 19 00 00 00 00 00,0x068,00000004
279.777804,9.0,107,0.0,5,5.0,[ 85 122 192  36   0   0   0   0],0.0,55 7A C0 24 00 00 00 00,0x06B,00000004
279.778,9.0,111,0.0,8,8.0,[139 244  79  68 250  17 144 129],0.0,8B F4 4F 44 FA 11 90 81,0x06F,00000004
279.97535,9.0,111,0.0,8,8.0,[143 212  79  68 253   1  16 128],0.0,8F D4 4F 44 FD 01 10 80,0x06F,00000004
279.976,9.0,101,0.0,1,1.0,[83  0  0  0  0  0  0  0],0.0,53 00 00 00 00 00 00 00,0x065,00000004
279.976001,9.0,102,0.0,6,6.0,[ 3  7 38 50 84 45  0  0],0.0,03 07 26 32 54 2D 00 00,0x066,00000004
279.976002,9.0,103,0.0,8,8.0,[ 49  24 138 144 134  51 109   9],0.0,31 18 8A 90 86 33 6D 09,0x067,00000004
279.976003,9.0,104,0.0,4,4.0,[ 81 245  25   0   0   0   0   0],0.0,51 F5 19 00 00 00 00 00,0x068,00000004
279.976004,9.0,107,0.0,5,5.0,[153 123   0  36   0   0   0   0],0.0,99 7B 00 24 00 00 00 00,0x06B,00000004
279.97895,9.0,106,0.0,3,3.0,[77  3  0  0  0  0  0  0],0.0,4D 03 00 00 00 00 00 00,0x06A,00000004
280.1738,9.0,101,0.0,1,1.0,[83  0  0  0  0  0  0  0],0.0,53 00 00 00 00 00 00 00,0x065,00000004
280.173801,9.0,102,0.0,6,6.0,[  3 207  38  50  84  45   0   0],0.0,03 CF 26 32 54 2D 00 00,0x066,00000004
280.173802,9.0,103,0.0,8,8.0,[253  23 138 144 132  51 109   9],0.0,FD 17 8A 90 84 33 6D 09,0x067,00000004
280.173803,9.0,104,0.0,4,4.0,[ 83 245  25   0   0   0   0   0],0.0,53 F5 19 00 00 00 00 00,0x068,00000004
280.173804,9.0,107,0.0,5,5.0,[191 122 192  36   0   0   0   0],0.0,BF 7A C0 24 00 00 00 00,0x06B,00000004
280.17615,9.0,111,0.0,8,8.0,[143 100  79  68 252  13 144 128],0.0,8F 64 4F 44 FC 0D 90 80,0x06F,00000004
280.3718,9.0,101,0.0,1,1.0,[83  0  0  0  0  0  0  0],0.0,53 00 00 00 00 00 00 00,0x065,00000004
280.371801,9.0,102,0.0,6,6.0,[  3 151  39  50  84  45   0   0],0.0,03 97 27 32 54 2D 00 00,0x066,00000004
280.371802,9.0,103,0.0,8,8.0,[201  23 138 112 130  51 109   9],0.0,C9 17 8A 70 82 33 6D 09,0x067,00000004
280.371803,9.0,104,0.0,4,4.0,[ 81 245  17   0   0   0   0   0],0.0,51 F5 11 00 00 00 00 00,0x068,00000004
280.371804,9.0,107,0.0,5,5.0,[215 120  96  36   0   0   0   0],0.0,D7 78 60 24 00 00 00 00,0x06B,00000004
280.3748,9.0,111,0.0,8,8.0,[141  76 143 196 253  21 144 127],0.0,8D 4C 8F C4 FD 15 90 7F,0x06F,00000004
280.5698,9.0,101,0.0,1,1.0,[75  0  0  0  0  0  0  0],0.0,4B 00 00 00 00 00 00 00,0x065,00000004
280.569801,9.0,102,0.0,6,6.0,[ 3 95 40 50 84 45  0  0],0.0,03 5F 28 32 54 2D 00 00,0x066,00000004
280.569802,9.0,103,0.0,8,8.0,[151  23 138 144 128  51 109   9],0.0,97 17 8A 90 80 33 6D 09,0x067,00000004
280.56980300000004,9.0,104,0.0,4,4.0,[ 81 245  17   0   0   0   0   0],0.0,51 F5 11 00 00 00 00 00,0x068,00000004
280.56980400000003,9.0,107,0.0,5,5.0,[171 116 128  37   0   0   0   0],0.0,AB 74 80 25 00 00 00 00,0x06B,00000004
280.57215,9.0,111,0.0,8,8.0,[137  44  79 196 253 237  47 128],0.0,89 2C 4F C4 FD ED 2F 80,0x06F,00000004
280.7678,9.0,101,0.0,1,1.0,[75  0  0  0  0  0  0  0],0.0,4B 00 00 00 00 00 00 00,0x065,00000004
280.767801,9.0,102,0.0,6,6.0,[ 3 39 41 50 84 45  0  0],0.0,03 27 29 32 54 2D 00 00,0x066,00000004
280.767802,9.0,103,0.0,8,8.0,[101  23 138 176 126  51 109   9],0.0,65 17 8A B0 7E 33 6D 09,0x067,00000004
280.767803,9.0,104,0.0,4,4.0,[ 81 245  17   0   0   0   0   0],0.0,51 F5 11 00 00 00 00 00,0x068,00000004
280.767804,9.0,107,0.0,5,5.0,[149 113  96  40   0   0   0   0],0.0,95 71 60 28 00 00 00 00,0x06B,00000004
280.7708,9.0,111,0.0,8,8.0,[133  12 175  68 253  33  48 128],0.0,85 0C AF 44 FD 21 30 80,0x06F,00000004
280.96535,9.0,111,0.0,8,8.0,[133 252  14  68 254  13  16 128],0.0,85 FC 0E 44 FE 0D 10 80,0x06F,00000004
280.96595,9.0,101,0.0,1,1.0,[75  0  0  0  0  0  0  0],0.0,4B 00 00 00 00 00 00 00,0x065,00000004
280.965951,9.0,102,0.0,6,6.0,[  3 239  41  50  84  45   0   0],0.0,03 EF 29 32 54 2D 00 00,0x066,00000004
280.965952,9.0,103,0.0,8,8.0,[ 55  23 138 208 124  51 109   9],0.0,37 17 8A D0 7C 33 6D 09,0x067,00000004
280.965953,9.0,104,0.0,4,4.0,[ 81 245  17   0   0   0   0   0],0.0,51 F5 11 00 00 00 00 00,0x068,00000004
280.965954,9.0,107,0.0,5,5.0,[141 109 224  40   0   0   0   0],0.0,8D 6D E0 28 00 00 00 00,0x06B,00000004
280.9683,9.0,106,0.0,3,3.0,[107   3   0   0   0   0   0   0],0.0,6B 03 00 00 00 00 00 00,0x06A,00000004
281.1633,9.0,111,0.0,8,8.0,[139 252 142  68 255   1 144 127],0.0,8B FC 8E 44 FF 01 90 7F,0x06F,00000004
281.164,9.0,101,0.0,1,1.0,[75  0  0  0  0  0  0  0],0.0,4B 00 00 00 00 00 00 00,0x065,00000004
281.164001,9.0,102,0.0,6,6.0,[  3 183  42  50  84  45   0   0],0.0,03 B7 2A 32 54 2D 00 00,0x066,00000004
281.164002,9.0,103,0.0,8,8.0,[  9  23 138  16 123  51 109   9],0.0,09 17 8A 10 7B 33 6D 09,0x067,00000004
281.16400300000004,9.0,104,0.0,4,4.0,[ 81 245  17   0   0   0   0   0],0.0,51 F5 11 00 00 00 00 00,0x068,00000004
281.16400400000003,9.0,107,0.0,5,5.0,[125 103 160  40   0   0   0   0],0.0,7D 67 A0 28 00 00 00 00,0x06B,00000004
281.36185,9.0,101,0.0,1,1.0,[75  0  0  0  0  0  0  0],0.0,4B 00 00 00 00 00 00 00,0x065,00000004
281.361851,9.0,102,0.0,6,6.0,[  3 127  43  50  84  45   0   0],0.0,03 7F 2B 32 54 2D 00 00,0x066,00000004
281.361852,9.0,103,0.0,8,8.0,[223  22 138  80 121  51 109   9],0.0,DF 16 8A 50 79 33 6D 09,0x067,00000004
281.361853,9.0,104,0.0,4,4.0,[ 79 245  17   0   0   0   0   0],0.0,4F F5 11 00 00 00 00 00,0x068,00000004
281.361854,9.0,107,0.0,5,5.0,[ 95  98 128  40   0   0   0   0],0.0,5F 62 80 28 00 00 00 00,0x06B,00000004
281.36475,9.0,111,0.0,8,8.0,[141 252 206  68 254  29  16 128],0.0,8D FC CE 44 FE 1D 10 80,0x06F,00000004
281.55985,9.0,101,0.0,1,1.0,[75  0  0  0  0  0  0  0],0.0,4B 00 00 00 00 00 00 00,0x065,00000004
281.559851,9.0,102,0.0,6,6.0,[ 3 71 44 50 84 45  0  0],0.0,03 47 2C 32 54 2D 00 00,0x066,00000004
281.55985200000003,9.0,103,0.0,8,8.0,[183  22 138 176 119  51 109   9],0.0,B7 16 8A B0 77 33 6D 09,0x067,00000004
281.55985300000003,9.0,104,0.0,4,4.0,[ 77 245  17   0   0   0   0   0],0.0,4D F5 11 00 00 00 00 00,0x068,00000004
281.55985400000003,9.0,107,0.0,5,5.0,[175  93  64  49   0   0   0   0],0.0,AF 5D 40 31 00 00 00 00,0x06B,00000004
281.56005,9.0,111,0.0,8,8.0,[113 244 142  68 253  29 240 128],0.0,71 F4 8E 44 FD 1D F0 80,0x06F,00000004
281.75735000000003,9.0,111,0.0,8,8.0,[139 228  14 196 254 137 111 128],0.0,8B E4 0E C4 FE 89 6F 80,0x06F,00000004
281.758,9.0,101,0.0,1,1.0,[75  0  0  0  0  0  0  0],0.0,4B 00 00 00 00 00 00 00,0x065,00000004
281.75800100000004,9.0,102,0.0,6,6.0,[ 3 15 45 50 84 45  0  0],0.0,03 0F 2D 32 54 2D 00 00,0x066,00000004
281.75800200000003,9.0,103,0.0,8,8.0,[145  22 138  48 118  51 109   9],0.0,91 16 8A 30 76 33 6D 09,0x067,00000004
281.75800300000003,9.0,104,0.0,4,4.0,[ 75 245  17   0   0   0   0   0],0.0,4B F5 11 00 00 00 00 00,0x068,00000004
281.758004,9.0,107,0.0,5,5.0,[ 1 90  0 55  0  0  0  0],0.0,01 5A 00 37 00 00 00 00,0x06B,00000004
281.95585,9.0,101,0.0,1,1.0,[75  0  0  0  0  0  0  0],0.0,4B 00 00 00 00 00 00 00,0x065,00000004
281.955851,9.0,102,0.0,6,6.0,[  3 215  45  50  84  45   0   0],0.0,03 D7 2D 32 54 2D 00 00,0x066,00000004
281.955852,9.0,103,0.0,8,8.0,[111  22 138 208 116  51 109   9],0.0,6F 16 8A D0 74 33 6D 09,0x067,00000004
281.955853,9.0,104,0.0,4,4.0,[ 77 245  17   0   0   0   0   0],0.0,4D F5 11 00 00 00 00 00,0x068,00000004
281.955854,9.0,107,0.0,5,5.0,[169  82   0  44   0   0   0   0],0.0,A9 52 00 2C 00 00 00 00,0x06B,00000004
281.95805,9.0,106,0.0,3,3.0,[131   3   0   0   0   0   0   0],0.0,83 03 00 00 00 00 00 00,0x06A,00000004
281.95820000000003,9.0,111,0.0,8,8.0,[125 124  79  68 255 173 143 127],0.0,7D 7C 4F 44 FF AD 8F 7F,0x06F,00000004
282.15335,9.0,111,0.0,8,8.0,[141 204  47 196 255   1  80 127],0.0,8D CC 2F C4 FF 01 50 7F,0x06F,00000004
282.154,9.0,101,0.0,1,1.0,[75  0  0  0  0  0  0  0],0.0,4B 00 00 00 00 00 00 00,0x065,00000004
282.154001,9.0,102,0.0,6,6.0,[  3 159  46  50  84  45   0   0],0.0,03 9F 2E 32 54 2D 00 00,0x066,00000004
282.154002,9.0,103,0.0,8,8.0,[ 77  22 138 112 115  51 109   9],0.0,4D 16 8A 70 73 33 6D 09,0x067,00000004
282.154003,9.0,104,0.0,4,4.0,[ 77 245  17   0   0   0   0   0],0.0,4D F5 11 00 00 00 00 00,0x068,00000004
282.154004,9.0,107,0.0,5,5.0,[237  79  64  44   0   0   0   0],0.0,ED 4F 40 2C 00 00 00 00,0x06B,00000004
282.35135,9.0,111,0.0,8,8.0,[135 212  47  68 254 237 239 127],0.0,87 D4 2F 44 FE ED EF 7F,0x06F,00000004
282.35200000000003,9.0,101,0.0,1,1.0,[75  0  0  0  0  0  0  0],0.0,4B 00 00 00 00 00 00 00,0x065,00000004
282.35200100000003,9.0,102,0.0,6,6.0,[  3 103  47  50  84  45   0   0],0.0,03 67 2F 32 54 2D 00 00,0x066,00000004
282.352002,9.0,103,0.0,8,8.0,[ 43  22 138  48 114  51 109   9],0.0,2B 16 8A 30 72 33 6D 09,0x067,00000004
282.352003,9.0,104,0.0,4,4.0,[ 77 245  17   0   0   0   0   0],0.0,4D F5 11 00 00 00 00 00,0x068,00000004
282.352004,9.0,107,0.0,5,5.0,[163  79 192  42   0   0   0   0],0.0,A3 4F C0 2A 00 00 00 00,0x06B,00000004
282.54935,9.0,111,0.0,8,8.0,[145 244  79 196 255 237  79 127],0.0,91 F4 4F C4 FF ED 4F 7F,0x06F,00000004
282.55065,9.0,101,0.0,1,1.0,[75  0  0  0  0  0  0  0],0.0,4B 00 00 00 00 00 00 00,0x065,00000004
282.550651,9.0,102,0.0,6,6.0,[ 3 47 48 50 84 45  0  0],0.0,03 2F 30 32 54 2D 00 00,0x066,00000004
282.550652,9.0,103,0.0,8,8.0,[  7  22 138 240 112  51 109   9],0.0,07 16 8A F0 70 33 6D 09,0x067,00000004
282.550653,9.0,104,0.0,4,4.0,[ 77 245  17   0   0   0   0   0],0.0,4D F5 11 00 00 00 00 00,0x068,00000004
282.550654,9.0,107,0.0,5,5.0,[165  79  32  43   0   0   0   0],0.0,A5 4F 20 2B 00 00 00 00,0x06B,00000004
282.74785,9.0,101,0.0,1,1.0,[75  0  0  0  0  0  0  0],0.0,4B 00 00 00 00 00 00 00,0x065,00000004
282.747851,9.0,102,0.0,6,6.0,[  3 247  48  50  84  45   0   0],0.0,03 F7 30 32 54 2D 00 00,0x066,00000004
282.747852,9.0,103,0.0,8,8.0,[229  21 138 112 111  51 109   9],0.0,E5 15 8A 70 6F 33 6D 09,0x067,00000004
282.747853,9.0,104,0.0,4,4.0,[ 75 245  17   0   0   0   0   0],0.0,4B F5 11 00 00 00 00 00,0x068,00000004
282.747854,9.0,107,0.0,5,5.0,[ 13  80 224  42   0   0   0   0],0.0,0D 50 E0 2A 00 00 00 00,0x06B,00000004
282.74805000000003,9.0,111,0.0,8,8.0,[141 116  80  68   0  10 208 126],0.0,8D 74 50 44 00 0A D0 7E,0x06F,00000004
282.94535,9.0,111,0.0,8,8.0,[139 156 240  67   0  30  16 127],0.0,8B 9C F0 43 00 1E 10 7F,0x06F,00000004
282.946,9.0,101,0.0,1,1.0,[75  0  0  0  0  0  0  0],0.0,4B 00 00 00 00 00 00 00,0x065,00000004
282.946001,9.0,102,0.0,6,6.0,[  3 191  49  50  84  45   0   0],0.0,03 BF 31 32 54 2D 00 00,0x066,00000004
282.946002,9.0,103,0.0,8,8.0,[193  21 138  16 110  51 109   9],0.0,C1 15 8A 10 6E 33 6D 09,0x067,00000004
282.946003,9.0,104,0.0,4,4.0,[ 75 245  17   0   0   0   0   0],0.0,4B F5 11 00 00 00 00 00,0x068,00000004
282.946004,9.0,107,0.0,5,5.0,[ 41  83 192  42   0   0   0   0],0.0,29 53 C0 2A 00 00 00 00,0x06B,00000004
282.9484,9.0,106,0.0,3,3.0,[151   3   0   0   0   0   0   0],0.0,97 03 00 00 00 00 00 00,0x06A,00000004
283.14335,9.0,111,0.0,8,8.0,[141 196  48 196   0  18  48 127],0.0,8D C4 30 C4 00 12 30 7F,0x06F,00000004
283.144,9.0,101,0.0,1,1.0,[75  0  0  0  0  0  0  0],0.0,4B 00 00 00 00 00 00 00,0x065,00000004
283.144001,9.0,102,0.0,6,6.0,[  3 135  50  50  84  45   0   0],0.0,03 87 32 32 54 2D 00 00,0x066,00000004
283.144002,9.0,103,0.0,8,8.0,[155  21 138 144 108  51 109   9],0.0,9B 15 8A 90 6C 33 6D 09,0x067,00000004
283.144003,9.0,104,0.0,4,4.0,[ 75 245  17   0   0   0   0   0],0.0,4B F5 11 00 00 00 00 00,0x068,00000004
283.144004,9.0,107,0.0,5,5.0,[171  87 224  42   0   0   0   0],0.0,AB 57 E0 2A 00 00 00 00,0x06B,00000004
283.34135000000003,9.0,111,0.0,8,8.0,[143 212 112  68   0 254 143 127],0.0,8F D4 70 44 00 FE 8F 7F,0x06F,00000004
283.342,9.0,101,0.0,1,1.0,[75  0  0  0  0  0  0  0],0.0,4B 00 00 00 00 00 00 00,0x065,00000004
283.342001,9.0,102,0.0,6,6.0,[ 3 79 51 50 84 45  0  0],0.0,03 4F 33 32 54 2D 00 00,0x066,00000004
283.34200200000004,9.0,103,0.0,8,8.0,[115  21 138  16 107  51 109   9],0.0,73 15 8A 10 6B 33 6D 09,0x067,00000004
283.34200300000003,9.0,104,0.0,4,4.0,[ 75 245  17   0   0   0   0   0],0.0,4B F5 11 00 00 00 00 00,0x068,00000004
283.34200400000003,9.0,107,0.0,5,5.0,[163  92 224  42   0   0   0   0],0.0,A3 5C E0 2A 00 00 00 00,0x06B,00000004
283.53935,9.0,111,0.0,8,8.0,[139 212 112  68 255 253  15 128],0.0,8B D4 70 44 FF FD 0F 80,0x06F,00000004
283.54,9.0,101,0.0,1,1.0,[75  0  0  0  0  0  0  0],0.0,4B 00 00 00 00 00 00 00,0x065,00000004
283.540001,9.0,102,0.0,6,6.0,[ 3 23 52 50 84 45  0  0],0.0,03 17 34 32 54 2D 00 00,0x066,00000004
283.540002,9.0,103,0.0,8,8.0,[ 73  21 138  80 105  51 109   9],0.0,49 15 8A 50 69 33 6D 09,0x067,00000004
283.540003,9.0,104,0.0,4,4.0,[ 77 245  17   0   0   0   0   0],0.0,4D F5 11 00 00 00 00 00,0x068,00000004
283.540004,9.0,107,0.0,5,5.0,[181  99 192  42   0   0   0   0],0.0,B5 63 C0 2A 00 00 00 00,0x06B,00000004
283.73735,9.0,111,0.0,8,8.0,[137 204  48 196 254   9  48 128],0.0,89 CC 30 C4 FE 09 30 80,0x06F,00000004
283.738,9.0,101,0.0,1,1.0,[75  0  0  0  0  0  0  0],0.0,4B 00 00 00 00 00 00 00,0x065,00000004
283.738001,9.0,102,0.0,6,6.0,[  3 223  52  50  84  45   0   0],0.0,03 DF 34 32 54 2D 00 00,0x066,00000004
283.738002,9.0,103,0.0,8,8.0,[ 27  21 138 144 103  51 109   9],0.0,1B 15 8A 90 67 33 6D 09,0x067,00000004
283.738003,9.0,104,0.0,4,4.0,[ 77 245  17   0   0   0   0   0],0.0,4D F5 11 00 00 00 00 00,0x068,00000004
283.738004,9.0,107,0.0,5,5.0,[ 95 104 192  42   0   0   0   0],0.0,5F 68 C0 2A 00 00 00 00,0x06B,00000004
283.93535,9.0,111,0.0,8,8.0,[131 196  16  68 255 253  15 128],0.0,83 C4 10 44 FF FD 0F 80,0x06F,00000004
283.93600000000004,9.0,101,0.0,1,1.0,[75  0  0  0  0  0  0  0],0.0,4B 00 00 00 00 00 00 00,0x065,00000004
283.93600100000003,9.0,102,0.0,6,6.0,[  3 167  53  50  84  45   0   0],0.0,03 A7 35 32 54 2D 00 00,0x066,00000004
283.93600200000003,9.0,103,0.0,8,8.0,[237  20 138 176 101  51 109   9],0.0,ED 14 8A B0 65 33 6D 09,0x067,00000004
283.936003,9.0,104,0.0,4,4.0,[ 77 245  17   0   0   0   0   0],0.0,4D F5 11 00 00 00 00 00,0x068,00000004
283.936004,9.0,107,0.0,5,5.0,[ 21 110  64  41   0   0   0   0],0.0,15 6E 40 29 00 00 00 00,0x06B,00000004
283.9391,9.0,106,0.0,3,3.0,[177   3   0   0   0   0   0   0],0.0,B1 03 00 00 00 00 00 00,0x06A,00000004
284.1334,9.0,111,0.0,8,8.0,[141  44  80  68 253   5  16 129],0.0,8D 2C 50 44 FD 05 10 81,0x06F,00000004
284.13405,9.0,101,0.0,1,1.0,[75  0  0  0  0  0  0  0],0.0,4B 00 00 00 00 00 00 00,0x065,00000004
284.134051,9.0,102,0.0,6,6.0,[  3 111  54  50  84  45   0   0],0.0,03 6F 36 32 54 2D 00 00,0x066,00000004
284.134052,9.0,103,0.0,8,8.0,[189  20 138 144  99  51 109   9],0.0,BD 14 8A 90 63 33 6D 09,0x067,00000004
284.134053,9.0,104,0.0,4,4.0,[ 75 245  17   0   0   0   0   0],0.0,4B F5 11 00 00 00 00 00,0x068,00000004
284.134054,9.0,107,0.0,5,5.0,[ 29 114   0  41   0   0   0   0],0.0,1D 72 00 29 00 00 00 00,0x06B,00000004
284.33140000000003,9.0,111,0.0,8,8.0,[141 212 111  68 253 237  79 128],0.0,8D D4 6F 44 FD ED 4F 80,0x06F,00000004
284.33225,9.0,101,0.0,1,1.0,[75  0  0  0  0  0  0  0],0.0,4B 00 00 00 00 00 00 00,0x065,00000004
284.332251,9.0,102,0.0,6,6.0,[ 3 55 55 50 84 45  0  0],0.0,03 37 37 32 54 2D 00 00,0x066,00000004
284.332252,9.0,103,0.0,8,8.0,[139  20 138 144  97  51 109   9],0.0,8B 14 8A 90 61 33 6D 09,0x067,00000004
284.332253,9.0,104,0.0,4,4.0,[ 73 245  17   0   0   0   0   0],0.0,49 F5 11 00 00 00 00 00,0x068,00000004
284.33225400000003,9.0,107,0.0,5,5.0,[249 115 192  50   0   0   0   0],0.0,F9 73 C0 32 00 00 00 00,0x06B,00000004
284.5294,9.0,111,0.0,8,8.0,[137 220  79 196 253   5  48 128],0.0,89 DC 4F C4 FD 05 30 80,0x06F,00000004
284.53000000000003,9.0,101,0.0,1,1.0,[75  0  0  0  0  0  0  0],0.0,4B 00 00 00 00 00 00 00,0x065,00000004
284.530001,9.0,102,0.0,6,6.0,[  3 255  55  50  84  45   0   0],0.0,03 FF 37 32 54 2D 00 00,0x066,00000004
284.530002,9.0,103,0.0,8,8.0,[ 89  20 138 144  95  51 109   9],0.0,59 14 8A 90 5F 33 6D 09,0x067,00000004
284.530003,9.0,104,0.0,4,4.0,[ 73 245  17   0   0   0   0   0],0.0,49 F5 11 00 00 00 00 00,0x068,00000004
284.530004,9.0,107,0.0,5,5.0,[ 95 116   0  55   0   0   0   0],0.0,5F 74 00 37 00 00 00 00,0x06B,00000004
284.7274,9.0,111,0.0,8,8.0,[137 212 111  68 255   5 176 127],0.0,89 D4 6F 44 FF 05 B0 7F,0x06F,00000004
284.728,9.0,101,0.0,1,1.0,[75  0  0  0  0  0  0  0],0.0,4B 00 00 00 00 00 00 00,0x065,00000004
284.728001,9.0,102,0.0,6,6.0,[  3 199  56  50  84  45   0   0],0.0,03 C7 38 32 54 2D 00 00,0x066,00000004
284.728002,9.0,103,0.0,8,8.0,[ 39  20 138 144  93  51 109   9],0.0,27 14 8A 90 5D 33 6D 09,0x067,00000004
284.728003,9.0,104,0.0,4,4.0,[ 71 245  17   0   0   0   0   0],0.0,47 F5 11 00 00 00 00 00,0x068,00000004
284.728004,9.0,107,0.0,5,5.0,[177 116 192  56   0   0   0   0],0.0,B1 74 C0 38 00 00 00 00,0x06B,00000004
284.9254,9.0,111,0.0,8,8.0,[143 212 111 197 254  69  16 128],0.0,8F D4 6F C5 FE 45 10 80,0x06F,00000004
284.926,9.0,101,0.0,1,1.0,[75  0  0  0  0  0  0  0],0.0,4B 00 00 00 00 00 00 00,0x065,00000004
284.926001,9.0,102,0.0,6,6.0,[  3 143  57  50  84  45   0   0],0.0,03 8F 39 32 54 2D 00 00,0x066,00000004
284.926002,9.0,103,0.0,8,8.0,[245  19 138 112  91  51 109   9],0.0,F5 13 8A 70 5B 33 6D 09,0x067,00000004
284.926003,9.0,104,0.0,4,4.0,[ 71 245  17   0   0   0   0   0],0.0,47 F5 11 00 00 00 00 00,0x068,00000004
284.92600400000003,9.0,107,0.0,5,5.0,[155 117  32  60   0   0   0   0],0.0,9B 75 20 3C 00 00 00 00,0x06B,00000004
284.9292,9.0,106,0.0,3,3.0,[207   3   0   0   0   0   0   0],0.0,CF 03 00 00 00 00 00 00,0x06A,00000004
285.1234,9.0,111,0.0,8,8.0,[147 212 207 196   1 254 111 126],0.0,93 D4 CF C4 01 FE 6F 7E,0x06F,00000004
285.12415,9.0,101,0.0,1,1.0,[75  0  0  0  0  0  0  0],0.0,4B 00 00 00 00 00 00 00,0x065,00000004
285.124151,9.0,102,0.0,6,6.0,[ 3 87 58 50 84 45  0  0],0.0,03 57 3A 32 54 2D 00 00,0x066,00000004
285.124152,9.0,103,0.0,8,8.0,[195  19 138 112  89  51 109   9],0.0,C3 13 8A 70 59 33 6D 09,0x067,00000004
285.12415300000004,9.0,104,0.0,4,4.0,[ 71 245  17   0   0   0   0   0],0.0,47 F5 11 00 00 00 00 00,0x068,00000004
285.12415400000003,9.0,107,0.0,5,5.0,[153 115  32  61   0   0   0   0],0.0,99 73 20 3D 00 00 00 00,0x06B,00000004
285.32135,9.0,111,0.0,8,8.0,[137  76 111  68 253 201  79 129],0.0,89 4C 6F 44 FD C9 4F 81,0x06F,00000004
285.32205,9.0,101,0.0,1,1.0,[75  0  0  0  0  0  0  0],0.0,4B 00 00 00 00 00 00 00,0x065,00000004
285.322051,9.0,102,0.0,6,6.0,[ 3 31 59 50 84 45  0  0],0.0,03 1F 3B 32 54 2D 00 00,0x066,00000004
285.322052,9.0,103,0.0,8,8.0,[147  19 138 112  87  51 109   9],0.0,93 13 8A 70 57 33 6D 09,0x067,00000004
285.322053,9.0,104,0.0,4,4.0,[ 69 245  17   0   0   0   0   0],0.0,45 F5 11 00 00 00 00 00,0x068,00000004
285.322054,9.0,107,0.0,5,5.0,[  1 114 128  67   0   0   0   0],0.0,01 72 80 43 00 00 00 00,0x06B,00000004
285.5194,9.0,111,0.0,8,8.0,[135 252 110 196 253 237 143 128],0.0,87 FC 6E C4 FD ED 8F 80,0x06F,00000004
285.52025000000003,9.0,101,0.0,1,1.0,[75  0  0  0  0  0  0  0],0.0,4B 00 00 00 00 00 00 00,0x065,00000004
285.52025100000003,9.0,102,0.0,6,6.0,[  3 231  59  50  84  45   0   0],0.0,03 E7 3B 32 54 2D 00 00,0x066,00000004
285.520252,9.0,103,0.0,8,8.0,[ 99  19 138 144  85  51 109   9],0.0,63 13 8A 90 55 33 6D 09,0x067,00000004
285.520253,9.0,104,0.0,4,4.0,[ 71 245  17   0   0   0   0   0],0.0,47 F5 11 00 00 00 00 00,0x068,00000004
285.520254,9.0,107,0.0,5,5.0,[101 112  96  71   0   0   0   0],0.0,65 70 60 47 00 00 00 00,0x06B,00000004
285.7174,9.0,111,0.0,8,8.0,[135 228 142 196 254  25  48 128],0.0,87 E4 8E C4 FE 19 30 80,0x06F,00000004
285.7187,9.0,101,0.0,1,1.0,[75  0  0  0  0  0  0  0],0.0,4B 00 00 00 00 00 00 00,0x065,00000004
285.718701,9.0,102,0.0,6,6.0,[  3 175  60  50  84  45   0   0],0.0,03 AF 3C 32 54 2D 00 00,0x066,00000004
285.718702,9.0,103,0.0,8,8.0,[ 53  19 138 176  83  51 109   9],0.0,35 13 8A B0 53 33 6D 09,0x067,00000004
285.718703,9.0,104,0.0,4,4.0,[ 73 245  17   0   0   0   0   0],0.0,49 F5 11 00 00 00 00 00,0x068,00000004
285.718704,9.0,107,0.0,5,5.0,[229 110 160  71   0   0   0   0],0.0,E5 6E A0 47 00 00 00 00,0x06B,00000004
285.91540000000003,9.0,111,0.0,8,8.0,[131 228 206  68 254  33  16 128],0.0,83 E4 CE 44 FE 21 10 80,0x06F,00000004
285.91605,9.0,101,0.0,1,1.0,[75  0  0  0  0  0  0  0],0.0,4B 00 00 00 00 00 00 00,0x065,00000004
285.916051,9.0,102,0.0,6,6.0,[  3 119  61  50  84  45   0   0],0.0,03 77 3D 32 54 2D 00 00,0x066,00000004
285.91605200000004,9.0,103,0.0,8,8.0,[  5  19 138  16  82  51 109   9],0.0,05 13 8A 10 52 33 6D 09,0x067,00000004
285.91605300000003,9.0,104,0.0,4,4.0,[ 73 245  17   0   0   0   0   0],0.0,49 F5 11 00 00 00 00 00,0x068,00000004
285.91605400000003,9.0,107,0.0,5,5.0,[151 107  96  74   0   0   0   0],0.0,97 6B 60 4A 00 00 00 00,0x06B,00000004
285.9191,9.0,106,0.0,3,3.0,[235   3   0   0   0   0   0   0],0.0,EB 03 00 00 00 00 00 00,0x06A,00000004
286.1134,9.0,111,0.0,8,8.0,[135 220 238  68 255  41 208 127],0.0,87 DC EE 44 FF 29 D0 7F,0x06F,00000004
286.11405,9.0,101,0.0,1,1.0,[75  0  0  0  0  0  0  0],0.0,4B 00 00 00 00 00 00 00,0x065,00000004
286.114051,9.0,102,0.0,6,6.0,[ 3 63 62 50 84 45  0  0],0.0,03 3F 3E 32 54 2D 00 00,0x066,00000004
286.114052,9.0,103,0.0,8,8.0,[223  18 138 112  80  51 109   9],0.0,DF 12 8A 70 50 33 6D 09,0x067,00000004
286.114053,9.0,104,0.0,4,4.0,[ 71 245  17   0   0   0   0   0],0.0,47 F5 11 00 00 00 00 00,0x068,00000004
286.114054,9.0,107,0.0,5,5.0,[103 100 192  74   0   0   0   0],0.0,67 64 C0 4A 00 00 00 00,0x06B,00000004
286.3114,9.0,111,0.0,8,8.0,[137 220 142 196 254 253 239 127],0.0,89 DC 8E C4 FE FD EF 7F,0x06F,00000004
286.3122,9.0,101,0.0,1,1.0,[75  0  0  0  0  0  0  0],0.0,4B 00 00 00 00 00 00 00,0x065,00000004
286.312201,9.0,102,0.0,6,6.0,[ 3  7 63 50 84 45  0  0],0.0,03 07 3F 32 54 2D 00 00,0x066,00000004
286.312202,9.0,103,0.0,8,8.0,[185  18 138 240  78  51 109   9],0.0,B9 12 8A F0 4E 33 6D 09,0x067,00000004
286.312203,9.0,104,0.0,4,4.0,[ 71 245  17   0   0   0   0   0],0.0,47 F5 11 00 00 00 00 00,0x068,00000004
286.312204,9.0,107,0.0,5,5.0,[43 95 32 74  0  0  0  0],0.0,2B 5F 20 4A 00 00 00 00,0x06B,00000004
286.5094,9.0,111,0.0,8,8.0,[135   4 143 196 253 237  79 128],0.0,87 04 8F C4 FD ED 4F 80,0x06F,00000004
286.51005000000004,9.0,101,0.0,1,1.0,[75  0  0  0  0  0  0  0],0.0,4B 00 00 00 00 00 00 00,0x065,00000004
286.51005100000003,9.0,102,0.0,6,6.0,[  3 207  63  50  84  45   0   0],0.0,03 CF 3F 32 54 2D 00 00,0x066,00000004
286.51005200000003,9.0,103,0.0,8,8.0,[149  18 138 144  77  51 109   9],0.0,95 12 8A 90 4D 33 6D 09,0x067,00000004
286.510053,9.0,104,0.0,4,4.0,[ 73 245  17   0   0   0   0   0],0.0,49 F5 11 00 00 00 00 00,0x068,00000004
286.510054,9.0,107,0.0,5,5.0,[167  88 224  73   0   0   0   0],0.0,A7 58 E0 49 00 00 00 00,0x06B,00000004
286.7074,9.0,111,0.0,8,8.0,[141  60 143  68 255  21 112 127],0.0,8D 3C 8F 44 FF 15 70 7F,0x06F,00000004
286.7083,9.0,101,0.0,1,1.0,[75  0  0  0  0  0  0  0],0.0,4B 00 00 00 00 00 00 00,0x065,00000004
286.708301,9.0,102,0.0,6,6.0,[  3 151  64  50  84  45   0   0],0.0,03 97 40 32 54 2D 00 00,0x066,00000004
286.708302,9.0,103,0.0,8,8.0,[115  18 138  48  76  51 109   9],0.0,73 12 8A 30 4C 33 6D 09,0x067,00000004
286.708303,9.0,104,0.0,4,4.0,[ 75 245  17   0   0   0   0   0],0.0,4B F5 11 00 00 00 00 00,0x068,00000004
286.708304,9.0,107,0.0,5,5.0,[145  84 128  73   0   0   0   0],0.0,91 54 80 49 00 00 00 00,0x06B,00000004
286.9054,9.0,111,0.0,8,8.0,[137 108 175  68   0  18  16 127],0.0,89 6C AF 44 00 12 10 7F,0x06F,00000004
286.90625,9.0,101,0.0,1,1.0,[75  0  0  0  0  0  0  0],0.0,4B 00 00 00 00 00 00 00,0x065,00000004
286.906251,9.0,102,0.0,6,6.0,[ 3 95 65 50 84 45  0  0],0.0,03 5F 41 32 54 2D 00 00,0x066,00000004
286.906252,9.0,103,0.0,8,8.0,[ 85  18 138 208  74  51 109   9],0.0,55 12 8A D0 4A 33 6D 09,0x067,00000004
286.906253,9.0,104,0.0,4,4.0,[ 75 245  17   0   0   0   0   0],0.0,4B F5 11 00 00 00 00 00,0x068,00000004
286.906254,9.0,107,0.0,5,5.0,[ 65  79 128  73   0   0   0   0],0.0,41 4F 80 49 00 00 00 00,0x06B,00000004
286.90860000000004,9.0,106,0.0,3,3.0,[1 4 0 0 0 0 0 0],0.0,01 04 00 00 00 00 00 00,0x06A,00000004
287.1034,9.0,111,0.0,8,8.0,[141 164 143 196 254   1 176 127],0.0,8D A4 8F C4 FE 01 B0 7F,0x06F,00000004
287.10475,9.0,101,0.0,1,1.0,[83  0  0  0  0  0  0  0],0.0,53 00 00 00 00 00 00 00,0x065,00000004
287.104751,9.0,102,0.0,6,6.0,[ 3 39 66 50 84 45  0  0],0.0,03 27 42 32 54 2D 00 00,0x066,00000004
287.104752,9.0,103,0.0,8,8.0,[ 55  18 138 144  73  51 109   9],0.0,37 12 8A 90 49 33 6D 09,0x067,00000004
287.104753,9.0,104,0.0,4,4.0,[ 75 245  17   0   0   0   0   0],0.0,4B F5 11 00 00 00 00 00,0x068,00000004
287.104754,9.0,107,0.0,5,5.0,[153  74 128  73   0   0   0   0],0.0,99 4A 80 49 00 00 00 00,0x06B,00000004
287.3014,9.0,111,0.0,8,8.0,[135 204  47  68 255   1  80 127],0.0,87 CC 2F 44 FF 01 50 7F,0x06F,00000004
287.3022,9.0,101,0.0,1,1.0,[83  0  0  0  0  0  0  0],0.0,53 00 00 00 00 00 00 00,0x065,00000004
287.302201,9.0,102,0.0,6,6.0,[  3 239  66  50  84  45   0   0],0.0,03 EF 42 32 54 2D 00 00,0x066,00000004
287.302202,9.0,103,0.0,8,8.0,[ 25  18 138 112  72  51 109   9],0.0,19 12 8A 70 48 33 6D 09,0x067,00000004
287.302203,9.0,104,0.0,4,4.0,[ 77 245  25   0   0   0   0   0],0.0,4D F5 19 00 00 00 00 00,0x068,00000004
287.302204,9.0,107,0.0,5,5.0,[ 65  72 160  72   0   0   0   0],0.0,41 48 A0 48 00 00 00 00,0x06B,00000004
287.4994,9.0,111,0.0,8,8.0,[139 204  79  68 253 253 239 127],0.0,8B CC 4F 44 FD FD EF 7F,0x06F,00000004
287.5002,9.0,101,0.0,1,1.0,[83  0  0  0  0  0  0  0],0.0,53 00 00 00 00 00 00 00,0x065,00000004
287.500201,9.0,102,0.0,6,6.0,[  3 183  67  50  84  45   0   0],0.0,03 B7 43 32 54 2D 00 00,0x066,00000004
287.500202,9.0,103,0.0,8,8.0,[253  17 138  48  71  51 109   9],0.0,FD 11 8A 30 47 33 6D 09,0x067,00000004
287.500203,9.0,104,0.0,4,4.0,[ 77 245  25   0   0   0   0   0],0.0,4D F5 19 00 00 00 00 00,0x068,00000004
287.500204,9.0,107,0.0,5,5.0,[71 71 64 71  0  0  0  0],0.0,47 47 40 47 00 00 00 00,0x06B,00000004
287.6974,9.0,111,0.0,8,8.0,[139 212 111 196 253 237 239 127],0.0,8B D4 6F C4 FD ED EF 7F,0x06F,00000004
287.6984,9.0,101,0.0,1,1.0,[83  0  0  0  0  0  0  0],0.0,53 00 00 00 00 00 00 00,0x065,00000004
287.698401,9.0,102,0.0,6,6.0,[  3 127  68  50  84  45   0   0],0.0,03 7F 44 32 54 2D 00 00,0x066,00000004
287.698402,9.0,103,0.0,8,8.0,[223  17 138 240  69  51 109   9],0.0,DF 11 8A F0 45 33 6D 09,0x067,00000004
287.698403,9.0,104,0.0,4,4.0,[ 73 245  25   0   0   0   0   0],0.0,49 F5 19 00 00 00 00 00,0x068,00000004
287.698404,9.0,107,0.0,5,5.0,[27 70 96 70  0  0  0  0],0.0,1B 46 60 46 00 00 00 00,0x06B,00000004
287.8954,9.0,111,0.0,8,8.0,[141 212  47  68 255  13  48 127],0.0,8D D4 2F 44 FF 0D 30 7F,0x06F,00000004
287.8963,9.0,101,0.0,1,1.0,[83  0  0  0  0  0  0  0],0.0,53 00 00 00 00 00 00 00,0x065,00000004
287.896301,9.0,102,0.0,6,6.0,[ 3 71 69 50 84 45  0  0],0.0,03 47 45 32 54 2D 00 00,0x066,00000004
287.896302,9.0,103,0.0,8,8.0,[195  17 138 176  68  51 109   9],0.0,C3 11 8A B0 44 33 6D 09,0x067,00000004
287.896303,9.0,104,0.0,4,4.0,[ 75 245  25   0   0   0   0   0],0.0,4B F5 19 00 00 00 00 00,0x068,00000004
287.896304,9.0,107,0.0,5,5.0,[195  69  96  69   0   0   0   0],0.0,C3 45 60 45 00 00 00 00,0x06B,00000004
287.8986,9.0,106,0.0,3,3.0,[19  4  0  0  0  0  0  0],0.0,13 04 00 00 00 00 00 00,0x06A,00000004
288.09340000000003,9.0,111,0.0,8,8.0,[135 236  47 196 254  17  80 127],0.0,87 EC 2F C4 FE 11 50 7F,0x06F,00000004
288.09430000000003,9.0,101,0.0,1,1.0,[83  0  0  0  0  0  0  0],0.0,53 00 00 00 00 00 00 00,0x065,00000004
288.09430100000003,9.0,102,0.0,6,6.0,[ 3 15 70 50 84 45  0  0],0.0,03 0F 46 32 54 2D 00 00,0x066,00000004
288.094302,9.0,103,0.0,8,8.0,[165  17 138 112  67  51 109   9],0.0,A5 11 8A 70 43 33 6D 09,0x067,00000004
288.094303,9.0,104,0.0,4,4.0,[ 77 245  25   0   0   0   0   0],0.0,4D F5 19 00 00 00 00 00,0x068,00000004
288.094304,9.0,107,0.0,5,5.0,[155  69 128  70   0   0   0   0],0.0,9B 45 80 46 00 00 00 00,0x06B,00000004
288.29145,9.0,111,0.0,8,8.0,[139 244 239 195 253 205 111 128],0.0,8B F4 EF C3 FD CD 6F 80,0x06F,00000004
288.2921,9.0,101,0.0,1,1.0,[83  0  0  0  0  0  0  0],0.0,53 00 00 00 00 00 00 00,0x065,00000004
288.292101,9.0,102,0.0,6,6.0,[  3 215  70  50  84  45   0   0],0.0,03 D7 46 32 54 2D 00 00,0x066,00000004
288.292102,9.0,103,0.0,8,8.0,[135  17 138  80  66  51 109   9],0.0,87 11 8A 50 42 33 6D 09,0x067,00000004
288.292103,9.0,104,0.0,4,4.0,[ 79 245  25   0   0   0   0   0],0.0,4F F5 19 00 00 00 00 00,0x068,00000004
288.292104,9.0,107,0.0,5,5.0,[105  69   0  71   0   0   0   0],0.0,69 45 00 47 00 00 00 00,0x06B,00000004
288.48945000000003,9.0,111,0.0,8,8.0,[141 244  79 196 252 249 207 128],0.0,8D F4 4F C4 FC F9 CF 80,0x06F,00000004
288.4902,9.0,101,0.0,1,1.0,[91  0  0  0  0  0  0  0],0.0,5B 00 00 00 00 00 00 00,0x065,00000004
288.490201,9.0,102,0.0,6,6.0,[  3 159  71  50  84  45   0   0],0.0,03 9F 47 32 54 2D 00 00,0x066,00000004
288.490202,9.0,103,0.0,8,8.0,[107  17 138  16  65  51 109   9],0.0,6B 11 8A 10 41 33 6D 09,0x067,00000004
288.490203,9.0,104,0.0,4,4.0,[ 79 245  25   0   0   0   0   0],0.0,4F F5 19 00 00 00 00 00,0x068,00000004
288.490204,9.0,107,0.0,5,5.0,[29 69 32 70  0  0  0  0],0.0,1D 45 20 46 00 00 00 00,0x06B,00000004
288.68745,9.0,111,0.0,8,8.0,[139 228  79 196   0  10  80 127],0.0,8B E4 4F C4 00 0A 50 7F,0x06F,00000004
288.6882,9.0,101,0.0,1,1.0,[91  0  0  0  0  0  0  0],0.0,5B 00 00 00 00 00 00 00,0x065,00000004
288.688201,9.0,102,0.0,6,6.0,[  3 103  72  50  84  45   0   0],0.0,03 67 48 32 54 2D 00 00,0x066,00000004
288.688202,9.0,103,0.0,8,8.0,[ 77  17 138 208  63  51 109   9],0.0,4D 11 8A D0 3F 33 6D 09,0x067,00000004
288.688203,9.0,104,0.0,4,4.0,[ 77 245  25   0   0   0   0   0],0.0,4D F5 19 00 00 00 00 00,0x068,00000004
288.688204,9.0,107,0.0,5,5.0,[ 41  69 128  68   0   0   0   0],0.0,29 45 80 44 00 00 00 00,0x06B,00000004
288.88545,9.0,111,0.0,8,8.0,[137 236 239  67   1 214  79 127],0.0,89 EC EF 43 01 D6 4F 7F,0x06F,00000004
288.88710000000003,9.0,101,0.0,1,1.0,[91  0  0  0  0  0  0  0],0.0,5B 00 00 00 00 00 00 00,0x065,00000004
288.88710100000003,9.0,102,0.0,6,6.0,[ 3 47 73 50 84 45  0  0],0.0,03 2F 49 32 54 2D 00 00,0x066,00000004
288.887102,9.0,103,0.0,8,8.0,[ 47  17 138 176  62  51 109   9],0.0,2F 11 8A B0 3E 33 6D 09,0x067,00000004
288.887103,9.0,104,0.0,4,4.0,[ 77 245  25   0   0   0   0   0],0.0,4D F5 19 00 00 00 00 00,0x068,00000004
288.887104,9.0,107,0.0,5,5.0,[195  68  96  69   0   0   0   0],0.0,C3 44 60 45 00 00 00 00,0x06B,00000004
288.8895,9.0,106,0.0,3,3.0,[37  4  0  0  0  0  0  0],0.0,25 04 00 00 00 00 00 00,0x06A,00000004
289.08345,9.0,111,0.0,8,8.0,[139 244  47 196 254  29  48 128],0.0,8B F4 2F C4 FE 1D 30 80,0x06F,00000004
289.0843,9.0,101,0.0,1,1.0,[83  0  0  0  0  0  0  0],0.0,53 00 00 00 00 00 00 00,0x065,00000004
289.084301,9.0,102,0.0,6,6.0,[  3 247  73  50  84  45   0   0],0.0,03 F7 49 32 54 2D 00 00,0x066,00000004
289.084302,9.0,103,0.0,8,8.0,[ 19  17 138 112  61  51 109   9],0.0,13 11 8A 70 3D 33 6D 09,0x067,00000004
289.08430300000003,9.0,104,0.0,4,4.0,[ 77 245  25   0   0   0   0   0],0.0,4D F5 19 00 00 00 00 00,0x068,00000004
289.08430400000003,9.0,107,0.0,5,5.0,[  1  68 224  69   0   0   0   0],0.0,01 44 E0 45 00 00 00 00,0x06B,00000004
289.28145,9.0,111,0.0,8,8.0,[139   4 208 195 253   5  16 129],0.0,8B 04 D0 C3 FD 05 10 81,0x06F,00000004
289.2823,9.0,101,0.0,1,1.0,[83  0  0  0  0  0  0  0],0.0,53 00 00 00 00 00 00 00,0x065,00000004
289.282301,9.0,102,0.0,6,6.0,[  3 191  74  50  84  45   0   0],0.0,03 BF 4A 32 54 2D 00 00,0x066,00000004
289.282302,9.0,103,0.0,8,8.0,[247  16 138  48  60  51 109   9],0.0,F7 10 8A 30 3C 33 6D 09,0x067,00000004
289.282303,9.0,104,0.0,4,4.0,[ 77 245  25   0   0   0   0   0],0.0,4D F5 19 00 00 00 00 00,0x068,00000004
289.282304,9.0,107,0.0,5,5.0,[159  68  32  69   0   0   0   0],0.0,9F 44 20 45 00 00 00 00,0x06B,00000004
289.4794,9.0,111,0.0,8,8.0,[141 244 111 196 254  29  16 128],0.0,8D F4 6F C4 FE 1D 10 80,0x06F,00000004
289.4803,9.0,101,0.0,1,1.0,[83  0  0  0  0  0  0  0],0.0,53 00 00 00 00 00 00 00,0x065,00000004
289.480301,9.0,102,0.0,6,6.0,[  3 135  75  50  84  45   0   0],0.0,03 87 4B 32 54 2D 00 00,0x066,00000004
289.480302,9.0,103,0.0,8,8.0,[215  16 138 240  58  51 109   9],0.0,D7 10 8A F0 3A 33 6D 09,0x067,00000004
289.480303,9.0,104,0.0,4,4.0,[ 79 245  25   0   0   0   0   0],0.0,4F F5 19 00 00 00 00 00,0x068,00000004
289.480304,9.0,107,0.0,5,5.0,[239  69 192  71   0   0   0   0],0.0,EF 45 C0 47 00 00 00 00,0x06B,00000004
289.67745,9.0,111,0.0,8,8.0,[139 236 207 196 255 229 143 127],0.0,8B EC CF C4 FF E5 8F 7F,0x06F,00000004
289.6782,9.0,101,0.0,1,1.0,[83  0  0  0  0  0  0  0],0.0,53 00 00 00 00 00 00 00,0x065,00000004
289.678201,9.0,102,0.0,6,6.0,[ 3 79 76 50 84 45  0  0],0.0,03 4F 4C 32 54 2D 00 00,0x066,00000004
289.678202,9.0,103,0.0,8,8.0,[185  16 138 176  57  51 109   9],0.0,B9 10 8A B0 39 33 6D 09,0x067,00000004
289.678203,9.0,104,0.0,4,4.0,[ 79 245  25   0   0   0   0   0],0.0,4F F5 19 00 00 00 00 00,0x068,00000004
289.678204,9.0,107,0.0,5,5.0,[231  70 224  74   0   0   0   0],0.0,E7 46 E0 4A 00 00 00 00,0x06B,00000004
289.87545,9.0,111,0.0,8,8.0,[133 244  15  68 254 253 111 128],0.0,85 F4 0F 44 FE FD 6F 80,0x06F,00000004
289.8762,9.0,101,0.0,1,1.0,[83  0  0  0  0  0  0  0],0.0,53 00 00 00 00 00 00 00,0x065,00000004
289.876201,9.0,102,0.0,6,6.0,[ 3 23 77 50 84 45  0  0],0.0,03 17 4D 32 54 2D 00 00,0x066,00000004
289.87620200000003,9.0,103,0.0,8,8.0,[153  16 138 112  56  51 109   9],0.0,99 10 8A 70 38 33 6D 09,0x067,00000004
289.87620300000003,9.0,104,0.0,4,4.0,[ 77 245  25   0   0   0   0   0],0.0,4D F5 19 00 00 00 00 00,0x068,00000004
289.87620400000003,9.0,107,0.0,5,5.0,[ 19  72 160  74   0   0   0   0],0.0,13 48 A0 4A 00 00 00 00,0x06B,00000004
289.8793,9.0,106,0.0,3,3.0,[55  4  0  0  0  0  0  0],0.0,37 04 00 00 00 00 00 00,0x06A,00000004
290.07345,9.0,111,0.0,8,8.0,[143 228  79 196 254 249  47 128],0.0,8F E4 4F C4 FE F9 2F 80,0x06F,00000004
290.07445,9.0,101,0.0,1,1.0,[91  0  0  0  0  0  0  0],0.0,5B 00 00 00 00 00 00 00,0x065,00000004
290.074451,9.0,102,0.0,6,6.0,[  3 223  77  50  84  45   0   0],0.0,03 DF 4D 32 54 2D 00 00,0x066,00000004
290.074452,9.0,103,0.0,8,8.0,[123  16 138  48  55  51 109   9],0.0,7B 10 8A 30 37 33 6D 09,0x067,00000004
290.074453,9.0,104,0.0,4,4.0,[ 77 245  25   0   0   0   0   0],0.0,4D F5 19 00 00 00 00 00,0x068,00000004
290.074454,9.0,107,0.0,5,5.0,[131  72 160  73   0   0   0   0],0.0,83 48 A0 49 00 00 00 00,0x06B,00000004
290.27145,9.0,111,0.0,8,8.0,[141 252 111 196   1 230  47 127],0.0,8D FC 6F C4 01 E6 2F 7F,0x06F,00000004
290.27315,9.0,101,0.0,1,1.0,[83  0  0  0  0  0  0  0],0.0,53 00 00 00 00 00 00 00,0x065,00000004
290.273151,9.0,102,0.0,6,6.0,[  3 167  78  50  84  45   0   0],0.0,03 A7 4E 32 54 2D 00 00,0x066,00000004
290.273152,9.0,103,0.0,8,8.0,[ 91  16 138 240  53  51 109   9],0.0,5B 10 8A F0 35 33 6D 09,0x067,00000004
290.273153,9.0,104,0.0,4,4.0,[ 77 245  25   0   0   0   0   0],0.0,4D F5 19 00 00 00 00 00,0x068,00000004
290.27315400000003,9.0,107,0.0,5,5.0,[173  72 192  74   0   0   0   0],0.0,AD 48 C0 4A 00 00 00 00,0x06B,00000004
290.46945,9.0,111,0.0,8,8.0,[137   4 240 195   1 230 175 127],0.0,89 04 F0 C3 01 E6 AF 7F,0x06F,00000004
290.47035,9.0,101,0.0,1,1.0,[83  0  0  0  0  0  0  0],0.0,53 00 00 00 00 00 00 00,0x065,00000004
290.470351,9.0,102,0.0,6,6.0,[  3 111  79  50  84  45   0   0],0.0,03 6F 4F 32 54 2D 00 00,0x066,00000004
290.470352,9.0,103,0.0,8,8.0,[ 61  16 138 176  52  51 109   9],0.0,3D 10 8A B0 34 33 6D 09,0x067,00000004
290.470353,9.0,104,0.0,4,4.0,[ 77 245  25   0   0   0   0   0],0.0,4D F5 19 00 00 00 00 00,0x068,00000004
290.470354,9.0,107,0.0,5,5.0,[225  72  96  64   0   0   0   0],0.0,E1 48 60 40 00 00 00 00,0x06B,00000004
290.66745000000003,9.0,111,0.0,8,8.0,[143 236 175 196 254   5 176 128],0.0,8F EC AF C4 FE 05 B0 80,0x06F,00000004
290.66845,9.0,101,0.0,1,1.0,[83  0  0  0  0  0  0  0],0.0,53 00 00 00 00 00 00 00,0x065,00000004
290.668451,9.0,102,0.0,6,6.0,[ 3 55 80 50 84 45  0  0],0.0,03 37 50 32 54 2D 00 00,0x066,00000004
290.668452,9.0,103,0.0,8,8.0,[ 27  16 138 112  51  51 109   9],0.0,1B 10 8A 70 33 33 6D 09,0x067,00000004
290.668453,9.0,104,0.0,4,4.0,[ 79 245  25   0   0   0   0   0],0.0,4F F5 19 00 00 00 00 00,0x068,00000004
290.668454,9.0,107,0.0,5,5.0,[19 74 32 62  0  0  0  0],0.0,13 4A 20 3E 00 00 00 00,0x06B,00000004
290.86545,9.0,111,0.0,8,8.0,[143 228  79 196   0 250 175 127],0.0,8F E4 4F C4 00 FA AF 7F,0x06F,00000004
290.86645,9.0,101,0.0,1,1.0,[83  0  0  0  0  0  0  0],0.0,53 00 00 00 00 00 00 00,0x065,00000004
290.866451,9.0,102,0.0,6,6.0,[  3 255  80  50  84  45   0   0],0.0,03 FF 50 32 54 2D 00 00,0x066,00000004
290.866452,9.0,103,0.0,8,8.0,[251  15 138  48  50  51 109   9],0.0,FB 0F 8A 30 32 33 6D 09,0x067,00000004
290.86645300000004,9.0,104,0.0,4,4.0,[ 77 245  25   0   0   0   0   0],0.0,4D F5 19 00 00 00 00 00,0x068,00000004
290.86645400000003,9.0,107,0.0,5,5.0,[151  74   0  66   0   0   0   0],0.0,97 4A 00 42 00 00 00 00,0x06B,00000004
290.8695,9.0,106,0.0,3,3.0,[75  4  0  0  0  0  0  0],0.0,4B 04 00 00 00 00 00 00,0x06A,00000004
291.06345,9.0,111,0.0,8,8.0,[139 220  47  68 254 241 143 128],0.0,8B DC 2F 44 FE F1 8F 80,0x06F,00000004
291.06425,9.0,101,0.0,1,1.0,[83  0  0  0  0  0  0  0],0.0,53 00 00 00 00 00 00 00,0x065,00000004
291.064251,9.0,102,0.0,6,6.0,[  3 199  81  50  84  45   0   0],0.0,03 C7 51 32 54 2D 00 00,0x066,00000004
291.064252,9.0,103,0.0,8,8.0,[217  15 138 240  48  51 109   9],0.0,D9 0F 8A F0 30 33 6D 09,0x067,00000004
291.064253,9.0,104,0.0,4,4.0,[ 79 245  25   0   0   0   0   0],0.0,4F F5 19 00 00 00 00 00,0x068,00000004
291.064254,9.0,107,0.0,5,5.0,[249  74 128  61   0   0   0   0],0.0,F9 4A 80 3D 00 00 00 00,0x06B,00000004
291.26145,9.0,111,0.0,8,8.0,[137 220 111 196 254 245 239 127],0.0,89 DC 6F C4 FE F5 EF 7F,0x06F,00000004
291.26245,9.0,101,0.0,1,1.0,[75  0  0  0  0  0  0  0],0.0,4B 00 00 00 00 00 00 00,0x065,00000004
291.262451,9.0,102,0.0,6,6.0,[  3 143  82  50  84  45   0   0],0.0,03 8F 52 32 54 2D 00 00,0x066,00000004
291.262452,9.0,103,0.0,8,8.0,[185  15 138 176  47  51 109   9],0.0,B9 0F 8A B0 2F 33 6D 09,0x067,00000004
291.262453,9.0,104,0.0,4,4.0,[ 77 245  25   0   0   0   0   0],0.0,4D F5 19 00 00 00 00 00,0x068,00000004
291.262454,9.0,107,0.0,5,5.0,[229  73   0  61   0   0   0   0],0.0,E5 49 00 3D 00 00 00 00,0x06B,00000004
291.45945,9.0,111,0.0,8,8.0,[139 212 143 196 254   5 176 127],0.0,8B D4 8F C4 FE 05 B0 7F,0x06F,00000004
291.46045,9.0,101,0.0,1,1.0,[75  0  0  0  0  0  0  0],0.0,4B 00 00 00 00 00 00 00,0x065,00000004
291.46045100000003,9.0,102,0.0,6,6.0,[ 3 87 83 50 84 45  0  0],0.0,03 57 53 32 54 2D 00 00,0x066,00000004
291.46045200000003,9.0,103,0.0,8,8.0,[153  15 138 112  46  51 109   9],0.0,99 0F 8A 70 2E 33 6D 09,0x067,00000004
291.46045300000003,9.0,104,0.0,4,4.0,[ 77 245  25   0   0   0   0   0],0.0,4D F5 19 00 00 00 00 00,0x068,00000004
291.460454,9.0,107,0.0,5,5.0,[225  74  96  66   0   0   0   0],0.0,E1 4A 60 42 00 00 00 00,0x06B,00000004
291.65745,9.0,111,0.0,8,8.0,[145 212 143  68 253 201 143 128],0.0,91 D4 8F 44 FD C9 8F 80,0x06F,00000004
291.65845,9.0,101,0.0,1,1.0,[83  0  0  0  0  0  0  0],0.0,53 00 00 00 00 00 00 00,0x065,00000004
291.658451,9.0,102,0.0,6,6.0,[ 3 31 84 50 84 45  0  0],0.0,03 1F 54 32 54 2D 00 00,0x066,00000004
291.658452,9.0,103,0.0,8,8.0,[121  15 138  80  45  51 109   9],0.0,79 0F 8A 50 2D 33 6D 09,0x067,00000004
291.658453,9.0,104,0.0,4,4.0,[ 77 245  25   0   0   0   0   0],0.0,4D F5 19 00 00 00 00 00,0x068,00000004
291.658454,9.0,107,0.0,5,5.0,[135  73  32  60   0   0   0   0],0.0,87 49 20 3C 00 00 00 00,0x06B,00000004
291.85545,9.0,111,0.0,8,8.0,[141 204 175  68 255 245 143 127],0.0,8D CC AF 44 FF F5 8F 7F,0x06F,00000004
291.85645,9.0,101,0.0,1,1.0,[91  0  0  0  0  0  0  0],0.0,5B 00 00 00 00 00 00 00,0x065,00000004
291.856451,9.0,102,0.0,6,6.0,[  3 231  84  50  84  45   0   0],0.0,03 E7 54 32 54 2D 00 00,0x066,00000004
291.856452,9.0,103,0.0,8,8.0,[ 89  15 138  16  44  51 109   9],0.0,59 0F 8A 10 2C 33 6D 09,0x067,00000004
291.856453,9.0,104,0.0,4,4.0,[ 79 245  25   0   0   0   0   0],0.0,4F F5 19 00 00 00 00 00,0x068,00000004
291.856454,9.0,107,0.0,5,5.0,[103  73  96  57   0   0   0   0],0.0,67 49 60 39 00 00 00 00,0x06B,00000004
291.8589,9.0,106,0.0,3,3.0,[93  4  0  0  0  0  0  0],0.0,5D 04 00 00 00 00 00 00,0x06A,00000004
292.05345,9.0,111,0.0,8,8.0,[141 188  47 196 255 189 111 127],0.0,8D BC 2F C4 FF BD 6F 7F,0x06F,00000004
292.05445000000003,9.0,101,0.0,1,1.0,[91  0  0  0  0  0  0  0],0.0,5B 00 00 00 00 00 00 00,0x065,00000004
292.05445100000003,9.0,102,0.0,6,6.0,[  3 175  85  50  84  45   0   0],0.0,03 AF 55 32 54 2D 00 00,0x066,00000004
292.054452,9.0,103,0.0,8,8.0,[ 57  15 138 240  42  51 109   9],0.0,39 0F 8A F0 2A 33 6D 09,0x067,00000004
292.054453,9.0,104,0.0,4,4.0,[ 79 245  25   0   0   0   0   0],0.0,4F F5 19 00 00 00 00 00,0x068,00000004
292.054454,9.0,107,0.0,5,5.0,[163  72  64  61   0   0   0   0],0.0,A3 48 40 3D 00 00 00 00,0x06B,00000004
292.25145000000003,9.0,111,0.0,8,8.0,[147 188 111 196 253  45 112 128],0.0,93 BC 6F C4 FD 2D 70 80,0x06F,00000004
292.25225,9.0,101,0.0,1,1.0,[91  0  0  0  0  0  0  0],0.0,5B 00 00 00 00 00 00 00,0x065,00000004
292.252251,9.0,102,0.0,6,6.0,[  3 119  86  50  84  45   0   0],0.0,03 77 56 32 54 2D 00 00,0x066,00000004
292.252252,9.0,103,0.0,8,8.0,[ 27  15 138 176  41  51 109   9],0.0,1B 0F 8A B0 29 33 6D 09,0x067,00000004
292.252253,9.0,104,0.0,4,4.0,[ 77 245  25   0   0   0   0   0],0.0,4D F5 19 00 00 00 00 00,0x068,00000004
292.252254,9.0,107,0.0,5,5.0,[205  71 192  42   0   0   0   0],0.0,CD 47 C0 2A 00 00 00 00,0x06B,00000004
292.4495,9.0,111,0.0,8,8.0,[137 188  15 196 252 209  15 128],0.0,89 BC 0F C4 FC D1 0F 80,0x06F,00000004
292.45045,9.0,101,0.0,1,1.0,[91  0  0  0  0  0  0  0],0.0,5B 00 00 00 00 00 00 00,0x065,00000004
292.450451,9.0,102,0.0,6,6.0,[ 3 63 87 50 84 45  0  0],0.0,03 3F 57 32 54 2D 00 00,0x066,00000004
292.450452,9.0,103,0.0,8,8.0,[251  14 138 112  40  51 109   9],0.0,FB 0E 8A 70 28 33 6D 09,0x067,00000004
292.450453,9.0,104,0.0,4,4.0,[ 77 245  25   0   0   0   0   0],0.0,4D F5 19 00 00 00 00 00,0x068,00000004
292.450454,9.0,107,0.0,5,5.0,[159  71 192  41   0   0   0   0],0.0,9F 47 C0 29 00 00 00 00,0x06B,00000004
292.6475,9.0,111,0.0,8,8.0,[143 156  47  68   0  58  16 127],0.0,8F 9C 2F 44 00 3A 10 7F,0x06F,00000004
292.6485,9.0,101,0.0,1,1.0,[91  0  0  0  0  0  0  0],0.0,5B 00 00 00 00 00 00 00,0x065,00000004
292.648501,9.0,102,0.0,6,6.0,[ 3  7 88 50 84 45  0  0],0.0,03 07 58 32 54 2D 00 00,0x066,00000004
292.648502,9.0,103,0.0,8,8.0,[221  14 138  80  39  51 109   9],0.0,DD 0E 8A 50 27 33 6D 09,0x067,00000004
292.648503,9.0,104,0.0,4,4.0,[ 77 245  25   0   0   0   0   0],0.0,4D F5 19 00 00 00 00 00,0x068,00000004
292.648504,9.0,107,0.0,5,5.0,[245  70   0  55   0   0   0   0],0.0,F5 46 00 37 00 00 00 00,0x06B,00000004
292.8455,9.0,111,0.0,8,8.0,[141 156 239 195 253   9  48 128],0.0,8D 9C EF C3 FD 09 30 80,0x06F,00000004
292.8465,9.0,101,0.0,1,1.0,[91  0  0  0  0  0  0  0],0.0,5B 00 00 00 00 00 00 00,0x065,00000004
292.846501,9.0,102,0.0,6,6.0,[  3 207  88  50  84  45   0   0],0.0,03 CF 58 32 54 2D 00 00,0x066,00000004
292.846502,9.0,103,0.0,8,8.0,[193  14 138  48  38  51 109   9],0.0,C1 0E 8A 30 26 33 6D 09,0x067,00000004
292.846503,9.0,104,0.0,4,4.0,[ 81 245  25   0   0   0   0   0],0.0,51 F5 19 00 00 00 00 00,0x068,00000004
292.846504,9.0,107,0.0,5,5.0,[45 67 32 43  0  0  0  0],0.0,2D 43 20 2B 00 00 00 00,0x06B,00000004
292.8489,9.0,106,0.0,3,3.0,[111   4   0   0   0   0   0   0],0.0,6F 04 00 00 00 00 00 00,0x06A,00000004
293.0435,9.0,111,0.0,8,8.0,[143 156  47  68 254  13  48 128],0.0,8F 9C 2F 44 FE 0D 30 80,0x06F,00000004
293.0446,9.0,101,0.0,1,1.0,[91  0  0  0  0  0  0  0],0.0,5B 00 00 00 00 00 00 00,0x065,00000004
293.044601,9.0,102,0.0,6,6.0,[  3 151  89  50  84  45   0   0],0.0,03 97 59 32 54 2D 00 00,0x066,00000004
293.044602,9.0,103,0.0,8,8.0,[163  14 138 240  36  51 109   9],0.0,A3 0E 8A F0 24 33 6D 09,0x067,00000004
293.044603,9.0,104,0.0,4,4.0,[ 79 245  25   0   0   0   0   0],0.0,4F F5 19 00 00 00 00 00,0x068,00000004
293.044604,9.0,107,0.0,5,5.0,[159  66 128  42   0   0   0   0],0.0,9F 42 80 2A 00 00 00 00,0x06B,00000004
293.24150000000003,9.0,111,0.0,8,8.0,[139 156  15  68 254 253 207 127],0.0,8B 9C 0F 44 FE FD CF 7F,0x06F,00000004
293.2425,9.0,101,0.0,1,1.0,[91  0  0  0  0  0  0  0],0.0,5B 00 00 00 00 00 00 00,0x065,00000004
293.242501,9.0,102,0.0,6,6.0,[ 3 95 90 50 84 45  0  0],0.0,03 5F 5A 32 54 2D 00 00,0x066,00000004
293.242502,9.0,103,0.0,8,8.0,[135  14 138 208  35  51 109   9],0.0,87 0E 8A D0 23 33 6D 09,0x067,00000004
293.242503,9.0,104,0.0,4,4.0,[ 79 245  25   0   0   0   0   0],0.0,4F F5 19 00 00 00 00 00,0x068,00000004
293.242504,9.0,107,0.0,5,5.0,[125  65  64  56   0   0   0   0],0.0,7D 41 40 38 00 00 00 00,0x06B,00000004
293.4395,9.0,111,0.0,8,8.0,[141 148  15  68 254  17 240 127],0.0,8D 94 0F 44 FE 11 F0 7F,0x06F,00000004
293.4413,9.0,101,0.0,1,1.0,[91  0  0  0  0  0  0  0],0.0,5B 00 00 00 00 00 00 00,0x065,00000004
293.441301,9.0,102,0.0,6,6.0,[ 3 39 91 50 84 45  0  0],0.0,03 27 5B 32 54 2D 00 00,0x066,00000004
293.441302,9.0,103,0.0,8,8.0,[109  14 138 208  34  51 109   9],0.0,6D 0E 8A D0 22 33 6D 09,0x067,00000004
293.441303,9.0,104,0.0,4,4.0,[ 77 245  25   0   0   0   0   0],0.0,4D F5 19 00 00 00 00 00,0x068,00000004
293.441304,9.0,107,0.0,5,5.0,[249  62  96  44   0   0   0   0],0.0,F9 3E 60 2C 00 00 00 00,0x06B,00000004
293.63745,9.0,111,0.0,8,8.0,[139 148  15  68 255 237 111 127],0.0,8B 94 0F 44 FF ED 6F 7F,0x06F,00000004
293.83575,9.0,101,0.0,1,1.0,[91  0  0  0  0  0  0  0],0.0,5B 00 00 00 00 00 00 00,0x065,00000004
293.835751,9.0,102,0.0,6,6.0,[  3 239  91  50  84  45   0   0],0.0,03 EF 5B 32 54 2D 00 00,0x066,00000004
293.835752,9.0,103,0.0,8,8.0,[ 81  14 138 176  33  51 109   9],0.0,51 0E 8A B0 21 33 6D 09,0x067,00000004
293.835753,9.0,104,0.0,4,4.0,[ 75 245  25   0   0   0   0   0],0.0,4B F5 19 00 00 00 00 00,0x068,00000004
293.835754,9.0,107,0.0,5,5.0,[119  62  32  43   0   0   0   0],0.0,77 3E 20 2B 00 00 00 00,0x06B,00000004
293.83905,9.0,111,0.0,8,8.0,[137 140  79  68 254 253 207 127],0.0,89 8C 4F 44 FE FD CF 7F,0x06F,00000004
294.03375,9.0,101,0.0,1,1.0,[91  0  0  0  0  0  0  0],0.0,5B 00 00 00 00 00 00 00,0x065,00000004
294.033751,9.0,102,0.0,6,6.0,[  3 183  92  50  84  45   0   0],0.0,03 B7 5C 32 54 2D 00 00,0x066,00000004
294.033752,9.0,103,0.0,8,8.0,[ 55  14 138 176  32  51 109   9],0.0,37 0E 8A B0 20 33 6D 09,0x067,00000004
294.033753,9.0,104,0.0,4,4.0,[ 75 245  25   0   0   0   0   0],0.0,4B F5 19 00 00 00 00 00,0x068,00000004
294.033754,9.0,107,0.0,5,5.0,[89 61 96 56  0  0  0  0],0.0,59 3D 60 38 00 00 00 00,0x06B,00000004
294.03625,9.0,106,0.0,3,3.0,[127   4   0   0   0   0   0   0],0.0,7F 04 00 00 00 00 00 00,0x06A,00000004
294.0366,9.0,111,0.0,8,8.0,[139 124  47  68 253 249 143 128],0.0,8B 7C 2F 44 FD F9 8F 80,0x06F,00000004
294.23175000000003,9.0,101,0.0,1,1.0,[91  0  0  0  0  0  0  0],0.0,5B 00 00 00 00 00 00 00,0x065,00000004
294.23175100000003,9.0,102,0.0,6,6.0,[  3 127  93  50  84  45   0   0],0.0,03 7F 5D 32 54 2D 00 00,0x066,00000004
294.23175200000003,9.0,103,0.0,8,8.0,[ 29  14 138 176  31  51 109   9],0.0,1D 0E 8A B0 1F 33 6D 09,0x067,00000004
294.231753,9.0,104,0.0,4,4.0,[ 73 245  25   0   0   0   0   0],0.0,49 F5 19 00 00 00 00 00,0x068,00000004
294.231754,9.0,107,0.0,5,5.0,[91 58 64 45  0  0  0  0],0.0,5B 3A 40 2D 00 00 00 00,0x06B,00000004
294.23515000000003,9.0,111,0.0,8,8.0,[137 116 239 195 254 241 207 127],0.0,89 74 EF C3 FE F1 CF 7F,0x06F,00000004
294.42975,9.0,101,0.0,1,1.0,[91  0  0  0  0  0  0  0],0.0,5B 00 00 00 00 00 00 00,0x065,00000004
294.429751,9.0,102,0.0,6,6.0,[ 3 71 94 50 84 45  0  0],0.0,03 47 5E 32 54 2D 00 00,0x066,00000004
294.429752,9.0,103,0.0,8,8.0,[  7  14 138 208  30  51 109   9],0.0,07 0E 8A D0 1E 33 6D 09,0x067,00000004
294.429753,9.0,104,0.0,4,4.0,[ 73 245  25   0   0   0   0   0],0.0,49 F5 19 00 00 00 00 00,0x068,00000004
294.429754,9.0,107,0.0,5,5.0,[187  55 128  43   0   0   0   0],0.0,BB 37 80 2B 00 00 00 00,0x06B,00000004
294.43245,9.0,111,0.0,8,8.0,[133 100 239 195 254 213 143 128],0.0,85 64 EF C3 FE D5 8F 80,0x06F,00000004
294.62775,9.0,101,0.0,1,1.0,[83  0  0  0  0  0  0  0],0.0,53 00 00 00 00 00 00 00,0x065,00000004
294.627751,9.0,102,0.0,6,6.0,[ 3 15 95 50 84 45  0  0],0.0,03 0F 5F 32 54 2D 00 00,0x066,00000004
294.627752,9.0,103,0.0,8,8.0,[239  13 138 240  29  51 109   9],0.0,EF 0D 8A F0 1D 33 6D 09,0x067,00000004
294.627753,9.0,104,0.0,4,4.0,[ 73 245  25   0   0   0   0   0],0.0,49 F5 19 00 00 00 00 00,0x068,00000004
294.627754,9.0,107,0.0,5,5.0,[143  54 160  56   0   0   0   0],0.0,8F 36 A0 38 00 00 00 00,0x06B,00000004
294.63115,9.0,111,0.0,8,8.0,[131 100 111 196   1  54 112 127],0.0,83 64 6F C4 01 36 70 7F,0x06F,00000004
294.82575,9.0,101,0.0,1,1.0,[83  0  0  0  0  0  0  0],0.0,53 00 00 00 00 00 00 00,0x065,00000004
294.825751,9.0,102,0.0,6,6.0,[  3 215  95  50  84  45   0   0],0.0,03 D7 5F 32 54 2D 00 00,0x066,00000004
294.825752,9.0,103,0.0,8,8.0,[219  13 138  16  29  51 109   9],0.0,DB 0D 8A 10 1D 33 6D 09,0x067,00000004
294.825753,9.0,104,0.0,4,4.0,[ 71 245  25   0   0   0   0   0],0.0,47 F5 19 00 00 00 00 00,0x068,00000004
294.825754,9.0,107,0.0,5,5.0,[185  49 192  42   0   0   0   0],0.0,B9 31 C0 2A 00 00 00 00,0x06B,00000004
294.8285,9.0,111,0.0,8,8.0,[131  92 175  67   1   6 240 127],0.0,83 5C AF 43 01 06 F0 7F,0x06F,00000004
295.02375,9.0,101,0.0,1,1.0,[83  0  0  0  0  0  0  0],0.0,53 00 00 00 00 00 00 00,0x065,00000004
295.023751,9.0,102,0.0,6,6.0,[  3 159  96  50  84  45   0   0],0.0,03 9F 60 32 54 2D 00 00,0x066,00000004
295.023752,9.0,103,0.0,8,8.0,[197  13 138  48  28  51 109   9],0.0,C5 0D 8A 30 1C 33 6D 09,0x067,00000004
295.023753,9.0,104,0.0,4,4.0,[ 69 245  25   0   0   0   0   0],0.0,45 F5 19 00 00 00 00 00,0x068,00000004
295.023754,9.0,107,0.0,5,5.0,[133  47 224  40   0   0   0   0],0.0,85 2F E0 28 00 00 00 00,0x06B,00000004
295.0269,9.0,106,0.0,3,3.0,[141   4   0   0   0   0   0   0],0.0,8D 04 00 00 00 00 00 00,0x06A,00000004
295.0273,9.0,111,0.0,8,8.0,[129 100 175 196   4   2 112 128],0.0,81 64 AF C4 04 02 70 80,0x06F,00000004
295.22175,9.0,101,0.0,1,1.0,[91  0  0  0  0  0  0  0],0.0,5B 00 00 00 00 00 00 00,0x065,00000004
295.221751,9.0,102,0.0,6,6.0,[  3 103  97  50  84  45   0   0],0.0,03 67 61 32 54 2D 00 00,0x066,00000004
295.221752,9.0,103,0.0,8,8.0,[179  13 138 112  27  51 109   9],0.0,B3 0D 8A 70 1B 33 6D 09,0x067,00000004
295.22175300000004,9.0,104,0.0,4,4.0,[ 69 245  25   0   0   0   0   0],0.0,45 F5 19 00 00 00 00 00,0x068,00000004
295.22175400000003,9.0,107,0.0,5,5.0,[249  45   0  56   0   0   0   0],0.0,F9 2D 00 38 00 00 00 00,0x06B,00000004
295.22515,9.0,111,0.0,8,8.0,[127 148  79 197  11   2 240 128],0.0,7F 94 4F C5 0B 02 F0 80,0x06F,00000004
295.41975,9.0,101,0.0,1,1.0,[91  0  0  0  0  0  0  0],0.0,5B 00 00 00 00 00 00 00,0x065,00000004
295.419751,9.0,102,0.0,6,6.0,[ 3 47 98 50 84 45  0  0],0.0,03 2F 62 32 54 2D 00 00,0x066,00000004
295.419752,9.0,103,0.0,8,8.0,[159  13 138 176  26  51 109   9],0.0,9F 0D 8A B0 1A 33 6D 09,0x067,00000004
295.419753,9.0,104,0.0,4,4.0,[ 65 245  25   0   0   0   0   0],0.0,41 F5 19 00 00 00 00 00,0x068,00000004
295.419754,9.0,107,0.0,5,5.0,[99 44  0 43  0  0  0  0],0.0,63 2C 00 2B 00 00 00 00,0x06B,00000004
295.4225,9.0,111,0.0,8,8.0,[125 172 175  69  19   6  16 130],0.0,7D AC AF 45 13 06 10 82,0x06F,00000004
295.61775,9.0,101,0.0,1,1.0,[91  0  0  0  0  0  0  0],0.0,5B 00 00 00 00 00 00 00,0x065,00000004
295.617751,9.0,102,0.0,6,6.0,[  3 247  98  50  84  45   0   0],0.0,03 F7 62 32 54 2D 00 00,0x066,00000004
295.617752,9.0,103,0.0,8,8.0,[139  13 138  48  26  51 109   9],0.0,8B 0D 8A 30 1A 33 6D 09,0x067,00000004
295.617753,9.0,104,0.0,4,4.0,[ 65 245  25   0   0   0   0   0],0.0,41 F5 19 00 00 00 00 00,0x068,00000004
295.617754,9.0,107,0.0,5,5.0,[ 99  41 224  42   0   0   0   0],0.0,63 29 E0 2A 00 00 00 00,0x06B,00000004
295.62115,9.0,111,0.0,8,8.0,[125 172  15  70  24 238  47 131],0.0,7D AC 0F 46 18 EE 2F 83,0x06F,00000004
295.81575,9.0,101,0.0,1,1.0,[91  0  0  0  0  0  0  0],0.0,5B 00 00 00 00 00 00 00,0x065,00000004
295.81575100000003,9.0,102,0.0,6,6.0,[  3 191  99  50  84  45   0   0],0.0,03 BF 63 32 54 2D 00 00,0x066,00000004
295.81575200000003,9.0,103,0.0,8,8.0,[119  13 138 208  25  51 109   9],0.0,77 0D 8A D0 19 33 6D 09,0x067,00000004
295.81575300000003,9.0,104,0.0,4,4.0,[ 65 245  25   0   0   0   0   0],0.0,41 F5 19 00 00 00 00 00,0x068,00000004
295.815754,9.0,107,0.0,5,5.0,[149  41  96  44   0   0   0   0],0.0,95 29 60 2C 00 00 00 00,0x06B,00000004
295.81845,9.0,111,0.0,8,8.0,[125 172 239 197  29 242 143 131],0.0,7D AC EF C5 1D F2 8F 83,0x06F,00000004
296.014,9.0,101,0.0,1,1.0,[91  0  0  0  0  0  0  0],0.0,5B 00 00 00 00 00 00 00,0x065,00000004
296.014001,9.0,102,0.0,6,6.0,[  3 135 100  50  84  45   0   0],0.0,03 87 64 32 54 2D 00 00,0x066,00000004
296.014002,9.0,103,0.0,8,8.0,[103  13 138 112  25  51 109   9],0.0,67 0D 8A 70 19 33 6D 09,0x067,00000004
296.014003,9.0,104,0.0,4,4.0,[ 67 245  25   0   0   0   0   0],0.0,43 F5 19 00 00 00 00 00,0x068,00000004
296.014004,9.0,107,0.0,5,5.0,[97 37 32 52  0  0  0  0],0.0,61 25 20 34 00 00 00 00,0x06B,00000004
296.0171,9.0,106,0.0,3,3.0,[153   4   0   0   0   0   0   0],0.0,99 04 00 00 00 00 00 00,0x06A,00000004
296.0172,9.0,111,0.0,8,8.0,[123 156  47 198  33 242 111 132],0.0,7B 9C 2F C6 21 F2 6F 84,0x06F,00000004
296.2118,9.0,101,0.0,1,1.0,[91  0  0  0  0  0  0  0],0.0,5B 00 00 00 00 00 00 00,0x065,00000004
296.211801,9.0,102,0.0,6,6.0,[  3  79 101  50  84  45   0   0],0.0,03 4F 65 32 54 2D 00 00,0x066,00000004
296.21180200000003,9.0,103,0.0,8,8.0,[ 83  13 138 112  25  51 109   9],0.0,53 0D 8A 70 19 33 6D 09,0x067,00000004
296.21180300000003,9.0,104,0.0,4,4.0,[ 67 245  25   0   0   0   0   0],0.0,43 F5 19 00 00 00 00 00,0x068,00000004
296.21180400000003,9.0,107,0.0,5,5.0,[181  39 128  45   0   0   0   0],0.0,B5 27 80 2D 00 00 00 00,0x06B,00000004
296.2144,9.0,111,0.0,8,8.0,[121 164 143  70  41 242  47 133],0.0,79 A4 8F 46 29 F2 2F 85,0x06F,00000004
296.4098,9.0,101,0.0,1,1.0,[91  0  0  0  0  0  0  0],0.0,5B 00 00 00 00 00 00 00,0x065,00000004
296.409801,9.0,102,0.0,6,6.0,[  3  23 102  50  84  45   0   0],0.0,03 17 66 32 54 2D 00 00,0x066,00000004
296.409802,9.0,103,0.0,8,8.0,[ 65  13 138 144  25  51 109   9],0.0,41 0D 8A 90 19 33 6D 09,0x067,00000004
296.409803,9.0,104,0.0,4,4.0,[ 65 245  25   0   0   0   0   0],0.0,41 F5 19 00 00 00 00 00,0x068,00000004
296.409804,9.0,107,0.0,5,5.0,[ 71  37 128  43   0   0   0   0],0.0,47 25 80 2B 00 00 00 00,0x06B,00000004
296.4131,9.0,111,0.0,8,8.0,[119 180  47  70  43 234 111 133],0.0,77 B4 2F 46 2B EA 6F 85,0x06F,00000004
296.6078,9.0,101,0.0,1,1.0,[91  0  0  0  0  0  0  0],0.0,5B 00 00 00 00 00 00 00,0x065,00000004
296.607801,9.0,102,0.0,6,6.0,[  3 223 102  50  84  45   0   0],0.0,03 DF 66 32 54 2D 00 00,0x066,00000004
296.607802,9.0,103,0.0,8,8.0,[ 47  13 138 208  25  51 109   9],0.0,2F 0D 8A D0 19 33 6D 09,0x067,00000004
296.607803,9.0,104,0.0,4,4.0,[ 59 245  25   0   0   0   0   0],0.0,3B F5 19 00 00 00 00 00,0x068,00000004
296.607804,9.0,107,0.0,5,5.0,[181  36 160  44   0   0   0   0],0.0,B5 24 A0 2C 00 00 00 00,0x06B,00000004
296.6104,9.0,111,0.0,8,8.0,[125 172  15  70  44 222  47 133],0.0,7D AC 0F 46 2C DE 2F 85,0x06F,00000004
296.806,9.0,101,0.0,1,1.0,[91  0  0  0  0  0  0  0],0.0,5B 00 00 00 00 00 00 00,0x065,00000004
296.806001,9.0,102,0.0,6,6.0,[  3 167 103  50  84  45   0   0],0.0,03 A7 67 32 54 2D 00 00,0x066,00000004
296.80600200000003,9.0,103,0.0,8,8.0,[ 31  13 138  48  26  51 109   9],0.0,1F 0D 8A 30 1A 33 6D 09,0x067,00000004
296.80600300000003,9.0,104,0.0,4,4.0,[ 59 245  25   0   0   0   0   0],0.0,3B F5 19 00 00 00 00 00,0x068,00000004
296.80600400000003,9.0,107,0.0,5,5.0,[99 35 96 47  0  0  0  0],0.0,63 23 60 2F 00 00 00 00,0x06B,00000004
296.80845,9.0,111,0.0,8,8.0,[125 172 239 197  43 230  79 133],0.0,7D AC EF C5 2B E6 4F 85,0x06F,00000004
297.004,9.0,101,0.0,1,1.0,[91  0  0  0  0  0  0  0],0.0,5B 00 00 00 00 00 00 00,0x065,00000004
297.004001,9.0,102,0.0,6,6.0,[  3 111 104  50  84  45   0   0],0.0,03 6F 68 32 54 2D 00 00,0x066,00000004
297.004002,9.0,103,0.0,8,8.0,[ 17  13 138 176  26  51 109   9],0.0,11 0D 8A B0 1A 33 6D 09,0x067,00000004
297.004003,9.0,104,0.0,4,4.0,[ 59 245  25   0   0   0   0   0],0.0,3B F5 19 00 00 00 00 00,0x068,00000004
297.004004,9.0,107,0.0,5,5.0,[135  32 192  54   0   0   0   0],0.0,87 20 C0 36 00 00 00 00,0x06B,00000004
297.00705,9.0,106,0.0,3,3.0,[161   4   0   0   0   0   0   0],0.0,A1 04 00 00 00 00 00 00,0x06A,00000004
297.0073,9.0,111,0.0,8,8.0,[129 172 239  69  43 218  79 133],0.0,81 AC EF 45 2B DA 4F 85,0x06F,00000004
297.202,9.0,101,0.0,1,1.0,[91  0  0  0  0  0  0  0],0.0,5B 00 00 00 00 00 00 00,0x065,00000004
297.202001,9.0,102,0.0,6,6.0,[  3  55 105  50  84  45   0   0],0.0,03 37 69 32 54 2D 00 00,0x066,00000004
297.202002,9.0,103,0.0,8,8.0,[255  12 138 112  27  51 109   9],0.0,FF 0C 8A 70 1B 33 6D 09,0x067,00000004
297.202003,9.0,104,0.0,4,4.0,[ 59 245  25   0   0   0   0   0],0.0,3B F5 19 00 00 00 00 00,0x068,00000004
297.202004,9.0,107,0.0,5,5.0,[ 23  38 128  53   0   0   0   0],0.0,17 26 80 35 00 00 00 00,0x06B,00000004
297.20445,9.0,111,0.0,8,8.0,[125 180 239  69  42 242  79 133],0.0,7D B4 EF 45 2A F2 4F 85,0x06F,00000004
297.3998,9.0,101,0.0,1,1.0,[83  0  0  0  0  0  0  0],0.0,53 00 00 00 00 00 00 00,0x065,00000004
297.399801,9.0,102,0.0,6,6.0,[  3 255 105  50  84  45   0   0],0.0,03 FF 69 32 54 2D 00 00,0x066,00000004
297.399802,9.0,103,0.0,8,8.0,[245  12 138  16  28  51 109   9],0.0,F5 0C 8A 10 1C 33 6D 09,0x067,00000004
297.399803,9.0,104,0.0,4,4.0,[ 57 245  25   0   0   0   0   0],0.0,39 F5 19 00 00 00 00 00,0x068,00000004
297.399804,9.0,107,0.0,5,5.0,[ 39  32 160  51   0   0   0   0],0.0,27 20 A0 33 00 00 00 00,0x06B,00000004
297.4031,9.0,111,0.0,8,8.0,[129 188  15  70  41 210  15 133],0.0,81 BC 0F 46 29 D2 0F 85,0x06F,00000004
297.5978,9.0,101,0.0,1,1.0,[83  0  0  0  0  0  0  0],0.0,53 00 00 00 00 00 00 00,0x065,00000004
297.597801,9.0,102,0.0,6,6.0,[  3 199 106  50  84  45   0   0],0.0,03 C7 6A 32 54 2D 00 00,0x066,00000004
297.597802,9.0,103,0.0,8,8.0,[233  12 138 176  28  51 109   9],0.0,E9 0C 8A B0 1C 33 6D 09,0x067,00000004
297.597803,9.0,104,0.0,4,4.0,[ 59 245  25   0   0   0   0   0],0.0,3B F5 19 00 00 00 00 00,0x068,00000004
297.597804,9.0,107,0.0,5,5.0,[41 30 96 60  0  0  0  0],0.0,29 1E 60 3C 00 00 00 00,0x06B,00000004
297.60045,9.0,111,0.0,8,8.0,[173 180 143 198  43 246 111 132],0.0,AD B4 8F C6 2B F6 6F 84,0x06F,00000004
297.796,9.0,101,0.0,1,1.0,[91  0  0  0  0  0  0  0],0.0,5B 00 00 00 00 00 00 00,0x065,00000004
297.796001,9.0,102,0.0,6,6.0,[  3 143 107  50  84  45   0   0],0.0,03 8F 6B 32 54 2D 00 00,0x066,00000004
297.796002,9.0,103,0.0,8,8.0,[221  12 138 112  29  51 109   9],0.0,DD 0C 8A 70 1D 33 6D 09,0x067,00000004
297.796003,9.0,104,0.0,4,4.0,[ 59 245  25   0   0   0   0   0],0.0,3B F5 19 00 00 00 00 00,0x068,00000004
297.796004,9.0,107,0.0,5,5.0,[153  31   0  63   0   0   0   0],0.0,99 1F 00 3F 00 00 00 00,0x06B,00000004
297.7991,9.0,111,0.0,8,8.0,[123 212 175 197  39  46 208 131],0.0,7B D4 AF C5 27 2E D0 83,0x06F,00000004
297.994,9.0,101,0.0,1,1.0,[91  0  0  0  0  0  0  0],0.0,5B 00 00 00 00 00 00 00,0x065,00000004
297.994001,9.0,102,0.0,6,6.0,[  3  87 108  50  84  45   0   0],0.0,03 57 6C 32 54 2D 00 00,0x066,00000004
297.994002,9.0,103,0.0,8,8.0,[209  12 138  80  30  51 109   9],0.0,D1 0C 8A 50 1E 33 6D 09,0x067,00000004
297.994003,9.0,104,0.0,4,4.0,[ 59 245  25   0   0   0   0   0],0.0,3B F5 19 00 00 00 00 00,0x068,00000004
297.994004,9.0,107,0.0,5,5.0,[147  32  96  72   0   0   0   0],0.0,93 20 60 48 00 00 00 00,0x06B,00000004
297.9964,9.0,106,0.0,3,3.0,[171   4   0   0   0   0   0   0],0.0,AB 04 00 00 00 00 00 00,0x06A,00000004
297.99665,9.0,111,0.0,8,8.0,[117 212 175  69  37 110 207 130],0.0,75 D4 AF 45 25 6E CF 82,0x06F,00000004
298.19205,9.0,101,0.0,1,1.0,[91  0  0  0  0  0  0  0],0.0,5B 00 00 00 00 00 00 00,0x065,00000004
298.192051,9.0,102,0.0,6,6.0,[  3  31 109  50  84  45   0   0],0.0,03 1F 6D 32 54 2D 00 00,0x066,00000004
298.192052,9.0,103,0.0,8,8.0,[197  12 138  80  31  51 109   9],0.0,C5 0C 8A 50 1F 33 6D 09,0x067,00000004
298.192053,9.0,104,0.0,4,4.0,[ 59 245  25   0   0   0   0   0],0.0,3B F5 19 00 00 00 00 00,0x068,00000004
298.192054,9.0,107,0.0,5,5.0,[187  32 160  66   0   0   0   0],0.0,BB 20 A0 42 00 00 00 00,0x06B,00000004
298.1945,9.0,111,0.0,8,8.0,[185 236 175 197  34 218 143 129],0.0,B9 EC AF C5 22 DA 8F 81,0x06F,00000004
298.39005000000003,9.0,101,0.0,1,1.0,[91  0  0  0  0  0  0  0],0.0,5B 00 00 00 00 00 00 00,0x065,00000004
298.390051,9.0,102,0.0,6,6.0,[  3 231 109  50  84  45   0   0],0.0,03 E7 6D 32 54 2D 00 00,0x066,00000004
298.390052,9.0,103,0.0,8,8.0,[187  12 138  16  32  51 109   9],0.0,BB 0C 8A 10 20 33 6D 09,0x067,00000004
298.390053,9.0,104,0.0,4,4.0,[ 61 245  25   0   0   0   0   0],0.0,3D F5 19 00 00 00 00 00,0x068,00000004
298.390054,9.0,107,0.0,5,5.0,[217  31   0  62   0   0   0   0],0.0,D9 1F 00 3E 00 00 00 00,0x06B,00000004
298.39320000000004,9.0,111,0.0,8,8.0,[ 99 212  79  70  27  54 144 130],0.0,63 D4 4F 46 1B 36 90 82,0x06F,00000004
298.58805,9.0,101,0.0,1,1.0,[83  0  0  0  0  0  0  0],0.0,53 00 00 00 00 00 00 00,0x065,00000004
298.588051,9.0,102,0.0,6,6.0,[  3 175 110  50  84  45   0   0],0.0,03 AF 6E 32 54 2D 00 00,0x066,00000004
298.588052,9.0,103,0.0,8,8.0,[179  12 138  80  33  51 109   9],0.0,B3 0C 8A 50 21 33 6D 09,0x067,00000004
298.588053,9.0,104,0.0,4,4.0,[ 61 245  25   0   0   0   0   0],0.0,3D F5 19 00 00 00 00 00,0x068,00000004
298.588054,9.0,107,0.0,5,5.0,[ 11  33 192  54   0   0   0   0],0.0,0B 21 C0 36 00 00 00 00,0x06B,00000004
298.59045000000003,9.0,111,0.0,8,8.0,[135 212  47 197  20 218 111 132],0.0,87 D4 2F C5 14 DA 6F 84,0x06F,00000004
298.78605,9.0,101,0.0,1,1.0,[83  0  0  0  0  0  0  0],0.0,53 00 00 00 00 00 00 00,0x065,00000004
298.786051,9.0,102,0.0,6,6.0,[  3 119 111  50  84  45   0   0],0.0,03 77 6F 32 54 2D 00 00,0x066,00000004
298.786052,9.0,103,0.0,8,8.0,[169  12 138  80  34  51 109   9],0.0,A9 0C 8A 50 22 33 6D 09,0x067,00000004
298.786053,9.0,104,0.0,4,4.0,[ 63 245  25   0   0   0   0   0],0.0,3F F5 19 00 00 00 00 00,0x068,00000004
298.78605400000004,9.0,107,0.0,5,5.0,[ 55  33 224  58   0   0   0   0],0.0,37 21 E0 3A 00 00 00 00,0x06B,00000004
298.7891,9.0,111,0.0,8,8.0,[135 204 143 196  20 222 207 131],0.0,87 CC 8F C4 14 DE CF 83,0x06F,00000004
298.98405,9.0,101,0.0,1,1.0,[83  0  0  0  0  0  0  0],0.0,53 00 00 00 00 00 00 00,0x065,00000004
298.984051,9.0,102,0.0,6,6.0,[  3  63 112  50  84  45   0   0],0.0,03 3F 70 32 54 2D 00 00,0x066,00000004
298.984052,9.0,103,0.0,8,8.0,[159  12 138 112  35  51 109   9],0.0,9F 0C 8A 70 23 33 6D 09,0x067,00000004
298.984053,9.0,104,0.0,4,4.0,[ 67 245  25   0   0   0   0   0],0.0,43 F5 19 00 00 00 00 00,0x068,00000004
298.984054,9.0,107,0.0,5,5.0,[231  32  96  48   0   0   0   0],0.0,E7 20 60 30 00 00 00 00,0x06B,00000004
298.98645,9.0,106,0.0,3,3.0,[179   4   0   0   0   0   0   0],0.0,B3 04 00 00 00 00 00 00,0x06A,00000004
298.98665,9.0,111,0.0,8,8.0,[133 252  47 196  12 250 207 132],0.0,85 FC 2F C4 0C FA CF 84,0x06F,00000004
299.18205,9.0,101,0.0,1,1.0,[91  0  0  0  0  0  0  0],0.0,5B 00 00 00 00 00 00 00,0x065,00000004
299.182051,9.0,102,0.0,6,6.0,[  3   7 113  50  84  45   0   0],0.0,03 07 71 32 54 2D 00 00,0x066,00000004
299.182052,9.0,103,0.0,8,8.0,[151  12 138 144  36  51 109   9],0.0,97 0C 8A 90 24 33 6D 09,0x067,00000004
299.182053,9.0,104,0.0,4,4.0,[ 67 245  25   0   0   0   0   0],0.0,43 F5 19 00 00 00 00 00,0x068,00000004
299.182054,9.0,107,0.0,5,5.0,[163  32  64  45   0   0   0   0],0.0,A3 20 40 2D 00 00 00 00,0x06B,00000004
299.1852,9.0,111,0.0,8,8.0,[117 196 207 196  20 194  15 130],0.0,75 C4 CF C4 14 C2 0F 82,0x06F,00000004
299.37955,9.0,111,0.0,8,8.0,[143 220 111  68  15 246  15 130],0.0,8F DC 6F 44 0F F6 0F 82,0x06F,00000004
299.3802,9.0,101,0.0,1,1.0,[91  0  0  0  0  0  0  0],0.0,5B 00 00 00 00 00 00 00,0x065,00000004
299.380201,9.0,102,0.0,6,6.0,[  3 207 113  50  84  45   0   0],0.0,03 CF 71 32 54 2D 00 00,0x066,00000004
299.380202,9.0,103,0.0,8,8.0,[143  12 138 144  37  51 109   9],0.0,8F 0C 8A 90 25 33 6D 09,0x067,00000004
299.380203,9.0,104,0.0,4,4.0,[ 67 245  25   0   0   0   0   0],0.0,43 F5 19 00 00 00 00 00,0x068,00000004
299.380204,9.0,107,0.0,5,5.0,[31 32 64 57  0  0  0  0],0.0,1F 20 40 39 00 00 00 00,0x06B,00000004
299.57805,9.0,101,0.0,1,1.0,[91  0  0  0  0  0  0  0],0.0,5B 00 00 00 00 00 00 00,0x065,00000004
299.578051,9.0,102,0.0,6,6.0,[  3 151 114  50  84  45   0   0],0.0,03 97 72 32 54 2D 00 00,0x066,00000004
299.578052,9.0,103,0.0,8,8.0,[135  12 138 176  38  51 109   9],0.0,87 0C 8A B0 26 33 6D 09,0x067,00000004
299.578053,9.0,104,0.0,4,4.0,[ 67 245  25   0   0   0   0   0],0.0,43 F5 19 00 00 00 00 00,0x068,00000004
299.578054,9.0,107,0.0,5,5.0,[219  31 160  57   0   0   0   0],0.0,DB 1F A0 39 00 00 00 00,0x06B,00000004
299.5811,9.0,111,0.0,8,8.0,[137 212 175 196  15 250 143 129],0.0,89 D4 AF C4 0F FA 8F 81,0x06F,00000004
299.77605,9.0,101,0.0,1,1.0,[91  0  0  0  0  0  0  0],0.0,5B 00 00 00 00 00 00 00,0x065,00000004
299.776051,9.0,102,0.0,6,6.0,[  3  95 115  50  84  45   0   0],0.0,03 5F 73 32 54 2D 00 00,0x066,00000004
299.776052,9.0,103,0.0,8,8.0,[127  12 138 208  39  51 109   9],0.0,7F 0C 8A D0 27 33 6D 09,0x067,00000004
299.776053,9.0,104,0.0,4,4.0,[ 69 245  25   0   0   0   0   0],0.0,45 F5 19 00 00 00 00 00,0x068,00000004
299.776054,9.0,107,0.0,5,5.0,[245  30  64  58   0   0   0   0],0.0,F5 1E 40 3A 00 00 00 00,0x06B,00000004
299.77845,9.0,111,0.0,8,8.0,[133 228  79  68  12 250 111 129],0.0,85 E4 4F 44 0C FA 6F 81,0x06F,00000004
299.97355,9.0,111,0.0,8,8.0,[143 220  79 196   7 238 207 128],0.0,8F DC 4F C4 07 EE CF 80,0x06F,00000004
299.9742,9.0,101,0.0,1,1.0,[91  0  0  0  0  0  0  0],0.0,5B 00 00 00 00 00 00 00,0x065,00000004
299.974201,9.0,102,0.0,6,6.0,[  3  39 116  50  84  45   0   0],0.0,03 27 74 32 54 2D 00 00,0x066,00000004
299.974202,9.0,103,0.0,8,8.0,[121  12 138 240  40  51 109   9],0.0,79 0C 8A F0 28 33 6D 09,0x067,00000004
299.974203,9.0,104,0.0,4,4.0,[ 69 245  25   0   0   0   0   0],0.0,45 F5 19 00 00 00 00 00,0x068,00000004
299.974204,9.0,107,0.0,5,5.0,[  5  30 224  48   0   0   0   0],0.0,05 1E E0 30 00 00 00 00,0x06B,00000004
299.9767,9.0,106,0.0,3,3.0,[187   4   0   0   0   0   0   0],0.0,BB 04 00 00 00 00 00 00,0x06A,00000004
300.17205,9.0,101,0.0,1,1.0,[91  0  0  0  0  0  0  0],0.0,5B 00 00 00 00 00 00 00,0x065,00000004
300.172051,9.0,102,0.0,6,6.0,[  3 239 116  50  84  45   0   0],0.0,03 EF 74 32 54 2D 00 00,0x066,00000004
300.172052,9.0,103,0.0,8,8.0,[115  12 138 240  41  51 109   9],0.0,73 0C 8A F0 29 33 6D 09,0x067,00000004
300.172053,9.0,104,0.0,4,4.0,[ 69 245  25   0   0   0   0   0],0.0,45 F5 19 00 00 00 00 00,0x068,00000004
300.172054,9.0,107,0.0,5,5.0,[21 28 32 38  0  0  0  0],0.0,15 1C 20 26 00 00 00 00,0x06B,00000004
300.1752,9.0,111,0.0,8,8.0,[137 212 175  68   2  10 208 128],0.0,89 D4 AF 44 02 0A D0 80,0x06F,00000004
300.37005,9.0,101,0.0,1,1.0,[91  0  0  0  0  0  0  0],0.0,5B 00 00 00 00 00 00 00,0x065,00000004
300.370051,9.0,102,0.0,6,6.0,[  3 183 117  50  84  45   0   0],0.0,03 B7 75 32 54 2D 00 00,0x066,00000004
300.370052,9.0,103,0.0,8,8.0,[109  12 138 240  42  51 109   9],0.0,6D 0C 8A F0 2A 33 6D 09,0x067,00000004
300.370053,9.0,104,0.0,4,4.0,[ 69 245  25   0   0   0   0   0],0.0,45 F5 19 00 00 00 00 00,0x068,00000004
300.370054,9.0,107,0.0,5,5.0,[141  29   0  37   0   0   0   0],0.0,8D 1D 00 25 00 00 00 00,0x06B,00000004
300.37025,9.0,111,0.0,8,8.0,[143 220  47 196   0  30 144 128],0.0,8F DC 2F C4 00 1E 90 80,0x06F,00000004
300.56755,9.0,111,0.0,8,8.0,[143 212  47  68   0   2  80 128],0.0,8F D4 2F 44 00 02 50 80,0x06F,00000004
300.5682,9.0,101,0.0,1,1.0,[91  0  0  0  0  0  0  0],0.0,5B 00 00 00 00 00 00 00,0x065,00000004
300.568201,9.0,102,0.0,6,6.0,[  3 127 118  50  84  45   0   0],0.0,03 7F 76 32 54 2D 00 00,0x066,00000004
300.568202,9.0,103,0.0,8,8.0,[103  12 138  16  44  51 109   9],0.0,67 0C 8A 10 2C 33 6D 09,0x067,00000004
300.568203,9.0,104,0.0,4,4.0,[ 73 245  25   0   0   0   0   0],0.0,49 F5 19 00 00 00 00 00,0x068,00000004
300.568204,9.0,107,0.0,5,5.0,[17 28 32 48  0  0  0  0],0.0,11 1C 20 30 00 00 00 00,0x06B,00000004
300.76605,9.0,101,0.0,1,1.0,[91  0  0  0  0  0  0  0],0.0,5B 00 00 00 00 00 00 00,0x065,00000004
300.766051,9.0,102,0.0,6,6.0,[  3  71 119  50  84  45   0   0],0.0,03 47 77 32 54 2D 00 00,0x066,00000004
300.766052,9.0,103,0.0,8,8.0,[ 97  12 138  48  45  51 109   9],0.0,61 0C 8A 30 2D 33 6D 09,0x067,00000004
300.766053,9.0,104,0.0,4,4.0,[ 73 245  25   0   0   0   0   0],0.0,49 F5 19 00 00 00 00 00,0x068,00000004
300.766054,9.0,107,0.0,5,5.0,[211  28  64  38   0   0   0   0],0.0,D3 1C 40 26 00 00 00 00,0x06B,00000004
300.76845000000003,9.0,111,0.0,8,8.0,[139 220  79 196   0 234  79 128],0.0,8B DC 4F C4 00 EA 4F 80,0x06F,00000004
300.96405,9.0,101,0.0,1,1.0,[91  0  0  0  0  0  0  0],0.0,5B 00 00 00 00 00 00 00,0x065,00000004
300.964051,9.0,102,0.0,6,6.0,[  3  15 120  50  84  45   0   0],0.0,03 0F 78 32 54 2D 00 00,0x066,00000004
300.964052,9.0,103,0.0,8,8.0,[ 91  12 138  48  46  51 109   9],0.0,5B 0C 8A 30 2E 33 6D 09,0x067,00000004
300.96405300000004,9.0,104,0.0,4,4.0,[ 71 245  25   0   0   0   0   0],0.0,47 F5 19 00 00 00 00 00,0x068,00000004
300.96405400000003,9.0,107,0.0,5,5.0,[247  28  32  40   0   0   0   0],0.0,F7 1C 20 28 00 00 00 00,0x06B,00000004
300.96715,9.0,106,0.0,3,3.0,[193   4   0   0   0   0   0   0],0.0,C1 04 00 00 00 00 00 00,0x06A,00000004
300.96735,9.0,111,0.0,8,8.0,[141 212 111  68   0 226  47 128],0.0,8D D4 6F 44 00 E2 2F 80,0x06F,00000004
301.1616,9.0,111,0.0,8,8.0,[137 220 111 196   0 234  79 128],0.0,89 DC 6F C4 00 EA 4F 80,0x06F,00000004
301.1622,9.0,101,0.0,1,1.0,[91  0  0  0  0  0  0  0],0.0,5B 00 00 00 00 00 00 00,0x065,00000004
301.162201,9.0,102,0.0,6,6.0,[  3 215 120  50  84  45   0   0],0.0,03 D7 78 32 54 2D 00 00,0x066,00000004
301.162202,9.0,103,0.0,8,8.0,[ 85  12 138  48  47  51 109   9],0.0,55 0C 8A 30 2F 33 6D 09,0x067,00000004
301.16220300000003,9.0,104,0.0,4,4.0,[ 71 245  25   0   0   0   0   0],0.0,47 F5 19 00 00 00 00 00,0x068,00000004
301.16220400000003,9.0,107,0.0,5,5.0,[221  28 224  53   0   0   0   0],0.0,DD 1C E0 35 00 00 00 00,0x06B,00000004
301.36005,9.0,101,0.0,1,1.0,[91  0  0  0  0  0  0  0],0.0,5B 00 00 00 00 00 00 00,0x065,00000004
301.360051,9.0,102,0.0,6,6.0,[  3 159 121  50  84  45   0   0],0.0,03 9F 79 32 54 2D 00 00,0x066,00000004
301.360052,9.0,103,0.0,8,8.0,[ 79  12 138  80  48  51 109   9],0.0,4F 0C 8A 50 30 33 6D 09,0x067,00000004
301.360053,9.0,104,0.0,4,4.0,[ 71 245  25   0   0   0   0   0],0.0,47 F5 19 00 00 00 00 00,0x068,00000004
301.360054,9.0,107,0.0,5,5.0,[47 29 64 40  0  0  0  0],0.0,2F 1D 40 28 00 00 00 00,0x06B,00000004
301.3625,9.0,111,0.0,8,8.0,[137 212 111 196   0   2  16 128],0.0,89 D4 6F C4 00 02 10 80,0x06F,00000004
301.5576,9.0,111,0.0,8,8.0,[137 204 143  68   0 246  79 128],0.0,89 CC 8F 44 00 F6 4F 80,0x06F,00000004
301.5582,9.0,101,0.0,1,1.0,[91  0  0  0  0  0  0  0],0.0,5B 00 00 00 00 00 00 00,0x065,00000004
301.558201,9.0,102,0.0,6,6.0,[  3 103 122  50  84  45   0   0],0.0,03 67 7A 32 54 2D 00 00,0x066,00000004
301.558202,9.0,103,0.0,8,8.0,[ 73  12 138  80  49  51 109   9],0.0,49 0C 8A 50 31 33 6D 09,0x067,00000004
301.558203,9.0,104,0.0,4,4.0,[ 71 245  25   0   0   0   0   0],0.0,47 F5 19 00 00 00 00 00,0x068,00000004
301.558204,9.0,107,0.0,5,5.0,[133  27 160  41   0   0   0   0],0.0,85 1B A0 29 00 00 00 00,0x06B,00000004
301.7556,9.0,111,0.0,8,8.0,[143 196 143 196   0   6 144 127],0.0,8F C4 8F C4 00 06 90 7F,0x06F,00000004
301.75620000000004,9.0,101,0.0,1,1.0,[91  0  0  0  0  0  0  0],0.0,5B 00 00 00 00 00 00 00,0x065,00000004
301.75620100000003,9.0,102,0.0,6,6.0,[  3  47 123  50  84  45   0   0],0.0,03 2F 7B 32 54 2D 00 00,0x066,00000004
301.75620200000003,9.0,103,0.0,8,8.0,[ 65  12 138  48  50  51 109   9],0.0,41 0C 8A 30 32 33 6D 09,0x067,00000004
301.756203,9.0,104,0.0,4,4.0,[ 69 245  25   0   0   0   0   0],0.0,45 F5 19 00 00 00 00 00,0x068,00000004
301.756204,9.0,107,0.0,5,5.0,[201  26 224  49   0   0   0   0],0.0,C9 1A E0 31 00 00 00 00,0x06B,00000004
301.9536,9.0,111,0.0,8,8.0,[139 212  15 196 254 253 175 127],0.0,8B D4 0F C4 FE FD AF 7F,0x06F,00000004
301.9542,9.0,101,0.0,1,1.0,[91  0  0  0  0  0  0  0],0.0,5B 00 00 00 00 00 00 00,0x065,00000004
301.954201,9.0,102,0.0,6,6.0,[  3 247 123  50  84  45   0   0],0.0,03 F7 7B 32 54 2D 00 00,0x066,00000004
301.954202,9.0,103,0.0,8,8.0,[ 59  12 138  48  51  51 109   9],0.0,3B 0C 8A 30 33 33 6D 09,0x067,00000004
301.954203,9.0,104,0.0,4,4.0,[ 69 245  25   0   0   0   0   0],0.0,45 F5 19 00 00 00 00 00,0x068,00000004
301.954204,9.0,107,0.0,5,5.0,[123  27  64  45   0   0   0   0],0.0,7B 1B 40 2D 00 00 00 00,0x06B,00000004
301.95735,9.0,106,0.0,3,3.0,[201   4   0   0   0   0   0   0],0.0,C9 04 00 00 00 00 00 00,0x06A,00000004
302.15205000000003,9.0,101,0.0,1,1.0,[83  0  0  0  0  0  0  0],0.0,53 00 00 00 00 00 00 00,0x065,00000004
302.15205100000003,9.0,102,0.0,6,6.0,[  3 191 124  50  84  45   0   0],0.0,03 BF 7C 32 54 2D 00 00,0x066,00000004
302.152052,9.0,103,0.0,8,8.0,[ 53  12 138  16  52  51 109   9],0.0,35 0C 8A 10 34 33 6D 09,0x067,00000004
302.152053,9.0,104,0.0,4,4.0,[ 73 245  25   0   0   0   0   0],0.0,49 F5 19 00 00 00 00 00,0x068,00000004
302.152054,9.0,107,0.0,5,5.0,[27 26  0 43  0  0  0  0],0.0,1B 1A 00 2B 00 00 00 00,0x06B,00000004
302.15445,9.0,111,0.0,8,8.0,[135 212  79 196 254 249 175 127],0.0,87 D4 4F C4 FE F9 AF 7F,0x06F,00000004
302.3496,9.0,111,0.0,8,8.0,[141 212  47  68 254 245 175 127],0.0,8D D4 2F 44 FE F5 AF 7F,0x06F,00000004
302.35025,9.0,101,0.0,1,1.0,[83  0  0  0  0  0  0  0],0.0,53 00 00 00 00 00 00 00,0x065,00000004
302.350251,9.0,102,0.0,6,6.0,[  3 135 125  50  84  45   0   0],0.0,03 87 7D 32 54 2D 00 00,0x066,00000004
302.350252,9.0,103,0.0,8,8.0,[ 47  12 138  16  53  51 109   9],0.0,2F 0C 8A 10 35 33 6D 09,0x067,00000004
302.350253,9.0,104,0.0,4,4.0,[ 73 245  25   0   0   0   0   0],0.0,49 F5 19 00 00 00 00 00,0x068,00000004
302.350254,9.0,107,0.0,5,5.0,[133  27 192  42   0   0   0   0],0.0,85 1B C0 2A 00 00 00 00,0x06B,00000004
302.5476,9.0,111,0.0,8,8.0,[141 220  47  68 252 253  79 127],0.0,8D DC 2F 44 FC FD 4F 7F,0x06F,00000004
302.54825,9.0,101,0.0,1,1.0,[83  0  0  0  0  0  0  0],0.0,53 00 00 00 00 00 00 00,0x065,00000004
302.548251,9.0,102,0.0,6,6.0,[  3  79 126  50  84  45   0   0],0.0,03 4F 7E 32 54 2D 00 00,0x066,00000004
302.548252,9.0,103,0.0,8,8.0,[ 41  12 138  16  54  51 109   9],0.0,29 0C 8A 10 36 33 6D 09,0x067,00000004
302.548253,9.0,104,0.0,4,4.0,[ 75 245  25   0   0   0   0   0],0.0,4B F5 19 00 00 00 00 00,0x068,00000004
302.548254,9.0,107,0.0,5,5.0,[ 39  28 160  42   0   0   0   0],0.0,27 1C A0 2A 00 00 00 00,0x06B,00000004
302.7456,9.0,111,0.0,8,8.0,[149 212 175 195 248   9  48 127],0.0,95 D4 AF C3 F8 09 30 7F,0x06F,00000004
302.7469,9.0,101,0.0,1,1.0,[83  0  0  0  0  0  0  0],0.0,53 00 00 00 00 00 00 00,0x065,00000004
302.746901,9.0,102,0.0,6,6.0,[  3  23 127  50  84  45   0   0],0.0,03 17 7F 32 54 2D 00 00,0x066,00000004
302.74690200000003,9.0,103,0.0,8,8.0,[ 33  12 138  16  55  51 109   9],0.0,21 0C 8A 10 37 33 6D 09,0x067,00000004
302.74690300000003,9.0,104,0.0,4,4.0,[ 75 245  25   0   0   0   0   0],0.0,4B F5 19 00 00 00 00 00,0x068,00000004
302.74690400000003,9.0,107,0.0,5,5.0,[ 59  27 160  42   0   0   0   0],0.0,3B 1B A0 2A 00 00 00 00,0x06B,00000004
302.9436,9.0,111,0.0,8,8.0,[137 204 111 196 249  21  16 127],0.0,89 CC 6F C4 F9 15 10 7F,0x06F,00000004
302.94425,9.0,101,0.0,1,1.0,[83  0  0  0  0  0  0  0],0.0,53 00 00 00 00 00 00 00,0x065,00000004
302.944251,9.0,102,0.0,6,6.0,[  3 223 127  50  84  45   0   0],0.0,03 DF 7F 32 54 2D 00 00,0x066,00000004
302.944252,9.0,103,0.0,8,8.0,[ 29  12 138  16  56  51 109   9],0.0,1D 0C 8A 10 38 33 6D 09,0x067,00000004
302.944253,9.0,104,0.0,4,4.0,[ 75 245  25   0   0   0   0   0],0.0,4B F5 19 00 00 00 00 00,0x068,00000004
302.944254,9.0,107,0.0,5,5.0,[139  26  64  42   0   0   0   0],0.0,8B 1A 40 2A 00 00 00 00,0x06B,00000004
302.9474,9.0,106,0.0,3,3.0,[207   4   0   0   0   0   0   0],0.0,CF 04 00 00 00 00 00 00,0x06A,00000004
303.1416,9.0,111,0.0,8,8.0,[137 204 143  68 252 241 111 127],0.0,89 CC 8F 44 FC F1 6F 7F,0x06F,00000004
303.14225,9.0,101,0.0,1,1.0,[83  0  0  0  0  0  0  0],0.0,53 00 00 00 00 00 00 00,0x065,00000004
303.142251,9.0,102,0.0,6,6.0,[  3 167 128  50  84  45   0   0],0.0,03 A7 80 32 54 2D 00 00,0x066,00000004
303.142252,9.0,103,0.0,8,8.0,[ 21  12 138 240  56  51 109   9],0.0,15 0C 8A F0 38 33 6D 09,0x067,00000004
303.142253,9.0,104,0.0,4,4.0,[ 75 245  25   0   0   0   0   0],0.0,4B F5 19 00 00 00 00 00,0x068,00000004
303.142254,9.0,107,0.0,5,5.0,[243  25 160  42   0   0   0   0],0.0,F3 19 A0 2A 00 00 00 00,0x06B,00000004
303.3396,9.0,111,0.0,8,8.0,[135 204 175  68   0  14 208 127],0.0,87 CC AF 44 00 0E D0 7F,0x06F,00000004
303.3404,9.0,101,0.0,1,1.0,[75  0  0  0  0  0  0  0],0.0,4B 00 00 00 00 00 00 00,0x065,00000004
303.340401,9.0,102,0.0,6,6.0,[  3 111 129  50  84  45   0   0],0.0,03 6F 81 32 54 2D 00 00,0x066,00000004
303.340402,9.0,103,0.0,8,8.0,[ 15  12 138 240  57  51 109   9],0.0,0F 0C 8A F0 39 33 6D 09,0x067,00000004
303.340403,9.0,104,0.0,4,4.0,[ 73 245  25   0   0   0   0   0],0.0,49 F5 19 00 00 00 00 00,0x068,00000004
303.34040400000004,9.0,107,0.0,5,5.0,[ 51  26 192  42   0   0   0   0],0.0,33 1A C0 2A 00 00 00 00,0x06B,00000004
303.5376,9.0,111,0.0,8,8.0,[131 204  47  69   4  14  48 128],0.0,83 CC 2F 45 04 0E 30 80,0x06F,00000004
303.53825,9.0,101,0.0,1,1.0,[75  0  0  0  0  0  0  0],0.0,4B 00 00 00 00 00 00 00,0x065,00000004
303.538251,9.0,102,0.0,6,6.0,[  3  55 130  50  84  45   0   0],0.0,03 37 82 32 54 2D 00 00,0x066,00000004
303.538252,9.0,103,0.0,8,8.0,[  9  12 138 208  58  51 109   9],0.0,09 0C 8A D0 3A 33 6D 09,0x067,00000004
303.538253,9.0,104,0.0,4,4.0,[ 73 245  25   0   0   0   0   0],0.0,49 F5 19 00 00 00 00 00,0x068,00000004
303.538254,9.0,107,0.0,5,5.0,[45 26 96 40  0  0  0  0],0.0,2D 1A 60 28 00 00 00 00,0x06B,00000004
303.73560000000003,9.0,111,0.0,8,8.0,[139 212 143 196   7  14 208 128],0.0,8B D4 8F C4 07 0E D0 80,0x06F,00000004
303.73625,9.0,101,0.0,1,1.0,[75  0  0  0  0  0  0  0],0.0,4B 00 00 00 00 00 00 00,0x065,00000004
303.736251,9.0,102,0.0,6,6.0,[  3 255 130  50  84  45   0   0],0.0,03 FF 82 32 54 2D 00 00,0x066,00000004
303.736252,9.0,103,0.0,8,8.0,[  3  12 138 208  59  51 109   9],0.0,03 0C 8A D0 3B 33 6D 09,0x067,00000004
303.73625300000003,9.0,104,0.0,4,4.0,[ 73 245  25   0   0   0   0   0],0.0,49 F5 19 00 00 00 00 00,0x068,00000004
303.73625400000003,9.0,107,0.0,5,5.0,[139  25 128  40   0   0   0   0],0.0,8B 19 80 28 00 00 00 00,0x06B,00000004
303.9336,9.0,111,0.0,8,8.0,[135 196 239 196   9 254  47 129],0.0,87 C4 EF C4 09 FE 2F 81,0x06F,00000004
303.93425,9.0,101,0.0,1,1.0,[83  0  0  0  0  0  0  0],0.0,53 00 00 00 00 00 00 00,0x065,00000004
303.934251,9.0,102,0.0,6,6.0,[  3 199 131  50  84  45   0   0],0.0,03 C7 83 32 54 2D 00 00,0x066,00000004
303.934252,9.0,103,0.0,8,8.0,[249  11 138 176  60  51 109   9],0.0,F9 0B 8A B0 3C 33 6D 09,0x067,00000004
303.934253,9.0,104,0.0,4,4.0,[ 71 245  25   0   0   0   0   0],0.0,47 F5 19 00 00 00 00 00,0x068,00000004
303.934254,9.0,107,0.0,5,5.0,[13 25 96 43  0  0  0  0],0.0,0D 19 60 2B 00 00 00 00,0x06B,00000004
303.93675,9.0,106,0.0,3,3.0,[215   4   0   0   0   0   0   0],0.0,D7 04 00 00 00 00 00 00,0x06A,00000004
304.1316,9.0,111,0.0,8,8.0,[139 204 175 196   9 246 111 129],0.0,8B CC AF C4 09 F6 6F 81,0x06F,00000004
304.13295,9.0,101,0.0,1,1.0,[83  0  0  0  0  0  0  0],0.0,53 00 00 00 00 00 00 00,0x065,00000004
304.132951,9.0,102,0.0,6,6.0,[  3 143 132  50  84  45   0   0],0.0,03 8F 84 32 54 2D 00 00,0x066,00000004
304.132952,9.0,103,0.0,8,8.0,[245  11 138 144  61  51 109   9],0.0,F5 0B 8A 90 3D 33 6D 09,0x067,00000004
304.132953,9.0,104,0.0,4,4.0,[ 73 245  25   0   0   0   0   0],0.0,49 F5 19 00 00 00 00 00,0x068,00000004
304.132954,9.0,107,0.0,5,5.0,[165  23  32  42   0   0   0   0],0.0,A5 17 20 2A 00 00 00 00,0x06B,00000004
304.3296,9.0,111,0.0,8,8.0,[137 220 111 196   9   6  80 129],0.0,89 DC 6F C4 09 06 50 81,0x06F,00000004
304.33025000000004,9.0,101,0.0,1,1.0,[83  0  0  0  0  0  0  0],0.0,53 00 00 00 00 00 00 00,0x065,00000004
304.33025100000003,9.0,102,0.0,6,6.0,[  3  87 133  50  84  45   0   0],0.0,03 57 85 32 54 2D 00 00,0x066,00000004
304.33025200000003,9.0,103,0.0,8,8.0,[239  11 138 112  62  51 109   9],0.0,EF 0B 8A 70 3E 33 6D 09,0x067,00000004
304.330253,9.0,104,0.0,4,4.0,[ 73 245  25   0   0   0   0   0],0.0,49 F5 19 00 00 00 00 00,0x068,00000004
304.330254,9.0,107,0.0,5,5.0,[11 24 64 42  0  0  0  0],0.0,0B 18 40 2A 00 00 00 00,0x06B,00000004
304.5276,9.0,111,0.0,8,8.0,[135 212 175 196   9 230  47 129],0.0,87 D4 AF C4 09 E6 2F 81,0x06F,00000004
304.52840000000003,9.0,101,0.0,1,1.0,[83  0  0  0  0  0  0  0],0.0,53 00 00 00 00 00 00 00,0x065,00000004
304.52840100000003,9.0,102,0.0,6,6.0,[  3  31 134  50  84  45   0   0],0.0,03 1F 86 32 54 2D 00 00,0x066,00000004
304.528402,9.0,103,0.0,8,8.0,[233  11 138  48  63  51 109   9],0.0,E9 0B 8A 30 3F 33 6D 09,0x067,00000004
304.528403,9.0,104,0.0,4,4.0,[ 73 245  25   0   0   0   0   0],0.0,49 F5 19 00 00 00 00 00,0x068,00000004
304.528404,9.0,107,0.0,5,5.0,[97 23 64 48  0  0  0  0],0.0,61 17 40 30 00 00 00 00,0x06B,00000004
304.7256,9.0,111,0.0,8,8.0,[137 220 111  68   9 234 239 128],0.0,89 DC 6F 44 09 EA EF 80,0x06F,00000004
304.72625,9.0,101,0.0,1,1.0,[75  0  0  0  0  0  0  0],0.0,4B 00 00 00 00 00 00 00,0x065,00000004
304.726251,9.0,102,0.0,6,6.0,[  3 231 134  50  84  45   0   0],0.0,03 E7 86 32 54 2D 00 00,0x066,00000004
304.726252,9.0,103,0.0,8,8.0,[227  11 138 240  63  51 109   9],0.0,E3 0B 8A F0 3F 33 6D 09,0x067,00000004
304.726253,9.0,104,0.0,4,4.0,[ 71 245  25   0   0   0   0   0],0.0,47 F5 19 00 00 00 00 00,0x068,00000004
304.726254,9.0,107,0.0,5,5.0,[  9  21 224  52   0   0   0   0],0.0,09 15 E0 34 00 00 00 00,0x06B,00000004
304.9236,9.0,111,0.0,8,8.0,[139 220 143  68   6 238 207 128],0.0,8B DC 8F 44 06 EE CF 80,0x06F,00000004
304.9245,9.0,101,0.0,1,1.0,[75  0  0  0  0  0  0  0],0.0,4B 00 00 00 00 00 00 00,0x065,00000004
304.924501,9.0,102,0.0,6,6.0,[  3 175 135  50  84  45   0   0],0.0,03 AF 87 32 54 2D 00 00,0x066,00000004
304.924502,9.0,103,0.0,8,8.0,[223  11 138 208  64  51 109   9],0.0,DF 0B 8A D0 40 33 6D 09,0x067,00000004
304.924503,9.0,104,0.0,4,4.0,[ 67 245  25   0   0   0   0   0],0.0,43 F5 19 00 00 00 00 00,0x068,00000004
304.924504,9.0,107,0.0,5,5.0,[ 11  22 224  43   0   0   0   0],0.0,0B 16 E0 2B 00 00 00 00,0x06B,00000004
304.9269,9.0,106,0.0,3,3.0,[221   4   0   0   0   0   0   0],0.0,DD 04 00 00 00 00 00 00,0x06A,00000004
305.12165,9.0,111,0.0,8,8.0,[143 212  79  68   4 230 143 128],0.0,8F D4 4F 44 04 E6 8F 80,0x06F,00000004
305.1225,9.0,101,0.0,1,1.0,[75  0  0  0  0  0  0  0],0.0,4B 00 00 00 00 00 00 00,0x065,00000004
305.122501,9.0,102,0.0,6,6.0,[  3 119 136  50  84  45   0   0],0.0,03 77 88 32 54 2D 00 00,0x066,00000004
305.122502,9.0,103,0.0,8,8.0,[215  11 138 144  65  51 109   9],0.0,D7 0B 8A 90 41 33 6D 09,0x067,00000004
305.122503,9.0,104,0.0,4,4.0,[ 63 245  25   0   0   0   0   0],0.0,3F F5 19 00 00 00 00 00,0x068,00000004
305.122504,9.0,107,0.0,5,5.0,[ 93  21 128  44   0   0   0   0],0.0,5D 15 80 2C 00 00 00 00,0x06B,00000004
305.31965,9.0,111,0.0,8,8.0,[139 196 111 196   1 242 111 128],0.0,8B C4 6F C4 01 F2 6F 80,0x06F,00000004
305.32030000000003,9.0,101,0.0,1,1.0,[75  0  0  0  0  0  0  0],0.0,4B 00 00 00 00 00 00 00,0x065,00000004
305.32030100000003,9.0,102,0.0,6,6.0,[  3  63 137  50  84  45   0   0],0.0,03 3F 89 32 54 2D 00 00,0x066,00000004
305.320302,9.0,103,0.0,8,8.0,[205  11 138  80  66  51 109   9],0.0,CD 0B 8A 50 42 33 6D 09,0x067,00000004
305.320303,9.0,104,0.0,4,4.0,[ 57 245  25   0   0   0   0   0],0.0,39 F5 19 00 00 00 00 00,0x068,00000004
305.320304,9.0,107,0.0,5,5.0,[ 3 22 96 46  0  0  0  0],0.0,03 16 60 2E 00 00 00 00,0x06B,00000004
305.51765,9.0,111,0.0,8,8.0,[137 212  47  68 255 217 175 127],0.0,89 D4 2F 44 FF D9 AF 7F,0x06F,00000004
305.51825,9.0,101,0.0,1,1.0,[75  0  0  0  0  0  0  0],0.0,4B 00 00 00 00 00 00 00,0x065,00000004
305.518251,9.0,102,0.0,6,6.0,[  3   7 138  50  84  45   0   0],0.0,03 07 8A 32 54 2D 00 00,0x066,00000004
305.518252,9.0,103,0.0,8,8.0,[191  11 138 208  66  51 109   9],0.0,BF 0B 8A D0 42 33 6D 09,0x067,00000004
305.518253,9.0,104,0.0,4,4.0,[ 47 245  25   0   0   0   0   0],0.0,2F F5 19 00 00 00 00 00,0x068,00000004
305.518254,9.0,107,0.0,5,5.0,[191  19 192  59   0   0   0   0],0.0,BF 13 C0 3B 00 00 00 00,0x06B,00000004
305.71565,9.0,111,0.0,8,8.0,[143 220 175 195 249 241 207 127],0.0,8F DC AF C3 F9 F1 CF 7F,0x06F,00000004
305.7164,9.0,101,0.0,1,1.0,[75  0  0  0  0  0  0  0],0.0,4B 00 00 00 00 00 00 00,0x065,00000004
305.716401,9.0,102,0.0,6,6.0,[  3 207 138  50  84  45   0   0],0.0,03 CF 8A 32 54 2D 00 00,0x066,00000004
305.716402,9.0,103,0.0,8,8.0,[185  11 138 112  67  51 109   9],0.0,B9 0B 8A 70 43 33 6D 09,0x067,00000004
305.716403,9.0,104,0.0,4,4.0,[ 45 245  25   0   0   0   0   0],0.0,2D F5 19 00 00 00 00 00,0x068,00000004
305.716404,9.0,107,0.0,5,5.0,[161  22  96  59   0   0   0   0],0.0,A1 16 60 3B 00 00 00 00,0x06B,00000004
305.91365,9.0,111,0.0,8,8.0,[145 220 175  67 249  21 176 126],0.0,91 DC AF 43 F9 15 B0 7E,0x06F,00000004
305.91505,9.0,101,0.0,1,1.0,[75  0  0  0  0  0  0  0],0.0,4B 00 00 00 00 00 00 00,0x065,00000004
305.915051,9.0,102,0.0,6,6.0,[  3 151 139  50  84  45   0   0],0.0,03 97 8B 32 54 2D 00 00,0x066,00000004
305.915052,9.0,103,0.0,8,8.0,[179  11 138  16  68  51 109   9],0.0,B3 0B 8A 10 44 33 6D 09,0x067,00000004
305.915053,9.0,104,0.0,4,4.0,[ 45 245  25   0   0   0   0   0],0.0,2D F5 19 00 00 00 00 00,0x068,00000004
305.915054,9.0,107,0.0,5,5.0,[65 22 64 59  0  0  0  0],0.0,41 16 40 3B 00 00 00 00,0x06B,00000004
305.91755,9.0,106,0.0,3,3.0,[225   4   0   0   0   0   0   0],0.0,E1 04 00 00 00 00 00 00,0x06A,00000004
306.11165,9.0,111,0.0,8,8.0,[129 220 143  67 252  21  80 126],0.0,81 DC 8F 43 FC 15 50 7E,0x06F,00000004
306.1125,9.0,101,0.0,1,1.0,[67  0  0  0  0  0  0  0],0.0,43 00 00 00 00 00 00 00,0x065,00000004
306.112501,9.0,102,0.0,6,6.0,[  3  95 140  50  84  45   0   0],0.0,03 5F 8C 32 54 2D 00 00,0x066,00000004
306.112502,9.0,103,0.0,8,8.0,[173  11 138 176  68  51 109   9],0.0,AD 0B 8A B0 44 33 6D 09,0x067,00000004
306.112503,9.0,104,0.0,4,4.0,[ 43 245  25   0   0   0   0   0],0.0,2B F5 19 00 00 00 00 00,0x068,00000004
306.112504,9.0,107,0.0,5,5.0,[111  21 160  61   0   0   0   0],0.0,6F 15 A0 3D 00 00 00 00,0x06B,00000004
306.3096,9.0,111,0.0,8,8.0,[135 204 143 196 251  17 112 128],0.0,87 CC 8F C4 FB 11 70 80,0x06F,00000004
306.3105,9.0,101,0.0,1,1.0,[59  0  0  0  0  0  0  0],0.0,3B 00 00 00 00 00 00 00,0x065,00000004
306.310501,9.0,102,0.0,6,6.0,[  3  39 141  50  84  45   0   0],0.0,03 27 8D 32 54 2D 00 00,0x066,00000004
306.310502,9.0,103,0.0,8,8.0,[167  11 138  80  69  51 109   9],0.0,A7 0B 8A 50 45 33 6D 09,0x067,00000004
306.310503,9.0,104,0.0,4,4.0,[ 41 245  25   0   0   0   0   0],0.0,29 F5 19 00 00 00 00 00,0x068,00000004
306.310504,9.0,107,0.0,5,5.0,[171  20 192  65   0   0   0   0],0.0,AB 14 C0 41 00 00 00 00,0x06B,00000004
306.5076,9.0,111,0.0,8,8.0,[137 212 111 196   0 238  79 128],0.0,89 D4 6F C4 00 EE 4F 80,0x06F,00000004
306.5083,9.0,101,0.0,1,1.0,[51  0  0  0  0  0  0  0],0.0,33 00 00 00 00 00 00 00,0x065,00000004
306.508301,9.0,102,0.0,6,6.0,[  3 239 141  50  84  45   0   0],0.0,03 EF 8D 32 54 2D 00 00,0x066,00000004
306.508302,9.0,103,0.0,8,8.0,[159  11 138 240  69  51 109   9],0.0,9F 0B 8A F0 45 33 6D 09,0x067,00000004
306.508303,9.0,104,0.0,4,4.0,[ 39 245  25   0   0   0   0   0],0.0,27 F5 19 00 00 00 00 00,0x068,00000004
306.508304,9.0,107,0.0,5,5.0,[255  20   0  71   0   0   0   0],0.0,FF 14 00 47 00 00 00 00,0x06B,00000004
306.70565,9.0,111,0.0,8,8.0,[145 220  79 196 254 241  47 128],0.0,91 DC 4F C4 FE F1 2F 80,0x06F,00000004
306.7063,9.0,101,0.0,1,1.0,[59  0  0  0  0  0  0  0],0.0,3B 00 00 00 00 00 00 00,0x065,00000004
306.706301,9.0,102,0.0,6,6.0,[  3 183 142  50  84  45   0   0],0.0,03 B7 8E 32 54 2D 00 00,0x066,00000004
306.706302,9.0,103,0.0,8,8.0,[159  11 138 112  70  51 109   9],0.0,9F 0B 8A 70 46 33 6D 09,0x067,00000004
306.706303,9.0,104,0.0,4,4.0,[ 41 245  25   0   0   0   0   0],0.0,29 F5 19 00 00 00 00 00,0x068,00000004
306.706304,9.0,107,0.0,5,5.0,[233  18  96  69   0   0   0   0],0.0,E9 12 60 45 00 00 00 00,0x06B,00000004
306.90365,9.0,111,0.0,8,8.0,[141 212 143 196 255   9  16 128],0.0,8D D4 8F C4 FF 09 10 80,0x06F,00000004
306.9044,9.0,101,0.0,1,1.0,[43  0  0  0  0  0  0  0],0.0,2B 00 00 00 00 00 00 00,0x065,00000004
306.904401,9.0,102,0.0,6,6.0,[  3 127 143  50  84  45   0   0],0.0,03 7F 8F 32 54 2D 00 00,0x066,00000004
306.904402,9.0,103,0.0,8,8.0,[153  11 138  16  71  51 109   9],0.0,99 0B 8A 10 47 33 6D 09,0x067,00000004
306.904403,9.0,104,0.0,4,4.0,[ 39 245  25   0   0   0   0   0],0.0,27 F5 19 00 00 00 00 00,0x068,00000004
306.904404,9.0,107,0.0,5,5.0,[105  18  96  71   0   0   0   0],0.0,69 12 60 47 00 00 00 00,0x06B,00000004
306.9075,9.0,106,0.0,3,3.0,[231   4   0   0   0   0   0   0],0.0,E7 04 00 00 00 00 00 00,0x06A,00000004
307.10165,9.0,111,0.0,8,8.0,[139 252 111  68   0 234  15 128],0.0,8B FC 6F 44 00 EA 0F 80,0x06F,00000004
307.10245000000003,9.0,101,0.0,1,1.0,[43  0  0  0  0  0  0  0],0.0,2B 00 00 00 00 00 00 00,0x065,00000004
307.10245100000003,9.0,102,0.0,6,6.0,[  3  71 144  50  84  45   0   0],0.0,03 47 90 32 54 2D 00 00,0x066,00000004
307.102452,9.0,103,0.0,8,8.0,[149  11 138 176  71  51 109   9],0.0,95 0B 8A B0 47 33 6D 09,0x067,00000004
307.102453,9.0,104,0.0,4,4.0,[ 37 245  25   0   0   0   0   0],0.0,25 F5 19 00 00 00 00 00,0x068,00000004
307.102454,9.0,107,0.0,5,5.0,[ 23  18 192  72   0   0   0   0],0.0,17 12 C0 48 00 00 00 00,0x06B,00000004
307.29965,9.0,111,0.0,8,8.0,[153 132 239  68 253 217  15 128],0.0,99 84 EF 44 FD D9 0F 80,0x06F,00000004
307.30115,9.0,101,0.0,1,1.0,[43  0  0  0  0  0  0  0],0.0,2B 00 00 00 00 00 00 00,0x065,00000004
307.301151,9.0,102,0.0,6,6.0,[  3  15 145  50  84  45   0   0],0.0,03 0F 91 32 54 2D 00 00,0x066,00000004
307.301152,9.0,103,0.0,8,8.0,[141  11 138  48  72  51 109  13],0.0,8D 0B 8A 30 48 33 6D 0D,0x067,00000004
307.301153,9.0,104,0.0,4,4.0,[ 37 245  25   0   0   0   0   0],0.0,25 F5 19 00 00 00 00 00,0x068,00000004
307.301154,9.0,107,0.0,5,5.0,[ 95  18 192  74   0   0   0   0],0.0,5F 12 C0 4A 00 00 00 00,0x06B,00000004
307.49765,9.0,111,0.0,8,8.0,[135 220 207  67 254   1  16 129],0.0,87 DC CF 43 FE 01 10 81,0x06F,00000004
307.49855,9.0,101,0.0,1,1.0,[43  0  0  0  0  0  0  0],0.0,2B 00 00 00 00 00 00 00,0x065,00000004
307.498551,9.0,102,0.0,6,6.0,[  3 215 145  50  84  45   0   0],0.0,03 D7 91 32 54 2D 00 00,0x066,00000004
307.498552,9.0,103,0.0,8,8.0,[133  11 138 176  72  51 109  13],0.0,85 0B 8A B0 48 33 6D 0D,0x067,00000004
307.498553,9.0,104,0.0,4,4.0,[ 35 245  25   0   0   0   0   0],0.0,23 F5 19 00 00 00 00 00,0x068,00000004
307.498554,9.0,107,0.0,5,5.0,[33 19 96 75  0  0  0  0],0.0,21 13 60 4B 00 00 00 00,0x06B,00000004
307.69565,9.0,111,0.0,8,8.0,[139 204  79  68 255  13 112 127],0.0,8B CC 4F 44 FF 0D 70 7F,0x06F,00000004
307.69655,9.0,101,0.0,1,1.0,[0 0 0 0 0 0 0 0],0.0,00 00 00 00 00 00 00 00,0x065,00000004
307.696551,9.0,102,0.0,6,6.0,[  3 159 146  50  84  45   0   0],0.0,03 9F 92 32 54 2D 00 00,0x066,00000004
307.89365,9.0,111,0.0,8,8.0,[141 220  15  68 254   9 240 127],0.0,8D DC 0F 44 FE 09 F0 7F,0x06F,00000004
307.8943,9.0,101,0.0,1,1.0,[0 0 0 0 0 0 0 0],0.0,00 00 00 00 00 00 00 00,0x065,00000004
307.894301,9.0,102,0.0,6,6.0,[  3 103 147  50  84  45   0   0],0.0,03 67 93 32 54 2D 00 00,0x066,00000004
307.8965,9.0,106,0.0,3,3.0,[233   4   0   0   0   0   0   0],0.0,E9 04 00 00 00 00 00 00,0x06A,00000004
308.09165,9.0,111,0.0,8,8.0,[135 212  47  68 254   1 240 127],0.0,87 D4 2F 44 FE 01 F0 7F,0x06F,00000004
308.09245,9.0,101,0.0,1,1.0,[0 0 0 0 0 0 0 0],0.0,00 00 00 00 00 00 00 00,0x065,00000004
308.092451,9.0,102,0.0,6,6.0,[  3  47 148  50  84  45   0   0],0.0,03 2F 94 32 54 2D 00 00,0x066,00000004
308.28965,9.0,111,0.0,8,8.0,[141 212 111 196 253 241 207 127],0.0,8D D4 6F C4 FD F1 CF 7F,0x06F,00000004
308.29110000000003,9.0,101,0.0,1,1.0,[0 0 0 0 0 0 0 0],0.0,00 00 00 00 00 00 00 00,0x065,00000004
308.291101,9.0,102,0.0,6,6.0,[  3 247 148  50  84  45   0   0],0.0,03 F7 94 32 54 2D 00 00,0x066,00000004
308.48765000000003,9.0,111,0.0,8,8.0,[141 196  15  68 253   9 112 128],0.0,8D C4 0F 44 FD 09 70 80,0x06F,00000004
308.48865,9.0,101,0.0,1,1.0,[0 0 0 0 0 0 0 0],0.0,00 00 00 00 00 00 00 00,0x065,00000004
308.488651,9.0,102,0.0,6,6.0,[  3 191 149  50  84  45   0   0],0.0,03 BF 95 32 54 2D 00 00,0x066,00000004
308.68565,9.0,111,0.0,8,8.0,[137 204  79 196   0   2 144 126],0.0,89 CC 4F C4 00 02 90 7E,0x06F,00000004
308.68645,9.0,101,0.0,1,1.0,[0 0 0 0 0 0 0 0],0.0,00 00 00 00 00 00 00 00,0x065,00000004
308.68645100000003,9.0,102,0.0,6,6.0,[  3 135 150  50  84  45   0   0],0.0,03 87 96 32 54 2D 00 00,0x066,00000004
308.88365,9.0,111,0.0,8,8.0,[147 228 143 196 253 253  47 128],0.0,93 E4 8F C4 FD FD 2F 80,0x06F,00000004
308.88455,9.0,101,0.0,1,1.0,[0 0 0 0 0 0 0 0],0.0,00 00 00 00 00 00 00 00,0x065,00000004
308.884551,9.0,102,0.0,6,6.0,[  3  79 151  50  84  45   0   0],0.0,03 4F 97 32 54 2D 00 00,0x066,00000004
308.88715,9.0,106,0.0,3,3.0,[233   4   0   0   0   0   0   0],0.0,E9 04 00 00 00 00 00 00,0x06A,00000004
309.08165,9.0,111,0.0,8,8.0,[137 204  15 196 255   1 144 127],0.0,89 CC 0F C4 FF 01 90 7F,0x06F,00000004
309.08230000000003,9.0,101,0.0,1,1.0,[0 0 0 0 0 0 0 0],0.0,00 00 00 00 00 00 00 00,0x065,00000004
309.08230100000003,9.0,102,0.0,6,6.0,[  3  23 152  50  84  45   0   0],0.0,03 17 98 32 54 2D 00 00,0x066,00000004
309.27965,9.0,111,0.0,8,8.0,[143 196  79  68 255   1  48 128],0.0,8F C4 4F 44 FF 01 30 80,0x06F,00000004
309.28045000000003,9.0,101,0.0,1,1.0,[0 0 0 0 0 0 0 0],0.0,00 00 00 00 00 00 00 00,0x065,00000004
309.280451,9.0,102,0.0,6,6.0,[  3 223 152  50  84  45   0   0],0.0,03 DF 98 32 54 2D 00 00,0x066,00000004
309.4777,9.0,111,0.0,8,8.0,[141 188  79  68 255   9  48 128],0.0,8D BC 4F 44 FF 09 30 80,0x06F,00000004
309.47845,9.0,101,0.0,1,1.0,[0 0 0 0 0 0 0 0],0.0,00 00 00 00 00 00 00 00,0x065,00000004
309.478451,9.0,102,0.0,6,6.0,[  3 167 153  50  84  45   0   0],0.0,03 A7 99 32 54 2D 00 00,0x066,00000004
309.6757,9.0,111,0.0,8,8.0,[139 188 111 196 255   1 208 127],0.0,8B BC 6F C4 FF 01 D0 7F,0x06F,00000004
309.67735,9.0,101,0.0,1,1.0,[43  0  0  0  0  0  0  0],0.0,2B 00 00 00 00 00 00 00,0x065,00000004
309.677351,9.0,102,0.0,6,6.0,[  3 111 154  50  84  45   0   0],0.0,03 6F 9A 32 54 2D 00 00,0x066,00000004
309.677352,9.0,103,0.0,8,8.0,[ 71  11 138 240  77  51 109  21],0.0,47 0B 8A F0 4D 33 6D 15,0x067,00000004
309.677353,9.0,104,0.0,4,4.0,[ 29 245  25   0   0   0   0   0],0.0,1D F5 19 00 00 00 00 00,0x068,00000004
309.677354,9.0,107,0.0,5,5.0,[247  14 192 122   0   0   0   0],0.0,F7 0E C0 7A 00 00 00 00,0x06B,00000004
309.8737,9.0,111,0.0,8,8.0,[139 164  79 196 254 253 239 127],0.0,8B A4 4F C4 FE FD EF 7F,0x06F,00000004
309.87455,9.0,101,0.0,1,1.0,[43  0  0  0  0  0  0  0],0.0,2B 00 00 00 00 00 00 00,0x065,00000004
309.874551,9.0,102,0.0,6,6.0,[  3  55 155  50  84  45   0   0],0.0,03 37 9B 32 54 2D 00 00,0x066,00000004
309.874552,9.0,103,0.0,8,8.0,[ 71  11 138  48  78  51 109  21],0.0,47 0B 8A 30 4E 33 6D 15,0x067,00000004
309.874553,9.0,104,0.0,4,4.0,[ 33 245  25   0   0   0   0   0],0.0,21 F5 19 00 00 00 00 00,0x068,00000004
309.874554,9.0,107,0.0,5,5.0,[ 81  14 128 103   0   0   0   0],0.0,51 0E 80 67 00 00 00 00,0x06B,00000004
309.87755,9.0,106,0.0,3,3.0,[243   4   0   0   0   0   0   0],0.0,F3 04 00 00 00 00 00 00,0x06A,00000004
310.0717,9.0,111,0.0,8,8.0,[139 140  47 196 254 245  15 128],0.0,8B 8C 2F C4 FE F5 0F 80,0x06F,00000004
310.07255000000004,9.0,101,0.0,1,1.0,[0 0 0 0 0 0 0 0],0.0,00 00 00 00 00 00 00 00,0x065,00000004
310.07255100000003,9.0,102,0.0,6,6.0,[  3 255 155  50  84  45   0   0],0.0,03 FF 9B 32 54 2D 00 00,0x066,00000004
310.2697,9.0,111,0.0,8,8.0,[139 180  47  68 255   5 240 127],0.0,8B B4 2F 44 FF 05 F0 7F,0x06F,00000004
310.27070000000003,9.0,101,0.0,1,1.0,[0 0 0 0 0 0 0 0],0.0,00 00 00 00 00 00 00 00,0x065,00000004
310.27070100000003,9.0,102,0.0,6,6.0,[  3 199 156  50  84  45   0   0],0.0,03 C7 9C 32 54 2D 00 00,0x066,00000004
310.4677,9.0,111,0.0,8,8.0,[137 180  79 196 255 245 239 127],0.0,89 B4 4F C4 FF F5 EF 7F,0x06F,00000004
310.46845,9.0,101,0.0,1,1.0,[0 0 0 0 0 0 0 0],0.0,00 00 00 00 00 00 00 00,0x065,00000004
310.468451,9.0,102,0.0,6,6.0,[  3 143 157  50  84  45   0   0],0.0,03 8F 9D 32 54 2D 00 00,0x066,00000004
310.66565,9.0,111,0.0,8,8.0,[139 180  47 196 254 245 239 127],0.0,8B B4 2F C4 FE F5 EF 7F,0x06F,00000004
310.66735,9.0,101,0.0,1,1.0,[0 0 0 0 0 0 0 0],0.0,00 00 00 00 00 00 00 00,0x065,00000004
310.667351,9.0,102,0.0,6,6.0,[  3  87 158  50  84  45   0   0],0.0,03 57 9E 32 54 2D 00 00,0x066,00000004
310.8637,9.0,111,0.0,8,8.0,[139 196  15  68 255 249 207 127],0.0,8B C4 0F 44 FF F9 CF 7F,0x06F,00000004
310.8647,9.0,101,0.0,1,1.0,[0 0 0 0 0 0 0 0],0.0,00 00 00 00 00 00 00 00,0x065,00000004
310.864701,9.0,102,0.0,6,6.0,[  3  31 159  50  84  45   0   0],0.0,03 1F 9F 32 54 2D 00 00,0x066,00000004
310.8667,9.0,106,0.0,3,3.0,[243   4   0   0   0   0   0   0],0.0,F3 04 00 00 00 00 00 00,0x06A,00000004
311.06170000000003,9.0,111,0.0,8,8.0,[139 196  47  68 255 253 239 127],0.0,8B C4 2F 44 FF FD EF 7F,0x06F,00000004
311.0627,9.0,101,0.0,1,1.0,[0 0 0 0 0 0 0 0],0.0,00 00 00 00 00 00 00 00,0x065,00000004
311.062701,9.0,102,0.0,6,6.0,[  3 231 159  50  84  45   0   0],0.0,03 E7 9F 32 54 2D 00 00,0x066,00000004
311.2597,9.0,111,0.0,8,8.0,[139 196  47  68 255 253 239 127],0.0,8B C4 2F 44 FF FD EF 7F,0x06F,00000004
311.26055,9.0,101,0.0,1,1.0,[0 0 0 0 0 0 0 0],0.0,00 00 00 00 00 00 00 00,0x065,00000004
311.260551,9.0,102,0.0,6,6.0,[  3 175 160  50  84  45   0   0],0.0,03 AF A0 32 54 2D 00 00,0x066,00000004
311.4577,9.0,111,0.0,8,8.0,[139 196  79  68 255 253 239 127],0.0,8B C4 4F 44 FF FD EF 7F,0x06F,00000004
311.4587,9.0,101,0.0,1,1.0,[0 0 0 0 0 0 0 0],0.0,00 00 00 00 00 00 00 00,0x065,00000004
311.458701,9.0,102,0.0,6,6.0,[  3 119 161  50  84  45   0   0],0.0,03 77 A1 32 54 2D 00 00,0x066,00000004
311.6557,9.0,111,0.0,8,8.0,[139 188  47  68 255 253 239 127],0.0,8B BC 2F 44 FF FD EF 7F,0x06F,00000004
311.6567,9.0,101,0.0,1,1.0,[0 0 0 0 0 0 0 0],0.0,00 00 00 00 00 00 00 00,0x065,00000004
311.656701,9.0,102,0.0,6,6.0,[  3  63 162  50  84  45   0   0],0.0,03 3F A2 32 54 2D 00 00,0x066,00000004
311.8537,9.0,111,0.0,8,8.0,[139 196  79  68 255 253 239 127],0.0,8B C4 4F 44 FF FD EF 7F,0x06F,00000004
311.8547,9.0,101,0.0,1,1.0,[0 0 0 0 0 0 0 0],0.0,00 00 00 00 00 00 00 00,0x065,00000004
311.85470100000003,9.0,102,0.0,6,6.0,[  3   7 163  50  84  45   0   0],0.0,03 07 A3 32 54 2D 00 00,0x066,00000004
311.8567,9.0,106,0.0,3,3.0,[243   4   0   0   0   0   0   0],0.0,F3 04 00 00 00 00 00 00,0x06A,00000004
312.0517,9.0,111,0.0,8,8.0,[139 212  47  68 255 253 207 127],0.0,8B D4 2F 44 FF FD CF 7F,0x06F,00000004
312.0527,9.0,101,0.0,1,1.0,[0 0 0 0 0 0 0 0],0.0,00 00 00 00 00 00 00 00,0x065,00000004
312.052701,9.0,102,0.0,6,6.0,[  3 207 163  50  84  45   0   0],0.0,03 CF A3 32 54 2D 00 00,0x066,00000004
312.2497,9.0,111,0.0,8,8.0,[139 204  79 196 254 253 239 127],0.0,8B CC 4F C4 FE FD EF 7F,0x06F,00000004
312.25075,9.0,101,0.0,1,1.0,[0 0 0 0 0 0 0 0],0.0,00 00 00 00 00 00 00 00,0x065,00000004
312.250751,9.0,102,0.0,6,6.0,[  3 151 164  50  84  45   0   0],0.0,03 97 A4 32 54 2D 00 00,0x066,00000004
312.4477,9.0,111,0.0,8,8.0,[141 236  79  68 255 253 239 127],0.0,8D EC 4F 44 FF FD EF 7F,0x06F,00000004
312.44855,9.0,101,0.0,1,1.0,[0 0 0 0 0 0 0 0],0.0,00 00 00 00 00 00 00 00,0x065,00000004
312.448551,9.0,102,0.0,6,6.0,[  3  95 165  50  84  45   0   0],0.0,03 5F A5 32 54 2D 00 00,0x066,00000004
312.64570000000003,9.0,111,0.0,8,8.0,[139 212  47  68 255 253 207 127],0.0,8B D4 2F 44 FF FD CF 7F,0x06F,00000004
312.6467,9.0,101,0.0,1,1.0,[0 0 0 0 0 0 0 0],0.0,00 00 00 00 00 00 00 00,0x065,00000004
312.646701,9.0,102,0.0,6,6.0,[  3  39 166  50  84  45   0   0],0.0,03 27 A6 32 54 2D 00 00,0x066,00000004
312.8437,9.0,111,0.0,8,8.0,[141 228  79  68 255 253 207 127],0.0,8D E4 4F 44 FF FD CF 7F,0x06F,00000004
312.8447,9.0,101,0.0,1,1.0,[0 0 0 0 0 0 0 0],0.0,00 00 00 00 00 00 00 00,0x065,00000004
312.844701,9.0,102,0.0,6,6.0,[  3 239 166  50  84  45   0   0],0.0,03 EF A6 32 54 2D 00 00,0x066,00000004
312.8467,9.0,106,0.0,3,3.0,[243   4   0   0   0   0   0   0],0.0,F3 04 00 00 00 00 00 00,0x06A,00000004
313.0417,9.0,111,0.0,8,8.0,[139 220  47  68 255 253 239 127],0.0,8B DC 2F 44 FF FD EF 7F,0x06F,00000004
313.0427,9.0,101,0.0,1,1.0,[0 0 0 0 0 0 0 0],0.0,00 00 00 00 00 00 00 00,0x065,00000004
313.042701,9.0,102,0.0,6,6.0,[  3 183 167  50  84  45   0   0],0.0,03 B7 A7 32 54 2D 00 00,0x066,00000004
313.2397,9.0,111,0.0,8,8.0,[139 228  47 196 254 253 239 127],0.0,8B E4 2F C4 FE FD EF 7F,0x06F,00000004
313.2407,9.0,101,0.0,1,1.0,[0 0 0 0 0 0 0 0],0.0,00 00 00 00 00 00 00 00,0x065,00000004
313.240701,9.0,102,0.0,6,6.0,[  3 127 168  50  84  45   0   0],0.0,03 7F A8 32 54 2D 00 00,0x066,00000004
313.4377,9.0,111,0.0,8,8.0,[139 220  47  68 255 253 239 127],0.0,8B DC 2F 44 FF FD EF 7F,0x06F,00000004
313.4387,9.0,101,0.0,1,1.0,[0 0 0 0 0 0 0 0],0.0,00 00 00 00 00 00 00 00,0x065,00000004
313.438701,9.0,102,0.0,6,6.0,[  3  71 169  50  84  45   0   0],0.0,03 47 A9 32 54 2D 00 00,0x066,00000004
313.63575000000003,9.0,111,0.0,8,8.0,[139 220  47  68 255 253 239 127],0.0,8B DC 2F 44 FF FD EF 7F,0x06F,00000004
313.63685,9.0,101,0.0,1,1.0,[0 0 0 0 0 0 0 0],0.0,00 00 00 00 00 00 00 00,0x065,00000004
313.636851,9.0,102,0.0,6,6.0,[  3  15 170  50  84  45   0   0],0.0,03 0F AA 32 54 2D 00 00,0x066,00000004
313.83375,9.0,111,0.0,8,8.0,[139 220  47 196 254 253 239 127],0.0,8B DC 2F C4 FE FD EF 7F,0x06F,00000004
314.032,9.0,101,0.0,1,1.0,[0 0 0 0 0 0 0 0],0.0,00 00 00 00 00 00 00 00,0x065,00000004
314.032001,9.0,102,0.0,6,6.0,[  3 215 170  50  84  45   0   0],0.0,03 D7 AA 32 54 2D 00 00,0x066,00000004
314.03395,9.0,106,0.0,3,3.0,[243   4   0   0   0   0   0   0],0.0,F3 04 00 00 00 00 00 00,0x06A,00000004
314.03435,9.0,111,0.0,8,8.0,[139 220  47 196 254 253 239 127],0.0,8B DC 2F C4 FE FD EF 7F,0x06F,00000004
314.2302,9.0,101,0.0,1,1.0,[0 0 0 0 0 0 0 0],0.0,00 00 00 00 00 00 00 00,0x065,00000004
314.230201,9.0,102,0.0,6,6.0,[  3 159 171  50  84  45   0   0],0.0,03 9F AB 32 54 2D 00 00,0x066,00000004
314.23220000000003,9.0,111,0.0,8,8.0,[139 220  47  68 255 249 239 127],0.0,8B DC 2F 44 FF F9 EF 7F,0x06F,00000004
314.428,9.0,101,0.0,1,1.0,[0 0 0 0 0 0 0 0],0.0,00 00 00 00 00 00 00 00,0x065,00000004
314.428001,9.0,102,0.0,6,6.0,[  3 103 172  50  84  45   0   0],0.0,03 67 AC 32 54 2D 00 00,0x066,00000004
314.4302,9.0,111,0.0,8,8.0,[139 220  47  68 255 253 239 127],0.0,8B DC 2F 44 FF FD EF 7F,0x06F,00000004
314.62600000000003,9.0,101,0.0,1,1.0,[0 0 0 0 0 0 0 0],0.0,00 00 00 00 00 00 00 00,0x065,00000004
314.62600100000003,9.0,102,0.0,6,6.0,[  3  47 173  50  84  45   0   0],0.0,03 2F AD 32 54 2D 00 00,0x066,00000004
314.6282,9.0,111,0.0,8,8.0,[139 220  47  68 255 253 239 127],0.0,8B DC 2F 44 FF FD EF 7F,0x06F,00000004
314.824,9.0,101,0.0,1,1.0,[0 0 0 0 0 0 0 0],0.0,00 00 00 00 00 00 00 00,0x065,00000004
314.824001,9.0,102,0.0,6,6.0,[  3 247 173  50  84  45   0   0],0.0,03 F7 AD 32 54 2D 00 00,0x066,00000004
314.82685,9.0,111,0.0,8,8.0,[139 220  79  68 255 253 239 127],0.0,8B DC 4F 44 FF FD EF 7F,0x06F,00000004
315.022,9.0,101,0.0,1,1.0,[0 0 0 0 0 0 0 0],0.0,00 00 00 00 00 00 00 00,0x065,00000004
315.022001,9.0,102,0.0,6,6.0,[  3 191 174  50  84  45   0   0],0.0,03 BF AE 32 54 2D 00 00,0x066,00000004
315.024,9.0,106,0.0,3,3.0,[243   4   0   0   0   0   0   0],0.0,F3 04 00 00 00 00 00 00,0x06A,00000004
315.02435,9.0,111,0.0,8,8.0,[139 220  47  68 255 253 239 127],0.0,8B DC 2F 44 FF FD EF 7F,0x06F,00000004
315.22,9.0,101,0.0,1,1.0,[0 0 0 0 0 0 0 0],0.0,00 00 00 00 00 00 00 00,0x065,00000004
315.220001,9.0,102,0.0,6,6.0,[  3 135 175  50  84  45   0   0],0.0,03 87 AF 32 54 2D 00 00,0x066,00000004
315.2222,9.0,111,0.0,8,8.0,[139 220  47  68 255 253 239 127],0.0,8B DC 2F 44 FF FD EF 7F,0x06F,00000004
315.41825,9.0,101,0.0,1,1.0,[0 0 0 0 0 0 0 0],0.0,00 00 00 00 00 00 00 00,0x065,00000004
315.418251,9.0,102,0.0,6,6.0,[  3  79 176  50  84  45   0   0],0.0,03 4F B0 32 54 2D 00 00,0x066,00000004
315.4202,9.0,111,0.0,8,8.0,[139 220  47  68 255 253 239 127],0.0,8B DC 2F 44 FF FD EF 7F,0x06F,00000004
315.616,9.0,101,0.0,1,1.0,[0 0 0 0 0 0 0 0],0.0,00 00 00 00 00 00 00 00,0x065,00000004
315.616001,9.0,102,0.0,6,6.0,[  3  23 177  50  84  45   0   0],0.0,03 17 B1 32 54 2D 00 00,0x066,00000004
315.6182,9.0,111,0.0,8,8.0,[139 220  47  68 255 249 239 127],0.0,8B DC 2F 44 FF F9 EF 7F,0x06F,00000004
315.814,9.0,101,0.0,1,1.0,[0 0 0 0 0 0 0 0],0.0,00 00 00 00 00 00 00 00,0x065,00000004
315.814001,9.0,102,0.0,6,6.0,[  3 223 177  50  84  45   0   0],0.0,03 DF B1 32 54 2D 00 00,0x066,00000004
315.8162,9.0,111,0.0,8,8.0,[141 220  47  68 255 253 239 127],0.0,8D DC 2F 44 FF FD EF 7F,0x06F,00000004
316.012,9.0,101,0.0,1,1.0,[0 0 0 0 0 0 0 0],0.0,00 00 00 00 00 00 00 00,0x065,00000004
316.012001,9.0,102,0.0,6,6.0,[  3 167 178  50  84  45   0   0],0.0,03 A7 B2 32 54 2D 00 00,0x066,00000004
316.014,9.0,106,0.0,3,3.0,[243   4   0   0   0   0   0   0],0.0,F3 04 00 00 00 00 00 00,0x06A,00000004
316.01435,9.0,111,0.0,8,8.0,[139 220  47  68 255 253 239 127],0.0,8B DC 2F 44 FF FD EF 7F,0x06F,00000004
316.21025000000003,9.0,101,0.0,1,1.0,[0 0 0 0 0 0 0 0],0.0,00 00 00 00 00 00 00 00,0x065,00000004
316.210251,9.0,102,0.0,6,6.0,[  3 111 179  50  84  45   0   0],0.0,03 6F B3 32 54 2D 00 00,0x066,00000004
316.2129,9.0,111,0.0,8,8.0,[139 220  47 196 254 253 239 127],0.0,8B DC 2F C4 FE FD EF 7F,0x06F,00000004
316.408,9.0,101,0.0,1,1.0,[0 0 0 0 0 0 0 0],0.0,00 00 00 00 00 00 00 00,0x065,00000004
316.408001,9.0,102,0.0,6,6.0,[  3  55 180  50  84  45   0   0],0.0,03 37 B4 32 54 2D 00 00,0x066,00000004
316.41025,9.0,111,0.0,8,8.0,[139 220  47  68 255 253 239 127],0.0,8B DC 2F 44 FF FD EF 7F,0x06F,00000004
316.60625,9.0,101,0.0,1,1.0,[0 0 0 0 0 0 0 0],0.0,00 00 00 00 00 00 00 00,0x065,00000004
316.606251,9.0,102,0.0,6,6.0,[  3 255 180  50  84  45   0   0],0.0,03 FF B4 32 54 2D 00 00,0x066,00000004
316.60825,9.0,111,0.0,8,8.0,[139 220  47  68 255 253 239 127],0.0,8B DC 2F 44 FF FD EF 7F,0x06F,00000004
316.80425,9.0,101,0.0,1,1.0,[0 0 0 0 0 0 0 0],0.0,00 00 00 00 00 00 00 00,0x065,00000004
316.804251,9.0,102,0.0,6,6.0,[  3 199 181  50  84  45   0   0],0.0,03 C7 B5 32 54 2D 00 00,0x066,00000004
316.80625000000003,9.0,111,0.0,8,8.0,[139 220  47 196 254 253 239 127],0.0,8B DC 2F C4 FE FD EF 7F,0x06F,00000004
317.00205,9.0,101,0.0,1,1.0,[0 0 0 0 0 0 0 0],0.0,00 00 00 00 00 00 00 00,0x065,00000004
317.002051,9.0,102,0.0,6,6.0,[  3 143 182  50  84  45   0   0],0.0,03 8F B6 32 54 2D 00 00,0x066,00000004
317.004,9.0,106,0.0,3,3.0,[243   4   0   0   0   0   0   0],0.0,F3 04 00 00 00 00 00 00,0x06A,00000004
317.00440000000003,9.0,111,0.0,8,8.0,[139 220  47  68 255 253 239 127],0.0,8B DC 2F 44 FF FD EF 7F,0x06F,00000004
317.20005000000003,9.0,101,0.0,1,1.0,[0 0 0 0 0 0 0 0],0.0,00 00 00 00 00 00 00 00,0x065,00000004
317.20005100000003,9.0,102,0.0,6,6.0,[  3  87 183  50  84  45   0   0],0.0,03 57 B7 32 54 2D 00 00,0x066,00000004
317.20225,9.0,111,0.0,8,8.0,[139 220  79  68 255 253 239 127],0.0,8B DC 4F 44 FF FD EF 7F,0x06F,00000004
317.39825,9.0,101,0.0,1,1.0,[0 0 0 0 0 0 0 0],0.0,00 00 00 00 00 00 00 00,0x065,00000004
317.398251,9.0,102,0.0,6,6.0,[  3  31 184  50  84  45   0   0],0.0,03 1F B8 32 54 2D 00 00,0x066,00000004
317.40025,9.0,111,0.0,8,8.0,[139 220  47  68 255 253 239 127],0.0,8B DC 2F 44 FF FD EF 7F,0x06F,00000004
317.59625,9.0,101,0.0,1,1.0,[0 0 0 0 0 0 0 0],0.0,00 00 00 00 00 00 00 00,0x065,00000004
317.596251,9.0,102,0.0,6,6.0,[  3 231 184  50  84  45   0   0],0.0,03 E7 B8 32 54 2D 00 00,0x066,00000004
317.5989,9.0,111,0.0,8,8.0,[139 220  79  68 255 253 239 127],0.0,8B DC 4F 44 FF FD EF 7F,0x06F,00000004
317.79425000000003,9.0,101,0.0,1,1.0,[0 0 0 0 0 0 0 0],0.0,00 00 00 00 00 00 00 00,0x065,00000004
317.79425100000003,9.0,102,0.0,6,6.0,[  3 175 185  50  84  45   0   0],0.0,03 AF B9 32 54 2D 00 00,0x066,00000004
317.79625,9.0,111,0.0,8,8.0,[139 220  47  68 255 253 239 127],0.0,8B DC 2F 44 FF FD EF 7F,0x06F,00000004
317.99225,9.0,101,0.0,1,1.0,[0 0 0 0 0 0 0 0],0.0,00 00 00 00 00 00 00 00,0x065,00000004
317.992251,9.0,102,0.0,6,6.0,[  3 119 186  50  84  45   0   0],0.0,03 77 BA 32 54 2D 00 00,0x066,00000004
317.99415,9.0,106,0.0,3,3.0,[243   4   0   0   0   0   0   0],0.0,F3 04 00 00 00 00 00 00,0x06A,00000004
317.9944,9.0,111,0.0,8,8.0,[139 220  79  68 255 253 239 127],0.0,8B DC 4F 44 FF FD EF 7F,0x06F,00000004
318.19005,9.0,101,0.0,1,1.0,[0 0 0 0 0 0 0 0],0.0,00 00 00 00 00 00 00 00,0x065,00000004
318.190051,9.0,102,0.0,6,6.0,[  3  63 187  50  84  45   0   0],0.0,03 3F BB 32 54 2D 00 00,0x066,00000004
318.1929,9.0,111,0.0,8,8.0,[141 220  47  68 255 253 239 127],0.0,8D DC 2F 44 FF FD EF 7F,0x06F,00000004
318.38825,9.0,101,0.0,1,1.0,[0 0 0 0 0 0 0 0],0.0,00 00 00 00 00 00 00 00,0x065,00000004
318.388251,9.0,102,0.0,6,6.0,[  3   7 188  50  84  45   0   0],0.0,03 07 BC 32 54 2D 00 00,0x066,00000004
318.39025,9.0,111,0.0,8,8.0,[139 228  79  68 255 253 239 127],0.0,8B E4 4F 44 FF FD EF 7F,0x06F,00000004
318.58625,9.0,101,0.0,1,1.0,[0 0 0 0 0 0 0 0],0.0,00 00 00 00 00 00 00 00,0x065,00000004
318.586251,9.0,102,0.0,6,6.0,[  3 207 188  50  84  45   0   0],0.0,03 CF BC 32 54 2D 00 00,0x066,00000004
318.58825,9.0,111,0.0,8,8.0,[139 220  47  68 255 253 239 127],0.0,8B DC 2F 44 FF FD EF 7F,0x06F,00000004
318.78425,9.0,101,0.0,1,1.0,[0 0 0 0 0 0 0 0],0.0,00 00 00 00 00 00 00 00,0x065,00000004
318.784251,9.0,102,0.0,6,6.0,[  3 151 189  50  84  45   0   0],0.0,03 97 BD 32 54 2D 00 00,0x066,00000004
318.7845,9.0,111,0.0,8,8.0,[139 220  47  68 255 253 239 127],0.0,8B DC 2F 44 FF FD EF 7F,0x06F,00000004
318.98225,9.0,101,0.0,1,1.0,[0 0 0 0 0 0 0 0],0.0,00 00 00 00 00 00 00 00,0x065,00000004
318.982251,9.0,102,0.0,6,6.0,[  3  95 190  50  84  45   0   0],0.0,03 5F BE 32 54 2D 00 00,0x066,00000004
318.98485,9.0,106,0.0,3,3.0,[243   4   0   0   0   0   0   0],0.0,F3 04 00 00 00 00 00 00,0x06A,00000004
318.98505,9.0,111,0.0,8,8.0,[139 220  47  68 255 249 207 127],0.0,8B DC 2F 44 FF F9 CF 7F,0x06F,00000004
319.18025,9.0,101,0.0,1,1.0,[0 0 0 0 0 0 0 0],0.0,00 00 00 00 00 00 00 00,0x065,00000004
319.180251,9.0,102,0.0,6,6.0,[  3  39 191  50  84  45   0   0],0.0,03 27 BF 32 54 2D 00 00,0x066,00000004
319.18225,9.0,111,0.0,8,8.0,[139 220  47  68 255 253 239 127],0.0,8B DC 2F 44 FF FD EF 7F,0x06F,00000004
319.3783,9.0,101,0.0,1,1.0,[0 0 0 0 0 0 0 0],0.0,00 00 00 00 00 00 00 00,0x065,00000004
319.378301,9.0,102,0.0,6,6.0,[  3 239 191  50  84  45   0   0],0.0,03 EF BF 32 54 2D 00 00,0x066,00000004
319.38025,9.0,111,0.0,8,8.0,[139 220  79  68 255 253 239 127],0.0,8B DC 4F 44 FF FD EF 7F,0x06F,00000004
319.57625,9.0,101,0.0,1,1.0,[43  0  0  0  0  0  0  0],0.0,2B 00 00 00 00 00 00 00,0x065,00000004
319.576251,9.0,102,0.0,6,6.0,[  3 183 192  50  84  45   0   0],0.0,03 B7 C0 32 54 2D 00 00,0x066,00000004
319.576252,9.0,103,0.0,8,8.0,[ 25  11 138 208  93  51 109 105],0.0,19 0B 8A D0 5D 33 6D 69,0x067,00000004
319.576253,9.0,104,0.0,4,4.0,[  7 245  65   0   0   0   0   0],0.0,07 F5 41 00 00 00 00 00,0x068,00000004
319.576254,9.0,107,0.0,5,5.0,[191   4 128 208   0   0   0   0],0.0,BF 04 80 D0 00 00 00 00,0x06B,00000004
319.5793,9.0,111,0.0,8,8.0,[139 220  47  68 255 253 239 127],0.0,8B DC 2F 44 FF FD EF 7F,0x06F,00000004
319.7743,9.0,101,0.0,1,1.0,[43  0  0  0  0  0  0  0],0.0,2B 00 00 00 00 00 00 00,0x065,00000004
319.774301,9.0,102,0.0,6,6.0,[  3 127 193  50  84  45   0   0],0.0,03 7F C1 32 54 2D 00 00,0x066,00000004
319.77430200000003,9.0,103,0.0,8,8.0,[ 89  11 138  80  94  51 109  93],0.0,59 0B 8A 50 5E 33 6D 5D,0x067,00000004
319.77430300000003,9.0,104,0.0,4,4.0,[  9 245  65   0   0   0   0   0],0.0,09 F5 41 00 00 00 00 00,0x068,00000004
319.77430400000003,9.0,107,0.0,5,5.0,[ 43   4  64 220   0   0   0   0],0.0,2B 04 40 DC 00 00 00 00,0x06B,00000004
319.77660000000003,9.0,111,0.0,8,8.0,[139 220  47  68 255 253 239 127],0.0,8B DC 2F 44 FF FD EF 7F,0x06F,00000004
319.9723,9.0,101,0.0,1,1.0,[43  0  0  0  0  0  0  0],0.0,2B 00 00 00 00 00 00 00,0x065,00000004
319.972301,9.0,102,0.0,6,6.0,[  3  71 194  50  84  45   0   0],0.0,03 47 C2 32 54 2D 00 00,0x066,00000004
319.972302,9.0,103,0.0,8,8.0,[123  11 138 208  94  51 109  89],0.0,7B 0B 8A D0 5E 33 6D 59,0x067,00000004
319.972303,9.0,104,0.0,4,4.0,[ 11 245  65   0   0   0   0   0],0.0,0B F5 41 00 00 00 00 00,0x068,00000004
319.972304,9.0,107,0.0,5,5.0,[ 65   3 128 198   0   0   0   0],0.0,41 03 80 C6 00 00 00 00,0x06B,00000004
319.97315000000003,9.0,111,0.0,8,8.0,[139 220  47  68 255 253 239 127],0.0,8B DC 2F 44 FF FD EF 7F,0x06F,00000004
319.97545,9.0,106,0.0,3,3.0,[7 5 0 0 0 0 0 0],0.0,07 05 00 00 00 00 00 00,0x06A,00000004
320.1698,9.0,111,0.0,8,8.0,[139 220  79  68 255 253 239 127],0.0,8B DC 4F 44 FF FD EF 7F,0x06F,00000004
320.17045,9.0,101,0.0,1,1.0,[43  0  0  0  0  0  0  0],0.0,2B 00 00 00 00 00 00 00,0x065,00000004
320.170451,9.0,102,0.0,6,6.0,[  3  15 195  50  84  45   0   0],0.0,03 0F C3 32 54 2D 00 00,0x066,00000004
320.170452,9.0,103,0.0,8,8.0,[159  11 138 176  96  51 109  85],0.0,9F 0B 8A B0 60 33 6D 55,0x067,00000004
320.170453,9.0,104,0.0,4,4.0,[  9 245  65   0   0   0   0   0],0.0,09 F5 41 00 00 00 00 00,0x068,00000004
320.170454,9.0,107,0.0,5,5.0,[101   4 128 184   0   0   0   0],0.0,65 04 80 B8 00 00 00 00,0x06B,00000004
320.36830000000003,9.0,101,0.0,1,1.0,[0 0 0 0 0 0 0 0],0.0,00 00 00 00 00 00 00 00,0x065,00000004
320.36830100000003,9.0,102,0.0,6,6.0,[  3 215 195  50  84  45   0   0],0.0,03 D7 C3 32 54 2D 00 00,0x066,00000004
320.3703,9.0,111,0.0,8,8.0,[139 220  47 196 254 253 239 127],0.0,8B DC 2F C4 FE FD EF 7F,0x06F,00000004
320.5663,9.0,101,0.0,1,1.0,[0 0 0 0 0 0 0 0],0.0,00 00 00 00 00 00 00 00,0x065,00000004
320.566301,9.0,102,0.0,6,6.0,[  3 159 196  50  84  45   0   0],0.0,03 9F C4 32 54 2D 00 00,0x066,00000004
320.5683,9.0,111,0.0,8,8.0,[139 220  47  68 255 249 239 127],0.0,8B DC 2F 44 FF F9 EF 7F,0x06F,00000004
320.7643,9.0,101,0.0,1,1.0,[0 0 0 0 0 0 0 0],0.0,00 00 00 00 00 00 00 00,0x065,00000004
320.764301,9.0,102,0.0,6,6.0,[  3 103 197  50  84  45   0   0],0.0,03 67 C5 32 54 2D 00 00,0x066,00000004
320.7663,9.0,111,0.0,8,8.0,[139 220  79  68 255 253 239 127],0.0,8B DC 4F 44 FF FD EF 7F,0x06F,00000004
320.96225,9.0,101,0.0,1,1.0,[0 0 0 0 0 0 0 0],0.0,00 00 00 00 00 00 00 00,0x065,00000004
320.962251,9.0,102,0.0,6,6.0,[  3  47 198  50  84  45   0   0],0.0,03 2F C6 32 54 2D 00 00,0x066,00000004
320.96485,9.0,106,0.0,3,3.0,[7 5 0 0 0 0 0 0],0.0,07 05 00 00 00 00 00 00,0x06A,00000004
320.9651,9.0,111,0.0,8,8.0,[141 220  47  68 255 253 239 127],0.0,8D DC 2F 44 FF FD EF 7F,0x06F,00000004
321.1598,9.0,111,0.0,8,8.0,[139 220  79  68 255 253 239 127],0.0,8B DC 4F 44 FF FD EF 7F,0x06F,00000004
321.16045,9.0,101,0.0,1,1.0,[0 0 0 0 0 0 0 0],0.0,00 00 00 00 00 00 00 00,0x065,00000004
321.160451,9.0,102,0.0,6,6.0,[  3 247 198  50  84  45   0   0],0.0,03 F7 C6 32 54 2D 00 00,0x066,00000004
321.3578,9.0,111,0.0,8,8.0,[141 220  47  68 255 253 239 127],0.0,8D DC 2F 44 FF FD EF 7F,0x06F,00000004
321.35845,9.0,101,0.0,1,1.0,[0 0 0 0 0 0 0 0],0.0,00 00 00 00 00 00 00 00,0x065,00000004
321.358451,9.0,102,0.0,6,6.0,[  3 191 199  50  84  45   0   0],0.0,03 BF C7 32 54 2D 00 00,0x066,00000004
321.5563,9.0,101,0.0,1,1.0,[0 0 0 0 0 0 0 0],0.0,00 00 00 00 00 00 00 00,0x065,00000004
321.556301,9.0,102,0.0,6,6.0,[  3 135 200  50  84  45   0   0],0.0,03 87 C8 32 54 2D 00 00,0x066,00000004
321.55895,9.0,111,0.0,8,8.0,[139 220  79  68 255 249 239 127],0.0,8B DC 4F 44 FF F9 EF 7F,0x06F,00000004
321.7543,9.0,101,0.0,1,1.0,[0 0 0 0 0 0 0 0],0.0,00 00 00 00 00 00 00 00,0x065,00000004
321.754301,9.0,102,0.0,6,6.0,[  3  79 201  50  84  45   0   0],0.0,03 4F C9 32 54 2D 00 00,0x066,00000004
321.7545,9.0,111,0.0,8,8.0,[139 220  47  68 255 253 239 127],0.0,8B DC 2F 44 FF FD EF 7F,0x06F,00000004
321.9518,9.0,111,0.0,8,8.0,[139 220  47  68 255 253 239 127],0.0,8B DC 2F 44 FF FD EF 7F,0x06F,00000004
321.95245,9.0,101,0.0,1,1.0,[0 0 0 0 0 0 0 0],0.0,00 00 00 00 00 00 00 00,0x065,00000004
321.952451,9.0,102,0.0,6,6.0,[  3  23 202  50  84  45   0   0],0.0,03 17 CA 32 54 2D 00 00,0x066,00000004
321.95445,9.0,106,0.0,3,3.0,[7 5 0 0 0 0 0 0],0.0,07 05 00 00 00 00 00 00,0x06A,00000004
322.1503,9.0,101,0.0,1,1.0,[0 0 0 0 0 0 0 0],0.0,00 00 00 00 00 00 00 00,0x065,00000004
322.150301,9.0,102,0.0,6,6.0,[  3 223 202  50  84  45   0   0],0.0,03 DF CA 32 54 2D 00 00,0x066,00000004
322.1523,9.0,111,0.0,8,8.0,[139 220  47  68 255 253 239 127],0.0,8B DC 2F 44 FF FD EF 7F,0x06F,00000004
322.34785,9.0,111,0.0,8,8.0,[139 220  79  68 255 253 239 127],0.0,8B DC 4F 44 FF FD EF 7F,0x06F,00000004
322.34845,9.0,101,0.0,1,1.0,[0 0 0 0 0 0 0 0],0.0,00 00 00 00 00 00 00 00,0x065,00000004
322.348451,9.0,102,0.0,6,6.0,[  3 167 203  50  84  45   0   0],0.0,03 A7 CB 32 54 2D 00 00,0x066,00000004
322.54585000000003,9.0,111,0.0,8,8.0,[139 220  47  68 255 249 239 127],0.0,8B DC 2F 44 FF F9 EF 7F,0x06F,00000004
322.54645,9.0,101,0.0,1,1.0,[0 0 0 0 0 0 0 0],0.0,00 00 00 00 00 00 00 00,0x065,00000004
322.546451,9.0,102,0.0,6,6.0,[  3 111 204  50  84  45   0   0],0.0,03 6F CC 32 54 2D 00 00,0x066,00000004
322.74385,9.0,111,0.0,8,8.0,[129 236  79  68 236  13 112 125],0.0,81 EC 4F 44 EC 0D 70 7D,0x06F,00000004
322.74445000000003,9.0,101,0.0,1,1.0,[0 0 0 0 0 0 0 0],0.0,00 00 00 00 00 00 00 00,0x065,00000004
322.744451,9.0,102,0.0,6,6.0,[  3  55 205  50  84  45   0   0],0.0,03 37 CD 32 54 2D 00 00,0x066,00000004
322.94185,9.0,111,0.0,8,8.0,[141 212  47 197 211  21  80 122],0.0,8D D4 2F C5 D3 15 50 7A,0x06F,00000004
322.94245,9.0,101,0.0,1,1.0,[0 0 0 0 0 0 0 0],0.0,00 00 00 00 00 00 00 00,0x065,00000004
322.942451,9.0,102,0.0,6,6.0,[  3 255 205  50  84  45   0   0],0.0,03 FF CD 32 54 2D 00 00,0x066,00000004
322.9451,9.0,106,0.0,3,3.0,[7 5 0 0 0 0 0 0],0.0,07 05 00 00 00 00 00 00,0x06A,00000004
323.1398,9.0,111,0.0,8,8.0,[135 236 111  68 200  13 208 121],0.0,87 EC 6F 44 C8 0D D0 79,0x06F,00000004
323.14045,9.0,101,0.0,1,1.0,[0 0 0 0 0 0 0 0],0.0,00 00 00 00 00 00 00 00,0x065,00000004
323.140451,9.0,102,0.0,6,6.0,[  3 199 206  50  84  45   0   0],0.0,03 C7 CE 32 54 2D 00 00,0x066,00000004
323.3378,9.0,111,0.0,8,8.0,[137 228  47  69 168  25 176 118],0.0,89 E4 2F 45 A8 19 B0 76,0x06F,00000004
323.33845,9.0,101,0.0,1,1.0,[0 0 0 0 0 0 0 0],0.0,00 00 00 00 00 00 00 00,0x065,00000004
323.338451,9.0,102,0.0,6,6.0,[  3 143 207  50  84  45   0   0],0.0,03 8F CF 32 54 2D 00 00,0x066,00000004
323.53585,9.0,111,0.0,8,8.0,[133 252 175  68 142  41 144 115],0.0,85 FC AF 44 8E 29 90 73,0x06F,00000004
323.5365,9.0,101,0.0,1,1.0,[43  0  0  0  0  0  0  0],0.0,2B 00 00 00 00 00 00 00,0x065,00000004
323.536501,9.0,102,0.0,6,6.0,[  3  87 208  50  84  45   0   0],0.0,03 57 D0 32 54 2D 00 00,0x066,00000004
323.536502,9.0,103,0.0,8,8.0,[179  11 138 112  96  51 109  97],0.0,B3 0B 8A 70 60 33 6D 61,0x067,00000004
323.536503,9.0,104,0.0,4,4.0,[249 244  89   0   0   0   0   0],0.0,F9 F4 59 00 00 00 00 00,0x068,00000004
323.536504,9.0,107,0.0,5,5.0,[ 31   2 128 222   0   0   0   0],0.0,1F 02 80 DE 00 00 00 00,0x06B,00000004
323.73385,9.0,111,0.0,8,8.0,[159 236 111 195 168  41  80 118],0.0,9F EC 6F C3 A8 29 50 76,0x06F,00000004
323.7345,9.0,101,0.0,1,1.0,[51  0  0  0  0  0  0  0],0.0,33 00 00 00 00 00 00 00,0x065,00000004
323.734501,9.0,102,0.0,6,6.0,[  3  31 209  50  84  45   0   0],0.0,03 1F D1 32 54 2D 00 00,0x066,00000004
323.734502,9.0,103,0.0,8,8.0,[229  11 138 208  97  51 109  89],0.0,E5 0B 8A D0 61 33 6D 59,0x067,00000004
323.734503,9.0,104,0.0,4,4.0,[  1 245  81   0   0   0   0   0],0.0,01 F5 51 00 00 00 00 00,0x068,00000004
323.734504,9.0,107,0.0,5,5.0,[239   2  32 209   0   0   0   0],0.0,EF 02 20 D1 00 00 00 00,0x06B,00000004
323.93185,9.0,111,0.0,8,8.0,[143 244  15  67 191  29  80 121],0.0,8F F4 0F 43 BF 1D 50 79,0x06F,00000004
323.9325,9.0,101,0.0,1,1.0,[51  0  0  0  0  0  0  0],0.0,33 00 00 00 00 00 00 00,0x065,00000004
323.932501,9.0,102,0.0,6,6.0,[  3 231 209  50  84  45   0   0],0.0,03 E7 D1 32 54 2D 00 00,0x066,00000004
323.932502,9.0,103,0.0,8,8.0,[  1  12 138 144  95  51 109  81],0.0,01 0C 8A 90 5F 33 6D 51,0x067,00000004
323.932503,9.0,104,0.0,4,4.0,[231 244  81   0   0   0   0   0],0.0,E7 F4 51 00 00 00 00 00,0x068,00000004
323.932504,9.0,107,0.0,5,5.0,[ 49   1 192 124   0   0   0   0],0.0,31 01 C0 7C 00 00 00 00,0x06B,00000004
323.93555,9.0,106,0.0,3,3.0,[11  5  0  0  0  0  0  0],0.0,0B 05 00 00 00 00 00 00,0x06A,00000004
324.12985000000003,9.0,111,0.0,8,8.0,[139 236 143 195 200  21 208 121],0.0,8B EC 8F C3 C8 15 D0 79,0x06F,00000004
324.1305,9.0,101,0.0,1,1.0,[51  0  0  0  0  0  0  0],0.0,33 00 00 00 00 00 00 00,0x065,00000004
324.130501,9.0,102,0.0,6,6.0,[  3 175 210  50  84  45   0   0],0.0,03 AF D2 32 54 2D 00 00,0x066,00000004
324.130502,9.0,103,0.0,8,8.0,[ 11  12 138 176  95  51 109  77],0.0,0B 0C 8A B0 5F 33 6D 4D,0x067,00000004
324.13050300000003,9.0,104,0.0,4,4.0,[201 244  73   0   0   0   0   0],0.0,C9 F4 49 00 00 00 00 00,0x068,00000004
324.13050400000003,9.0,107,0.0,5,5.0,[ 91   0 224  71   0   0   0   0],0.0,5B 00 E0 47 00 00 00 00,0x06B,00000004
324.32785,9.0,111,0.0,8,8.0,[139 204  15 197 190  21 112 121],0.0,8B CC 0F C5 BE 15 70 79,0x06F,00000004
324.3285,9.0,101,0.0,1,1.0,[51  0  0  0  0  0  0  0],0.0,33 00 00 00 00 00 00 00,0x065,00000004
324.328501,9.0,102,0.0,6,6.0,[  3 119 211  50  84  45   0   0],0.0,03 77 D3 32 54 2D 00 00,0x066,00000004
324.328502,9.0,103,0.0,8,8.0,[ 27  12 138 240  95  51 109  73],0.0,1B 0C 8A F0 5F 33 6D 49,0x067,00000004
324.328503,9.0,104,0.0,4,4.0,[195 244  73   0   0   0   0   0],0.0,C3 F4 49 00 00 00 00 00,0x068,00000004
324.328504,9.0,107,0.0,5,5.0,[189   1 160  73   0   0   0   0],0.0,BD 01 A0 49 00 00 00 00,0x06B,00000004
324.52585,9.0,111,0.0,8,8.0,[155 212  15  67 201  25 176 122],0.0,9B D4 0F 43 C9 19 B0 7A,0x06F,00000004
324.52675,9.0,101,0.0,1,1.0,[59  0  0  0  0  0  0  0],0.0,3B 00 00 00 00 00 00 00,0x065,00000004
324.526751,9.0,102,0.0,6,6.0,[  3  63 212  50  84  45   0   0],0.0,03 3F D4 32 54 2D 00 00,0x066,00000004
324.526752,9.0,103,0.0,8,8.0,[ 35  12 138  80  94  51 109  65],0.0,23 0C 8A 50 5E 33 6D 41,0x067,00000004
324.526753,9.0,104,0.0,4,4.0,[201 244  65   0   0   0   0   0],0.0,C9 F4 41 00 00 00 00 00,0x068,00000004
324.526754,9.0,107,0.0,5,5.0,[195   0  32  72   0   0   0   0],0.0,C3 00 20 48 00 00 00 00,0x06B,00000004
324.72385,9.0,111,0.0,8,8.0,[159 188  47 196  39 242  47 132],0.0,9F BC 2F C4 27 F2 2F 84,0x06F,00000004
324.72450000000003,9.0,101,0.0,1,1.0,[59  0  0  0  0  0  0  0],0.0,3B 00 00 00 00 00 00 00,0x065,00000004
324.72450100000003,9.0,102,0.0,6,6.0,[  3   7 213  50  84  45   0   0],0.0,03 07 D5 32 54 2D 00 00,0x066,00000004
324.72450200000003,9.0,103,0.0,8,8.0,[ 37  12 138  48  92  51 109  61],0.0,25 0C 8A 30 5C 33 6D 3D,0x067,00000004
324.724503,9.0,104,0.0,4,4.0,[221 244  65   0   0   0   0   0],0.0,DD F4 41 00 00 00 00 00,0x068,00000004
324.724504,9.0,107,0.0,5,5.0,[ 37   2 160  57   0   0   0   0],0.0,25 02 A0 39 00 00 00 00,0x06B,00000004
324.92185,9.0,111,0.0,8,8.0,[151 188 111  68  40 254  47 133],0.0,97 BC 6F 44 28 FE 2F 85,0x06F,00000004
324.9225,9.0,101,0.0,1,1.0,[59  0  0  0  0  0  0  0],0.0,3B 00 00 00 00 00 00 00,0x065,00000004
324.922501,9.0,102,0.0,6,6.0,[  3 207 213  50  84  45   0   0],0.0,03 CF D5 32 54 2D 00 00,0x066,00000004
324.922502,9.0,103,0.0,8,8.0,[ 37  12 138 112  90  51 109  57],0.0,25 0C 8A 70 5A 33 6D 39,0x067,00000004
324.922503,9.0,104,0.0,4,4.0,[213 244  65   0   0   0   0   0],0.0,D5 F4 41 00 00 00 00 00,0x068,00000004
324.922504,9.0,107,0.0,5,5.0,[237   1  96  54   0   0   0   0],0.0,ED 01 60 36 00 00 00 00,0x06B,00000004
324.92555,9.0,106,0.0,3,3.0,[11  5  0  0  0  0  0  0],0.0,0B 05 00 00 00 00 00 00,0x06A,00000004
325.11985,9.0,111,0.0,8,8.0,[121 212 175 196   8 254 207 128],0.0,79 D4 AF C4 08 FE CF 80,0x06F,00000004
325.12065,9.0,101,0.0,1,1.0,[59  0  0  0  0  0  0  0],0.0,3B 00 00 00 00 00 00 00,0x065,00000004
325.120651,9.0,102,0.0,6,6.0,[  3 151 214  50  84  45   0   0],0.0,03 97 D6 32 54 2D 00 00,0x066,00000004
325.120652,9.0,103,0.0,8,8.0,[ 29  12 138 144  88  51 109  49],0.0,1D 0C 8A 90 58 33 6D 31,0x067,00000004
325.120653,9.0,104,0.0,4,4.0,[209 244  57   0   0   0   0   0],0.0,D1 F4 39 00 00 00 00 00,0x068,00000004
325.120654,9.0,107,0.0,5,5.0,[147   1   0  66   0   0   0   0],0.0,93 01 00 42 00 00 00 00,0x06B,00000004
325.31785,9.0,111,0.0,8,8.0,[141 196  15 197 241 253 143 126],0.0,8D C4 0F C5 F1 FD 8F 7E,0x06F,00000004
325.31865,9.0,101,0.0,1,1.0,[59  0  0  0  0  0  0  0],0.0,3B 00 00 00 00 00 00 00,0x065,00000004
325.318651,9.0,102,0.0,6,6.0,[  3  95 215  50  84  45   0   0],0.0,03 5F D7 32 54 2D 00 00,0x066,00000004
325.318652,9.0,103,0.0,8,8.0,[ 23  12 138 144  86  51 109  49],0.0,17 0C 8A 90 56 33 6D 31,0x067,00000004
325.318653,9.0,104,0.0,4,4.0,[205 244  57   0   0   0   0   0],0.0,CD F4 39 00 00 00 00 00,0x068,00000004
325.318654,9.0,107,0.0,5,5.0,[101   1 160  65   0   0   0   0],0.0,65 01 A0 41 00 00 00 00,0x06B,00000004
325.51585,9.0,111,0.0,8,8.0,[133 204 111 196 229   9  80 125],0.0,85 CC 6F C4 E5 09 50 7D,0x06F,00000004
325.5165,9.0,101,0.0,1,1.0,[59  0  0  0  0  0  0  0],0.0,3B 00 00 00 00 00 00 00,0x065,00000004
325.516501,9.0,102,0.0,6,6.0,[  3  39 216  50  84  45   0   0],0.0,03 27 D8 32 54 2D 00 00,0x066,00000004
325.516502,9.0,103,0.0,8,8.0,[ 15  12 138  48  85  51 109  45],0.0,0F 0C 8A 30 55 33 6D 2D,0x067,00000004
325.516503,9.0,104,0.0,4,4.0,[201 244  57   0   0   0   0   0],0.0,C9 F4 39 00 00 00 00 00,0x068,00000004
325.516504,9.0,107,0.0,5,5.0,[159   2 128  66   0   0   0   0],0.0,9F 02 80 42 00 00 00 00,0x06B,00000004
325.71385,9.0,111,0.0,8,8.0,[149 212  47 195 233   1  80 125],0.0,95 D4 2F C3 E9 01 50 7D,0x06F,00000004
325.7154,9.0,101,0.0,1,1.0,[51  0  0  0  0  0  0  0],0.0,33 00 00 00 00 00 00 00,0x065,00000004
325.715401,9.0,102,0.0,6,6.0,[  3 239 216  50  84  45   0   0],0.0,03 EF D8 32 54 2D 00 00,0x066,00000004
325.715402,9.0,103,0.0,8,8.0,[ 15  12 138  16  84  51 109  45],0.0,0F 0C 8A 10 54 33 6D 2D,0x067,00000004
325.715403,9.0,104,0.0,4,4.0,[199 244  57   0   0   0   0   0],0.0,C7 F4 39 00 00 00 00 00,0x068,00000004
325.715404,9.0,107,0.0,5,5.0,[  3   2 224  66   0   0   0   0],0.0,03 02 E0 42 00 00 00 00,0x06B,00000004
325.91185,9.0,111,0.0,8,8.0,[145 204  15 196  15 250 207 129],0.0,91 CC 0F C4 0F FA CF 81,0x06F,00000004
325.9125,9.0,101,0.0,1,1.0,[51  0  0  0  0  0  0  0],0.0,33 00 00 00 00 00 00 00,0x065,00000004
325.912501,9.0,102,0.0,6,6.0,[  3 183 217  50  84  45   0   0],0.0,03 B7 D9 32 54 2D 00 00,0x066,00000004
325.912502,9.0,103,0.0,8,8.0,[ 15  12 138  16  83  51 109  45],0.0,0F 0C 8A 10 53 33 6D 2D,0x067,00000004
325.912503,9.0,104,0.0,4,4.0,[193 244  57   0   0   0   0   0],0.0,C1 F4 39 00 00 00 00 00,0x068,00000004
325.912504,9.0,107,0.0,5,5.0,[125   1 224  64   0   0   0   0],0.0,7D 01 E0 40 00 00 00 00,0x06B,00000004
325.9155,9.0,106,0.0,3,3.0,[11  5  0  0  0  0  0  0],0.0,0B 05 00 00 00 00 00 00,0x06A,00000004
326.10985,9.0,111,0.0,8,8.0,[135 196  79 196  10 254  47 129],0.0,87 C4 4F C4 0A FE 2F 81,0x06F,00000004
326.1105,9.0,101,0.0,1,1.0,[51  0  0  0  0  0  0  0],0.0,33 00 00 00 00 00 00 00,0x065,00000004
326.110501,9.0,102,0.0,6,6.0,[  3 127 218  50  84  45   0   0],0.0,03 7F DA 32 54 2D 00 00,0x066,00000004
326.110502,9.0,103,0.0,8,8.0,[ 19  12 138 208  81  51 109  41],0.0,13 0C 8A D0 51 33 6D 29,0x067,00000004
326.110503,9.0,104,0.0,4,4.0,[199 244  57   0   0   0   0   0],0.0,C7 F4 39 00 00 00 00 00,0x068,00000004
326.110504,9.0,107,0.0,5,5.0,[119   1   0  69   0   0   0   0],0.0,77 01 00 45 00 00 00 00,0x06B,00000004
326.3079,9.0,111,0.0,8,8.0,[135 196 111  68 245 249 207 126],0.0,87 C4 6F 44 F5 F9 CF 7E,0x06F,00000004
326.30865,9.0,101,0.0,1,1.0,[51  0  0  0  0  0  0  0],0.0,33 00 00 00 00 00 00 00,0x065,00000004
326.308651,9.0,102,0.0,6,6.0,[  3  71 219  50  84  45   0   0],0.0,03 47 DB 32 54 2D 00 00,0x066,00000004
326.308652,9.0,103,0.0,8,8.0,[ 27  12 138 208  80  51 109  41],0.0,1B 0C 8A D0 50 33 6D 29,0x067,00000004
326.308653,9.0,104,0.0,4,4.0,[205 244  57   0   0   0   0   0],0.0,CD F4 39 00 00 00 00 00,0x068,00000004
326.308654,9.0,107,0.0,5,5.0,[ 15   2 160  76   0   0   0   0],0.0,0F 02 A0 4C 00 00 00 00,0x06B,00000004
326.5059,9.0,111,0.0,8,8.0,[143 204 239  67 250 253  79 127],0.0,8F CC EF 43 FA FD 4F 7F,0x06F,00000004
326.50665,9.0,101,0.0,1,1.0,[51  0  0  0  0  0  0  0],0.0,33 00 00 00 00 00 00 00,0x065,00000004
326.50665100000003,9.0,102,0.0,6,6.0,[  3  15 220  50  84  45   0   0],0.0,03 0F DC 32 54 2D 00 00,0x066,00000004
326.50665200000003,9.0,103,0.0,8,8.0,[ 31  12 138 208  79  51 109  41],0.0,1F 0C 8A D0 4F 33 6D 29,0x067,00000004
326.50665300000003,9.0,104,0.0,4,4.0,[205 244  57   0   0   0   0   0],0.0,CD F4 39 00 00 00 00 00,0x068,00000004
326.506654,9.0,107,0.0,5,5.0,[ 5  1  0 65  0  0  0  0],0.0,05 01 00 41 00 00 00 00,0x06B,00000004
326.70390000000003,9.0,111,0.0,8,8.0,[145 204 239  67   0   2  80 128],0.0,91 CC EF 43 00 02 50 80,0x06F,00000004
326.70465,9.0,101,0.0,1,1.0,[51  0  0  0  0  0  0  0],0.0,33 00 00 00 00 00 00 00,0x065,00000004
326.704651,9.0,102,0.0,6,6.0,[  3 215 220  50  84  45   0   0],0.0,03 D7 DC 32 54 2D 00 00,0x066,00000004
326.704652,9.0,103,0.0,8,8.0,[ 33  12 138  16  79  51 109  41],0.0,21 0C 8A 10 4F 33 6D 29,0x067,00000004
326.704653,9.0,104,0.0,4,4.0,[209 244  57   0   0   0   0   0],0.0,D1 F4 39 00 00 00 00 00,0x068,00000004
326.704654,9.0,107,0.0,5,5.0,[157   2   0  71   0   0   0   0],0.0,9D 02 00 47 00 00 00 00,0x06B,00000004
326.9019,9.0,111,0.0,8,8.0,[139 204  15 196   2 254  47 128],0.0,8B CC 0F C4 02 FE 2F 80,0x06F,00000004
326.90275,9.0,101,0.0,1,1.0,[51  0  0  0  0  0  0  0],0.0,33 00 00 00 00 00 00 00,0x065,00000004
326.902751,9.0,102,0.0,6,6.0,[  3 159 221  50  84  45   0   0],0.0,03 9F DD 32 54 2D 00 00,0x066,00000004
326.902752,9.0,103,0.0,8,8.0,[ 35  12 138  16  78  51 109  37],0.0,23 0C 8A 10 4E 33 6D 25,0x067,00000004
326.902753,9.0,104,0.0,4,4.0,[213 244  57   0   0   0   0   0],0.0,D5 F4 39 00 00 00 00 00,0x068,00000004
326.902754,9.0,107,0.0,5,5.0,[203   1 192  66   0   0   0   0],0.0,CB 01 C0 42 00 00 00 00,0x06B,00000004
326.90500000000003,9.0,106,0.0,3,3.0,[13  5  0  0  0  0  0  0],0.0,0D 05 00 00 00 00 00 00,0x06A,00000004
327.0999,9.0,111,0.0,8,8.0,[139 204  47  68   1 254 239 127],0.0,8B CC 2F 44 01 FE EF 7F,0x06F,00000004
327.1014,9.0,101,0.0,1,1.0,[51  0  0  0  0  0  0  0],0.0,33 00 00 00 00 00 00 00,0x065,00000004
327.101401,9.0,102,0.0,6,6.0,[  3 103 222  50  84  45   0   0],0.0,03 67 DE 32 54 2D 00 00,0x066,00000004
327.101402,9.0,103,0.0,8,8.0,[ 37  12 138 208  77  51 109  37],0.0,25 0C 8A D0 4D 33 6D 25,0x067,00000004
327.101403,9.0,104,0.0,4,4.0,[203 244  57   0   0   0   0   0],0.0,CB F4 39 00 00 00 00 00,0x068,00000004
327.101404,9.0,107,0.0,5,5.0,[147   3 224  71   0   0   0   0],0.0,93 03 E0 47 00 00 00 00,0x06B,00000004
327.2979,9.0,111,0.0,8,8.0,[141 196  15  68 255 249 239 127],0.0,8D C4 0F 44 FF F9 EF 7F,0x06F,00000004
327.2985,9.0,101,0.0,1,1.0,[51  0  0  0  0  0  0  0],0.0,33 00 00 00 00 00 00 00,0x065,00000004
327.298501,9.0,102,0.0,6,6.0,[  3  47 223  50  84  45   0   0],0.0,03 2F DF 32 54 2D 00 00,0x066,00000004
327.298502,9.0,103,0.0,8,8.0,[ 41  12 138  48  77  51 109  37],0.0,29 0C 8A 30 4D 33 6D 25,0x067,00000004
327.298503,9.0,104,0.0,4,4.0,[207 244  57   0   0   0   0   0],0.0,CF F4 39 00 00 00 00 00,0x068,00000004
327.298504,9.0,107,0.0,5,5.0,[119   3 224  74   0   0   0   0],0.0,77 03 E0 4A 00 00 00 00,0x06B,00000004
327.49585,9.0,111,0.0,8,8.0,[159 196  15  68 249  85 112 130],0.0,9F C4 0F 44 F9 55 70 82,0x06F,00000004
327.49665,9.0,101,0.0,1,1.0,[51  0  0  0  0  0  0  0],0.0,33 00 00 00 00 00 00 00,0x065,00000004
327.496651,9.0,102,0.0,6,6.0,[  3 247 223  50  84  45   0   0],0.0,03 F7 DF 32 54 2D 00 00,0x066,00000004
327.496652,9.0,103,0.0,8,8.0,[ 45  12 138 176  76  51 109  37],0.0,2D 0C 8A B0 4C 33 6D 25,0x067,00000004
327.496653,9.0,104,0.0,4,4.0,[205 244  49   0   0   0   0   0],0.0,CD F4 31 00 00 00 00 00,0x068,00000004
327.496654,9.0,107,0.0,5,5.0,[  3   3 224  81   0   0   0   0],0.0,03 03 E0 51 00 00 00 00,0x06B,00000004
327.6939,9.0,111,0.0,8,8.0,[159  20 144  67   5  26 113 136],0.0,9F 14 90 43 05 1A 71 88,0x06F,00000004
327.69465,9.0,101,0.0,1,1.0,[51  0  0  0  0  0  0  0],0.0,33 00 00 00 00 00 00 00,0x065,00000004
327.694651,9.0,102,0.0,6,6.0,[  3 191 224  50  84  45   0   0],0.0,03 BF E0 32 54 2D 00 00,0x066,00000004
327.694652,9.0,103,0.0,8,8.0,[ 51  12 138  80  76  51 109  37],0.0,33 0C 8A 50 4C 33 6D 25,0x067,00000004
327.694653,9.0,104,0.0,4,4.0,[207 244  49   0   0   0   0   0],0.0,CF F4 31 00 00 00 00 00,0x068,00000004
327.694654,9.0,107,0.0,5,5.0,[  5   5 128  90   0   0   0   0],0.0,05 05 80 5A 00 00 00 00,0x06B,00000004
327.8919,9.0,111,0.0,8,8.0,[131  52 111  65  41 118 197 143],0.0,83 34 6F 41 29 76 C5 8F,0x06F,00000004
327.8929,9.0,101,0.0,1,1.0,[43  0  0  0  0  0  0  0],0.0,2B 00 00 00 00 00 00 00,0x065,00000004
327.892901,9.0,102,0.0,6,6.0,[  3 135 225  50  84  45   0   0],0.0,03 87 E1 32 54 2D 00 00,0x066,00000004
327.892902,9.0,103,0.0,8,8.0,[ 55  12 138 176  75  51 109  37],0.0,37 0C 8A B0 4B 33 6D 25,0x067,00000004
327.892903,9.0,104,0.0,4,4.0,[211 244  49   0   0   0   0   0],0.0,D3 F4 31 00 00 00 00 00,0x068,00000004
327.892904,9.0,107,0.0,5,5.0,[111   3 192  96   0   0   0   0],0.0,6F 03 C0 60 00 00 00 00,0x06B,00000004
327.89515,9.0,106,0.0,3,3.0,[13  5  0  0  0  0  0  0],0.0,0D 05 00 00 00 00 00 00,0x06A,00000004
328.0899,9.0,111,0.0,8,8.0,[127   4  79  66 245   0  64 136],0.0,7F 04 4F 42 F5 00 40 88,0x06F,00000004
328.09075,9.0,101,0.0,1,1.0,[43  0  0  0  0  0  0  0],0.0,2B 00 00 00 00 00 00 00,0x065,00000004
328.090751,9.0,102,0.0,6,6.0,[  3  79 226  50  84  45   0   0],0.0,03 4F E2 32 54 2D 00 00,0x066,00000004
328.090752,9.0,103,0.0,8,8.0,[ 55  12 138  16  75  51 109  37],0.0,37 0C 8A 10 4B 33 6D 25,0x067,00000004
328.090753,9.0,104,0.0,4,4.0,[217 244  49   0   0   0   0   0],0.0,D9 F4 31 00 00 00 00 00,0x068,00000004
328.090754,9.0,107,0.0,5,5.0,[169   6  32  71   0   0   0   0],0.0,A9 06 20 47 00 00 00 00,0x06B,00000004
328.2879,9.0,111,0.0,8,8.0,[105 228 175 183 102  61  14 142],0.0,69 E4 AF B7 66 3D 0E 8E,0x06F,00000004
328.28875,9.0,101,0.0,1,1.0,[51  0  0  0  0  0  0  0],0.0,33 00 00 00 00 00 00 00,0x065,00000004
328.288751,9.0,102,0.0,6,6.0,[  3  23 227  50  84  45   0   0],0.0,03 17 E3 32 54 2D 00 00,0x066,00000004
328.288752,9.0,103,0.0,8,8.0,[ 57  12 138 176  74  51 109  33],0.0,39 0C 8A B0 4A 33 6D 21,0x067,00000004
328.288753,9.0,104,0.0,4,4.0,[223 244  49   0   0   0   0   0],0.0,DF F4 31 00 00 00 00 00,0x068,00000004
328.288754,9.0,107,0.0,5,5.0,[233   3 160  66   0   0   0   0],0.0,E9 03 A0 42 00 00 00 00,0x06B,00000004
328.4859,9.0,111,0.0,8,8.0,[ 91 236  15 186 111 221 199 137],0.0,5B EC 0F BA 6F DD C7 89,0x06F,00000004
328.4868,9.0,101,0.0,1,1.0,[59  0  0  0  0  0  0  0],0.0,3B 00 00 00 00 00 00 00,0x065,00000004
328.486801,9.0,102,0.0,6,6.0,[  3 223 227  50  84  45   0   0],0.0,03 DF E3 32 54 2D 00 00,0x066,00000004
328.486802,9.0,103,0.0,8,8.0,[ 55  12 138  48  74  51 109  33],0.0,37 0C 8A 30 4A 33 6D 21,0x067,00000004
328.486803,9.0,104,0.0,4,4.0,[225 244  49   0   0   0   0   0],0.0,E1 F4 31 00 00 00 00 00,0x068,00000004
328.486804,9.0,107,0.0,5,5.0,[107   3  96  86   0   0   0   0],0.0,6B 03 60 56 00 00 00 00,0x06B,00000004
328.6839,9.0,111,0.0,8,8.0,[ 65 204 239 185  13 146 178 157],0.0,41 CC EF B9 0D 92 B2 9D,0x06F,00000004
328.6847,9.0,101,0.0,1,1.0,[51  0  0  0  0  0  0  0],0.0,33 00 00 00 00 00 00 00,0x065,00000004
328.684701,9.0,102,0.0,6,6.0,[  3 167 228  50  84  45   0   0],0.0,03 A7 E4 32 54 2D 00 00,0x066,00000004
328.684702,9.0,103,0.0,8,8.0,[ 61  12 138 112  74  51 109  33],0.0,3D 0C 8A 70 4A 33 6D 21,0x067,00000004
328.684703,9.0,104,0.0,4,4.0,[225 244  49   0   0   0   0   0],0.0,E1 F4 31 00 00 00 00 00,0x068,00000004
328.684704,9.0,107,0.0,5,5.0,[ 3  2  0 99  0  0  0  0],0.0,03 02 00 63 00 00 00 00,0x06B,00000004
328.88190000000003,9.0,111,0.0,8,8.0,[ 67 132  15 183 212 213 144 145],0.0,43 84 0F B7 D4 D5 90 91,0x06F,00000004
328.88335,9.0,101,0.0,1,1.0,[51  0  0  0  0  0  0  0],0.0,33 00 00 00 00 00 00 00,0x065,00000004
328.883351,9.0,102,0.0,6,6.0,[  3 111 229  50  84  45   0   0],0.0,03 6F E5 32 54 2D 00 00,0x066,00000004
328.883352,9.0,103,0.0,8,8.0,[ 65  12 138 208  74  51 109  33],0.0,41 0C 8A D0 4A 33 6D 21,0x067,00000004
328.883353,9.0,104,0.0,4,4.0,[221 244  49   0   0   0   0   0],0.0,DD F4 31 00 00 00 00 00,0x068,00000004
328.883354,9.0,107,0.0,5,5.0,[ 95   1 192  85   0   0   0   0],0.0,5F 01 C0 55 00 00 00 00,0x06B,00000004
328.88565,9.0,106,0.0,3,3.0,[15  5  0  0  0  0  0  0],0.0,0F 05 00 00 00 00 00 00,0x06A,00000004
329.0799,9.0,111,0.0,8,8.0,[ 97 164 175 184 223  49 112 148],0.0,61 A4 AF B8 DF 31 70 94,0x06F,00000004
329.0809,9.0,101,0.0,1,1.0,[51  0  0  0  0  0  0  0],0.0,33 00 00 00 00 00 00 00,0x065,00000004
329.080901,9.0,102,0.0,6,6.0,[  3  55 230  50  84  45   0   0],0.0,03 37 E6 32 54 2D 00 00,0x066,00000004
329.080902,9.0,103,0.0,8,8.0,[ 71  12 138  48  75  51 109  33],0.0,47 0C 8A 30 4B 33 6D 21,0x067,00000004
329.080903,9.0,104,0.0,4,4.0,[217 244  49   0   0   0   0   0],0.0,D9 F4 31 00 00 00 00 00,0x068,00000004
329.08090400000003,9.0,107,0.0,5,5.0,[13  1 64 54  0  0  0  0],0.0,0D 01 40 36 00 00 00 00,0x06B,00000004
329.2779,9.0,111,0.0,8,8.0,[ 21  60 111  56 200  41 111 129],0.0,15 3C 6F 38 C8 29 6F 81,0x06F,00000004
329.27875,9.0,101,0.0,1,1.0,[51  0  0  0  0  0  0  0],0.0,33 00 00 00 00 00 00 00,0x065,00000004
329.278751,9.0,102,0.0,6,6.0,[  3 255 230  50  84  45   0   0],0.0,03 FF E6 32 54 2D 00 00,0x066,00000004
329.278752,9.0,103,0.0,8,8.0,[ 77  12 138 112  75  51 109  33],0.0,4D 0C 8A 70 4B 33 6D 21,0x067,00000004
329.278753,9.0,104,0.0,4,4.0,[215 244  49   0   0   0   0   0],0.0,D7 F4 31 00 00 00 00 00,0x068,00000004
329.278754,9.0,107,0.0,5,5.0,[183   0   0  56   0   0   0   0],0.0,B7 00 00 38 00 00 00 00,0x06B,00000004
329.4759,9.0,111,0.0,8,8.0,[ 33  20  48  55 160 145 240  88],0.0,21 14 30 37 A0 91 F0 58,0x06F,00000004
329.47675,9.0,101,0.0,1,1.0,[51  0  0  0  0  0  0  0],0.0,33 00 00 00 00 00 00 00,0x065,00000004
329.476751,9.0,102,0.0,6,6.0,[  3 199 231  50  84  45   0   0],0.0,03 C7 E7 32 54 2D 00 00,0x066,00000004
329.47675200000003,9.0,103,0.0,8,8.0,[ 77  12 138  48  76  51 109  33],0.0,4D 0C 8A 30 4C 33 6D 21,0x067,00000004
329.47675300000003,9.0,104,0.0,4,4.0,[205 244  49   0   0   0   0   0],0.0,CD F4 31 00 00 00 00 00,0x068,00000004
329.476754,9.0,107,0.0,5,5.0,[139   3   0  78   0   0   0   0],0.0,8B 03 00 4E 00 00 00 00,0x06B,00000004
329.6739,9.0,111,0.0,8,8.0,[ 55 188  15  56 232  53  16 117],0.0,37 BC 0F 38 E8 35 10 75,0x06F,00000004
329.6749,9.0,101,0.0,1,1.0,[51  0  0  0  0  0  0  0],0.0,33 00 00 00 00 00 00 00,0x065,00000004
329.67490100000003,9.0,102,0.0,6,6.0,[  3 143 232  50  84  45   0   0],0.0,03 8F E8 32 54 2D 00 00,0x066,00000004
329.67490200000003,9.0,103,0.0,8,8.0,[ 79  12 138  48  76  51 109  33],0.0,4F 0C 8A 30 4C 33 6D 21,0x067,00000004
329.67490300000003,9.0,104,0.0,4,4.0,[203 244  49   0   0   0   0   0],0.0,CB F4 31 00 00 00 00 00,0x068,00000004
329.674904,9.0,107,0.0,5,5.0,[141   2   0  67   0   0   0   0],0.0,8D 02 00 43 00 00 00 00,0x06B,00000004
329.8719,9.0,111,0.0,8,8.0,[ 81  36 176  56  18 238  79 113],0.0,51 24 B0 38 12 EE 4F 71,0x06F,00000004
329.8727,9.0,101,0.0,1,1.0,[0 0 0 0 0 0 0 0],0.0,00 00 00 00 00 00 00 00,0x065,00000004
329.872701,9.0,102,0.0,6,6.0,[  3  87 233  50  84  45   0   0],0.0,03 57 E9 32 54 2D 00 00,0x066,00000004
329.87535,9.0,106,0.0,3,3.0,[15  5  0  0  0  0  0  0],0.0,0F 05 00 00 00 00 00 00,0x06A,00000004
330.0699,9.0,111,0.0,8,8.0,[ 87  76 208  54  51 166  80 146],0.0,57 4C D0 36 33 A6 50 92,0x06F,00000004
330.0707,9.0,101,0.0,1,1.0,[0 0 0 0 0 0 0 0],0.0,00 00 00 00 00 00 00 00,0x065,00000004
330.070701,9.0,102,0.0,6,6.0,[  3  31 234  50  84  45   0   0],0.0,03 1F EA 32 54 2D 00 00,0x066,00000004
330.2679,9.0,111,0.0,8,8.0,[ 71  12  47 184  19 246  16 165],0.0,47 0C 2F B8 13 F6 10 A5,0x06F,00000004
330.26890000000003,9.0,101,0.0,1,1.0,[0 0 0 0 0 0 0 0],0.0,00 00 00 00 00 00 00 00,0x065,00000004
330.268901,9.0,102,0.0,6,6.0,[  3 231 234  50  84  45   0   0],0.0,03 E7 EA 32 54 2D 00 00,0x066,00000004
330.46595,9.0,111,0.0,8,8.0,[109 204 239  56   5  14 177 144],0.0,6D CC EF 38 05 0E B1 90,0x06F,00000004
330.4669,9.0,101,0.0,1,1.0,[0 0 0 0 0 0 0 0],0.0,00 00 00 00 00 00 00 00,0x065,00000004
330.466901,9.0,102,0.0,6,6.0,[  3 175 235  50  84  45   0   0],0.0,03 AF EB 32 54 2D 00 00,0x066,00000004
330.66395,9.0,111,0.0,8,8.0,[ 67  36 175 183  55  58 112 128],0.0,43 24 AF B7 37 3A 70 80,0x06F,00000004
330.66545,9.0,101,0.0,1,1.0,[0 0 0 0 0 0 0 0],0.0,00 00 00 00 00 00 00 00,0x065,00000004
330.665451,9.0,102,0.0,6,6.0,[  3 119 236  50  84  45   0   0],0.0,03 77 EC 32 54 2D 00 00,0x066,00000004
330.86195,9.0,111,0.0,8,8.0,[ 65  84  15 183 235  73 239 127],0.0,41 54 0F B7 EB 49 EF 7F,0x06F,00000004
330.86295,9.0,101,0.0,1,1.0,[0 0 0 0 0 0 0 0],0.0,00 00 00 00 00 00 00 00,0x065,00000004
330.862951,9.0,102,0.0,6,6.0,[  3  63 237  50  84  45   0   0],0.0,03 3F ED 32 54 2D 00 00,0x066,00000004
330.86485,9.0,106,0.0,3,3.0,[15  5  0  0  0  0  0  0],0.0,0F 05 00 00 00 00 00 00,0x06A,00000004
331.05995,9.0,111,0.0,8,8.0,[ 69 100  47 186 221  93 241 122],0.0,45 64 2F BA DD 5D F1 7A,0x06F,00000004
331.06095,9.0,101,0.0,1,1.0,[0 0 0 0 0 0 0 0],0.0,00 00 00 00 00 00 00 00,0x065,00000004
331.060951,9.0,102,0.0,6,6.0,[  3   7 238  50  84  45   0   0],0.0,03 07 EE 32 54 2D 00 00,0x066,00000004
331.25795,9.0,111,0.0,8,8.0,[ 95 100  15 183 217 125 238 118],0.0,5F 64 0F B7 D9 7D EE 76,0x06F,00000004
331.25870000000003,9.0,101,0.0,1,1.0,[0 0 0 0 0 0 0 0],0.0,00 00 00 00 00 00 00 00,0x065,00000004
331.25870100000003,9.0,102,0.0,6,6.0,[  3 207 238  50  84  45   0   0],0.0,03 CF EE 32 54 2D 00 00,0x066,00000004
331.45595000000003,9.0,111,0.0,8,8.0,[ 79 172 207  53 229  57 112 134],0.0,4F AC CF 35 E5 39 70 86,0x06F,00000004
331.45695,9.0,101,0.0,1,1.0,[0 0 0 0 0 0 0 0],0.0,00 00 00 00 00 00 00 00,0x065,00000004
331.456951,9.0,102,0.0,6,6.0,[  3 151 239  50  84  45   0   0],0.0,03 97 EF 32 54 2D 00 00,0x066,00000004
331.6539,9.0,111,0.0,8,8.0,[ 99 156 239 182   9  86  47 115],0.0,63 9C EF B6 09 56 2F 73,0x06F,00000004
331.65495,9.0,101,0.0,1,1.0,[0 0 0 0 0 0 0 0],0.0,00 00 00 00 00 00 00 00,0x065,00000004
331.654951,9.0,102,0.0,6,6.0,[  3  95 240  50  84  45   0   0],0.0,03 5F F0 32 54 2D 00 00,0x066,00000004
331.8519,9.0,111,0.0,8,8.0,[ 87 180 111 184   7  78  16 134],0.0,57 B4 6F B8 07 4E 10 86,0x06F,00000004
331.85295,9.0,101,0.0,1,1.0,[0 0 0 0 0 0 0 0],0.0,00 00 00 00 00 00 00 00,0x065,00000004
331.852951,9.0,102,0.0,6,6.0,[  3  39 241  50  84  45   0   0],0.0,03 27 F1 32 54 2D 00 00,0x066,00000004
331.85485,9.0,106,0.0,3,3.0,[15  5  0  0  0  0  0  0],0.0,0F 05 00 00 00 00 00 00,0x06A,00000004
332.04995,9.0,111,0.0,8,8.0,[ 93 140  47  57 244 109  18 127],0.0,5D 8C 2F 39 F4 6D 12 7F,0x06F,00000004
332.05095,9.0,101,0.0,1,1.0,[0 0 0 0 0 0 0 0],0.0,00 00 00 00 00 00 00 00,0x065,00000004
332.050951,9.0,102,0.0,6,6.0,[  3 239 241  50  84  45   0   0],0.0,03 EF F1 32 54 2D 00 00,0x066,00000004
332.24795,9.0,111,0.0,8,8.0,[ 97 140 143  55 255 109 109 128],0.0,61 8C 8F 37 FF 6D 6D 80,0x06F,00000004
332.24895,9.0,101,0.0,1,1.0,[0 0 0 0 0 0 0 0],0.0,00 00 00 00 00 00 00 00,0x065,00000004
332.24895100000003,9.0,102,0.0,6,6.0,[  3 183 242  50  84  45   0   0],0.0,03 B7 F2 32 54 2D 00 00,0x066,00000004
332.44595,9.0,111,0.0,8,8.0,[119 236 175  53 253  17 142 119],0.0,77 EC AF 35 FD 11 8E 77,0x06F,00000004
332.44675,9.0,101,0.0,1,1.0,[0 0 0 0 0 0 0 0],0.0,00 00 00 00 00 00 00 00,0x065,00000004
332.446751,9.0,102,0.0,6,6.0,[  3 127 243  50  84  45   0   0],0.0,03 7F F3 32 54 2D 00 00,0x066,00000004
332.64395,9.0,111,0.0,8,8.0,[ 79 132 111  57  45  98 209 133],0.0,4F 84 6F 39 2D 62 D1 85,0x06F,00000004
332.64495,9.0,101,0.0,1,1.0,[0 0 0 0 0 0 0 0],0.0,00 00 00 00 00 00 00 00,0x065,00000004
332.644951,9.0,102,0.0,6,6.0,[  3  71 244  50  84  45   0   0],0.0,03 47 F4 32 54 2D 00 00,0x066,00000004
332.84195,9.0,111,0.0,8,8.0,[ 87 172 239  54  32 106 141 122],0.0,57 AC EF 36 20 6A 8D 7A,0x06F,00000004
332.84295000000003,9.0,101,0.0,1,1.0,[0 0 0 0 0 0 0 0],0.0,00 00 00 00 00 00 00 00,0x065,00000004
332.842951,9.0,102,0.0,6,6.0,[  3  15 245  50  84  45   0   0],0.0,03 0F F5 32 54 2D 00 00,0x066,00000004
332.84485,9.0,106,0.0,3,3.0,[15  5  0  0  0  0  0  0],0.0,0F 05 00 00 00 00 00 00,0x06A,00000004
333.03995000000003,9.0,111,0.0,8,8.0,[ 47 100 207  56 222 173  79 136],0.0,2F 64 CF 38 DE AD 4F 88,0x06F,00000004
333.04095,9.0,101,0.0,1,1.0,[0 0 0 0 0 0 0 0],0.0,00 00 00 00 00 00 00 00,0x065,00000004
333.040951,9.0,102,0.0,6,6.0,[  3 215 245  50  84  45   0   0],0.0,03 D7 F5 32 54 2D 00 00,0x066,00000004
333.23795,9.0,111,0.0,8,8.0,[ 77  20  16 183 174 217 176  97],0.0,4D 14 10 B7 AE D9 B0 61,0x06F,00000004
333.23895,9.0,101,0.0,1,1.0,[0 0 0 0 0 0 0 0],0.0,00 00 00 00 00 00 00 00,0x065,00000004
333.238951,9.0,102,0.0,6,6.0,[  3 159 246  50  84  45   0   0],0.0,03 9F F6 32 54 2D 00 00,0x066,00000004
